[15:53:53] [INFO] [AUTO_START] WAIT_WINDOW attempt=1 pass=0 pid=15760 Flash launched at original size
[15:56:24] [INFO] [AUTO_START] FAILED_CLOSED attempt=1 pass=0 pid=15760 timeout before rooted map
[15:56:25] [INFO] [AUTO_START] WAIT_WINDOW attempt=1 pass=0 pid=15396 Flash launched at original size
[15:58:55] [INFO] [AUTO_START] FAILED_CLOSED attempt=1 pass=0 pid=15396 timeout before rooted map
[16:26:15] [INFO] [AUTO_START] WAIT_WINDOW attempt=1 pass=0 pid=11424 Flash launched at original size
[16:26:56] [INFO] [AUTO_START] FAILED_CLOSED attempt=1 pass=0 pid=11424 timeout before rooted map
[17:09:53] [INFO] [AUTO_START] WAIT_WINDOW attempt=1 pass=0 pid=15080 Flash launched at original size
[17:09:59] [INFO] [AUTO_START] START_CLICKED_CAPTURE_FALLBACK attempt=1 pass=0 pid=15080 bounded Flash-stage action
[17:10:04] [INFO] [AUTO_START] CHANNEL_SELECTED_CAPTURE_FALLBACK attempt=1 pass=0 pid=15080 default visible channel position
[17:10:10] [INFO] [AUTO_START] ENTER_GAME_CAPTURE_FALLBACK attempt=1 pass=0 pid=15080 character_slot=1
[17:10:11] [INFO] [AUTO_START] WAIT_MAP attempt=1 pass=0 pid=15080 Player not rooted; map_hud=False rendered=1.000
[17:10:16] [INFO] [AUTO_START] WAIT_MAP attempt=1 pass=0 pid=15080 Player not rooted; map_hud=False rendered=1.000
[17:10:21] [INFO] [AUTO_START] WAIT_MAP attempt=1 pass=0 pid=15080 Player not rooted; map_hud=False rendered=1.000
[17:10:27] [INFO] [AUTO_START] WAIT_MAP attempt=1 pass=0 pid=15080 Player not rooted; map_hud=False rendered=1.000
[17:10:32] [INFO] [AUTO_START] WAIT_MAP attempt=1 pass=0 pid=15080 Player not rooted; map_hud=False rendered=1.000
[17:10:37] [INFO] [AUTO_START] WAIT_MAP attempt=1 pass=0 pid=15080 Player not rooted; map_hud=False rendered=1.000
[17:10:43] [INFO] [AUTO_START] WAIT_MAP attempt=1 pass=0 pid=15080 Player not rooted; map_hud=False rendered=1.000
[17:10:48] [INFO] [AUTO_START] WAIT_MAP attempt=1 pass=0 pid=15080 Player not rooted; map_hud=False rendered=1.000
[17:10:53] [INFO] [AUTO_START] WAIT_MAP attempt=1 pass=0 pid=15080 Player not rooted; map_hud=False rendered=1.000
[17:10:59] [INFO] [AUTO_START] WAIT_MAP attempt=1 pass=0 pid=15080 Player not rooted; map_hud=False rendered=1.000
[17:11:04] [INFO] [AUTO_START] WAIT_MAP attempt=1 pass=0 pid=15080 Player not rooted; map_hud=False rendered=1.000
[17:11:09] [INFO] [AUTO_START] WAIT_MAP attempt=1 pass=0 pid=15080 Player not rooted; map_hud=False rendered=1.000
[17:11:14] [INFO] [AUTO_START] WAIT_MAP attempt=1 pass=0 pid=15080 Player not rooted; map_hud=False rendered=1.000
[17:11:19] [INFO] [AUTO_START] WAIT_MAP attempt=1 pass=0 pid=15080 Player not rooted; map_hud=False rendered=1.000
[17:11:25] [INFO] [AUTO_START] WAIT_MAP attempt=1 pass=0 pid=15080 Player not rooted; map_hud=False rendered=1.000
[17:11:30] [INFO] [AUTO_START] WAIT_MAP attempt=1 pass=0 pid=15080 Player not rooted; map_hud=False rendered=1.000
[17:11:35] [INFO] [AUTO_START] WAIT_MAP attempt=1 pass=0 pid=15080 Player not rooted; map_hud=False rendered=1.000
[17:11:40] [INFO] [AUTO_START] WAIT_MAP attempt=1 pass=0 pid=15080 Player not rooted; map_hud=False rendered=1.000
[17:11:46] [INFO] [AUTO_START] WAIT_MAP attempt=1 pass=0 pid=15080 Player not rooted; map_hud=False rendered=1.000
[17:11:51] [INFO] [AUTO_START] WAIT_MAP attempt=1 pass=0 pid=15080 Player not rooted; map_hud=False rendered=1.000
[17:11:54] [INFO] [AUTO_START] FAILED_CLOSED attempt=1 pass=0 pid=15080 timeout before rooted map
[17:12:20] [INFO] [AUTO_START] WAIT_WINDOW attempt=1 pass=0 pid=19820 Flash launched at original size
[17:12:41] [INFO] [AUTO_START] WAIT_WINDOW attempt=1 pass=0 pid=3376 Flash launched at original size
[17:12:46] [INFO] [AUTO_START] START_CLICKED attempt=1 pass=0 pid=3376 Bắt đầu
[17:13:16] [INFO] [AUTO_START] CHANNEL_SELECTED attempt=1 pass=0 pid=3376 channel=(450, 308) choices=1
[17:13:19] [INFO] [AUTO_START] ENTER_GAME_CLICKED attempt=1 pass=0 pid=3376 character_slot=1
[17:13:24] [INFO] [AUTO_START] MAP_READY_OPEN attempt=1 pass=0 pid=3376 Player=0x122910a0 Core=0x16a4c0d0 world=(1000,1000)
[17:13:45] [INFO] [AUTO_START] WAIT_WINDOW attempt=1 pass=0 pid=19072 Flash launched at original size
[17:13:49] [INFO] [AUTO_START] START_CLICKED attempt=1 pass=0 pid=19072 Bắt đầu
[17:14:18] [INFO] [AUTO_START] CHANNEL_SELECTED attempt=1 pass=0 pid=19072 channel=(450, 308) choices=1
[17:14:21] [INFO] [AUTO_START] ENTER_GAME_CLICKED attempt=1 pass=0 pid=19072 character_slot=2
[17:14:26] [INFO] [AUTO_START] MAP_READY_OPEN attempt=1 pass=0 pid=19072 Player=0x14f6f0a0 Core=0x168870d0 world=(1877,1116)
[17:15:46] [INFO] [AUTO_START] WAIT_WINDOW attempt=1 pass=0 pid=10140 Flash launched at original size
[17:15:51] [INFO] [AUTO_START] START_CLICKED attempt=1 pass=0 pid=10140 Bắt đầu
[17:16:20] [INFO] [AUTO_START] CHANNEL_SELECTED attempt=1 pass=0 pid=10140 channel=(450, 308) choices=1
[17:16:23] [INFO] [AUTO_START] ENTER_GAME_CLICKED attempt=1 pass=0 pid=10140 character_slot=1
[17:16:28] [INFO] [AUTO_START] MAP_READY_OPEN attempt=1 pass=0 pid=10140 Player=0x1c9640a0 Core=0x143fe0d0 world=(1000,1000)
[17:16:33] [INFO] [AUTO_START] WAIT_WINDOW attempt=1 pass=0 pid=19448 Flash launched at original size
[17:16:37] [INFO] [AUTO_START] START_CLICKED attempt=1 pass=0 pid=19448 Bắt đầu
[17:17:06] [INFO] [AUTO_START] CHANNEL_SELECTED attempt=1 pass=0 pid=19448 channel=(450, 308) choices=1
[17:17:09] [INFO] [AUTO_START] ENTER_GAME_CLICKED attempt=1 pass=0 pid=19448 character_slot=2
[17:17:14] [INFO] [AUTO_START] MAP_READY_OPEN attempt=1 pass=0 pid=19448 Player=0x1c94f0a0 Core=0x165990d0 world=(1877,1116)
[17:18:35] [INFO] [AUTO_START] WAIT_WINDOW attempt=1 pass=0 pid=16584 Flash launched at original size
[17:18:39] [INFO] [AUTO_START] START_CLICKED attempt=1 pass=0 pid=16584 Bắt đầu
[17:19:08] [INFO] [AUTO_START] CHANNEL_SELECTED attempt=1 pass=0 pid=16584 channel=(450, 308) choices=1
[17:19:11] [INFO] [AUTO_START] ENTER_GAME_CLICKED attempt=1 pass=0 pid=16584 character_slot=1
[17:19:16] [INFO] [AUTO_START] MAP_READY_OPEN attempt=1 pass=0 pid=16584 Player=0x1cf020a0 Core=0x166430d0 world=(1000,1000)
[17:19:22] [INFO] [AUTO_START] WAIT_WINDOW attempt=1 pass=0 pid=9376 Flash launched at original size
[17:19:26] [INFO] [AUTO_START] START_CLICKED attempt=1 pass=0 pid=9376 Bắt đầu
[17:19:56] [INFO] [AUTO_START] CHANNEL_SELECTED attempt=1 pass=0 pid=9376 channel=(450, 308) choices=1
[17:19:59] [INFO] [AUTO_START] ENTER_GAME_CLICKED attempt=1 pass=0 pid=9376 character_slot=2
[17:20:04] [INFO] [AUTO_START] MAP_READY_OPEN attempt=1 pass=0 pid=9376 Player=0x10f460a0 Core=0x142930d0 world=(1877,1116)
[17:20:10] [INFO] [AUTO_START] WAIT_WINDOW attempt=1 pass=0 pid=7200 Flash launched at original size
[17:20:14] [INFO] [AUTO_START] START_CLICKED attempt=1 pass=0 pid=7200 Bắt đầu
[17:20:43] [INFO] [AUTO_START] CHANNEL_SELECTED attempt=1 pass=0 pid=7200 channel=(450, 308) choices=1
[17:20:46] [INFO] [AUTO_START] ENTER_GAME_CLICKED attempt=1 pass=0 pid=7200 character_slot=1
[17:20:51] [INFO] [AUTO_START] MAP_READY_OPEN attempt=1 pass=0 pid=7200 Player=0x144f40a0 Core=0xc5320d0 world=(1000,1000)
[17:20:56] [INFO] [AUTO_START] WAIT_WINDOW attempt=1 pass=0 pid=9856 Flash launched at original size
[17:21:00] [INFO] [AUTO_START] START_CLICKED attempt=1 pass=0 pid=9856 Bắt đầu
[17:21:29] [INFO] [AUTO_START] CHANNEL_SELECTED attempt=1 pass=0 pid=9856 channel=(450, 308) choices=1
[17:21:33] [INFO] [AUTO_START] ENTER_GAME_CLICKED attempt=1 pass=0 pid=9856 character_slot=2
[17:21:38] [INFO] [AUTO_START] MAP_READY_OPEN attempt=1 pass=0 pid=9856 Player=0x1cafa0a0 Core=0x170380d0 world=(1877,1116)
[17:21:44] [INFO] [AUTO_START] WAIT_WINDOW attempt=1 pass=0 pid=852 Flash launched at original size
[17:21:48] [INFO] [AUTO_START] START_CLICKED attempt=1 pass=0 pid=852 Bắt đầu
[17:22:18] [INFO] [AUTO_START] CHANNEL_SELECTED attempt=1 pass=0 pid=852 channel=(450, 308) choices=1
[17:22:21] [INFO] [AUTO_START] ENTER_GAME_CLICKED attempt=1 pass=0 pid=852 character_slot=1
[17:22:26] [INFO] [AUTO_START] MAP_READY_OPEN attempt=1 pass=0 pid=852 Player=0xcd030a0 Core=0x141f80d0 world=(1000,1000)
[17:22:31] [INFO] [AUTO_START] WAIT_WINDOW attempt=1 pass=0 pid=13064 Flash launched at original size
[17:22:35] [INFO] [AUTO_START] START_CLICKED attempt=1 pass=0 pid=13064 Bắt đầu
[17:23:03] [INFO] [AUTO_START] CHANNEL_SELECTED attempt=1 pass=0 pid=13064 channel=(450, 308) choices=1
[17:23:07] [INFO] [AUTO_START] ENTER_GAME_CLICKED attempt=1 pass=0 pid=13064 character_slot=2
[17:23:11] [INFO] [AUTO_START] MAP_READY_OPEN attempt=1 pass=0 pid=13064 Player=0xedfe0a0 Core=0x162f60d0 world=(1877,1116)
[17:24:36] [INFO] [AUTO_START] WAIT_WINDOW attempt=1 pass=0 pid=16276 Flash launched at original size
[17:24:41] [INFO] [AUTO_START] START_CLICKED attempt=1 pass=0 pid=16276 Bắt đầu
[17:25:49] [INFO] [AUTO_START] WAIT_WINDOW attempt=1 pass=0 pid=19516 Flash launched at original size
[17:25:54] [INFO] [AUTO_START] START_CLICKED attempt=1 pass=0 pid=19516 Bắt đầu
[17:26:22] [INFO] [AUTO_START] CHANNEL_SELECTED attempt=1 pass=0 pid=19516 channel=(450, 308) choices=1
[17:26:26] [INFO] [AUTO_START] ENTER_GAME_CLICKED attempt=1 pass=0 pid=19516 character_slot=1
[17:26:32] [INFO] [AUTO_START] MAP_READY_OPEN attempt=1 pass=0 pid=19516 Player=0x155b90a0 Core=0x83c60d0 world=(1000,1000)
[17:26:35] [INFO] [AUTO_START] WAIT_WINDOW attempt=1 pass=0 pid=10092 Flash launched at original size
[17:26:40] [INFO] [AUTO_START] START_CLICKED attempt=1 pass=0 pid=10092 Bắt đầu
[17:27:08] [INFO] [AUTO_START] CHANNEL_SELECTED attempt=1 pass=0 pid=10092 channel=(450, 308) choices=1
[17:27:12] [INFO] [AUTO_START] ENTER_GAME_CLICKED attempt=1 pass=0 pid=10092 character_slot=2
[17:27:18] [INFO] [AUTO_START] MAP_READY_OPEN attempt=1 pass=0 pid=10092 Player=0x1d60b0a0 Core=0xaf320d0 world=(1877,1116)
[17:27:19] [INFO] [AUTO_START] WAIT_WINDOW attempt=1 pass=0 pid=10524 Flash launched at original size
[17:27:25] [INFO] [AUTO_START] START_CLICKED attempt=1 pass=0 pid=10524 Bắt đầu
[17:27:53] [INFO] [AUTO_START] CHANNEL_SELECTED attempt=1 pass=0 pid=10524 channel=(450, 308) choices=1
[17:27:57] [INFO] [AUTO_START] ENTER_GAME_CLICKED attempt=1 pass=0 pid=10524 character_slot=1
[17:28:03] [INFO] [AUTO_START] MAP_READY_OPEN attempt=1 pass=0 pid=10524 Player=0x152020a0 Core=0x16b500d0 world=(1000,1000)
[17:31:54] [INFO] [AUTO_START] WAIT_WINDOW attempt=1 pass=0 pid=12556 Flash launched at original size
[17:32:00] [INFO] [AUTO_START] START_CLICKED attempt=1 pass=0 pid=12556 Bắt đầu
[17:32:24] [INFO] [AUTO_START] CHANNEL_SELECTED attempt=1 pass=0 pid=12556 channel=(450, 308) choices=1
[17:32:28] [INFO] [AUTO_START] ENTER_GAME_CLICKED attempt=1 pass=0 pid=12556 character_slot=1
[17:32:33] [INFO] [AUTO_START] MAP_READY_OPEN attempt=1 pass=0 pid=12556 Player=0x148510a0 Core=0x16d870d0 world=(1000,1000)
[17:33:13] [INFO] [AUTO_START] WAIT_WINDOW attempt=1 pass=0 pid=12896 Flash launched at original size
[17:33:17] [INFO] [AUTO_START] START_CLICKED attempt=1 pass=0 pid=12896 Bắt đầu
[17:33:47] [INFO] [AUTO_START] CHANNEL_SELECTED attempt=1 pass=0 pid=12896 channel=(450, 308) choices=1
[17:33:50] [INFO] [AUTO_START] ENTER_GAME_CLICKED attempt=1 pass=0 pid=12896 character_slot=1
[17:33:55] [INFO] [AUTO_START] MAP_READY_OPEN attempt=1 pass=0 pid=12896 Player=0x1259c0a0 Core=0x16b100d0 world=(1000,1000)
[17:35:13] [INFO] [AUTO_START] WAIT_WINDOW attempt=1 pass=0 pid=9056 Flash launched at original size
[17:35:17] [INFO] [AUTO_START] START_CLICKED attempt=1 pass=0 pid=9056 Bắt đầu
[17:35:45] [INFO] [AUTO_START] CHANNEL_SELECTED attempt=1 pass=0 pid=9056 channel=(450, 308) choices=1
[17:35:48] [INFO] [AUTO_START] ENTER_GAME_CLICKED attempt=1 pass=0 pid=9056 character_slot=1
[17:35:53] [INFO] [AUTO_START] MAP_READY_OPEN attempt=1 pass=0 pid=9056 Player=0x1193b0a0 Core=0x165ed0d0 world=(2057,1309)
[17:38:50] [INFO] [AUTO_START] WAIT_WINDOW attempt=1 pass=0 pid=12420 Flash launched at original size
[17:38:54] [INFO] [AUTO_START] START_CLICKED attempt=1 pass=0 pid=12420 Bắt đầu
[17:39:23] [INFO] [AUTO_START] CHANNEL_SELECTED attempt=1 pass=0 pid=12420 channel=(450, 308) choices=1
[17:39:27] [INFO] [AUTO_START] ENTER_GAME_CLICKED attempt=1 pass=0 pid=12420 character_slot=1
[17:39:31] [INFO] [AUTO_START] MAP_READY_OPEN attempt=1 pass=0 pid=12420 Player=0x1b3fe0a0 Core=0xc2600d0 world=(500,900)
[17:40:35] [INFO] [AUTO_START] WAIT_WINDOW attempt=1 pass=0 pid=15760 Flash launched at original size
[17:40:40] [INFO] [AUTO_START] START_CLICKED attempt=1 pass=0 pid=15760 Bắt đầu
[17:41:10] [INFO] [AUTO_START] CHANNEL_SELECTED attempt=1 pass=0 pid=15760 channel=(450, 308) choices=1
[17:41:13] [INFO] [AUTO_START] ENTER_GAME_CLICKED attempt=1 pass=0 pid=15760 character_slot=1
[17:41:18] [INFO] [AUTO_START] MAP_READY_OPEN attempt=1 pass=0 pid=15760 Player=0x1cd6e0a0 Core=0x14b980d0 world=(500,900)
[17:42:11] [INFO] [AUTO_START] WAIT_WINDOW attempt=1 pass=0 pid=19276 Flash launched at original size
[17:42:15] [INFO] [AUTO_START] START_CLICKED attempt=1 pass=0 pid=19276 Bắt đầu
[17:42:45] [INFO] [AUTO_START] CHANNEL_SELECTED attempt=1 pass=0 pid=19276 channel=(450, 308) choices=1
[17:42:48] [INFO] [AUTO_START] ENTER_GAME_CLICKED attempt=1 pass=0 pid=19276 character_slot=1
[17:42:53] [INFO] [AUTO_START] MAP_READY_OPEN attempt=1 pass=0 pid=19276 Player=0x1c3870a0 Core=0x139610d0 world=(2057,1309)
[17:47:54] [INFO] [AUTO_START] WAIT_WINDOW attempt=1 pass=0 pid=17788 Flash launched at original size
[17:47:58] [INFO] [AUTO_START] START_CLICKED attempt=1 pass=0 pid=17788 Bắt đầu
[17:48:27] [INFO] [AUTO_START] CHANNEL_SELECTED attempt=1 pass=0 pid=17788 channel=(450, 308) choices=1
[17:48:30] [INFO] [AUTO_START] ENTER_GAME_CLICKED attempt=1 pass=0 pid=17788 character_slot=2
[17:48:35] [INFO] [AUTO_START] MAP_READY_OPEN attempt=1 pass=0 pid=17788 Player=0x10d410a0 Core=0x15f7d0d0 world=(1877,1116)
[17:50:27] [INFO] [AUTO_START] WAIT_WINDOW attempt=1 pass=0 pid=7184 Flash launched at original size
[17:50:30] [INFO] [AUTO_START] START_CLICKED attempt=1 pass=0 pid=7184 Bắt đầu
[17:51:00] [INFO] [AUTO_START] CHANNEL_SELECTED attempt=1 pass=0 pid=7184 channel=(450, 308) choices=1
[17:51:04] [INFO] [AUTO_START] ENTER_GAME_CLICKED attempt=1 pass=0 pid=7184 character_slot=2
[17:51:08] [INFO] [AUTO_START] MAP_READY_OPEN attempt=1 pass=0 pid=7184 Player=0x11f680a0 Core=0x175d60d0 world=(1877,1116)
[17:52:17] [INFO] [AUTO_START] WAIT_WINDOW attempt=1 pass=0 pid=1788 Flash launched at original size
[17:52:21] [INFO] [AUTO_START] START_CLICKED attempt=1 pass=0 pid=1788 Bắt đầu
[17:52:51] [INFO] [AUTO_START] CHANNEL_SELECTED attempt=1 pass=0 pid=1788 channel=(450, 308) choices=1
[17:52:54] [INFO] [AUTO_START] ENTER_GAME_CLICKED attempt=1 pass=0 pid=1788 character_slot=2
[17:52:59] [INFO] [AUTO_START] MAP_READY_OPEN attempt=1 pass=0 pid=1788 Player=0x113520a0 Core=0x14f7f0d0 world=(1877,1116)
[17:54:28] [INFO] [AUTO_START] WAIT_WINDOW attempt=1 pass=0 pid=17932 Flash launched at original size
[17:54:32] [INFO] [AUTO_START] START_CLICKED attempt=1 pass=0 pid=17932 Bắt đầu
[17:55:01] [INFO] [AUTO_START] CHANNEL_SELECTED attempt=1 pass=0 pid=17932 channel=(450, 308) choices=1
[17:55:04] [INFO] [AUTO_START] ENTER_GAME_CLICKED attempt=1 pass=0 pid=17932 character_slot=2
[17:55:09] [INFO] [AUTO_START] MAP_READY_OPEN attempt=1 pass=0 pid=17932 Player=0x1d0ee0a0 Core=0x1628a0d0 world=(1877,1116)
[17:56:40] [INFO] [AUTO_START] WAIT_WINDOW attempt=1 pass=0 pid=17884 Flash launched at original size
[17:56:46] [INFO] [AUTO_START] START_CLICKED attempt=1 pass=0 pid=17884 Bắt đầu
[17:57:10] [INFO] [AUTO_START] CHANNEL_SELECTED attempt=1 pass=0 pid=17884 channel=(450, 308) choices=1
[17:57:14] [INFO] [AUTO_START] ENTER_GAME_CLICKED attempt=1 pass=0 pid=17884 character_slot=2
[17:57:19] [INFO] [AUTO_START] MAP_READY_OPEN attempt=1 pass=0 pid=17884 Player=0x11f230a0 Core=0x173780d0 world=(1877,1116)
[17:59:11] [INFO] [AUTO_START] WAIT_WINDOW attempt=1 pass=0 pid=2280 Flash launched at original size
[17:59:15] [INFO] [AUTO_START] START_CLICKED attempt=1 pass=0 pid=2280 Bắt đầu
[17:59:44] [INFO] [AUTO_START] CHANNEL_SELECTED attempt=1 pass=0 pid=2280 channel=(450, 308) choices=1
[17:59:47] [INFO] [AUTO_START] ENTER_GAME_CLICKED attempt=1 pass=0 pid=2280 character_slot=2
[17:59:52] [INFO] [AUTO_START] MAP_READY_OPEN attempt=1 pass=0 pid=2280 Player=0x157d10a0 Core=0x16b130d0 world=(1877,1116)
[18:03:01] [INFO] [AUTO_START] WAIT_WINDOW attempt=1 pass=0 pid=14000 Flash launched at original size
[18:03:05] [INFO] [AUTO_START] START_CLICKED attempt=1 pass=0 pid=14000 Bắt đầu
[18:03:36] [INFO] [AUTO_START] CHANNEL_SELECTED attempt=1 pass=0 pid=14000 channel=(450, 308) choices=1
[18:03:39] [INFO] [AUTO_START] ENTER_GAME_CLICKED attempt=1 pass=0 pid=14000 character_slot=2
[18:03:44] [INFO] [AUTO_START] MAP_READY_OPEN attempt=1 pass=0 pid=14000 Player=0x1d6df0a0 Core=0xb8290d0 world=(1877,1116)
[18:04:49] [INFO] [AUTO_START] WAIT_WINDOW attempt=1 pass=0 pid=10332 Flash launched at original size
[18:04:55] [INFO] [AUTO_START] START_CLICKED attempt=1 pass=0 pid=10332 Bắt đầu
[18:05:19] [INFO] [AUTO_START] CHANNEL_SELECTED attempt=1 pass=0 pid=10332 channel=(450, 308) choices=1
[18:05:23] [INFO] [AUTO_START] ENTER_GAME_CLICKED attempt=1 pass=0 pid=10332 character_slot=2
[18:05:28] [INFO] [AUTO_START] MAP_READY_OPEN attempt=1 pass=0 pid=10332 Player=0x1cf630a0 Core=0x167f30d0 world=(1877,1116)
[18:07:47] [INFO] [AUTO_START] WAIT_WINDOW attempt=1 pass=0 pid=13208 Flash launched at original size
[18:07:50] [INFO] [AUTO_START] START_CLICKED attempt=1 pass=0 pid=13208 Bắt đầu
[18:08:19] [INFO] [AUTO_START] CHANNEL_SELECTED attempt=1 pass=0 pid=13208 channel=(450, 308) choices=1
[18:08:22] [INFO] [AUTO_START] ENTER_GAME_CLICKED attempt=1 pass=0 pid=13208 character_slot=2
[18:08:27] [INFO] [AUTO_START] MAP_READY_OPEN attempt=1 pass=0 pid=13208 Player=0x1d1130a0 Core=0x1611a0d0 world=(1877,1116)
[18:10:37] [INFO] [AUTO_START] WAIT_WINDOW attempt=1 pass=0 pid=18628 Flash launched at original size
[18:10:40] [INFO] [AUTO_START] START_CLICKED attempt=1 pass=0 pid=18628 Bắt đầu
[18:11:08] [INFO] [AUTO_START] CHANNEL_SELECTED attempt=1 pass=0 pid=18628 channel=(450, 308) choices=1
[18:11:12] [INFO] [AUTO_START] ENTER_GAME_CLICKED attempt=1 pass=0 pid=18628 character_slot=2
[18:11:16] [INFO] [AUTO_START] MAP_READY_OPEN attempt=1 pass=0 pid=18628 Player=0x13dac0a0 Core=0x166c10d0 world=(1877,1116)
[18:12:24] [INFO] [AUTO_START] WAIT_WINDOW attempt=1 pass=0 pid=7576 Flash launched at original size
[18:12:28] [INFO] [AUTO_START] START_CLICKED attempt=1 pass=0 pid=7576 Bắt đầu
[18:12:57] [INFO] [AUTO_START] CHANNEL_SELECTED attempt=1 pass=0 pid=7576 channel=(449, 308) choices=1
[18:13:01] [INFO] [AUTO_START] ENTER_GAME_CLICKED attempt=1 pass=0 pid=7576 character_slot=2
[18:13:06] [INFO] [AUTO_START] MAP_READY_OPEN attempt=1 pass=0 pid=7576 Player=0x1d8d10a0 Core=0x1576b0d0 world=(1877,1116)
[18:14:28] [INFO] [AUTO_START] WAIT_WINDOW attempt=1 pass=0 pid=9020 Flash launched at original size
[18:14:31] [INFO] [AUTO_START] START_CLICKED attempt=1 pass=0 pid=9020 Bắt đầu
[18:15:01] [INFO] [AUTO_START] CHANNEL_SELECTED attempt=1 pass=0 pid=9020 channel=(450, 308) choices=1
[18:15:05] [INFO] [AUTO_START] ENTER_GAME_CLICKED attempt=1 pass=0 pid=9020 character_slot=2
[18:15:10] [INFO] [AUTO_START] MAP_READY_OPEN attempt=1 pass=0 pid=9020 Player=0x113150a0 Core=0x161ff0d0 world=(1877,1116)
[18:15:50] [INFO] [AUTO_START] WAIT_WINDOW attempt=1 pass=0 pid=13584 Flash launched at original size
[18:15:53] [INFO] [AUTO_START] START_CLICKED attempt=1 pass=0 pid=13584 Bắt đầu
[18:16:22] [INFO] [AUTO_START] CHANNEL_SELECTED attempt=1 pass=0 pid=13584 channel=(450, 308) choices=1
[18:16:25] [INFO] [AUTO_START] ENTER_GAME_CLICKED attempt=1 pass=0 pid=13584 character_slot=2
[18:16:30] [INFO] [AUTO_START] MAP_READY_OPEN attempt=1 pass=0 pid=13584 Player=0x1c9540a0 Core=0x15dbe0d0 world=(1877,1116)
[18:17:01] [INFO] [AUTO_START] WAIT_WINDOW attempt=1 pass=0 pid=19616 Flash launched at original size
[18:17:07] [INFO] [AUTO_START] START_CLICKED attempt=1 pass=0 pid=19616 Bắt đầu
[18:17:32] [INFO] [AUTO_START] CHANNEL_SELECTED attempt=1 pass=0 pid=19616 channel=(450, 308) choices=1
[18:17:35] [INFO] [AUTO_START] ENTER_GAME_CLICKED attempt=1 pass=0 pid=19616 character_slot=2
[18:17:40] [INFO] [AUTO_START] MAP_READY_OPEN attempt=1 pass=0 pid=19616 Player=0x128470a0 Core=0xb8c50d0 world=(1877,1116)
[18:18:23] [INFO] [AUTO_START] WAIT_WINDOW attempt=1 pass=0 pid=15424 Flash launched at original size
[18:18:27] [INFO] [AUTO_START] START_CLICKED attempt=1 pass=0 pid=15424 Bắt đầu
[18:18:56] [INFO] [AUTO_START] CHANNEL_SELECTED attempt=1 pass=0 pid=15424 channel=(450, 308) choices=1
[18:19:00] [INFO] [AUTO_START] ENTER_GAME_CLICKED attempt=1 pass=0 pid=15424 character_slot=2
[18:19:05] [INFO] [AUTO_START] MAP_READY_OPEN attempt=1 pass=0 pid=15424 Player=0x12d740a0 Core=0x135ed0d0 world=(1877,1116)
[18:19:49] [INFO] [AUTO_START] WAIT_WINDOW attempt=1 pass=0 pid=16732 Flash launched at original size
[18:19:54] [INFO] [AUTO_START] START_CLICKED attempt=1 pass=0 pid=16732 Bắt đầu
[18:20:24] [INFO] [AUTO_START] CHANNEL_SELECTED attempt=1 pass=0 pid=16732 channel=(450, 308) choices=1
[18:20:27] [INFO] [AUTO_START] ENTER_GAME_CLICKED attempt=1 pass=0 pid=16732 character_slot=2
[18:20:32] [INFO] [AUTO_START] MAP_READY_OPEN attempt=1 pass=0 pid=16732 Player=0x1c19c0a0 Core=0xcc330d0 world=(1877,1116)
[18:21:19] [INFO] [AUTO_START] WAIT_WINDOW attempt=1 pass=0 pid=5220 Flash launched at original size
[18:21:22] [INFO] [AUTO_START] START_CLICKED attempt=1 pass=0 pid=5220 Bắt đầu
[18:21:51] [INFO] [AUTO_START] CHANNEL_SELECTED attempt=1 pass=0 pid=5220 channel=(450, 308) choices=1
[18:21:55] [INFO] [AUTO_START] ENTER_GAME_CLICKED attempt=1 pass=0 pid=5220 character_slot=2
[18:22:00] [INFO] [AUTO_START] MAP_READY_OPEN attempt=1 pass=0 pid=5220 Player=0x164bc0a0 Core=0x175de0d0 world=(1877,1116)
[18:22:56] [INFO] [AUTO_START] WAIT_WINDOW attempt=1 pass=0 pid=4660 Flash launched at original size
[18:22:59] [INFO] [AUTO_START] START_CLICKED attempt=1 pass=0 pid=4660 Bắt đầu
[18:23:29] [INFO] [AUTO_START] CHANNEL_SELECTED attempt=1 pass=0 pid=4660 channel=(449, 308) choices=1
[18:23:33] [INFO] [AUTO_START] ENTER_GAME_CLICKED attempt=1 pass=0 pid=4660 character_slot=2
[18:23:37] [INFO] [AUTO_START] MAP_READY_OPEN attempt=1 pass=0 pid=4660 Player=0x11cc50a0 Core=0x160a30d0 world=(1877,1116)
[18:25:52] [INFO] [AUTO_START] WAIT_WINDOW attempt=1 pass=0 pid=15936 Flash launched at original size
[18:25:55] [INFO] [AUTO_START] START_CLICKED attempt=1 pass=0 pid=15936 Bắt đầu
[18:26:24] [INFO] [AUTO_START] CHANNEL_SELECTED attempt=1 pass=0 pid=15936 channel=(450, 308) choices=1
[18:26:28] [INFO] [AUTO_START] ENTER_GAME_CLICKED attempt=1 pass=0 pid=15936 character_slot=2
[18:26:32] [INFO] [AUTO_START] MAP_READY_OPEN attempt=1 pass=0 pid=15936 Player=0x1373e0a0 Core=0x165770d0 world=(1877,1116)
[18:27:08] [INFO] [AUTO_START] WAIT_WINDOW attempt=1 pass=0 pid=19308 Flash launched at original size
[18:27:12] [INFO] [AUTO_START] START_CLICKED attempt=1 pass=0 pid=19308 Bắt đầu
[18:27:41] [INFO] [AUTO_START] CHANNEL_SELECTED attempt=1 pass=0 pid=19308 channel=(450, 308) choices=1
[18:27:45] [INFO] [AUTO_START] ENTER_GAME_CLICKED attempt=1 pass=0 pid=19308 character_slot=2
[18:27:50] [INFO] [AUTO_START] MAP_READY_OPEN attempt=1 pass=0 pid=19308 Player=0x1204c0a0 Core=0xb1990d0 world=(1877,1116)
[18:28:28] [INFO] [AUTO_START] WAIT_WINDOW attempt=1 pass=0 pid=12148 Flash launched at original size
[18:28:32] [INFO] [AUTO_START] START_CLICKED attempt=1 pass=0 pid=12148 Bắt đầu
[18:29:00] [INFO] [AUTO_START] CHANNEL_SELECTED attempt=1 pass=0 pid=12148 channel=(450, 308) choices=1
[18:29:04] [INFO] [AUTO_START] ENTER_GAME_CLICKED attempt=1 pass=0 pid=12148 character_slot=2
[18:29:08] [INFO] [AUTO_START] MAP_READY_OPEN attempt=1 pass=0 pid=12148 Player=0x12eba0a0 Core=0x169400d0 world=(1877,1116)
[18:29:56] [INFO] [AUTO_START] WAIT_WINDOW attempt=1 pass=0 pid=15772 Flash launched at original size
[18:29:59] [INFO] [AUTO_START] START_CLICKED attempt=1 pass=0 pid=15772 Bắt đầu
[18:30:28] [INFO] [AUTO_START] CHANNEL_SELECTED attempt=1 pass=0 pid=15772 channel=(450, 308) choices=1
[18:30:32] [INFO] [AUTO_START] ENTER_GAME_CLICKED attempt=1 pass=0 pid=15772 character_slot=2
[18:30:36] [INFO] [AUTO_START] MAP_READY_OPEN attempt=1 pass=0 pid=15772 Player=0x1b94e0a0 Core=0xb4230d0 world=(1877,1116)
[18:31:34] [INFO] [AUTO_START] WAIT_WINDOW attempt=1 pass=0 pid=19372 Flash launched at original size
[18:31:37] [INFO] [AUTO_START] START_CLICKED attempt=1 pass=0 pid=19372 Bắt đầu
[18:32:07] [INFO] [AUTO_START] CHANNEL_SELECTED attempt=1 pass=0 pid=19372 channel=(450, 308) choices=1
[18:32:10] [INFO] [AUTO_START] ENTER_GAME_CLICKED attempt=1 pass=0 pid=19372 character_slot=2
[18:32:15] [INFO] [AUTO_START] MAP_READY_OPEN attempt=1 pass=0 pid=19372 Player=0x1074c0a0 Core=0xb20a0d0 world=(1877,1116)
[18:33:18] [INFO] [AUTO_START] WAIT_WINDOW attempt=1 pass=0 pid=13888 Flash launched at original size
[18:33:22] [INFO] [AUTO_START] START_CLICKED attempt=1 pass=0 pid=13888 Bắt đầu
[18:33:53] [INFO] [AUTO_START] CHANNEL_SELECTED attempt=1 pass=0 pid=13888 channel=(450, 308) choices=1
[18:33:56] [INFO] [AUTO_START] ENTER_GAME_CLICKED attempt=1 pass=0 pid=13888 character_slot=2
[18:34:01] [INFO] [AUTO_START] MAP_READY_OPEN attempt=1 pass=0 pid=13888 Player=0xe5270a0 Core=0x132170d0 world=(1877,1116)
[18:34:50] [INFO] [AUTO_START] WAIT_WINDOW attempt=1 pass=0 pid=2132 Flash launched at original size
[18:34:54] [INFO] [AUTO_START] START_CLICKED attempt=1 pass=0 pid=2132 Bắt đầu
[18:35:24] [INFO] [AUTO_START] CHANNEL_SELECTED attempt=1 pass=0 pid=2132 channel=(450, 308) choices=1
[18:35:27] [INFO] [AUTO_START] ENTER_GAME_CLICKED attempt=1 pass=0 pid=2132 character_slot=2
[18:35:32] [INFO] [AUTO_START] MAP_READY_OPEN attempt=1 pass=0 pid=2132 Player=0x128f90a0 Core=0x92840d0 world=(1877,1116)
[18:36:43] [INFO] [AUTO_START] WAIT_WINDOW attempt=1 pass=0 pid=16636 Flash launched at original size
[18:36:46] [INFO] [AUTO_START] START_CLICKED attempt=1 pass=0 pid=16636 Bắt đầu
[18:37:15] [INFO] [AUTO_START] CHANNEL_SELECTED attempt=1 pass=0 pid=16636 channel=(450, 308) choices=1
[18:37:19] [INFO] [AUTO_START] ENTER_GAME_CLICKED attempt=1 pass=0 pid=16636 character_slot=2
[18:37:23] [INFO] [AUTO_START] MAP_READY_OPEN attempt=1 pass=0 pid=16636 Player=0x1b6750a0 Core=0xbcab0d0 world=(1877,1116)
[18:38:57] [INFO] [AUTO_START] WAIT_WINDOW attempt=1 pass=0 pid=6864 Flash launched at original size
[18:39:03] [INFO] [AUTO_START] START_CLICKED attempt=1 pass=0 pid=6864 Bắt đầu
[18:39:27] [INFO] [AUTO_START] CHANNEL_SELECTED attempt=1 pass=0 pid=6864 channel=(450, 308) choices=1
[18:39:30] [INFO] [AUTO_START] ENTER_GAME_CLICKED attempt=1 pass=0 pid=6864 character_slot=2
[18:39:35] [INFO] [AUTO_START] MAP_READY_OPEN attempt=1 pass=0 pid=6864 Player=0x1cfbf0a0 Core=0xc3110d0 world=(1877,1116)
[18:40:27] [INFO] [AUTO_START] WAIT_WINDOW attempt=1 pass=0 pid=1076 Flash launched at original size
[18:40:31] [INFO] [AUTO_START] START_CLICKED attempt=1 pass=0 pid=1076 Bắt đầu
[18:41:00] [INFO] [AUTO_START] CHANNEL_SELECTED attempt=1 pass=0 pid=1076 channel=(450, 308) choices=1
[18:41:04] [INFO] [AUTO_START] ENTER_GAME_CLICKED attempt=1 pass=0 pid=1076 character_slot=2
[18:41:08] [INFO] [AUTO_START] MAP_READY_OPEN attempt=1 pass=0 pid=1076 Player=0x12ec20a0 Core=0x81cd0d0 world=(1877,1116)
[18:42:05] [INFO] [AUTO_START] WAIT_WINDOW attempt=1 pass=0 pid=4568 Flash launched at original size
[18:42:09] [INFO] [AUTO_START] START_CLICKED attempt=1 pass=0 pid=4568 Bắt đầu
[18:42:38] [INFO] [AUTO_START] CHANNEL_SELECTED attempt=1 pass=0 pid=4568 channel=(450, 308) choices=1
[18:42:42] [INFO] [AUTO_START] ENTER_GAME_CLICKED attempt=1 pass=0 pid=4568 character_slot=2
[18:42:46] [INFO] [AUTO_START] MAP_READY_OPEN attempt=1 pass=0 pid=4568 Player=0x111480a0 Core=0x169b90d0 world=(1877,1116)
[18:43:19] [INFO] [AUTO_START] WAIT_WINDOW attempt=1 pass=0 pid=13548 Flash launched at original size
[18:43:23] [INFO] [AUTO_START] START_CLICKED attempt=1 pass=0 pid=13548 Bắt đầu
[18:43:52] [INFO] [AUTO_START] CHANNEL_SELECTED attempt=1 pass=0 pid=13548 channel=(450, 308) choices=1
[18:43:55] [INFO] [AUTO_START] ENTER_GAME_CLICKED attempt=1 pass=0 pid=13548 character_slot=2
[18:44:00] [INFO] [AUTO_START] MAP_READY_OPEN attempt=1 pass=0 pid=13548 Player=0x1c6640a0 Core=0x166260d0 world=(1877,1116)
[18:44:55] [INFO] [AUTO_START] WAIT_WINDOW attempt=1 pass=0 pid=8712 Flash launched at original size
[18:44:58] [INFO] [AUTO_START] START_CLICKED attempt=1 pass=0 pid=8712 Bắt đầu
[18:45:28] [INFO] [AUTO_START] CHANNEL_SELECTED attempt=1 pass=0 pid=8712 channel=(450, 308) choices=1
[18:45:31] [INFO] [AUTO_START] ENTER_GAME_CLICKED attempt=1 pass=0 pid=8712 character_slot=2
[18:45:36] [INFO] [AUTO_START] MAP_READY_OPEN attempt=1 pass=0 pid=8712 Player=0x10c730a0 Core=0x1661b0d0 world=(1877,1116)
[18:46:23] [INFO] [AUTO_START] WAIT_WINDOW attempt=1 pass=0 pid=20400 Flash launched at original size
[18:46:28] [INFO] [AUTO_START] START_CLICKED attempt=1 pass=0 pid=20400 Bắt đầu
[18:46:57] [INFO] [AUTO_START] CHANNEL_SELECTED attempt=1 pass=0 pid=20400 channel=(450, 308) choices=1
[18:47:00] [INFO] [AUTO_START] ENTER_GAME_CLICKED attempt=1 pass=0 pid=20400 character_slot=2
[18:47:05] [INFO] [AUTO_START] MAP_READY_OPEN attempt=1 pass=0 pid=20400 Player=0xea990a0 Core=0x143bf0d0 world=(1877,1116)
[18:47:43] [INFO] [AUTO_START] WAIT_WINDOW attempt=1 pass=0 pid=7292 Flash launched at original size
[18:47:47] [INFO] [AUTO_START] START_CLICKED attempt=1 pass=0 pid=7292 Bắt đầu
[18:48:16] [INFO] [AUTO_START] CHANNEL_SELECTED attempt=1 pass=0 pid=7292 channel=(450, 308) choices=1
[18:48:19] [INFO] [AUTO_START] ENTER_GAME_CLICKED attempt=1 pass=0 pid=7292 character_slot=2
[18:48:24] [INFO] [AUTO_START] MAP_READY_OPEN attempt=1 pass=0 pid=7292 Player=0x1d3970a0 Core=0x15f3f0d0 world=(1877,1116)
[18:49:08] [INFO] [AUTO_START] WAIT_WINDOW attempt=1 pass=0 pid=13624 Flash launched at original size
[18:49:11] [INFO] [AUTO_START] START_CLICKED attempt=1 pass=0 pid=13624 Bắt đầu
[18:49:40] [INFO] [AUTO_START] CHANNEL_SELECTED attempt=1 pass=0 pid=13624 channel=(450, 308) choices=1
[18:49:43] [INFO] [AUTO_START] ENTER_GAME_CLICKED attempt=1 pass=0 pid=13624 character_slot=2
[18:49:48] [INFO] [AUTO_START] MAP_READY_OPEN attempt=1 pass=0 pid=13624 Player=0x1bb330a0 Core=0xc08d0d0 world=(1877,1116)
[18:51:19] [INFO] [AUTO_START] WAIT_WINDOW attempt=1 pass=0 pid=12892 Flash launched at original size
[18:51:23] [INFO] [AUTO_START] START_CLICKED attempt=1 pass=0 pid=12892 Bắt đầu
[18:51:51] [INFO] [AUTO_START] CHANNEL_SELECTED attempt=1 pass=0 pid=12892 channel=(450, 308) choices=1
[18:51:55] [INFO] [AUTO_START] ENTER_GAME_CLICKED attempt=1 pass=0 pid=12892 character_slot=2
[18:52:00] [INFO] [AUTO_START] MAP_READY_OPEN attempt=1 pass=0 pid=12892 Player=0x145870a0 Core=0x16af10d0 world=(1877,1116)
[18:52:47] [INFO] [AUTO_START] WAIT_WINDOW attempt=1 pass=0 pid=19336 Flash launched at original size
[18:52:50] [INFO] [AUTO_START] START_CLICKED attempt=1 pass=0 pid=19336 Bắt đầu
[18:53:20] [INFO] [AUTO_START] CHANNEL_SELECTED attempt=1 pass=0 pid=19336 channel=(450, 308) choices=1
[18:53:23] [INFO] [AUTO_START] ENTER_GAME_CLICKED attempt=1 pass=0 pid=19336 character_slot=2
[18:53:28] [INFO] [AUTO_START] MAP_READY_OPEN attempt=1 pass=0 pid=19336 Player=0x1c2310a0 Core=0x16b6f0d0 world=(1877,1116)
[18:54:02] [INFO] [AUTO_START] WAIT_WINDOW attempt=1 pass=0 pid=13788 Flash launched at original size
[18:54:07] [INFO] [AUTO_START] START_CLICKED attempt=1 pass=0 pid=13788 Bắt đầu
[18:54:37] [INFO] [AUTO_START] CHANNEL_SELECTED attempt=1 pass=0 pid=13788 channel=(450, 308) choices=1
[18:54:40] [INFO] [AUTO_START] ENTER_GAME_CLICKED attempt=1 pass=0 pid=13788 character_slot=2
[18:54:45] [INFO] [AUTO_START] MAP_READY_OPEN attempt=1 pass=0 pid=13788 Player=0x1dabb0a0 Core=0x169020d0 world=(1877,1116)
[18:55:26] [INFO] [AUTO_START] WAIT_WINDOW attempt=1 pass=0 pid=1320 Flash launched at original size
[18:55:30] [INFO] [AUTO_START] START_CLICKED attempt=1 pass=0 pid=1320 Bắt đầu
[18:55:58] [INFO] [AUTO_START] CHANNEL_SELECTED attempt=1 pass=0 pid=1320 channel=(450, 308) choices=1
[18:56:02] [INFO] [AUTO_START] ENTER_GAME_CLICKED attempt=1 pass=0 pid=1320 character_slot=2
[18:56:06] [INFO] [AUTO_START] MAP_READY_OPEN attempt=1 pass=0 pid=1320 Player=0x1b4d70a0 Core=0xb4150d0 world=(1877,1116)
[18:56:49] [INFO] [AUTO_START] WAIT_WINDOW attempt=1 pass=0 pid=6572 Flash launched at original size
[18:56:54] [INFO] [AUTO_START] START_CLICKED attempt=1 pass=0 pid=6572 Bắt đầu
[18:57:23] [INFO] [AUTO_START] CHANNEL_SELECTED attempt=1 pass=0 pid=6572 channel=(450, 308) choices=1
[18:57:27] [INFO] [AUTO_START] ENTER_GAME_CLICKED attempt=1 pass=0 pid=6572 character_slot=2
[18:57:31] [INFO] [AUTO_START] MAP_READY_OPEN attempt=1 pass=0 pid=6572 Player=0xd3970a0 Core=0x87000d0 world=(1877,1116)
[18:58:17] [INFO] [AUTO_START] WAIT_WINDOW attempt=1 pass=0 pid=18876 Flash launched at original size
[18:58:22] [INFO] [AUTO_START] START_CLICKED attempt=1 pass=0 pid=18876 Bắt đầu
[18:58:51] [INFO] [AUTO_START] CHANNEL_SELECTED attempt=1 pass=0 pid=18876 channel=(450, 308) choices=1
[18:58:55] [INFO] [AUTO_START] ENTER_GAME_CLICKED attempt=1 pass=0 pid=18876 character_slot=2
[18:58:59] [INFO] [AUTO_START] MAP_READY_OPEN attempt=1 pass=0 pid=18876 Player=0x1caf50a0 Core=0x1714c0d0 world=(1877,1116)
[18:59:49] [INFO] [AUTO_START] WAIT_WINDOW attempt=1 pass=0 pid=11016 Flash launched at original size
[18:59:53] [INFO] [AUTO_START] START_CLICKED attempt=1 pass=0 pid=11016 Bắt đầu
[19:00:22] [INFO] [AUTO_START] CHANNEL_SELECTED attempt=1 pass=0 pid=11016 channel=(450, 308) choices=1
[19:00:26] [INFO] [AUTO_START] ENTER_GAME_CLICKED attempt=1 pass=0 pid=11016 character_slot=2
[19:00:30] [INFO] [AUTO_START] MAP_READY_OPEN attempt=1 pass=0 pid=11016 Player=0x152b10a0 Core=0x168b10d0 world=(1877,1116)
[19:01:22] [INFO] [AUTO_START] WAIT_WINDOW attempt=1 pass=0 pid=10476 Flash launched at original size
[19:01:26] [INFO] [AUTO_START] START_CLICKED attempt=1 pass=0 pid=10476 Bắt đầu
[19:01:54] [INFO] [AUTO_START] CHANNEL_SELECTED attempt=1 pass=0 pid=10476 channel=(450, 308) choices=1
[19:01:58] [INFO] [AUTO_START] ENTER_GAME_CLICKED attempt=1 pass=0 pid=10476 character_slot=2
[19:02:02] [INFO] [AUTO_START] MAP_READY_OPEN attempt=1 pass=0 pid=10476 Player=0x1c9440a0 Core=0x1503c0d0 world=(1877,1116)
[19:03:05] [INFO] [AUTO_START] WAIT_WINDOW attempt=1 pass=0 pid=20432 Flash launched at original size
[19:03:09] [INFO] [AUTO_START] START_CLICKED attempt=1 pass=0 pid=20432 Bắt đầu
[19:03:38] [INFO] [AUTO_START] CHANNEL_SELECTED attempt=1 pass=0 pid=20432 channel=(450, 308) choices=1
[19:03:41] [INFO] [AUTO_START] ENTER_GAME_CLICKED attempt=1 pass=0 pid=20432 character_slot=2
[19:03:46] [INFO] [AUTO_START] MAP_READY_OPEN attempt=1 pass=0 pid=20432 Player=0x1cf4d0a0 Core=0x15eea0d0 world=(1877,1116)
[19:04:30] [INFO] [AUTO_START] WAIT_WINDOW attempt=1 pass=0 pid=18776 Flash launched at original size
[19:04:35] [INFO] [AUTO_START] START_CLICKED attempt=1 pass=0 pid=18776 Bắt đầu
[19:05:05] [INFO] [AUTO_START] CHANNEL_SELECTED attempt=1 pass=0 pid=18776 channel=(450, 308) choices=1
[19:05:08] [INFO] [AUTO_START] ENTER_GAME_CLICKED attempt=1 pass=0 pid=18776 character_slot=2
[19:05:13] [INFO] [AUTO_START] MAP_READY_OPEN attempt=1 pass=0 pid=18776 Player=0x1bd9f0a0 Core=0x15f690d0 world=(1877,1116)
[19:06:10] [INFO] [AUTO_START] WAIT_WINDOW attempt=1 pass=0 pid=8784 Flash launched at original size
[19:06:16] [INFO] [AUTO_START] START_CLICKED attempt=1 pass=0 pid=8784 Bắt đầu
[19:06:39] [INFO] [AUTO_START] CHANNEL_SELECTED attempt=1 pass=0 pid=8784 channel=(450, 308) choices=1
[19:06:43] [INFO] [AUTO_START] ENTER_GAME_CLICKED attempt=1 pass=0 pid=8784 character_slot=2
[19:06:47] [INFO] [AUTO_START] MAP_READY_OPEN attempt=1 pass=0 pid=8784 Player=0x11daf0a0 Core=0x98930d0 world=(1877,1116)
[19:07:51] [INFO] [AUTO_START] WAIT_WINDOW attempt=1 pass=0 pid=20252 Flash launched at original size
[19:07:54] [INFO] [AUTO_START] START_CLICKED attempt=1 pass=0 pid=20252 Bắt đầu
[19:08:24] [INFO] [AUTO_START] CHANNEL_SELECTED attempt=1 pass=0 pid=20252 channel=(450, 308) choices=1
[19:08:27] [INFO] [AUTO_START] ENTER_GAME_CLICKED attempt=1 pass=0 pid=20252 character_slot=2
[19:08:32] [INFO] [AUTO_START] MAP_READY_OPEN attempt=1 pass=0 pid=20252 Player=0x120550a0 Core=0x160080d0 world=(1877,1116)
[19:09:28] [INFO] [AUTO_START] WAIT_WINDOW attempt=1 pass=0 pid=11836 Flash launched at original size
[19:09:32] [INFO] [AUTO_START] START_CLICKED attempt=1 pass=0 pid=11836 Bắt đầu
[19:10:02] [INFO] [AUTO_START] CHANNEL_SELECTED attempt=1 pass=0 pid=11836 channel=(450, 308) choices=1
[19:10:05] [INFO] [AUTO_START] ENTER_GAME_CLICKED attempt=1 pass=0 pid=11836 character_slot=2
[19:10:10] [INFO] [AUTO_START] MAP_READY_OPEN attempt=1 pass=0 pid=11836 Player=0x1ce610a0 Core=0x143c30d0 world=(1877,1116)
[19:11:20] [INFO] [AUTO_START] WAIT_WINDOW attempt=1 pass=0 pid=8948 Flash launched at original size
[19:11:24] [INFO] [AUTO_START] START_CLICKED attempt=1 pass=0 pid=8948 Bắt đầu
[19:11:53] [INFO] [AUTO_START] CHANNEL_SELECTED attempt=1 pass=0 pid=8948 channel=(450, 308) choices=1
[19:11:56] [INFO] [AUTO_START] ENTER_GAME_CLICKED attempt=1 pass=0 pid=8948 character_slot=1
[19:12:01] [INFO] [AUTO_START] MAP_READY_OPEN attempt=1 pass=0 pid=8948 Player=0x127df0a0 Core=0x1602c0d0 world=(492,1027)
[19:13:00] [INFO] [AUTO_START] WAIT_WINDOW attempt=1 pass=0 pid=4760 Flash launched at original size
[19:13:04] [INFO] [AUTO_START] START_CLICKED attempt=1 pass=0 pid=4760 Bắt đầu
[19:13:33] [INFO] [AUTO_START] CHANNEL_SELECTED attempt=1 pass=0 pid=4760 channel=(450, 308) choices=1
[19:13:36] [INFO] [AUTO_START] ENTER_GAME_CLICKED attempt=1 pass=0 pid=4760 character_slot=3
[19:13:41] [INFO] [AUTO_START] MAP_READY_OPEN attempt=1 pass=0 pid=4760 Player=0x152bd0a0 Core=0x167570d0 world=(492,1027)
[19:18:20] [INFO] [AUTO_START] WAIT_WINDOW attempt=1 pass=0 pid=10440 Flash launched at original size
[19:18:24] [INFO] [AUTO_START] START_CLICKED attempt=1 pass=0 pid=10440 Bắt đầu
[19:18:54] [INFO] [AUTO_START] CHANNEL_SELECTED attempt=1 pass=0 pid=10440 channel=(450, 308) choices=1
[19:18:58] [INFO] [AUTO_START] ENTER_GAME_CLICKED attempt=1 pass=0 pid=10440 character_slot=1
[19:19:03] [INFO] [AUTO_START] MAP_READY_OPEN attempt=1 pass=0 pid=10440 Player=0x1cb4f0a0 Core=0x1493d0d0 world=(2057,1309)
[19:19:03] [INFO] [AUTO_START] WAIT_WINDOW attempt=1 pass=0 pid=13332 Flash launched at original size
[19:19:07] [INFO] [AUTO_START] START_CLICKED attempt=1 pass=0 pid=13332 Bắt đầu
[19:19:37] [INFO] [AUTO_START] CHANNEL_SELECTED attempt=1 pass=0 pid=13332 channel=(450, 308) choices=1
[19:19:40] [INFO] [AUTO_START] ENTER_GAME_CLICKED attempt=1 pass=0 pid=13332 character_slot=2
[19:19:45] [INFO] [AUTO_START] MAP_READY_OPEN attempt=1 pass=0 pid=13332 Player=0x1ce170a0 Core=0x1498b0d0 world=(1877,1116)
[19:20:54] [INFO] [AUTO_START] WAIT_WINDOW attempt=1 pass=0 pid=17256 Flash launched at original size
[19:20:58] [INFO] [AUTO_START] START_CLICKED attempt=1 pass=0 pid=17256 Bắt đầu
[19:21:28] [INFO] [AUTO_START] CHANNEL_SELECTED attempt=1 pass=0 pid=17256 channel=(450, 308) choices=1
[19:21:31] [INFO] [AUTO_START] ENTER_GAME_CLICKED attempt=1 pass=0 pid=17256 character_slot=1
[19:21:36] [INFO] [AUTO_START] MAP_READY_OPEN attempt=1 pass=0 pid=17256 Player=0x1c8fa0a0 Core=0x7b9a0d0 world=(2057,1309)
[19:21:36] [INFO] [AUTO_START] WAIT_WINDOW attempt=1 pass=0 pid=18956 Flash launched at original size
[19:21:39] [INFO] [AUTO_START] START_CLICKED attempt=1 pass=0 pid=18956 Bắt đầu
[19:22:09] [INFO] [AUTO_START] CHANNEL_SELECTED attempt=1 pass=0 pid=18956 channel=(450, 308) choices=1
[19:22:12] [INFO] [AUTO_START] ENTER_GAME_CLICKED attempt=1 pass=0 pid=18956 character_slot=2
[19:22:17] [INFO] [AUTO_START] MAP_READY_OPEN attempt=1 pass=0 pid=18956 Player=0x1d6c60a0 Core=0x99350d0 world=(1877,1116)
[19:23:56] [INFO] [AUTO_START] WAIT_WINDOW attempt=1 pass=0 pid=9404 Flash launched at original size
[19:24:00] [INFO] [AUTO_START] START_CLICKED attempt=1 pass=0 pid=9404 Bắt đầu
[19:24:29] [INFO] [AUTO_START] CHANNEL_SELECTED attempt=1 pass=0 pid=9404 channel=(450, 308) choices=1
[19:24:32] [INFO] [AUTO_START] ENTER_GAME_CLICKED attempt=1 pass=0 pid=9404 character_slot=1
[19:24:37] [INFO] [AUTO_START] MAP_READY_OPEN attempt=1 pass=0 pid=9404 Player=0x1c9a20a0 Core=0xe5210d0 world=(2057,1309)
[19:24:37] [INFO] [AUTO_START] WAIT_WINDOW attempt=1 pass=0 pid=2096 Flash launched at original size
[19:24:40] [INFO] [AUTO_START] START_CLICKED attempt=1 pass=0 pid=2096 Bắt đầu
[19:25:10] [INFO] [AUTO_START] CHANNEL_SELECTED attempt=1 pass=0 pid=2096 channel=(450, 308) choices=1
[19:25:13] [INFO] [AUTO_START] ENTER_GAME_CLICKED attempt=1 pass=0 pid=2096 character_slot=2
[19:25:18] [INFO] [AUTO_START] MAP_READY_OPEN attempt=1 pass=0 pid=2096 Player=0x1ce500a0 Core=0x15b370d0 world=(1877,1116)
[19:26:24] [INFO] [AUTO_START] WAIT_WINDOW attempt=1 pass=0 pid=18152 Flash launched at original size
[19:26:28] [INFO] [AUTO_START] START_CLICKED attempt=1 pass=0 pid=18152 Bắt đầu
[19:26:57] [INFO] [AUTO_START] CHANNEL_SELECTED attempt=1 pass=0 pid=18152 channel=(450, 308) choices=1
[19:27:00] [INFO] [AUTO_START] ENTER_GAME_CLICKED attempt=1 pass=0 pid=18152 character_slot=1
[19:27:05] [INFO] [AUTO_START] MAP_READY_OPEN attempt=1 pass=0 pid=18152 Player=0x11e070a0 Core=0xc9240d0 world=(2057,1309)
[19:27:05] [INFO] [AUTO_START] WAIT_WINDOW attempt=1 pass=0 pid=9228 Flash launched at original size
[19:27:08] [INFO] [AUTO_START] START_CLICKED attempt=1 pass=0 pid=9228 Bắt đầu
[19:27:37] [INFO] [AUTO_START] CHANNEL_SELECTED attempt=1 pass=0 pid=9228 channel=(450, 308) choices=1
[19:27:41] [INFO] [AUTO_START] ENTER_GAME_CLICKED attempt=1 pass=0 pid=9228 character_slot=2
[19:27:45] [INFO] [AUTO_START] MAP_READY_OPEN attempt=1 pass=0 pid=9228 Player=0x1bfc60a0 Core=0x15eff0d0 world=(1877,1116)
[19:28:53] [INFO] [AUTO_START] WAIT_WINDOW attempt=1 pass=0 pid=6256 Flash launched at original size
[19:28:57] [INFO] [AUTO_START] START_CLICKED attempt=1 pass=0 pid=6256 Bắt đầu
[19:29:27] [INFO] [AUTO_START] CHANNEL_SELECTED attempt=1 pass=0 pid=6256 channel=(450, 308) choices=1
[19:29:30] [INFO] [AUTO_START] ENTER_GAME_CLICKED attempt=1 pass=0 pid=6256 character_slot=1
[19:29:35] [INFO] [AUTO_START] MAP_READY_OPEN attempt=1 pass=0 pid=6256 Player=0x12e830a0 Core=0xc0a70d0 world=(2057,1309)
[19:29:35] [INFO] [AUTO_START] WAIT_WINDOW attempt=1 pass=0 pid=10376 Flash launched at original size
[19:29:39] [INFO] [AUTO_START] START_CLICKED attempt=1 pass=0 pid=10376 Bắt đầu
[19:30:10] [INFO] [AUTO_START] CHANNEL_SELECTED attempt=1 pass=0 pid=10376 channel=(450, 308) choices=1
[19:30:13] [INFO] [AUTO_START] ENTER_GAME_CLICKED attempt=1 pass=0 pid=10376 character_slot=2
[19:30:18] [INFO] [AUTO_START] MAP_READY_OPEN attempt=1 pass=0 pid=10376 Player=0x1c7e10a0 Core=0x146410d0 world=(1877,1116)
[19:31:25] [INFO] [AUTO_START] WAIT_WINDOW attempt=1 pass=0 pid=10720 Flash launched at original size
[19:31:29] [INFO] [AUTO_START] START_CLICKED attempt=1 pass=0 pid=10720 Bắt đầu
[19:31:59] [INFO] [AUTO_START] CHANNEL_SELECTED attempt=1 pass=0 pid=10720 channel=(450, 308) choices=1
[19:32:02] [INFO] [AUTO_START] ENTER_GAME_CLICKED attempt=1 pass=0 pid=10720 character_slot=1
[19:32:07] [INFO] [AUTO_START] MAP_READY_OPEN attempt=1 pass=0 pid=10720 Player=0x11c9b0a0 Core=0x169290d0 world=(2057,1309)
[19:32:07] [INFO] [AUTO_START] WAIT_WINDOW attempt=1 pass=0 pid=7860 Flash launched at original size
[19:32:10] [INFO] [AUTO_START] START_CLICKED attempt=1 pass=0 pid=7860 Bắt đầu
[19:32:39] [INFO] [AUTO_START] CHANNEL_SELECTED attempt=1 pass=0 pid=7860 channel=(450, 308) choices=1
[19:32:42] [INFO] [AUTO_START] ENTER_GAME_CLICKED attempt=1 pass=0 pid=7860 character_slot=2
[19:32:47] [INFO] [AUTO_START] MAP_READY_OPEN attempt=1 pass=0 pid=7860 Player=0x12d940a0 Core=0x159ba0d0 world=(1877,1116)
[19:34:02] [INFO] [AUTO_START] WAIT_WINDOW attempt=1 pass=0 pid=9772 Flash launched at original size
[19:34:06] [INFO] [AUTO_START] START_CLICKED attempt=1 pass=0 pid=9772 Bắt đầu
[19:34:35] [INFO] [AUTO_START] CHANNEL_SELECTED attempt=1 pass=0 pid=9772 channel=(450, 308) choices=1
[19:34:39] [INFO] [AUTO_START] ENTER_GAME_CLICKED attempt=1 pass=0 pid=9772 character_slot=1
[19:34:44] [INFO] [AUTO_START] MAP_READY_OPEN attempt=1 pass=0 pid=9772 Player=0x1264b0a0 Core=0x155320d0 world=(2057,1309)
[19:34:44] [INFO] [AUTO_START] WAIT_WINDOW attempt=1 pass=0 pid=13904 Flash launched at original size
[19:34:49] [INFO] [AUTO_START] START_CLICKED attempt=1 pass=0 pid=13904 Bắt đầu
[19:35:13] [INFO] [AUTO_START] CHANNEL_SELECTED attempt=1 pass=0 pid=13904 channel=(450, 308) choices=1
[19:35:17] [INFO] [AUTO_START] ENTER_GAME_CLICKED attempt=1 pass=0 pid=13904 character_slot=2
[19:35:22] [INFO] [AUTO_START] MAP_READY_OPEN attempt=1 pass=0 pid=13904 Player=0xff6b0a0 Core=0xbb490d0 world=(1877,1116)
[19:36:46] [INFO] [AUTO_START] WAIT_WINDOW attempt=1 pass=0 pid=17040 Flash launched at original size
[19:36:50] [INFO] [AUTO_START] START_CLICKED attempt=1 pass=0 pid=17040 Bắt đầu
[19:37:20] [INFO] [AUTO_START] CHANNEL_SELECTED attempt=1 pass=0 pid=17040 channel=(450, 308) choices=1
[19:37:23] [INFO] [AUTO_START] ENTER_GAME_CLICKED attempt=1 pass=0 pid=17040 character_slot=1
[19:37:28] [INFO] [AUTO_START] MAP_READY_OPEN attempt=1 pass=0 pid=17040 Player=0xcef80a0 Core=0x108a40d0 world=(2057,1309)
[19:37:28] [INFO] [AUTO_START] WAIT_WINDOW attempt=1 pass=0 pid=19544 Flash launched at original size
[19:37:31] [INFO] [AUTO_START] START_CLICKED attempt=1 pass=0 pid=19544 Bắt đầu
[19:38:00] [INFO] [AUTO_START] CHANNEL_SELECTED attempt=1 pass=0 pid=19544 channel=(450, 308) choices=1
[19:38:04] [INFO] [AUTO_START] ENTER_GAME_CLICKED attempt=1 pass=0 pid=19544 character_slot=2
[19:38:08] [INFO] [AUTO_START] MAP_READY_OPEN attempt=1 pass=0 pid=19544 Player=0x12f4e0a0 Core=0xc4910d0 world=(1877,1116)
[19:39:14] [INFO] [AUTO_START] WAIT_WINDOW attempt=1 pass=0 pid=18800 Flash launched at original size
[19:39:18] [INFO] [AUTO_START] START_CLICKED attempt=1 pass=0 pid=18800 Bắt đầu
[19:39:47] [INFO] [AUTO_START] CHANNEL_SELECTED attempt=1 pass=0 pid=18800 channel=(450, 308) choices=1
[19:39:51] [INFO] [AUTO_START] ENTER_GAME_CLICKED attempt=1 pass=0 pid=18800 character_slot=1
[19:39:55] [INFO] [AUTO_START] MAP_READY_OPEN attempt=1 pass=0 pid=18800 Player=0x1d1a60a0 Core=0x15a0e0d0 world=(2057,1309)
[19:39:55] [INFO] [AUTO_START] WAIT_WINDOW attempt=1 pass=0 pid=12356 Flash launched at original size
[19:39:59] [INFO] [AUTO_START] START_CLICKED attempt=1 pass=0 pid=12356 Bắt đầu
[19:40:29] [INFO] [AUTO_START] CHANNEL_SELECTED attempt=1 pass=0 pid=12356 channel=(450, 308) choices=1
[19:40:32] [INFO] [AUTO_START] ENTER_GAME_CLICKED attempt=1 pass=0 pid=12356 character_slot=2
[19:40:37] [INFO] [AUTO_START] MAP_READY_OPEN attempt=1 pass=0 pid=12356 Player=0x157e40a0 Core=0x165210d0 world=(1877,1116)
[19:41:57] [INFO] [AUTO_START] WAIT_WINDOW attempt=1 pass=0 pid=8828 Flash launched at original size
[19:42:00] [INFO] [AUTO_START] START_CLICKED attempt=1 pass=0 pid=8828 Bắt đầu
[19:42:31] [INFO] [AUTO_START] CHANNEL_SELECTED attempt=1 pass=0 pid=8828 channel=(450, 308) choices=1
[19:42:34] [INFO] [AUTO_START] ENTER_GAME_CLICKED attempt=1 pass=0 pid=8828 character_slot=1
[19:42:39] [INFO] [AUTO_START] MAP_READY_OPEN attempt=1 pass=0 pid=8828 Player=0x12d210a0 Core=0xbad00d0 world=(1877,1184)
[19:42:39] [INFO] [AUTO_START] WAIT_WINDOW attempt=1 pass=0 pid=9380 Flash launched at original size
[19:42:42] [INFO] [AUTO_START] START_CLICKED attempt=1 pass=0 pid=9380 Bắt đầu
[19:43:11] [INFO] [AUTO_START] CHANNEL_SELECTED attempt=1 pass=0 pid=9380 channel=(450, 308) choices=1
[19:43:14] [INFO] [AUTO_START] ENTER_GAME_CLICKED attempt=1 pass=0 pid=9380 character_slot=2
[19:43:19] [INFO] [AUTO_START] MAP_READY_OPEN attempt=1 pass=0 pid=9380 Player=0x1d2130a0 Core=0x167ad0d0 world=(1877,1116)
[19:45:10] [INFO] [AUTO_START] WAIT_WINDOW attempt=1 pass=0 pid=12308 Flash launched at original size
[19:45:14] [INFO] [AUTO_START] START_CLICKED attempt=1 pass=0 pid=12308 Bắt đầu
[19:45:43] [INFO] [AUTO_START] CHANNEL_SELECTED attempt=1 pass=0 pid=12308 channel=(450, 308) choices=1
[19:45:46] [INFO] [AUTO_START] ENTER_GAME_CLICKED attempt=1 pass=0 pid=12308 character_slot=1
[19:45:51] [INFO] [AUTO_START] MAP_READY_OPEN attempt=1 pass=0 pid=12308 Player=0xb5880a0 Core=0x167be0d0 world=(1712,1069)
[19:45:51] [INFO] [AUTO_START] WAIT_WINDOW attempt=1 pass=0 pid=4284 Flash launched at original size
[19:45:54] [INFO] [AUTO_START] START_CLICKED attempt=1 pass=0 pid=4284 Bắt đầu
[19:46:25] [INFO] [AUTO_START] CHANNEL_SELECTED attempt=1 pass=0 pid=4284 channel=(450, 308) choices=1
[19:46:28] [INFO] [AUTO_START] ENTER_GAME_CLICKED attempt=1 pass=0 pid=4284 character_slot=2
[19:46:33] [INFO] [AUTO_START] MAP_READY_OPEN attempt=1 pass=0 pid=4284 Player=0x10f750a0 Core=0x1667e0d0 world=(1877,1116)
[19:48:04] [INFO] [AUTO_START] WAIT_WINDOW attempt=1 pass=0 pid=4720 Flash launched at original size
[19:48:08] [INFO] [AUTO_START] START_CLICKED attempt=1 pass=0 pid=4720 Bắt đầu
[19:48:37] [INFO] [AUTO_START] CHANNEL_SELECTED attempt=1 pass=0 pid=4720 channel=(450, 308) choices=1
[19:48:40] [INFO] [AUTO_START] ENTER_GAME_CLICKED attempt=1 pass=0 pid=4720 character_slot=1
[19:48:45] [INFO] [AUTO_START] MAP_READY_OPEN attempt=1 pass=0 pid=4720 Player=0x1ceac0a0 Core=0x164d40d0 world=(1845,1121)
[19:48:45] [INFO] [AUTO_START] WAIT_WINDOW attempt=1 pass=0 pid=8172 Flash launched at original size
[19:48:51] [INFO] [AUTO_START] START_CLICKED attempt=1 pass=0 pid=8172 Bắt đầu
[19:49:21] [INFO] [AUTO_START] CHANNEL_SELECTED attempt=1 pass=0 pid=8172 channel=(450, 308) choices=1
[19:49:24] [INFO] [AUTO_START] ENTER_GAME_CLICKED attempt=1 pass=0 pid=8172 character_slot=2
[19:49:29] [INFO] [AUTO_START] MAP_READY_OPEN attempt=1 pass=0 pid=8172 Player=0x12c7d0a0 Core=0x14bd40d0 world=(1877,1116)
[19:51:53] [INFO] [AUTO_START] WAIT_WINDOW attempt=1 pass=0 pid=9320 Flash launched at original size
[19:52:25] [INFO] [AUTO_START] WAIT_WINDOW attempt=1 pass=0 pid=8568 Flash launched at original size
[19:52:30] [INFO] [AUTO_START] START_CLICKED attempt=1 pass=0 pid=8568 Bắt đầu
[19:52:59] [INFO] [AUTO_START] CHANNEL_SELECTED attempt=1 pass=0 pid=8568 channel=(450, 308) choices=1
[19:53:03] [INFO] [AUTO_START] ENTER_GAME_CLICKED attempt=1 pass=0 pid=8568 character_slot=1
[19:53:08] [INFO] [AUTO_START] MAP_READY_OPEN attempt=1 pass=0 pid=8568 Player=0x1d5360a0 Core=0x16d9e0d0 world=(1878,1135)
[19:53:08] [INFO] [AUTO_START] WAIT_WINDOW attempt=1 pass=0 pid=14708 Flash launched at original size
[19:53:11] [INFO] [AUTO_START] START_CLICKED attempt=1 pass=0 pid=14708 Bắt đầu
[19:53:40] [INFO] [AUTO_START] CHANNEL_SELECTED attempt=1 pass=0 pid=14708 channel=(450, 308) choices=1
[19:53:44] [INFO] [AUTO_START] ENTER_GAME_CLICKED attempt=1 pass=0 pid=14708 character_slot=2
[19:53:48] [INFO] [AUTO_START] MAP_READY_OPEN attempt=1 pass=0 pid=14708 Player=0x1c3f10a0 Core=0xc9850d0 world=(1877,1116)
[19:54:35] [INFO] [AUTO_START] WAIT_WINDOW attempt=1 pass=0 pid=1716 Flash launched at original size
[19:54:39] [INFO] [AUTO_START] START_CLICKED attempt=1 pass=0 pid=1716 Bắt đầu
[19:55:08] [INFO] [AUTO_START] CHANNEL_SELECTED attempt=1 pass=0 pid=1716 channel=(450, 308) choices=1
[19:55:11] [INFO] [AUTO_START] ENTER_GAME_CLICKED attempt=1 pass=0 pid=1716 character_slot=1
[19:55:16] [INFO] [AUTO_START] MAP_READY_OPEN attempt=1 pass=0 pid=1716 Player=0x14b2d0a0 Core=0x16b870d0 world=(1878,1135)
[19:55:16] [INFO] [AUTO_START] WAIT_WINDOW attempt=1 pass=0 pid=8624 Flash launched at original size
[19:55:19] [INFO] [AUTO_START] START_CLICKED attempt=1 pass=0 pid=8624 Bắt đầu
[19:55:48] [INFO] [AUTO_START] CHANNEL_SELECTED attempt=1 pass=0 pid=8624 channel=(450, 308) choices=1
[19:55:52] [INFO] [AUTO_START] ENTER_GAME_CLICKED attempt=1 pass=0 pid=8624 character_slot=2
[19:55:56] [INFO] [AUTO_START] MAP_READY_OPEN attempt=1 pass=0 pid=8624 Player=0x139b90a0 Core=0x1687b0d0 world=(1877,1116)
[19:57:06] [INFO] [AUTO_START] WAIT_WINDOW attempt=1 pass=0 pid=1272 Flash launched at original size
[19:57:10] [INFO] [AUTO_START] START_CLICKED attempt=1 pass=0 pid=1272 Bắt đầu
[19:57:40] [INFO] [AUTO_START] CHANNEL_SELECTED attempt=1 pass=0 pid=1272 channel=(450, 308) choices=1
[19:57:43] [INFO] [AUTO_START] ENTER_GAME_CLICKED attempt=1 pass=0 pid=1272 character_slot=1
[19:57:48] [INFO] [AUTO_START] MAP_READY_OPEN attempt=1 pass=0 pid=1272 Player=0x11e950a0 Core=0x1540f0d0 world=(1878,1135)
[19:57:48] [INFO] [AUTO_START] WAIT_WINDOW attempt=1 pass=0 pid=6620 Flash launched at original size
[19:57:52] [INFO] [AUTO_START] START_CLICKED attempt=1 pass=0 pid=6620 Bắt đầu
[19:58:21] [INFO] [AUTO_START] CHANNEL_SELECTED attempt=1 pass=0 pid=6620 channel=(450, 308) choices=1
[19:58:25] [INFO] [AUTO_START] ENTER_GAME_CLICKED attempt=1 pass=0 pid=6620 character_slot=2
[19:58:29] [INFO] [AUTO_START] MAP_READY_OPEN attempt=1 pass=0 pid=6620 Player=0xda370a0 Core=0x1655c0d0 world=(1877,1116)
[19:59:43] [INFO] [AUTO_START] WAIT_WINDOW attempt=1 pass=0 pid=17020 Flash launched at original size
[19:59:47] [INFO] [AUTO_START] START_CLICKED attempt=1 pass=0 pid=17020 Bắt đầu
[20:00:17] [INFO] [AUTO_START] CHANNEL_SELECTED attempt=1 pass=0 pid=17020 channel=(450, 308) choices=1
[20:00:20] [INFO] [AUTO_START] ENTER_GAME_CLICKED attempt=1 pass=0 pid=17020 character_slot=1
[20:00:25] [INFO] [AUTO_START] MAP_READY_OPEN attempt=1 pass=0 pid=17020 Player=0x1186a0a0 Core=0xb2070d0 world=(1878,1135)
[20:00:25] [INFO] [AUTO_START] WAIT_WINDOW attempt=1 pass=0 pid=6928 Flash launched at original size
[20:00:28] [INFO] [AUTO_START] START_CLICKED attempt=1 pass=0 pid=6928 Bắt đầu
[20:00:59] [INFO] [AUTO_START] CHANNEL_SELECTED attempt=1 pass=0 pid=6928 channel=(450, 308) choices=1
[20:01:02] [INFO] [AUTO_START] ENTER_GAME_CLICKED attempt=1 pass=0 pid=6928 character_slot=2
[20:01:08] [INFO] [AUTO_START] WAIT_MAP attempt=1 pass=0 pid=6928 Player not rooted; character/login screen
[20:01:13] [INFO] [AUTO_START] WAIT_MAP attempt=1 pass=0 pid=6928 Player not rooted; character/login screen
[20:01:18] [INFO] [AUTO_START] MAP_READY_OPEN attempt=1 pass=0 pid=6928 Player=0x1e49e0a0 Core=0x16dcf0d0 world=(1877,1116)
[20:02:15] [INFO] [AUTO_START] WAIT_WINDOW attempt=1 pass=0 pid=8456 Flash launched at original size
[20:02:19] [INFO] [AUTO_START] START_CLICKED attempt=1 pass=0 pid=8456 Bắt đầu
[20:02:48] [INFO] [AUTO_START] CHANNEL_SELECTED attempt=1 pass=0 pid=8456 channel=(450, 308) choices=1
[20:02:51] [INFO] [AUTO_START] ENTER_GAME_CLICKED attempt=1 pass=0 pid=8456 character_slot=1
[20:02:56] [INFO] [AUTO_START] MAP_READY_OPEN attempt=1 pass=0 pid=8456 Player=0x1294f0a0 Core=0x1610c0d0 world=(1878,1135)
[20:02:56] [INFO] [AUTO_START] WAIT_WINDOW attempt=1 pass=0 pid=15756 Flash launched at original size
[20:02:59] [INFO] [AUTO_START] START_CLICKED attempt=1 pass=0 pid=15756 Bắt đầu
[20:03:28] [INFO] [AUTO_START] CHANNEL_SELECTED attempt=1 pass=0 pid=15756 channel=(450, 308) choices=1
[20:03:32] [INFO] [AUTO_START] ENTER_GAME_CLICKED attempt=1 pass=0 pid=15756 character_slot=2
[20:03:36] [INFO] [AUTO_START] MAP_READY_OPEN attempt=1 pass=0 pid=15756 Player=0x12e540a0 Core=0x162a40d0 world=(1877,1116)
[20:05:22] [INFO] [AUTO_START] WAIT_WINDOW attempt=1 pass=0 pid=11568 Flash launched at original size
[20:05:26] [INFO] [AUTO_START] START_CLICKED attempt=1 pass=0 pid=11568 Bắt đầu
[20:05:56] [INFO] [AUTO_START] CHANNEL_SELECTED attempt=1 pass=0 pid=11568 channel=(450, 308) choices=1
[20:05:59] [INFO] [AUTO_START] ENTER_GAME_CLICKED attempt=1 pass=0 pid=11568 character_slot=1
[20:06:04] [INFO] [AUTO_START] MAP_READY_OPEN attempt=1 pass=0 pid=11568 Player=0x154eb0a0 Core=0xb4250d0 world=(1878,1135)
[20:06:04] [INFO] [AUTO_START] WAIT_WINDOW attempt=1 pass=0 pid=14100 Flash launched at original size
[20:06:08] [INFO] [AUTO_START] START_CLICKED attempt=1 pass=0 pid=14100 Bắt đầu
[20:06:37] [INFO] [AUTO_START] CHANNEL_SELECTED attempt=1 pass=0 pid=14100 channel=(450, 308) choices=1
[20:06:41] [INFO] [AUTO_START] ENTER_GAME_CLICKED attempt=1 pass=0 pid=14100 character_slot=2
[20:06:46] [INFO] [AUTO_START] MAP_READY_OPEN attempt=1 pass=0 pid=14100 Player=0x1d5170a0 Core=0x16bd70d0 world=(1877,1116)
[20:11:51] [INFO] [AUTO_START] WAIT_WINDOW attempt=1 pass=0 pid=15216 Flash launched at original size
[20:11:56] [INFO] [AUTO_START] START_CLICKED attempt=1 pass=0 pid=15216 Bắt đầu
[20:12:21] [INFO] [AUTO_START] CHANNEL_SELECTED attempt=1 pass=0 pid=15216 channel=(450, 308) choices=1
[20:12:24] [INFO] [AUTO_START] ENTER_GAME_CLICKED attempt=1 pass=0 pid=15216 character_slot=1
[20:12:29] [INFO] [AUTO_START] MAP_READY_OPEN attempt=1 pass=0 pid=15216 Player=0x123540a0 Core=0x162b90d0 world=(1878,1135)
[20:12:29] [INFO] [AUTO_START] WAIT_WINDOW attempt=1 pass=0 pid=20020 Flash launched at original size
[20:12:33] [INFO] [AUTO_START] START_CLICKED attempt=1 pass=0 pid=20020 Bắt đầu
[20:13:02] [INFO] [AUTO_START] CHANNEL_SELECTED attempt=1 pass=0 pid=20020 channel=(450, 308) choices=1
[20:13:06] [INFO] [AUTO_START] ENTER_GAME_CLICKED attempt=1 pass=0 pid=20020 character_slot=2
[20:13:11] [INFO] [AUTO_START] MAP_READY_OPEN attempt=1 pass=0 pid=20020 Player=0x1d7700a0 Core=0x158fb0d0 world=(1877,1106)
[20:14:11] [INFO] [AUTO_START] WAIT_WINDOW attempt=1 pass=0 pid=19496 Flash launched at original size
[20:14:14] [INFO] [AUTO_START] START_CLICKED attempt=1 pass=0 pid=19496 Bắt đầu
[20:14:44] [INFO] [AUTO_START] CHANNEL_SELECTED attempt=1 pass=0 pid=19496 channel=(450, 308) choices=1
[20:14:47] [INFO] [AUTO_START] ENTER_GAME_CLICKED attempt=1 pass=0 pid=19496 character_slot=1
[20:14:52] [INFO] [AUTO_START] MAP_READY_OPEN attempt=1 pass=0 pid=19496 Player=0x118020a0 Core=0x174320d0 world=(1878,1135)
[20:14:52] [INFO] [AUTO_START] WAIT_WINDOW attempt=1 pass=0 pid=15300 Flash launched at original size
[20:14:55] [INFO] [AUTO_START] START_CLICKED attempt=1 pass=0 pid=15300 Bắt đầu
[20:15:25] [INFO] [AUTO_START] CHANNEL_SELECTED attempt=1 pass=0 pid=15300 channel=(450, 308) choices=1
[20:15:28] [INFO] [AUTO_START] ENTER_GAME_CLICKED attempt=1 pass=0 pid=15300 character_slot=2
[20:15:33] [INFO] [AUTO_START] MAP_READY_OPEN attempt=1 pass=0 pid=15300 Player=0x10c4f0a0 Core=0x1689a0d0 world=(1877,1106)
[20:20:17] [INFO] [AUTO_START] WAIT_WINDOW attempt=1 pass=0 pid=12296 Flash launched at original size
[20:20:22] [INFO] [AUTO_START] START_CLICKED attempt=1 pass=0 pid=12296 Bắt đầu
[20:20:52] [INFO] [AUTO_START] CHANNEL_SELECTED attempt=1 pass=0 pid=12296 channel=(450, 308) choices=1
[20:20:55] [INFO] [AUTO_START] ENTER_GAME_CLICKED attempt=1 pass=0 pid=12296 character_slot=1
[20:21:00] [INFO] [AUTO_START] MAP_READY_OPEN attempt=1 pass=0 pid=12296 Player=0x1be1d0a0 Core=0xc3240d0 world=(1878,1135)
[20:21:00] [INFO] [AUTO_START] WAIT_WINDOW attempt=1 pass=0 pid=17636 Flash launched at original size
[20:21:04] [INFO] [AUTO_START] START_CLICKED attempt=1 pass=0 pid=17636 Bắt đầu
[20:21:35] [INFO] [AUTO_START] CHANNEL_SELECTED attempt=1 pass=0 pid=17636 channel=(450, 308) choices=1
[20:21:38] [INFO] [AUTO_START] ENTER_GAME_CLICKED attempt=1 pass=0 pid=17636 character_slot=2
[20:21:43] [INFO] [AUTO_START] MAP_READY_OPEN attempt=1 pass=0 pid=17636 Player=0x1e0d00a0 Core=0x12fc40d0 world=(1877,1106)
[20:23:21] [INFO] [AUTO_START] WAIT_WINDOW attempt=1 pass=0 pid=15012 Flash launched at original size
[20:23:25] [INFO] [AUTO_START] START_CLICKED attempt=1 pass=0 pid=15012 Bắt đầu
[20:23:54] [INFO] [AUTO_START] CHANNEL_SELECTED attempt=1 pass=0 pid=15012 channel=(450, 308) choices=1
[20:23:57] [INFO] [AUTO_START] ENTER_GAME_CLICKED attempt=1 pass=0 pid=15012 character_slot=1
[20:24:02] [INFO] [AUTO_START] MAP_READY_OPEN attempt=1 pass=0 pid=15012 Player=0xffe10a0 Core=0x16aae0d0 world=(1878,1135)
[20:24:02] [INFO] [AUTO_START] WAIT_WINDOW attempt=1 pass=0 pid=228 Flash launched at original size
[20:24:06] [INFO] [AUTO_START] START_CLICKED attempt=1 pass=0 pid=228 Bắt đầu
[20:24:35] [INFO] [AUTO_START] CHANNEL_SELECTED attempt=1 pass=0 pid=228 channel=(450, 308) choices=1
[20:24:39] [INFO] [AUTO_START] ENTER_GAME_CLICKED attempt=1 pass=0 pid=228 character_slot=2
[20:24:44] [INFO] [AUTO_START] MAP_READY_OPEN attempt=1 pass=0 pid=228 Player=0x1bbf20a0 Core=0x14f4a0d0 world=(1877,1106)
[20:26:24] [INFO] [AUTO_START] WAIT_WINDOW attempt=1 pass=0 pid=16728 Flash launched at original size
[20:26:27] [INFO] [AUTO_START] START_CLICKED attempt=1 pass=0 pid=16728 Bắt đầu
[20:26:57] [INFO] [AUTO_START] CHANNEL_SELECTED attempt=1 pass=0 pid=16728 channel=(450, 308) choices=1
[20:27:00] [INFO] [AUTO_START] ENTER_GAME_CLICKED attempt=1 pass=0 pid=16728 character_slot=1
[20:27:05] [INFO] [AUTO_START] MAP_READY_OPEN attempt=1 pass=0 pid=16728 Player=0xba920a0 Core=0x1679d0d0 world=(1878,1135)
[20:27:05] [INFO] [AUTO_START] WAIT_WINDOW attempt=1 pass=0 pid=13128 Flash launched at original size
[20:27:11] [INFO] [AUTO_START] START_CLICKED attempt=1 pass=0 pid=13128 Bắt đầu
[20:27:40] [INFO] [AUTO_START] CHANNEL_SELECTED attempt=1 pass=0 pid=13128 channel=(450, 308) choices=1
[20:27:43] [INFO] [AUTO_START] ENTER_GAME_CLICKED attempt=1 pass=0 pid=13128 character_slot=2
[20:27:48] [INFO] [AUTO_START] MAP_READY_OPEN attempt=1 pass=0 pid=13128 Player=0x1daca0a0 Core=0xc3d80d0 world=(1877,1106)
[20:29:26] [INFO] [AUTO_START] WAIT_WINDOW attempt=1 pass=0 pid=2100 Flash launched at original size
[20:29:29] [INFO] [AUTO_START] START_CLICKED attempt=1 pass=0 pid=2100 Bắt đầu
[20:29:59] [INFO] [AUTO_START] CHANNEL_SELECTED attempt=1 pass=0 pid=2100 channel=(450, 308) choices=1
[20:30:02] [INFO] [AUTO_START] ENTER_GAME_CLICKED attempt=1 pass=0 pid=2100 character_slot=1
[20:30:07] [INFO] [AUTO_START] MAP_READY_OPEN attempt=1 pass=0 pid=2100 Player=0x104840a0 Core=0x15c8f0d0 world=(1878,1135)
[20:30:07] [INFO] [AUTO_START] WAIT_WINDOW attempt=1 pass=0 pid=4024 Flash launched at original size
[20:30:10] [INFO] [AUTO_START] START_CLICKED attempt=1 pass=0 pid=4024 Bắt đầu
[20:30:40] [INFO] [AUTO_START] CHANNEL_SELECTED attempt=1 pass=0 pid=4024 channel=(450, 308) choices=1
[20:30:44] [INFO] [AUTO_START] ENTER_GAME_CLICKED attempt=1 pass=0 pid=4024 character_slot=2
[20:30:49] [INFO] [AUTO_START] MAP_READY_OPEN attempt=1 pass=0 pid=4024 Player=0x1d0ea0a0 Core=0x15b4b0d0 world=(1877,1106)
[20:33:02] [INFO] [AUTO_START] WAIT_WINDOW attempt=1 pass=0 pid=13224 Flash launched at original size
[20:33:06] [INFO] [AUTO_START] START_CLICKED attempt=1 pass=0 pid=13224 Bắt đầu
[20:33:35] [INFO] [AUTO_START] CHANNEL_SELECTED attempt=1 pass=0 pid=13224 channel=(450, 308) choices=1
[20:33:39] [INFO] [AUTO_START] ENTER_GAME_CLICKED attempt=1 pass=0 pid=13224 character_slot=1
[20:33:43] [INFO] [AUTO_START] MAP_READY_OPEN attempt=1 pass=0 pid=13224 Player=0x1d6f40a0 Core=0x167b30d0 world=(1878,1135)
[20:33:43] [INFO] [AUTO_START] WAIT_WINDOW attempt=1 pass=0 pid=6700 Flash launched at original size
[20:33:47] [INFO] [AUTO_START] START_CLICKED attempt=1 pass=0 pid=6700 Bắt đầu
[20:34:16] [INFO] [AUTO_START] CHANNEL_SELECTED attempt=1 pass=0 pid=6700 channel=(450, 308) choices=1
[20:34:19] [INFO] [AUTO_START] ENTER_GAME_CLICKED attempt=1 pass=0 pid=6700 character_slot=2
[20:34:24] [INFO] [AUTO_START] MAP_READY_OPEN attempt=1 pass=0 pid=6700 Player=0x154160a0 Core=0x16c060d0 world=(1877,1106)
[20:36:49] [INFO] [AUTO_START] WAIT_WINDOW attempt=1 pass=0 pid=18712 Flash launched at original size
[20:36:53] [INFO] [AUTO_START] START_CLICKED attempt=1 pass=0 pid=18712 Bắt đầu
[20:37:23] [INFO] [AUTO_START] CHANNEL_SELECTED attempt=1 pass=0 pid=18712 channel=(450, 308) choices=1
[20:37:26] [INFO] [AUTO_START] ENTER_GAME_CLICKED attempt=1 pass=0 pid=18712 character_slot=1
[20:37:31] [INFO] [AUTO_START] MAP_READY_OPEN attempt=1 pass=0 pid=18712 Player=0x1056a0a0 Core=0x107d70d0 world=(1878,1135)
[20:37:31] [INFO] [AUTO_START] WAIT_WINDOW attempt=1 pass=0 pid=16488 Flash launched at original size
[20:37:35] [INFO] [AUTO_START] START_CLICKED attempt=1 pass=0 pid=16488 Bắt đầu
[20:38:04] [INFO] [AUTO_START] CHANNEL_SELECTED attempt=1 pass=0 pid=16488 channel=(450, 308) choices=1
[20:38:08] [INFO] [AUTO_START] ENTER_GAME_CLICKED attempt=1 pass=0 pid=16488 character_slot=2
[20:38:13] [INFO] [AUTO_START] MAP_READY_OPEN attempt=1 pass=0 pid=16488 Player=0x1c98a0a0 Core=0x168370d0 world=(1877,1106)
[20:41:44] [INFO] [AUTO_START] WAIT_WINDOW attempt=1 pass=0 pid=10024 Flash launched at original size
[20:41:47] [INFO] [AUTO_START] START_CLICKED attempt=1 pass=0 pid=10024 Bắt đầu
[20:42:16] [INFO] [AUTO_START] CHANNEL_SELECTED attempt=1 pass=0 pid=10024 channel=(450, 308) choices=1
[20:42:19] [INFO] [AUTO_START] ENTER_GAME_CLICKED attempt=1 pass=0 pid=10024 character_slot=1
[20:42:24] [INFO] [AUTO_START] MAP_READY_OPEN attempt=1 pass=0 pid=10024 Player=0x104510a0 Core=0x16f9e0d0 world=(1878,1135)
[20:42:24] [INFO] [AUTO_START] WAIT_WINDOW attempt=1 pass=0 pid=14792 Flash launched at original size
[20:42:28] [INFO] [AUTO_START] START_CLICKED attempt=1 pass=0 pid=14792 Bắt đầu
[20:42:57] [INFO] [AUTO_START] CHANNEL_SELECTED attempt=1 pass=0 pid=14792 channel=(450, 308) choices=1
[20:43:01] [INFO] [AUTO_START] ENTER_GAME_CLICKED attempt=1 pass=0 pid=14792 character_slot=2
[20:43:05] [INFO] [AUTO_START] MAP_READY_OPEN attempt=1 pass=0 pid=14792 Player=0x1301d0a0 Core=0x157c60d0 world=(1877,1106)
[20:46:08] [INFO] [AUTO_START] WAIT_WINDOW attempt=1 pass=0 pid=16448 Flash launched at original size
[20:46:11] [INFO] [AUTO_START] START_CLICKED attempt=1 pass=0 pid=16448 Bắt đầu
[20:46:41] [INFO] [AUTO_START] CHANNEL_SELECTED attempt=1 pass=0 pid=16448 channel=(450, 308) choices=1
[20:46:45] [INFO] [AUTO_START] ENTER_GAME_CLICKED attempt=1 pass=0 pid=16448 character_slot=1
[20:46:49] [INFO] [AUTO_START] MAP_READY_OPEN attempt=1 pass=0 pid=16448 Player=0x111d40a0 Core=0x16c650d0 world=(1878,1135)
[20:46:49] [INFO] [AUTO_START] WAIT_WINDOW attempt=1 pass=0 pid=10232 Flash launched at original size
[20:46:53] [INFO] [AUTO_START] START_CLICKED attempt=1 pass=0 pid=10232 Bắt đầu
[20:47:22] [INFO] [AUTO_START] CHANNEL_SELECTED attempt=1 pass=0 pid=10232 channel=(450, 308) choices=1
[20:47:26] [INFO] [AUTO_START] ENTER_GAME_CLICKED attempt=1 pass=0 pid=10232 character_slot=2
[20:47:30] [INFO] [AUTO_START] MAP_READY_OPEN attempt=1 pass=0 pid=10232 Player=0xa8cc0a0 Core=0x1688b0d0 world=(1877,1106)
[20:51:44] [INFO] [AUTO_START] WAIT_WINDOW attempt=1 pass=0 pid=11256 Flash launched at original size
[20:51:48] [INFO] [AUTO_START] START_CLICKED attempt=1 pass=0 pid=11256 Bắt đầu
[20:52:18] [INFO] [AUTO_START] CHANNEL_SELECTED attempt=1 pass=0 pid=11256 channel=(450, 308) choices=1
[20:52:21] [INFO] [AUTO_START] ENTER_GAME_CLICKED attempt=1 pass=0 pid=11256 character_slot=1
[20:52:26] [INFO] [AUTO_START] MAP_READY_OPEN attempt=1 pass=0 pid=11256 Player=0x1c02e0a0 Core=0xa2880d0 world=(1878,1135)
[20:52:26] [INFO] [AUTO_START] WAIT_WINDOW attempt=1 pass=0 pid=7596 Flash launched at original size
[20:52:30] [INFO] [AUTO_START] START_CLICKED attempt=1 pass=0 pid=7596 Bắt đầu
[20:53:00] [INFO] [AUTO_START] CHANNEL_SELECTED attempt=1 pass=0 pid=7596 channel=(450, 308) choices=1
[20:53:04] [INFO] [AUTO_START] ENTER_GAME_CLICKED attempt=1 pass=0 pid=7596 character_slot=2
[20:53:08] [INFO] [AUTO_START] MAP_READY_OPEN attempt=1 pass=0 pid=7596 Player=0x1c99d0a0 Core=0x148ef0d0 world=(1877,1106)
[20:56:51] [INFO] [AUTO_START] WAIT_WINDOW attempt=1 pass=0 pid=16864 Flash launched at original size
[20:56:54] [INFO] [AUTO_START] START_CLICKED attempt=1 pass=0 pid=16864 Bắt đầu
[20:57:23] [INFO] [AUTO_START] CHANNEL_SELECTED attempt=1 pass=0 pid=16864 channel=(450, 308) choices=1
[20:57:27] [INFO] [AUTO_START] ENTER_GAME_CLICKED attempt=1 pass=0 pid=16864 character_slot=1
[20:57:32] [INFO] [AUTO_START] MAP_READY_OPEN attempt=1 pass=0 pid=16864 Player=0xd74b0a0 Core=0xf8240d0 world=(1878,1135)
[20:57:32] [INFO] [AUTO_START] WAIT_WINDOW attempt=1 pass=0 pid=13088 Flash launched at original size
[20:57:35] [INFO] [AUTO_START] START_CLICKED attempt=1 pass=0 pid=13088 Bắt đầu
[20:58:05] [INFO] [AUTO_START] CHANNEL_SELECTED attempt=1 pass=0 pid=13088 channel=(450, 308) choices=1
[20:58:08] [INFO] [AUTO_START] ENTER_GAME_CLICKED attempt=1 pass=0 pid=13088 character_slot=2
[20:58:13] [INFO] [AUTO_START] MAP_READY_OPEN attempt=1 pass=0 pid=13088 Player=0x10c690a0 Core=0x15f7e0d0 world=(1877,1106)
[21:01:35] [INFO] [AUTO_START] WAIT_WINDOW attempt=1 pass=0 pid=19700 Flash launched at original size
[21:01:39] [INFO] [AUTO_START] START_CLICKED attempt=1 pass=0 pid=19700 Bắt đầu
[21:02:08] [INFO] [AUTO_START] CHANNEL_SELECTED attempt=1 pass=0 pid=19700 channel=(450, 308) choices=1
[21:02:12] [INFO] [AUTO_START] ENTER_GAME_CLICKED attempt=1 pass=0 pid=19700 character_slot=1
[21:02:16] [INFO] [AUTO_START] MAP_READY_OPEN attempt=1 pass=0 pid=19700 Player=0x1c1680a0 Core=0x168370d0 world=(1000,1000)
[21:02:16] [INFO] [AUTO_START] WAIT_WINDOW attempt=1 pass=0 pid=10384 Flash launched at original size
[21:02:22] [INFO] [AUTO_START] START_CLICKED attempt=1 pass=0 pid=10384 Bắt đầu
[21:02:46] [INFO] [AUTO_START] CHANNEL_SELECTED attempt=1 pass=0 pid=10384 channel=(450, 308) choices=1
[21:02:50] [INFO] [AUTO_START] ENTER_GAME_CLICKED attempt=1 pass=0 pid=10384 character_slot=2
[21:02:54] [INFO] [AUTO_START] MAP_READY_OPEN attempt=1 pass=0 pid=10384 Player=0x202690a0 Core=0x165870d0 world=(1000,1000)
[21:04:19] [INFO] [AUTO_START] WAIT_WINDOW attempt=1 pass=0 pid=5244 Flash launched at original size
[21:04:22] [INFO] [AUTO_START] START_CLICKED attempt=1 pass=0 pid=5244 Bắt đầu
[21:04:52] [INFO] [AUTO_START] CHANNEL_SELECTED attempt=1 pass=0 pid=5244 channel=(450, 308) choices=1
[21:04:55] [INFO] [AUTO_START] ENTER_GAME_CLICKED attempt=1 pass=0 pid=5244 character_slot=1
[21:05:00] [INFO] [AUTO_START] MAP_READY_OPEN attempt=1 pass=0 pid=5244 Player=0xdf870a0 Core=0x90d60d0 world=(1000,1000)
[21:05:00] [INFO] [AUTO_START] WAIT_WINDOW attempt=1 pass=0 pid=14592 Flash launched at original size
[21:05:03] [INFO] [AUTO_START] START_CLICKED attempt=1 pass=0 pid=14592 Bắt đầu
[21:05:34] [INFO] [AUTO_START] CHANNEL_SELECTED attempt=1 pass=0 pid=14592 channel=(450, 308) choices=1
[21:05:37] [INFO] [AUTO_START] ENTER_GAME_CLICKED attempt=1 pass=0 pid=14592 character_slot=2
[21:05:42] [INFO] [AUTO_START] MAP_READY_OPEN attempt=1 pass=0 pid=14592 Player=0x123d90a0 Core=0x166830d0 world=(1000,1000)
[21:07:31] [INFO] [AUTO_START] WAIT_WINDOW attempt=1 pass=0 pid=11724 Flash launched at original size
[21:07:35] [INFO] [AUTO_START] START_CLICKED attempt=1 pass=0 pid=11724 Bắt đầu
[21:08:04] [INFO] [AUTO_START] CHANNEL_SELECTED attempt=1 pass=0 pid=11724 channel=(450, 308) choices=1
[21:08:07] [INFO] [AUTO_START] ENTER_GAME_CLICKED attempt=1 pass=0 pid=11724 character_slot=1
[21:08:12] [INFO] [AUTO_START] MAP_READY_OPEN attempt=1 pass=0 pid=11724 Player=0x1df290a0 Core=0x16a630d0 world=(973,938)
[21:08:12] [INFO] [AUTO_START] WAIT_WINDOW attempt=1 pass=0 pid=10708 Flash launched at original size
[21:08:17] [INFO] [AUTO_START] START_CLICKED attempt=1 pass=0 pid=10708 Bắt đầu
[21:08:47] [INFO] [AUTO_START] CHANNEL_SELECTED attempt=1 pass=0 pid=10708 channel=(450, 308) choices=1
[21:08:50] [INFO] [AUTO_START] ENTER_GAME_CLICKED attempt=1 pass=0 pid=10708 character_slot=2
[21:08:55] [INFO] [AUTO_START] MAP_READY_OPEN attempt=1 pass=0 pid=10708 Player=0xff290a0 Core=0x143b80d0 world=(1000,1000)
[21:09:36] [INFO] [AUTO_START] WAIT_WINDOW attempt=1 pass=0 pid=8148 Flash launched at original size
[21:09:39] [INFO] [AUTO_START] START_CLICKED attempt=1 pass=0 pid=8148 Bắt đầu
[21:10:09] [INFO] [AUTO_START] CHANNEL_SELECTED attempt=1 pass=0 pid=8148 channel=(450, 308) choices=1
[21:10:12] [INFO] [AUTO_START] ENTER_GAME_CLICKED attempt=1 pass=0 pid=8148 character_slot=1
[21:10:17] [INFO] [AUTO_START] MAP_READY_OPEN attempt=1 pass=0 pid=8148 Player=0x11d560a0 Core=0x16baa0d0 world=(973,938)
[21:10:17] [INFO] [AUTO_START] WAIT_WINDOW attempt=1 pass=0 pid=1784 Flash launched at original size
[21:10:21] [INFO] [AUTO_START] START_CLICKED attempt=1 pass=0 pid=1784 Bắt đầu
[21:10:49] [INFO] [AUTO_START] CHANNEL_SELECTED attempt=1 pass=0 pid=1784 channel=(450, 308) choices=1
[21:10:52] [INFO] [AUTO_START] ENTER_GAME_CLICKED attempt=1 pass=0 pid=1784 character_slot=2
[21:10:57] [INFO] [AUTO_START] MAP_READY_OPEN attempt=1 pass=0 pid=1784 Player=0x19a740a0 Core=0xb9d60d0 world=(1000,1000)
[21:12:19] [INFO] [AUTO_START] WAIT_WINDOW attempt=1 pass=0 pid=7376 Flash launched at original size
[21:12:23] [INFO] [AUTO_START] START_CLICKED attempt=1 pass=0 pid=7376 Bắt đầu
[21:12:53] [INFO] [AUTO_START] CHANNEL_SELECTED attempt=1 pass=0 pid=7376 channel=(450, 308) choices=1
[21:12:57] [INFO] [AUTO_START] ENTER_GAME_CLICKED attempt=1 pass=0 pid=7376 character_slot=1
[21:13:01] [INFO] [AUTO_START] MAP_READY_OPEN attempt=1 pass=0 pid=7376 Player=0x1d3d70a0 Core=0x146f70d0 world=(973,938)
[21:13:01] [INFO] [AUTO_START] WAIT_WINDOW attempt=1 pass=0 pid=11180 Flash launched at original size
[21:13:05] [INFO] [AUTO_START] START_CLICKED attempt=1 pass=0 pid=11180 Bắt đầu
[21:13:34] [INFO] [AUTO_START] CHANNEL_SELECTED attempt=1 pass=0 pid=11180 channel=(450, 308) choices=1
[21:13:38] [INFO] [AUTO_START] ENTER_GAME_CLICKED attempt=1 pass=0 pid=11180 character_slot=2
[21:13:43] [INFO] [AUTO_START] MAP_READY_OPEN attempt=1 pass=0 pid=11180 Player=0x14b2d0a0 Core=0x168950d0 world=(1000,1000)
[21:15:46] [INFO] [AUTO_START] WAIT_WINDOW attempt=1 pass=0 pid=10100 Flash launched at original size
[21:15:50] [INFO] [AUTO_START] START_CLICKED attempt=1 pass=0 pid=10100 Bắt đầu
[21:16:20] [INFO] [AUTO_START] CHANNEL_SELECTED attempt=1 pass=0 pid=10100 channel=(450, 308) choices=1
[21:16:24] [INFO] [AUTO_START] ENTER_GAME_CLICKED attempt=1 pass=0 pid=10100 character_slot=1
[21:16:28] [INFO] [AUTO_START] MAP_READY_OPEN attempt=1 pass=0 pid=10100 Player=0x1c7790a0 Core=0x165030d0 world=(973,938)
[21:16:28] [INFO] [AUTO_START] WAIT_WINDOW attempt=1 pass=0 pid=17252 Flash launched at original size
[21:16:32] [INFO] [AUTO_START] START_CLICKED attempt=1 pass=0 pid=17252 Bắt đầu
[21:17:02] [INFO] [AUTO_START] CHANNEL_SELECTED attempt=1 pass=0 pid=17252 channel=(450, 308) choices=1
[21:17:05] [INFO] [AUTO_START] ENTER_GAME_CLICKED attempt=1 pass=0 pid=17252 character_slot=2
[21:17:10] [INFO] [AUTO_START] MAP_READY_OPEN attempt=1 pass=0 pid=17252 Player=0x1044d0a0 Core=0xc1eb0d0 world=(1235,1098)
[21:18:22] [INFO] [AUTO_START] WAIT_WINDOW attempt=1 pass=0 pid=16144 Flash launched at original size
[21:18:26] [INFO] [AUTO_START] START_CLICKED attempt=1 pass=0 pid=16144 Bắt đầu
[21:18:55] [INFO] [AUTO_START] CHANNEL_SELECTED attempt=1 pass=0 pid=16144 channel=(450, 308) choices=1
[21:18:59] [INFO] [AUTO_START] ENTER_GAME_CLICKED attempt=1 pass=0 pid=16144 character_slot=1
[21:19:03] [INFO] [AUTO_START] MAP_READY_OPEN attempt=1 pass=0 pid=16144 Player=0xdaff0a0 Core=0x162f30d0 world=(973,938)
[21:19:03] [INFO] [AUTO_START] WAIT_WINDOW attempt=1 pass=0 pid=16504 Flash launched at original size
[21:19:07] [INFO] [AUTO_START] START_CLICKED attempt=1 pass=0 pid=16504 Bắt đầu
[21:19:36] [INFO] [AUTO_START] CHANNEL_SELECTED attempt=1 pass=0 pid=16504 channel=(450, 308) choices=1
[21:19:40] [INFO] [AUTO_START] ENTER_GAME_CLICKED attempt=1 pass=0 pid=16504 character_slot=2
[21:19:44] [INFO] [AUTO_START] MAP_READY_OPEN attempt=1 pass=0 pid=16504 Player=0x1cb0d0a0 Core=0xa7d90d0 world=(1235,1098)
[21:22:03] [INFO] [AUTO_START] WAIT_WINDOW attempt=1 pass=0 pid=6860 Flash launched at original size
[21:22:07] [INFO] [AUTO_START] START_CLICKED attempt=1 pass=0 pid=6860 Bắt đầu
[21:22:35] [INFO] [AUTO_START] CHANNEL_SELECTED attempt=1 pass=0 pid=6860 channel=(450, 308) choices=1
[21:22:39] [INFO] [AUTO_START] ENTER_GAME_CLICKED attempt=1 pass=0 pid=6860 character_slot=1
[21:22:43] [INFO] [AUTO_START] MAP_READY_OPEN attempt=1 pass=0 pid=6860 Player=0x117b80a0 Core=0x165b80d0 world=(946,858)
[21:22:43] [INFO] [AUTO_START] WAIT_WINDOW attempt=1 pass=0 pid=18604 Flash launched at original size
[21:22:47] [INFO] [AUTO_START] START_CLICKED attempt=1 pass=0 pid=18604 Bắt đầu
[21:23:16] [INFO] [AUTO_START] CHANNEL_SELECTED attempt=1 pass=0 pid=18604 channel=(450, 308) choices=1
[21:23:19] [INFO] [AUTO_START] ENTER_GAME_CLICKED attempt=1 pass=0 pid=18604 character_slot=2
[21:23:24] [INFO] [AUTO_START] MAP_READY_OPEN attempt=1 pass=0 pid=18604 Player=0x1d4350a0 Core=0x1696b0d0 world=(1304,1066)
[21:25:16] [INFO] [AUTO_START] WAIT_WINDOW attempt=1 pass=0 pid=19016 Flash launched at original size
[21:25:20] [INFO] [AUTO_START] START_CLICKED attempt=1 pass=0 pid=19016 Bắt đầu
[21:25:49] [INFO] [AUTO_START] CHANNEL_SELECTED attempt=1 pass=0 pid=19016 channel=(450, 308) choices=1
[21:25:52] [INFO] [AUTO_START] ENTER_GAME_CLICKED attempt=1 pass=0 pid=19016 character_slot=1
[21:25:57] [INFO] [AUTO_START] MAP_READY_OPEN attempt=1 pass=0 pid=19016 Player=0x1f2150a0 Core=0x164e60d0 world=(946,858)
[21:25:57] [INFO] [AUTO_START] WAIT_WINDOW attempt=1 pass=0 pid=10320 Flash launched at original size
[21:26:00] [INFO] [AUTO_START] START_CLICKED attempt=1 pass=0 pid=10320 Bắt đầu
[21:26:30] [INFO] [AUTO_START] CHANNEL_SELECTED attempt=1 pass=0 pid=10320 channel=(450, 308) choices=1
[21:26:34] [INFO] [AUTO_START] ENTER_GAME_CLICKED attempt=1 pass=0 pid=10320 character_slot=2
[21:26:38] [INFO] [AUTO_START] MAP_READY_OPEN attempt=1 pass=0 pid=10320 Player=0x10e320a0 Core=0x15bc30d0 world=(1115,882)
[21:29:02] [INFO] [AUTO_START] WAIT_WINDOW attempt=1 pass=0 pid=12592 Flash launched at original size
[21:29:05] [INFO] [AUTO_START] START_CLICKED attempt=1 pass=0 pid=12592 Bắt đầu
[21:29:34] [INFO] [AUTO_START] CHANNEL_SELECTED attempt=1 pass=0 pid=12592 channel=(450, 308) choices=1
[21:29:37] [INFO] [AUTO_START] ENTER_GAME_CLICKED attempt=1 pass=0 pid=12592 character_slot=1
[21:29:42] [INFO] [AUTO_START] MAP_READY_OPEN attempt=1 pass=0 pid=12592 Player=0x1d9060a0 Core=0x167ba0d0 world=(1123,813)
[21:29:42] [INFO] [AUTO_START] WAIT_WINDOW attempt=1 pass=0 pid=148 Flash launched at original size
[21:29:45] [INFO] [AUTO_START] START_CLICKED attempt=1 pass=0 pid=148 Bắt đầu
[21:30:15] [INFO] [AUTO_START] CHANNEL_SELECTED attempt=1 pass=0 pid=148 channel=(450, 308) choices=1
[21:30:18] [INFO] [AUTO_START] ENTER_GAME_CLICKED attempt=1 pass=0 pid=148 character_slot=2
[21:30:23] [INFO] [AUTO_START] MAP_READY_OPEN attempt=1 pass=0 pid=148 Player=0x13e7c0a0 Core=0x1659b0d0 world=(1115,882)
[21:33:37] [INFO] [AUTO_START] WAIT_WINDOW attempt=1 pass=0 pid=17768 Flash launched at original size
[21:33:40] [INFO] [AUTO_START] START_CLICKED attempt=1 pass=0 pid=17768 Bắt đầu
[21:34:09] [INFO] [AUTO_START] CHANNEL_SELECTED attempt=1 pass=0 pid=17768 channel=(450, 308) choices=1
[21:34:12] [INFO] [AUTO_START] ENTER_GAME_CLICKED attempt=1 pass=0 pid=17768 character_slot=1
[21:34:17] [INFO] [AUTO_START] MAP_READY_OPEN attempt=1 pass=0 pid=17768 Player=0x1cbf50a0 Core=0xb3880d0 world=(1115,931)
[21:34:17] [INFO] [AUTO_START] WAIT_WINDOW attempt=1 pass=0 pid=18360 Flash launched at original size
[21:34:23] [INFO] [AUTO_START] START_CLICKED attempt=1 pass=0 pid=18360 Bắt đầu
[21:34:47] [INFO] [AUTO_START] CHANNEL_SELECTED attempt=1 pass=0 pid=18360 channel=(450, 308) choices=1
[21:34:50] [INFO] [AUTO_START] ENTER_GAME_CLICKED attempt=1 pass=0 pid=18360 character_slot=2
[21:34:55] [INFO] [AUTO_START] MAP_READY_OPEN attempt=1 pass=0 pid=18360 Player=0xef8d0a0 Core=0x866f0d0 world=(1115,965)
[21:37:28] [INFO] [AUTO_START] WAIT_WINDOW attempt=1 pass=0 pid=17108 Flash launched at original size
[21:37:44] [INFO] [AUTO_START] WAIT_WINDOW attempt=1 pass=0 pid=10352 Flash launched at original size
[21:37:48] [INFO] [AUTO_START] START_CLICKED attempt=1 pass=0 pid=10352 Bắt đầu
[21:38:17] [INFO] [AUTO_START] CHANNEL_SELECTED attempt=1 pass=0 pid=10352 channel=(450, 308) choices=1
[21:38:20] [INFO] [AUTO_START] ENTER_GAME_CLICKED attempt=1 pass=0 pid=10352 character_slot=1
[21:38:25] [INFO] [AUTO_START] MAP_READY_OPEN attempt=1 pass=0 pid=10352 Player=0x12cd50a0 Core=0x16c120d0 world=(1116,934)
[21:38:25] [INFO] [AUTO_START] WAIT_WINDOW attempt=1 pass=0 pid=6824 Flash launched at original size
[21:38:29] [INFO] [AUTO_START] START_CLICKED attempt=1 pass=0 pid=6824 Bắt đầu
[21:38:57] [INFO] [AUTO_START] CHANNEL_SELECTED attempt=1 pass=0 pid=6824 channel=(450, 308) choices=1
[21:39:01] [INFO] [AUTO_START] ENTER_GAME_CLICKED attempt=1 pass=0 pid=6824 character_slot=2
[21:39:06] [INFO] [AUTO_START] MAP_READY_OPEN attempt=1 pass=0 pid=6824 Player=0xfc780a0 Core=0x164d90d0 world=(1493,1123)
[21:41:33] [INFO] [AUTO_START] WAIT_WINDOW attempt=1 pass=0 pid=1536 Flash launched at original size
[21:41:38] [INFO] [AUTO_START] START_CLICKED attempt=1 pass=0 pid=1536 Bắt đầu
[21:42:07] [INFO] [AUTO_START] CHANNEL_SELECTED attempt=1 pass=0 pid=1536 channel=(450, 308) choices=1
[21:42:11] [INFO] [AUTO_START] ENTER_GAME_CLICKED attempt=1 pass=0 pid=1536 character_slot=1
[21:42:16] [INFO] [AUTO_START] MAP_READY_OPEN attempt=1 pass=0 pid=1536 Player=0x1c2980a0 Core=0x9ef00d0 world=(1285,1050)
[21:42:16] [INFO] [AUTO_START] WAIT_WINDOW attempt=1 pass=0 pid=4152 Flash launched at original size
[21:42:19] [INFO] [AUTO_START] START_CLICKED attempt=1 pass=0 pid=4152 Bắt đầu
[21:42:48] [INFO] [AUTO_START] CHANNEL_SELECTED attempt=1 pass=0 pid=4152 channel=(450, 308) choices=1
[21:42:52] [INFO] [AUTO_START] ENTER_GAME_CLICKED attempt=1 pass=0 pid=4152 character_slot=2
[21:42:56] [INFO] [AUTO_START] MAP_READY_OPEN attempt=1 pass=0 pid=4152 Player=0x12ecf0a0 Core=0xc9060d0 world=(1313,1082)
[21:44:40] [INFO] [AUTO_START] WAIT_WINDOW attempt=1 pass=0 pid=18940 Flash launched at original size
[21:44:44] [INFO] [AUTO_START] START_CLICKED attempt=1 pass=0 pid=18940 Bắt đầu
[21:45:13] [INFO] [AUTO_START] CHANNEL_SELECTED attempt=1 pass=0 pid=18940 channel=(450, 308) choices=1
[21:45:17] [INFO] [AUTO_START] ENTER_GAME_CLICKED attempt=1 pass=0 pid=18940 character_slot=1
[21:45:21] [INFO] [AUTO_START] MAP_READY_OPEN attempt=1 pass=0 pid=18940 Player=0x12b670a0 Core=0x15ff10d0 world=(1313,1050)
[21:45:21] [INFO] [AUTO_START] WAIT_WINDOW attempt=1 pass=0 pid=19168 Flash launched at original size
[21:45:26] [INFO] [AUTO_START] START_CLICKED attempt=1 pass=0 pid=19168 Bắt đầu
[21:45:55] [INFO] [AUTO_START] CHANNEL_SELECTED attempt=1 pass=0 pid=19168 channel=(450, 308) choices=1
[21:45:59] [INFO] [AUTO_START] ENTER_GAME_CLICKED attempt=1 pass=0 pid=19168 character_slot=2
[21:46:03] [INFO] [AUTO_START] MAP_READY_OPEN attempt=1 pass=0 pid=19168 Player=0x1cbe10a0 Core=0x14a170d0 world=(1313,1082)
[09:41:27] [INFO] [AUTO_START] WAIT_WINDOW attempt=1 pass=0 pid=16704 Flash launched at original size
[09:41:33] [INFO] [AUTO_START] START_CLICKED attempt=1 pass=0 pid=16704 Bắt đầu
[09:42:06] [INFO] [AUTO_START] CHANNEL_SELECTED attempt=1 pass=0 pid=16704 channel=(450, 308) choices=1
[09:42:10] [INFO] [AUTO_START] ENTER_GAME_CLICKED attempt=1 pass=0 pid=16704 character_slot=1
[09:42:14] [INFO] [AUTO_START] MAP_READY_OPEN attempt=1 pass=0 pid=16704 Player=0x1e35a0a0 Core=0x145510d0 world=(1313,1050)
[09:42:51] [INFO] [AUTO_START] WAIT_WINDOW attempt=1 pass=0 pid=21328 Flash launched at original size
[09:42:56] [INFO] [AUTO_START] START_CLICKED attempt=1 pass=0 pid=21328 Bắt đầu
[09:43:22] [INFO] [AUTO_START] CHANNEL_SELECTED attempt=1 pass=0 pid=21328 channel=(450, 308) choices=1
[09:43:25] [INFO] [AUTO_START] ENTER_GAME_CLICKED attempt=1 pass=0 pid=21328 character_slot=1
[09:43:30] [INFO] [AUTO_START] MAP_READY_OPEN attempt=1 pass=0 pid=21328 Player=0xf5da0a0 Core=0xc1270d0 world=(1313,1050)
[09:43:30] [INFO] [AUTO_START] WAIT_WINDOW attempt=1 pass=0 pid=20520 Flash launched at original size
[09:43:34] [INFO] [AUTO_START] START_CLICKED attempt=1 pass=0 pid=20520 Bắt đầu
[09:44:03] [INFO] [AUTO_START] CHANNEL_SELECTED attempt=1 pass=0 pid=20520 channel=(450, 308) choices=1
[09:44:06] [INFO] [AUTO_START] ENTER_GAME_CLICKED attempt=1 pass=0 pid=20520 character_slot=2
[09:44:11] [INFO] [AUTO_START] MAP_READY_OPEN attempt=1 pass=0 pid=20520 Player=0x119450a0 Core=0x164780d0 world=(1467,1102)
[09:50:08] [INFO] [AUTO_START] WAIT_WINDOW attempt=1 pass=0 pid=19044 Flash launched at original size
[09:50:12] [INFO] [AUTO_START] START_CLICKED attempt=1 pass=0 pid=19044 Bắt đầu
[09:50:44] [INFO] [AUTO_START] CHANNEL_SELECTED attempt=1 pass=0 pid=19044 channel=(450, 308) choices=1
[09:50:47] [INFO] [AUTO_START] ENTER_GAME_CLICKED attempt=1 pass=0 pid=19044 character_slot=1
[09:50:52] [INFO] [AUTO_START] MAP_READY_OPEN attempt=1 pass=0 pid=19044 Player=0x1293d0a0 Core=0xc4bd0d0 world=(1313,1050)
[10:14:43] [INFO] [AUTO_START] WAIT_WINDOW attempt=1 pass=0 pid=10776 Flash launched at original size
[10:14:48] [INFO] [AUTO_START] START_CLICKED attempt=1 pass=0 pid=10776 Bắt đầu
[10:15:17] [INFO] [AUTO_START] CHANNEL_SELECTED attempt=1 pass=0 pid=10776 channel=(450, 308) choices=1
[10:15:21] [INFO] [AUTO_START] ENTER_GAME_CLICKED attempt=1 pass=0 pid=10776 character_slot=2
[10:15:25] [INFO] [AUTO_START] MAP_READY_OPEN attempt=1 pass=0 pid=10776 Player=0x14f6d0a0 Core=0x17a850d0 world=(1467,1102)
[10:18:01] [INFO] [AUTO_START] WAIT_WINDOW attempt=1 pass=0 pid=8256 Flash launched at original size
[10:18:06] [INFO] [AUTO_START] START_CLICKED attempt=1 pass=0 pid=8256 Bắt đầu
[10:18:31] [INFO] [AUTO_START] CHANNEL_SELECTED attempt=1 pass=0 pid=8256 channel=(450, 308) choices=1
[10:18:34] [INFO] [AUTO_START] ENTER_GAME_CLICKED attempt=1 pass=0 pid=8256 character_slot=2
[10:18:39] [INFO] [AUTO_START] MAP_READY_OPEN attempt=1 pass=0 pid=8256 Player=0x11fff0a0 Core=0xd8500d0 world=(1467,1102)
[10:20:48] [INFO] [AUTO_START] WAIT_WINDOW attempt=1 pass=0 pid=6356 Flash launched at original size
[10:20:53] [INFO] [AUTO_START] START_CLICKED attempt=1 pass=0 pid=6356 Bắt đầu
[10:21:23] [INFO] [AUTO_START] CHANNEL_SELECTED attempt=1 pass=0 pid=6356 channel=(450, 308) choices=1
[10:21:27] [INFO] [AUTO_START] ENTER_GAME_CLICKED attempt=1 pass=0 pid=6356 character_slot=2
[10:21:32] [INFO] [AUTO_START] MAP_READY_OPEN attempt=1 pass=0 pid=6356 Player=0x12ceb0a0 Core=0x135c30d0 world=(1467,1102)
[10:26:34] [INFO] [AUTO_START] WAIT_WINDOW attempt=1 pass=0 pid=22076 Flash launched at original size
[10:26:39] [INFO] [AUTO_START] START_CLICKED attempt=1 pass=0 pid=22076 Bắt đầu
[10:27:10] [INFO] [AUTO_START] CHANNEL_SELECTED attempt=1 pass=0 pid=22076 channel=(450, 308) choices=1
[10:27:13] [INFO] [AUTO_START] ENTER_GAME_CLICKED attempt=1 pass=0 pid=22076 character_slot=2
[10:27:18] [INFO] [AUTO_START] MAP_READY_OPEN attempt=1 pass=0 pid=22076 Player=0x1d7490a0 Core=0xd4160d0 world=(850,1000)
[10:29:15] [INFO] [AUTO_START] WAIT_WINDOW attempt=1 pass=0 pid=5300 Flash launched at original size
[10:29:20] [INFO] [AUTO_START] START_CLICKED attempt=1 pass=0 pid=5300 Bắt đầu
[10:29:44] [INFO] [AUTO_START] CHANNEL_SELECTED attempt=1 pass=0 pid=5300 channel=(450, 308) choices=1
[10:29:48] [INFO] [AUTO_START] ENTER_GAME_CLICKED attempt=1 pass=0 pid=5300 character_slot=2
[10:29:53] [INFO] [AUTO_START] MAP_READY_OPEN attempt=1 pass=0 pid=5300 Player=0xc7dd0a0 Core=0x14ca60d0 world=(1300,900)
[10:54:07] [INFO] [AUTO_START] WAIT_WINDOW attempt=1 pass=0 pid=15564 Flash launched at original size
[10:54:12] [INFO] [AUTO_START] START_CLICKED attempt=1 pass=0 pid=15564 Bắt đầu
[10:54:43] [INFO] [AUTO_START] CHANNEL_SELECTED attempt=1 pass=0 pid=15564 channel=(450, 308) choices=1
[10:54:47] [INFO] [AUTO_START] ENTER_GAME_CLICKED attempt=1 pass=0 pid=15564 character_slot=1
[10:54:52] [INFO] [AUTO_START] MAP_READY_OPEN attempt=1 pass=0 pid=15564 Player=0x164430a0 Core=0xca950d0 world=(1000,1000)
[11:01:42] [INFO] [AUTO_START] WAIT_WINDOW attempt=1 pass=0 pid=4036 Flash launched at original size
[11:01:47] [INFO] [AUTO_START] START_CLICKED attempt=1 pass=0 pid=4036 Bắt đầu
[11:02:18] [INFO] [AUTO_START] CHANNEL_SELECTED attempt=1 pass=0 pid=4036 channel=(450, 308) choices=1
[11:02:21] [INFO] [AUTO_START] ENTER_GAME_CLICKED attempt=1 pass=0 pid=4036 character_slot=1
[11:02:26] [INFO] [AUTO_START] MAP_READY_OPEN attempt=1 pass=0 pid=4036 Player=0x1d5fc0a0 Core=0xbf030d0 world=(1000,1000)
[11:02:51] [INFO] [AUTO_BOSS] Start selected-monster NPCView.clickNpc runner generation=1
[11:02:53] [INFO] [AUTO_BOSS] selected Phát Tài id=16672 type=3060100000051 resource=2060100000051 base=0x160075c0 distance=762
[11:02:54] [INFO] [AUTO_BOSS] NPCView session fingerprint native=0x1167cb8 avm=0x6376850 method_info=0xb51ba50 slot322_method_id=20809
[11:02:54] [INFO] [AUTO_BOSS] id=16672 distance=762 receiver=0x1e9a5af0 method=20809 stage=1
[11:02:57] [INFO] [AUTO_BOSS] battle edge false->true id=16672
[11:04:11] [INFO] [AUTO_BOSS] battle edge true->false clear=1
[11:04:12] [INFO] [AUTO_BOSS] selected Phát Tài id=15838 type=3060100000051 resource=2060100000051 base=0x160070a0 distance=518
[11:04:13] [INFO] [AUTO_BOSS] id=15838 distance=518 receiver=0x1e9a5790 method=20809 stage=1
[11:04:15] [INFO] [AUTO_BOSS] id=15838 distance=107 receiver=0x1e9a5790 method=20809 stage=2
[11:04:17] [INFO] [AUTO_BOSS] battle edge false->true id=15838
[11:05:46] [INFO] [AUTO_BOSS] battle edge true->false clear=2
[11:05:47] [INFO] [AUTO_BOSS] selected Phát Tài id=12420 type=3060100000051 resource=2060100000051 base=0x16007330 distance=347
[11:05:48] [INFO] [AUTO_BOSS] id=12420 distance=347 receiver=0x1e9a5940 method=20809 stage=1
[11:05:50] [INFO] [AUTO_BOSS] battle edge false->true id=12420
[11:06:59] [INFO] [AUTO_BOSS] battle edge true->false clear=3
[11:07:29] [INFO] [AUTO_BOSS] selected Phát Tài id=14044 type=3060100000051 resource=2060100000051 base=0x1e992ae0 distance=232
[11:07:30] [INFO] [AUTO_BOSS] id=14044 distance=232 receiver=0x1e9a5430 method=20809 stage=2
[11:07:32] [INFO] [AUTO_BOSS] battle edge false->true id=14044
[11:09:36] [INFO] [AUTO_BOSS] battle edge true->false clear=4
[11:09:37] [INFO] [AUTO_BOSS] selected Phát Tài id=11887 type=3060100000051 resource=2060100000051 base=0x1ffaad70 distance=232
[11:09:38] [INFO] [AUTO_BOSS] id=11887 distance=232 receiver=0x16033af0 method=20809 stage=2
[11:09:39] [INFO] [AUTO_BOSS] battle edge false->true id=11887
[11:10:48] [INFO] [AUTO_BOSS] battle edge true->false clear=5
[11:10:48] [INFO] [AUTO_BOSS] selected Phát Tài id=13977 type=3060100000051 resource=2060100000051 base=0x1e992850 distance=238
[11:10:49] [INFO] [AUTO_BOSS] id=13977 distance=238 receiver=0x1e9a5280 method=20809 stage=2
[11:10:51] [INFO] [AUTO_BOSS] battle edge false->true id=13977
[11:12:02] [INFO] [AUTO_BOSS] battle edge true->false clear=6
[11:12:02] [INFO] [AUTO_BOSS] selected Phát Tài id=17829 type=3060100000051 resource=2060100000051 base=0x1ffaaae0 distance=241
[11:12:03] [INFO] [AUTO_BOSS] id=17829 distance=241 receiver=0x16033940 method=20809 stage=2
[11:12:05] [INFO] [AUTO_BOSS] battle edge false->true id=17829
[11:13:03] [INFO] [AUTO_BOSS] battle edge true->false clear=7
[11:13:04] [INFO] [AUTO_BOSS] selected Phát Tài id=12253 type=3060100000051 resource=2060100000051 base=0x1e992d70 distance=241
[11:13:05] [INFO] [AUTO_BOSS] id=12253 distance=241 receiver=0x1e9a55e0 method=20809 stage=2
[11:13:07] [INFO] [AUTO_BOSS] battle edge false->true id=12253
[11:14:17] [INFO] [AUTO_BOSS] battle edge true->false clear=8
[11:14:17] [INFO] [AUTO_BOSS] selected Phát Tài id=15509 type=3060100000051 resource=2060100000051 base=0x1c9efd70 distance=476
[11:14:18] [INFO] [AUTO_BOSS] id=15509 distance=476 receiver=0x1ee9aaf0 method=20809 stage=1
[11:14:21] [INFO] [AUTO_BOSS] id=15509 distance=95 receiver=0x1ee9aaf0 method=20809 stage=2
[11:14:23] [INFO] [AUTO_BOSS] battle edge false->true id=15509
[11:15:26] [INFO] [AUTO_BOSS] battle edge true->false clear=9
[11:15:27] [INFO] [AUTO_BOSS] selected Phát Tài id=14063 type=3060100000051 resource=2060100000051 base=0x1ffd0330 distance=334
[11:15:28] [INFO] [AUTO_BOSS] id=14063 distance=334 receiver=0x16033e50 method=20809 stage=1
[11:15:30] [INFO] [AUTO_BOSS] battle edge false->true id=14063
[11:16:33] [INFO] [AUTO_BOSS] battle edge true->false clear=10
[11:16:33] [INFO] [AUTO_BOSS] selected Phát Tài id=13052 type=3060100000051 resource=2060100000051 base=0x1c9ef850 distance=354
[11:16:55] [INFO] [AUTO_BOSS] Start selected-monster NPCView.clickNpc runner generation=1
[11:16:58] [INFO] [AUTO_BOSS] selected Bách Thảo Tinh id=3050 type=3060100001088 resource=2060100001088 base=0x1e992d70 distance=930
[11:16:59] [INFO] [AUTO_BOSS] NPCView session fingerprint native=0x1167cb8 avm=0x6376850 method_info=0xb51ba50 slot322_method_id=20809
[11:16:59] [INFO] [AUTO_BOSS] id=3050 distance=930 receiver=0xbf03e50 method=20809 stage=1
[11:17:03] [INFO] [AUTO_BOSS] id=3050 distance=196 receiver=0xbf03e50 method=20809 stage=2
[11:17:10] [INFO] [AUTO_BOSS] id=3050 distance=196 receiver=0xbf03e50 method=20809 stage=2
[11:17:15] [WARN] [AUTO_BOSS] REJECT_NO_BATTLE_EDGE id=3050 base=0x1e992d70
[11:27:16] [INFO] [AUTO_BOSS] selected Bách Thảo Tinh id=3050 type=3060100001088 resource=2060100001088 base=0x1e992d70 distance=640
[11:27:16] [INFO] [AUTO_BOSS] id=3050 distance=640 receiver=0xbf03e50 method=20809 stage=1
[11:27:21] [INFO] [AUTO_BOSS] id=3050 distance=140 receiver=0xbf03e50 method=20809 stage=2
[11:27:27] [INFO] [AUTO_BOSS] id=3050 distance=140 receiver=0xbf03e50 method=20809 stage=2
[11:27:30] [WARN] [AUTO_BOSS] REJECT_NO_BATTLE_EDGE id=3050 base=0x1e992d70
[11:37:32] [INFO] [AUTO_BOSS] selected Bách Thảo Tinh id=3050 type=3060100001088 resource=2060100001088 base=0x1e992d70 distance=140
[11:37:33] [INFO] [AUTO_BOSS] id=3050 distance=140 receiver=0xbf03e50 method=20809 stage=2
[11:37:37] [INFO] [AUTO_BOSS] id=3050 distance=140 receiver=0xbf03e50 method=20809 stage=2
[11:37:44] [INFO] [AUTO_BOSS] id=3050 distance=140 receiver=0xbf03e50 method=20809 stage=2
[11:37:48] [WARN] [AUTO_BOSS] REJECT_NO_BATTLE_EDGE id=3050 base=0x1e992d70
[11:39:39] [INFO] [AUTO_START] WAIT_WINDOW attempt=1 pass=0 pid=12576 Flash launched at original size
[11:39:44] [INFO] [AUTO_START] START_CLICKED attempt=1 pass=0 pid=12576 Bắt đầu
[11:40:14] [INFO] [AUTO_START] CHANNEL_SELECTED attempt=1 pass=0 pid=12576 channel=(450, 308) choices=1
[11:40:18] [INFO] [AUTO_START] ENTER_GAME_CLICKED attempt=1 pass=0 pid=12576 character_slot=1
[11:40:22] [INFO] [AUTO_START] MAP_READY_OPEN attempt=1 pass=0 pid=12576 Player=0x129840a0 Core=0xc6570d0 world=(1179,577)
[11:40:48] [INFO] [AUTO_BOSS] Start selected-monster NPCView.clickNpc runner generation=1
[11:40:50] [INFO] [AUTO_BOSS] selected Phát Tài id=17633 type=3060100000051 resource=2060100000051 base=0x11e5b0a0 distance=61
[11:40:50] [INFO] [AUTO_BOSS] NPCView session fingerprint native=0x1167cb8 avm=0x1133b0a0 method_info=0xbfffa88 slot322_method_id=20809
[11:40:51] [INFO] [AUTO_BOSS] id=17633 distance=61 receiver=0x11aab940 method=20809 stage=2
[11:40:52] [INFO] [AUTO_BOSS] battle edge false->true id=17633
[14:04:35] [INFO] [AUTO_START] WAIT_WINDOW attempt=1 pass=0 pid=5600 Flash launched at original size
[14:04:41] [INFO] [AUTO_START] START_CLICKED_CAPTURE_FALLBACK attempt=1 pass=0 pid=5600 bounded Flash-stage action
[14:04:47] [INFO] [AUTO_START] CHANNEL_SELECTED_CAPTURE_FALLBACK attempt=1 pass=0 pid=5600 default visible channel position
[14:04:53] [INFO] [AUTO_START] ENTER_GAME_CAPTURE_FALLBACK attempt=1 pass=0 pid=5600 character_slot=1
[14:04:55] [INFO] [AUTO_START] WAIT_MAP attempt=1 pass=0 pid=5600 Player not rooted; map_hud=False rendered=1.000
[14:05:01] [INFO] [AUTO_START] WAIT_MAP attempt=1 pass=0 pid=5600 Player not rooted; map_hud=False rendered=1.000
[14:05:06] [INFO] [AUTO_START] WAIT_MAP attempt=1 pass=0 pid=5600 Player not rooted; map_hud=False rendered=1.000
[14:05:12] [INFO] [AUTO_START] WAIT_MAP attempt=1 pass=0 pid=5600 Player not rooted; map_hud=False rendered=1.000
[14:05:18] [INFO] [AUTO_START] WAIT_MAP attempt=1 pass=0 pid=5600 Player not rooted; map_hud=False rendered=1.000
[14:05:24] [INFO] [AUTO_START] WAIT_MAP attempt=1 pass=0 pid=5600 Player not rooted; map_hud=False rendered=1.000
[14:05:30] [INFO] [AUTO_START] WAIT_MAP attempt=1 pass=0 pid=5600 Player not rooted; map_hud=False rendered=1.000
[14:05:36] [INFO] [AUTO_START] WAIT_MAP attempt=1 pass=0 pid=5600 Player not rooted; map_hud=False rendered=1.000
[14:05:42] [INFO] [AUTO_START] WAIT_MAP attempt=1 pass=0 pid=5600 Player not rooted; map_hud=False rendered=1.000
[14:05:48] [INFO] [AUTO_START] WAIT_MAP attempt=1 pass=0 pid=5600 Player not rooted; map_hud=False rendered=1.000
[14:05:54] [INFO] [AUTO_START] WAIT_MAP attempt=1 pass=0 pid=5600 Player not rooted; map_hud=False rendered=1.000
[14:06:00] [INFO] [AUTO_START] WAIT_MAP attempt=1 pass=0 pid=5600 Player not rooted; map_hud=False rendered=1.000
[14:06:06] [INFO] [AUTO_START] WAIT_MAP attempt=1 pass=0 pid=5600 Player not rooted; map_hud=False rendered=1.000
[14:06:11] [INFO] [AUTO_START] WAIT_MAP attempt=1 pass=0 pid=5600 Player not rooted; map_hud=False rendered=1.000
[14:06:17] [INFO] [AUTO_START] WAIT_MAP attempt=1 pass=0 pid=5600 Player not rooted; map_hud=False rendered=1.000
[14:06:23] [INFO] [AUTO_START] WAIT_MAP attempt=1 pass=0 pid=5600 Player not rooted; map_hud=False rendered=1.000
[14:06:29] [INFO] [AUTO_START] WAIT_MAP attempt=1 pass=0 pid=5600 Player not rooted; map_hud=False rendered=1.000
[14:06:35] [INFO] [AUTO_START] WAIT_MAP attempt=1 pass=0 pid=5600 Player not rooted; map_hud=False rendered=1.000
[14:06:41] [INFO] [AUTO_START] WAIT_MAP attempt=1 pass=0 pid=5600 Player not rooted; map_hud=False rendered=1.000
[14:06:46] [INFO] [AUTO_START] WAIT_MAP attempt=1 pass=0 pid=5600 Player not rooted; map_hud=False rendered=1.000
[14:06:52] [INFO] [AUTO_START] WAIT_MAP attempt=1 pass=0 pid=5600 Player not rooted; map_hud=False rendered=1.000
[14:06:58] [INFO] [AUTO_START] WAIT_MAP attempt=1 pass=0 pid=5600 Player not rooted; map_hud=False rendered=1.000
[14:07:04] [INFO] [AUTO_START] WAIT_MAP attempt=1 pass=0 pid=5600 Player not rooted; map_hud=False rendered=1.000
[14:07:06] [INFO] [AUTO_START] FAILED_CLOSED attempt=1 pass=0 pid=5600 timeout before rooted map
[15:48:20] [INFO] [AUTO_START] WAIT_WINDOW attempt=1 pass=0 pid=13652 Flash launched at original size
[15:48:26] [INFO] [AUTO_START] START_CLICKED_CAPTURE_FALLBACK attempt=1 pass=0 pid=13652 bounded Flash-stage action
[15:48:32] [INFO] [AUTO_START] CHANNEL_SELECTED_CAPTURE_FALLBACK attempt=1 pass=0 pid=13652 default visible channel position
[15:48:45] [INFO] [AUTO_START] ENTER_GAME_CAPTURE_FALLBACK attempt=1 pass=0 pid=13652 character_slot=1
[15:48:46] [INFO] [AUTO_START] WAIT_MAP attempt=1 pass=0 pid=13652 Player not rooted; map_hud=False rendered=1.000
[15:48:52] [INFO] [AUTO_START] WAIT_MAP attempt=1 pass=0 pid=13652 Player not rooted; map_hud=False rendered=0.806
[15:48:58] [INFO] [AUTO_START] WAIT_MAP attempt=1 pass=0 pid=13652 Player not rooted; map_hud=False rendered=0.807
[15:49:04] [INFO] [AUTO_START] WAIT_MAP attempt=1 pass=0 pid=13652 Player not rooted; map_hud=False rendered=0.809
[15:49:10] [INFO] [AUTO_START] WAIT_MAP attempt=1 pass=0 pid=13652 Player not rooted; map_hud=False rendered=0.811
[15:49:16] [INFO] [AUTO_START] WAIT_MAP attempt=1 pass=0 pid=13652 Player not rooted; map_hud=False rendered=0.811
[15:49:22] [INFO] [AUTO_START] WAIT_MAP attempt=1 pass=0 pid=13652 Player not rooted; map_hud=False rendered=0.811
[15:49:28] [INFO] [AUTO_START] WAIT_MAP attempt=1 pass=0 pid=13652 Player not rooted; map_hud=False rendered=1.000
[15:49:34] [INFO] [AUTO_START] WAIT_MAP attempt=1 pass=0 pid=13652 Player not rooted; map_hud=False rendered=0.811
[15:49:40] [INFO] [AUTO_START] WAIT_MAP attempt=1 pass=0 pid=13652 Player not rooted; map_hud=False rendered=0.811
[15:49:46] [INFO] [AUTO_START] WAIT_MAP attempt=1 pass=0 pid=13652 Player not rooted; map_hud=False rendered=0.811
[15:49:52] [INFO] [AUTO_START] WAIT_MAP attempt=1 pass=0 pid=13652 Player not rooted; map_hud=False rendered=0.807
[15:49:58] [INFO] [AUTO_START] WAIT_MAP attempt=1 pass=0 pid=13652 Player not rooted; map_hud=False rendered=0.828
[15:50:04] [INFO] [AUTO_START] WAIT_MAP attempt=1 pass=0 pid=13652 Player not rooted; map_hud=False rendered=0.840
[15:50:10] [INFO] [AUTO_START] WAIT_MAP attempt=1 pass=0 pid=13652 Player not rooted; map_hud=False rendered=0.804
[15:50:16] [INFO] [AUTO_START] WAIT_MAP attempt=1 pass=0 pid=13652 Player not rooted; map_hud=False rendered=0.811
[15:50:22] [INFO] [AUTO_START] WAIT_MAP attempt=1 pass=0 pid=13652 Player not rooted; map_hud=False rendered=0.806
[15:50:28] [INFO] [AUTO_START] WAIT_MAP attempt=1 pass=0 pid=13652 Player not rooted; map_hud=False rendered=0.808
[15:50:34] [INFO] [AUTO_START] WAIT_MAP attempt=1 pass=0 pid=13652 Player not rooted; map_hud=False rendered=0.811
[15:50:39] [INFO] [AUTO_START] WAIT_MAP attempt=1 pass=0 pid=13652 Player not rooted; map_hud=False rendered=0.811
[15:50:45] [INFO] [AUTO_START] WAIT_MAP attempt=1 pass=0 pid=13652 Player not rooted; map_hud=False rendered=0.811
[15:50:51] [INFO] [AUTO_START] FAILED_CLOSED attempt=1 pass=0 pid=13652 timeout before rooted map
[15:53:59] [INFO] [AUTO_START] WAIT_WINDOW attempt=1 pass=0 pid=14968 Flash launched at original size
[15:54:04] [INFO] [AUTO_START] START_CLICKED attempt=1 pass=0 pid=14968 Bắt đầu
[15:54:29] [INFO] [AUTO_START] CHANNEL_SELECTED attempt=1 pass=0 pid=14968 channel=(449, 308) choices=1
[15:54:32] [INFO] [AUTO_START] ENTER_GAME_CLICKED attempt=1 pass=0 pid=14968 character_slot=1
[15:54:37] [INFO] [AUTO_START] WAIT_MAP attempt=1 pass=0 pid=14968 Player not rooted; character/login screen
[15:54:43] [INFO] [AUTO_START] WAIT_MAP attempt=1 pass=0 pid=14968 Player not rooted; character/login screen
[15:54:48] [INFO] [AUTO_START] MAP_READY_OPEN attempt=1 pass=0 pid=14968 Player=0x11d260a0 Core=0x1621c0d0 world=(1300,900)
[16:01:45] [INFO] [AUTO_START] WAIT_WINDOW attempt=1 pass=0 pid=16544 Flash launched at original size
[16:01:50] [INFO] [AUTO_START] START_CLICKED attempt=1 pass=0 pid=16544 Bắt đầu
[16:02:15] [INFO] [AUTO_START] CHANNEL_SELECTED attempt=1 pass=0 pid=16544 channel=(449, 308) choices=1
[16:02:19] [INFO] [AUTO_START] ENTER_GAME_CLICKED attempt=1 pass=0 pid=16544 character_slot=1
[16:02:24] [INFO] [AUTO_START] WAIT_MAP attempt=1 pass=0 pid=16544 Player not rooted; character/login screen
[16:02:29] [INFO] [AUTO_START] WAIT_MAP attempt=1 pass=0 pid=16544 Player not rooted; character/login screen
[16:02:34] [INFO] [AUTO_START] MAP_READY_OPEN attempt=1 pass=0 pid=16544 Player=0xbc9e0a0 Core=0x147e70d0 world=(2321,1066)
[16:06:43] [INFO] [AUTO_START] WAIT_WINDOW attempt=1 pass=0 pid=15676 Flash launched at original size
[16:06:47] [INFO] [AUTO_START] START_CLICKED attempt=1 pass=0 pid=15676 Bắt đầu
[16:07:17] [INFO] [AUTO_START] CHANNEL_SELECTED attempt=1 pass=0 pid=15676 channel=(449, 308) choices=1
[16:07:20] [INFO] [AUTO_START] ENTER_GAME_CLICKED attempt=1 pass=0 pid=15676 character_slot=2
[16:07:26] [INFO] [AUTO_START] WAIT_MAP attempt=1 pass=0 pid=15676 Player not rooted; character/login screen
[16:07:31] [INFO] [AUTO_START] WAIT_MAP attempt=1 pass=0 pid=15676 Player not rooted; character/login screen
[16:07:36] [INFO] [AUTO_START] MAP_READY_OPEN attempt=1 pass=0 pid=15676 Player=0x1d6db0a0 Core=0x17abc0d0 world=(492,1027)
[16:12:48] [INFO] [AUTO_START] WAIT_WINDOW attempt=1 pass=0 pid=19872 Flash launched at original size
[16:12:53] [INFO] [AUTO_START] START_CLICKED attempt=1 pass=0 pid=19872 Bắt đầu
[16:13:21] [INFO] [AUTO_START] CHANNEL_SELECTED attempt=1 pass=0 pid=19872 channel=(449, 308) choices=1
[16:13:24] [INFO] [AUTO_START] ENTER_GAME_CLICKED attempt=1 pass=0 pid=19872 character_slot=1
[16:13:29] [INFO] [AUTO_START] WAIT_MAP attempt=1 pass=0 pid=19872 Player not rooted; character/login screen
[16:13:35] [INFO] [AUTO_START] WAIT_MAP attempt=1 pass=0 pid=19872 Player not rooted; character/login screen
[16:13:40] [INFO] [AUTO_START] MAP_READY_OPEN attempt=1 pass=0 pid=19872 Player=0x1ac3f0a0 Core=0xbc3d0d0 world=(2321,1066)
[16:13:46] [INFO] [AUTO_BOSS] Start selected-monster NPCView.clickNpc runner generation=1
[16:18:42] [INFO] [AUTO_BOSS] selected Phát Tài id=12693 type=3060100000051 resource=2060100000051 base=0x229ea330 distance=174
[16:18:43] [INFO] [AUTO_BOSS] NPCView session fingerprint native=0x1167cb8 avm=0x2294d0a0 method_info=0xb422740 slot322_method_id=18350
[16:18:43] [INFO] [AUTO_BOSS] id=12693 distance=174 receiver=0x1a4cb790 method=18350 stage=2
[16:18:45] [INFO] [AUTO_BOSS] battle edge false->true id=12693
[16:19:58] [INFO] [AUTO_BOSS] battle edge true->false clear=1
[16:19:59] [INFO] [AUTO_BOSS] selected Phát Tài id=11326 type=3060100000051 resource=2060100000051 base=0x22b380a0 distance=188
[16:20:00] [INFO] [AUTO_BOSS] id=11326 distance=188 receiver=0x22b25430 method=18350 stage=2
[16:20:02] [INFO] [AUTO_BOSS] battle edge false->true id=11326
[16:21:23] [INFO] [AUTO_BOSS] battle edge true->false clear=2
[16:21:24] [INFO] [AUTO_BOSS] selected Phát Tài id=16420 type=3060100000051 resource=2060100000051 base=0x22af90a0 distance=212
[16:21:24] [INFO] [AUTO_BOSS] id=16420 distance=212 receiver=0x22ac4940 method=18350 stage=2
[16:21:26] [INFO] [AUTO_BOSS] battle edge false->true id=16420
[16:22:27] [INFO] [AUTO_BOSS] battle edge true->false clear=3
[16:22:27] [INFO] [AUTO_BOSS] selected Phát Tài id=16540 type=3060100000051 resource=2060100000051 base=0x229eaae0 distance=391
[16:22:28] [INFO] [AUTO_BOSS] id=16540 distance=391 receiver=0x22a0c0d0 method=18350 stage=1
[16:22:30] [INFO] [AUTO_BOSS] battle edge false->true id=16540
[16:23:34] [INFO] [AUTO_BOSS] battle edge true->false clear=4
[16:23:34] [INFO] [AUTO_BOSS] selected Phát Tài id=11854 type=3060100000051 resource=2060100000051 base=0x22971ae0 distance=576
[16:23:35] [INFO] [AUTO_BOSS] id=11854 distance=576 receiver=0xf81d430 method=18350 stage=1
[16:23:37] [INFO] [AUTO_BOSS] id=11854 distance=236 receiver=0xf81d430 method=18350 stage=2
[16:23:39] [INFO] [AUTO_BOSS] battle edge false->true id=11854
[16:24:59] [INFO] [AUTO_BOSS] battle edge true->false clear=5
[16:24:59] [INFO] [AUTO_BOSS] selected Phát Tài id=17835 type=3060100000051 resource=2060100000051 base=0x23ee8d70 distance=500
[16:25:00] [INFO] [AUTO_BOSS] id=17835 distance=500 receiver=0x22a0c0d0 method=18350 stage=1
[16:25:03] [INFO] [AUTO_BOSS] id=17835 distance=159 receiver=0x22a0c0d0 method=18350 stage=2
[16:25:04] [INFO] [AUTO_BOSS] battle edge false->true id=17835
[16:26:42] [INFO] [AUTO_BOSS] battle edge true->false clear=6
[16:26:43] [INFO] [AUTO_BOSS] selected Phát Tài id=17836 type=3060100000051 resource=2060100000051 base=0x22abcd70 distance=643
[16:26:44] [INFO] [AUTO_BOSS] id=17836 distance=643 receiver=0x22ac4790 method=18350 stage=1
[16:26:47] [INFO] [AUTO_BOSS] battle edge false->true id=17836
[16:27:53] [INFO] [AUTO_BOSS] battle edge true->false clear=7
[16:27:54] [INFO] [AUTO_BOSS] selected Phát Tài id=11082 type=3060100000051 resource=2060100000051 base=0x23ee8d70 distance=243
[16:27:54] [INFO] [AUTO_BOSS] id=11082 distance=243 receiver=0x22a0c0d0 method=18350 stage=2
[16:27:56] [INFO] [AUTO_BOSS] battle edge false->true id=11082
[16:29:53] [INFO] [AUTO_BOSS] battle edge true->false clear=8
[16:29:54] [INFO] [AUTO_BOSS] selected Phát Tài id=16775 type=3060100000051 resource=2060100000051 base=0x22971d70 distance=250
[16:29:54] [INFO] [AUTO_BOSS] id=16775 distance=250 receiver=0xf81d0d0 method=18350 stage=1
[16:29:56] [INFO] [AUTO_BOSS] battle edge false->true id=16775
[16:31:21] [INFO] [AUTO_BOSS] battle edge true->false clear=9
[16:31:22] [INFO] [AUTO_BOSS] selected Phát Tài id=14282 type=3060100000051 resource=2060100000051 base=0x23ee8330 distance=254
[16:31:23] [INFO] [AUTO_BOSS] id=14282 distance=254 receiver=0x22ac4790 method=18350 stage=1
[16:31:25] [INFO] [AUTO_BOSS] battle edge false->true id=14282
[16:32:28] [INFO] [AUTO_BOSS] battle edge true->false clear=10
[16:32:28] [INFO] [AUTO_BOSS] selected Phát Tài id=10433 type=3060100000051 resource=2060100000051 base=0x12d1ed70 distance=634
[16:32:29] [INFO] [AUTO_BOSS] id=10433 distance=634 receiver=0x22b25af0 method=18350 stage=1
[16:33:13] [INFO] [AUTO_START] WAIT_WINDOW attempt=1 pass=0 pid=6692 Flash launched at original size
[16:33:18] [INFO] [AUTO_START] START_CLICKED attempt=1 pass=0 pid=6692 Bắt đầu
[16:33:44] [INFO] [AUTO_START] CHANNEL_SELECTED attempt=1 pass=0 pid=6692 channel=(449, 308) choices=1
[16:33:47] [INFO] [AUTO_START] ENTER_GAME_CLICKED attempt=1 pass=0 pid=6692 character_slot=1
[16:33:55] [INFO] [AUTO_START] MAP_READY_OPEN attempt=1 pass=0 pid=6692 Player=0x1327e0a0 Core=0x16c610d0 world=(1972,1310)
[16:40:06] [INFO] [AUTO_START] WAIT_WINDOW attempt=1 pass=0 pid=21888 Flash launched at original size
[16:40:10] [INFO] [AUTO_START] START_CLICKED attempt=1 pass=0 pid=21888 Bắt đầu
[16:40:36] [INFO] [AUTO_START] CHANNEL_SELECTED attempt=1 pass=0 pid=21888 channel=(449, 308) choices=1
[16:40:39] [INFO] [AUTO_START] ENTER_GAME_CLICKED attempt=1 pass=0 pid=21888 character_slot=1
[16:40:45] [INFO] [AUTO_START] WAIT_MAP attempt=1 pass=0 pid=21888 Player not rooted; character/login screen
[16:40:50] [INFO] [AUTO_START] WAIT_MAP attempt=1 pass=0 pid=21888 Player not rooted; character/login screen
[16:40:55] [INFO] [AUTO_START] MAP_READY_OPEN attempt=1 pass=0 pid=21888 Player=0x1c45e0a0 Core=0xc08e0d0 world=(1161,1025)
[17:08:16] [INFO] [AUTO_START] WAIT_WINDOW attempt=1 pass=0 pid=9244 Flash launched at original size
[17:08:21] [INFO] [AUTO_START] START_CLICKED attempt=1 pass=0 pid=9244 Bắt đầu
[17:08:30] [INFO] [AUTO_START] CHANNEL_SELECTED attempt=1 pass=0 pid=9244 channel=(505, 303) choices=1
[17:08:43] [INFO] [AUTO_START] ENTER_GAME_CLICKED attempt=1 pass=0 pid=9244 character_slot=2
[17:08:48] [INFO] [AUTO_START] WAIT_MAP attempt=1 pass=0 pid=9244 Player not rooted; character/login screen
[17:08:54] [INFO] [AUTO_START] WAIT_MAP attempt=1 pass=0 pid=9244 Player not rooted; character/login screen
[17:08:59] [INFO] [AUTO_START] WAIT_MAP attempt=1 pass=0 pid=9244 Player not rooted; character/login screen
[17:09:05] [INFO] [AUTO_START] WAIT_MAP attempt=1 pass=0 pid=9244 Player not rooted; character/login screen
[17:09:11] [INFO] [AUTO_START] WAIT_MAP attempt=1 pass=0 pid=9244 Player not rooted; character/login screen
[17:09:17] [INFO] [AUTO_START] WAIT_MAP attempt=1 pass=0 pid=9244 Player not rooted; character/login screen
[17:09:22] [INFO] [AUTO_START] WAIT_MAP attempt=1 pass=0 pid=9244 Player not rooted; character/login screen
[17:09:28] [INFO] [AUTO_START] WAIT_MAP attempt=1 pass=0 pid=9244 Player not rooted; character/login screen
[17:09:34] [INFO] [AUTO_START] WAIT_MAP attempt=1 pass=0 pid=9244 Player not rooted; character/login screen
[17:09:39] [INFO] [AUTO_START] WAIT_MAP attempt=1 pass=0 pid=9244 Player not rooted; character/login screen
[17:09:45] [INFO] [AUTO_START] WAIT_MAP attempt=1 pass=0 pid=9244 Player not rooted; character/login screen
[17:09:50] [INFO] [AUTO_START] WAIT_MAP attempt=1 pass=0 pid=9244 Player not rooted; character/login screen
[17:09:56] [INFO] [AUTO_START] WAIT_MAP attempt=1 pass=0 pid=9244 Player not rooted; character/login screen
[17:10:02] [INFO] [AUTO_START] WAIT_MAP attempt=1 pass=0 pid=9244 Player not rooted; character/login screen
[17:10:07] [INFO] [AUTO_START] WAIT_MAP attempt=1 pass=0 pid=9244 Player not rooted; character/login screen
[17:10:13] [INFO] [AUTO_START] WAIT_MAP attempt=1 pass=0 pid=9244 Player not rooted; character/login screen
[17:10:19] [INFO] [AUTO_START] WAIT_MAP attempt=1 pass=0 pid=9244 Player not rooted; character/login screen
[17:10:24] [INFO] [AUTO_START] WAIT_MAP attempt=1 pass=0 pid=9244 Player not rooted; character/login screen
[17:10:30] [INFO] [AUTO_START] WAIT_MAP attempt=1 pass=0 pid=9244 Player not rooted; character/login screen
[17:10:35] [INFO] [AUTO_START] WAIT_MAP attempt=1 pass=0 pid=9244 Player not rooted; character/login screen
[17:10:41] [INFO] [AUTO_START] WAIT_MAP attempt=1 pass=0 pid=9244 Player not rooted; character/login screen
[17:10:47] [INFO] [AUTO_START] WAIT_MAP attempt=1 pass=0 pid=9244 Player not rooted; character/login screen
[17:10:47] [INFO] [AUTO_START] FAILED_CLOSED attempt=1 pass=0 pid=9244 timeout before rooted map
[17:13:54] [INFO] [AUTO_START] WAIT_WINDOW attempt=1 pass=0 pid=16012 Flash launched at original size
[17:13:58] [INFO] [AUTO_START] START_CLICKED attempt=1 pass=0 pid=16012 Bắt đầu
[17:14:28] [INFO] [AUTO_START] CHANNEL_SELECTED attempt=1 pass=0 pid=16012 channel=(449, 308) choices=1
[17:14:31] [INFO] [AUTO_START] ENTER_GAME_CLICKED attempt=1 pass=0 pid=16012 character_slot=2
[17:14:36] [INFO] [AUTO_START] WAIT_MAP attempt=1 pass=0 pid=16012 Player not rooted; character/login screen
[17:14:42] [INFO] [AUTO_START] WAIT_MAP attempt=1 pass=0 pid=16012 Player not rooted; character/login screen
[17:14:47] [INFO] [AUTO_START] MAP_READY_OPEN attempt=1 pass=0 pid=16012 Player=0x1cf030a0 Core=0x139100d0 world=(492,1027)
[17:15:41] [INFO] [AUTO_START] WAIT_WINDOW attempt=1 pass=0 pid=13708 Flash launched at original size
[17:15:47] [INFO] [AUTO_START] START_CLICKED attempt=1 pass=0 pid=13708 Bắt đầu
[17:16:11] [INFO] [AUTO_START] CHANNEL_SELECTED attempt=1 pass=0 pid=13708 channel=(449, 308) choices=1
[17:16:15] [INFO] [AUTO_START] ENTER_GAME_CLICKED attempt=1 pass=0 pid=13708 character_slot=1
[17:16:22] [INFO] [AUTO_START] MAP_READY_OPEN attempt=1 pass=0 pid=13708 Player=0x1b95e0a0 Core=0xc2990d0 world=(1300,900)
[17:41:23] [INFO] [AUTO_START] WAIT_WINDOW attempt=1 pass=0 pid=22300 Flash launched at original size
[17:41:27] [INFO] [AUTO_START] START_CLICKED attempt=1 pass=0 pid=22300 Bắt đầu
[17:41:55] [INFO] [AUTO_START] CHANNEL_SELECTED attempt=1 pass=0 pid=22300 channel=(449, 308) choices=1
[17:41:58] [INFO] [AUTO_START] ENTER_GAME_CLICKED attempt=1 pass=0 pid=22300 character_slot=2
[17:42:03] [INFO] [AUTO_START] WAIT_MAP attempt=1 pass=0 pid=22300 Player not rooted; character/login screen
[17:42:09] [INFO] [AUTO_START] WAIT_MAP attempt=1 pass=0 pid=22300 Player not rooted; character/login screen
[17:42:14] [INFO] [AUTO_START] MAP_READY_OPEN attempt=1 pass=0 pid=22300 Player=0x1d77d0a0 Core=0x1624a0d0 world=(492,1027)
[17:50:25] [INFO] [AUTO_START] WAIT_WINDOW attempt=1 pass=0 pid=22616 Flash launched at original size
[17:50:28] [INFO] [AUTO_START] START_CLICKED attempt=1 pass=0 pid=22616 Bắt đầu
[17:50:58] [INFO] [AUTO_START] CHANNEL_SELECTED attempt=1 pass=0 pid=22616 channel=(449, 308) choices=1
[17:51:02] [INFO] [AUTO_START] ENTER_GAME_CLICKED attempt=1 pass=0 pid=22616 character_slot=2 slot_verified=True
[17:51:07] [INFO] [AUTO_START] WAIT_MAP attempt=1 pass=0 pid=22616 Player not rooted; character/login screen
[17:51:12] [INFO] [AUTO_START] MAP_READY_OPEN attempt=1 pass=0 pid=22616 Player=0x1242f0a0 Core=0xb8e10d0 world=(492,1027)
[17:53:34] [INFO] [AUTO_START] WAIT_WINDOW attempt=1 pass=0 pid=10128 Flash launched at original size
[17:53:38] [INFO] [AUTO_START] START_CLICKED attempt=1 pass=0 pid=10128 Bắt đầu
[17:54:03] [INFO] [AUTO_START] CHANNEL_SELECTED attempt=1 pass=0 pid=10128 channel=(449, 308) choices=1
[17:54:10] [INFO] [AUTO_START] ENTER_GAME_CLICKED attempt=1 pass=0 pid=10128 character_slot=2 slot_verified=True
[17:54:15] [INFO] [AUTO_START] WAIT_MAP attempt=1 pass=0 pid=10128 Player not rooted; character/login screen
[17:54:20] [INFO] [AUTO_START] MAP_READY_OPEN attempt=1 pass=0 pid=10128 Player=0x1cc320a0 Core=0x13aaf0d0 world=(2057,1309)
[17:55:16] [INFO] [AUTO_START] WAIT_WINDOW attempt=1 pass=0 pid=11360 Flash launched at original size
[17:55:19] [INFO] [AUTO_START] START_CLICKED attempt=1 pass=0 pid=11360 Bắt đầu
[17:55:49] [INFO] [AUTO_START] CHANNEL_SELECTED attempt=1 pass=0 pid=11360 channel=(449, 308) choices=1
[17:55:56] [INFO] [AUTO_START] ENTER_GAME_CLICKED attempt=1 pass=0 pid=11360 character_slot=1 slot_verified=True
[17:56:01] [INFO] [AUTO_START] WAIT_MAP attempt=1 pass=0 pid=11360 Player not rooted; character/login screen
[17:56:06] [INFO] [AUTO_START] MAP_READY_OPEN attempt=1 pass=0 pid=11360 Player=0x10e2a0a0 Core=0xb69d0d0 world=(1300,900)
[18:20:49] [INFO] [AUTO_START] WAIT_WINDOW attempt=1 pass=0 pid=11248 Flash launched at original size
[18:20:53] [INFO] [AUTO_START] START_CLICKED attempt=1 pass=0 pid=11248 Bắt đầu
[18:21:22] [INFO] [AUTO_START] CHANNEL_SELECTED attempt=1 pass=0 pid=11248 channel=(449, 308) choices=1
[18:21:29] [INFO] [AUTO_START] ENTER_GAME_CLICKED attempt=1 pass=0 pid=11248 character_slot=2 slot_verified=True
[18:21:34] [INFO] [AUTO_START] WAIT_MAP attempt=1 pass=0 pid=11248 Player not rooted; character/login screen
[18:21:39] [INFO] [AUTO_START] MAP_READY_OPEN attempt=1 pass=0 pid=11248 Player=0x1b3820a0 Core=0x12ac30d0 world=(2057,1309)
[18:48:00] [INFO] [AUTO_START] WAIT_WINDOW attempt=1 pass=0 pid=19876 Flash launched at original size
[18:48:04] [INFO] [AUTO_START] START_CLICKED attempt=1 pass=0 pid=19876 Bắt đầu
[18:48:33] [INFO] [AUTO_START] CHANNEL_SELECTED attempt=1 pass=0 pid=19876 channel=(449, 308) choices=1
[18:48:40] [INFO] [AUTO_START] ENTER_GAME_CLICKED attempt=1 pass=0 pid=19876 character_slot=1 slot_verified=True
[18:48:46] [INFO] [AUTO_START] WAIT_MAP attempt=1 pass=0 pid=19876 Player not rooted; character/login screen
[18:48:51] [INFO] [AUTO_START] MAP_READY_OPEN attempt=1 pass=0 pid=19876 Player=0x1c9ab0a0 Core=0x151b90d0 world=(1300,900)
[18:49:11] [INFO] [AUTO_START] WAIT_WINDOW attempt=1 pass=0 pid=7232 Flash launched at original size
[18:49:14] [INFO] [AUTO_START] START_CLICKED attempt=1 pass=0 pid=7232 Bắt đầu
[18:49:44] [INFO] [AUTO_START] CHANNEL_SELECTED attempt=1 pass=0 pid=7232 channel=(449, 308) choices=1
[18:49:48] [INFO] [AUTO_START] ENTER_GAME_CLICKED attempt=1 pass=0 pid=7232 character_slot=2 slot_verified=True
[18:49:53] [INFO] [AUTO_START] MAP_READY_OPEN attempt=1 pass=0 pid=7232 Player=0x1c0b90a0 Core=0x15d680d0 world=(2057,1309)
[18:51:08] [INFO] [AUTO_START] WAIT_WINDOW attempt=1 pass=0 pid=7964 Flash launched at original size
[18:51:12] [INFO] [AUTO_START] START_CLICKED attempt=1 pass=0 pid=7964 Bắt đầu
[18:51:40] [INFO] [AUTO_START] CHANNEL_SELECTED attempt=1 pass=0 pid=7964 channel=(449, 308) choices=1
[18:51:47] [INFO] [AUTO_START] ENTER_GAME_CLICKED attempt=1 pass=0 pid=7964 character_slot=1 slot_verified=True
[18:51:53] [INFO] [AUTO_START] WAIT_MAP attempt=1 pass=0 pid=7964 Player not rooted; character/login screen
[18:51:58] [INFO] [AUTO_START] MAP_READY_OPEN attempt=1 pass=0 pid=7964 Player=0x182810a0 Core=0xacb30d0 world=(971,970)
[18:52:18] [INFO] [AUTO_START] WAIT_WINDOW attempt=1 pass=0 pid=22404 Flash launched at original size
[18:52:23] [INFO] [AUTO_START] START_CLICKED attempt=1 pass=0 pid=22404 Bắt đầu
[18:52:52] [INFO] [AUTO_START] CHANNEL_SELECTED attempt=1 pass=0 pid=22404 channel=(449, 308) choices=1
[18:52:59] [INFO] [AUTO_START] ENTER_GAME_CLICKED attempt=1 pass=0 pid=22404 character_slot=2 slot_verified=True
[18:53:04] [INFO] [AUTO_START] WAIT_MAP attempt=1 pass=0 pid=22404 Player not rooted; character/login screen
[18:53:09] [INFO] [AUTO_START] MAP_READY_OPEN attempt=1 pass=0 pid=22404 Player=0x120a60a0 Core=0x14f7d0d0 world=(1000,1000)
[18:54:00] [INFO] [AUTO_START] WAIT_WINDOW attempt=1 pass=0 pid=19168 Flash launched at original size
[18:54:04] [INFO] [AUTO_START] START_CLICKED attempt=1 pass=0 pid=19168 Bắt đầu
[18:54:32] [INFO] [AUTO_START] CHANNEL_SELECTED attempt=1 pass=0 pid=19168 channel=(449, 308) choices=1
[18:54:39] [INFO] [AUTO_START] ENTER_GAME_CLICKED attempt=1 pass=0 pid=19168 character_slot=1 slot_verified=True
[18:54:44] [INFO] [AUTO_START] WAIT_MAP attempt=1 pass=0 pid=19168 Player not rooted; character/login screen
[18:54:49] [INFO] [AUTO_START] MAP_READY_OPEN attempt=1 pass=0 pid=19168 Player=0x11d8c0a0 Core=0xb32d0d0 world=(405,988)
[18:55:09] [INFO] [AUTO_START] WAIT_WINDOW attempt=1 pass=0 pid=12156 Flash launched at original size
[18:55:15] [INFO] [AUTO_START] START_CLICKED attempt=1 pass=0 pid=12156 Bắt đầu
[18:55:44] [INFO] [AUTO_START] CHANNEL_SELECTED attempt=1 pass=0 pid=12156 channel=(449, 308) choices=1
[18:55:51] [INFO] [AUTO_START] ENTER_GAME_CLICKED attempt=1 pass=0 pid=12156 character_slot=2 slot_verified=True
[18:55:56] [INFO] [AUTO_START] WAIT_MAP attempt=1 pass=0 pid=12156 Player not rooted; character/login screen
[18:56:01] [INFO] [AUTO_START] MAP_READY_OPEN attempt=1 pass=0 pid=12156 Player=0x1d74d0a0 Core=0x1511c0d0 world=(430,959)
[18:58:49] [INFO] [AUTO_START] WAIT_WINDOW attempt=1 pass=0 pid=4540 Flash launched at original size
[18:58:53] [INFO] [AUTO_START] START_CLICKED attempt=1 pass=0 pid=4540 Bắt đầu
[18:59:23] [INFO] [AUTO_START] CHANNEL_SELECTED attempt=1 pass=0 pid=4540 channel=(449, 308) choices=1
[18:59:30] [INFO] [AUTO_START] ENTER_GAME_CLICKED attempt=1 pass=0 pid=4540 character_slot=1 slot_verified=True
[18:59:35] [INFO] [AUTO_START] WAIT_MAP attempt=1 pass=0 pid=4540 Player not rooted; character/login screen
[18:59:40] [INFO] [AUTO_START] MAP_READY_OPEN attempt=1 pass=0 pid=4540 Player=0x1e3800a0 Core=0xadf50d0 world=(1121,970)
[19:00:00] [INFO] [AUTO_START] WAIT_WINDOW attempt=1 pass=0 pid=14480 Flash launched at original size
[19:00:04] [INFO] [AUTO_START] START_CLICKED attempt=1 pass=0 pid=14480 Bắt đầu
[19:00:33] [INFO] [AUTO_START] CHANNEL_SELECTED attempt=1 pass=0 pid=14480 channel=(449, 308) choices=1
[19:00:37] [INFO] [AUTO_START] ENTER_GAME_CLICKED attempt=1 pass=0 pid=14480 character_slot=2 slot_verified=True
[19:00:45] [INFO] [AUTO_START] MAP_READY_OPEN attempt=1 pass=0 pid=14480 Player=0x1d8150a0 Core=0x165280d0 world=(1150,1000)
[19:02:42] [INFO] [AUTO_START] WAIT_WINDOW attempt=1 pass=0 pid=15132 Flash launched at original size
[19:02:44] [INFO] [AUTO_START] START_CLICKED attempt=1 pass=0 pid=15132 Bắt đầu
[19:03:13] [INFO] [AUTO_START] CHANNEL_SELECTED attempt=1 pass=0 pid=15132 channel=(449, 308) choices=1
[19:03:19] [INFO] [AUTO_START] ENTER_GAME_CLICKED attempt=1 pass=0 pid=15132 character_slot=1 slot_verified=True
[19:03:25] [INFO] [AUTO_START] WAIT_MAP attempt=1 pass=0 pid=15132 Player not rooted; character/login screen
[19:03:30] [INFO] [AUTO_START] MAP_READY_OPEN attempt=1 pass=0 pid=15132 Player=0x125190a0 Core=0xb2090d0 world=(1005,880)
[19:06:36] [INFO] [AUTO_START] WAIT_WINDOW attempt=1 pass=0 pid=19468 Flash launched at original size
[19:06:39] [INFO] [AUTO_START] START_CLICKED attempt=1 pass=0 pid=19468 Bắt đầu
[19:07:09] [INFO] [AUTO_START] CHANNEL_SELECTED attempt=1 pass=0 pid=19468 channel=(449, 308) choices=1
[19:07:16] [INFO] [AUTO_START] ENTER_GAME_CLICKED attempt=1 pass=0 pid=19468 character_slot=1 slot_verified=True
[19:07:21] [INFO] [AUTO_START] WAIT_MAP attempt=1 pass=0 pid=19468 Player not rooted; character/login screen
[19:07:26] [INFO] [AUTO_START] MAP_READY_OPEN attempt=1 pass=0 pid=19468 Player=0x105f60a0 Core=0x152c30d0 world=(1245,1014)
[19:07:46] [INFO] [AUTO_START] WAIT_WINDOW attempt=1 pass=0 pid=9268 Flash launched at original size
[19:07:50] [INFO] [AUTO_START] START_CLICKED attempt=1 pass=0 pid=9268 Bắt đầu
[19:08:19] [INFO] [AUTO_START] CHANNEL_SELECTED attempt=1 pass=0 pid=9268 channel=(449, 308) choices=1
[19:08:23] [INFO] [AUTO_START] ENTER_GAME_CLICKED attempt=1 pass=0 pid=9268 character_slot=2 slot_verified=True
[19:08:30] [INFO] [AUTO_START] MAP_READY_OPEN attempt=1 pass=0 pid=9268 Player=0x1d19e0a0 Core=0x170db0d0 world=(1000,1000)
[19:09:19] [INFO] [AUTO_START] WAIT_WINDOW attempt=1 pass=0 pid=17924 Flash launched at original size
[19:09:25] [INFO] [AUTO_START] START_CLICKED attempt=1 pass=0 pid=17924 Bắt đầu
[19:09:53] [INFO] [AUTO_START] CHANNEL_SELECTED attempt=1 pass=0 pid=17924 channel=(449, 308) choices=1
[19:09:59] [INFO] [AUTO_START] ENTER_GAME_CLICKED attempt=1 pass=0 pid=17924 character_slot=1 slot_verified=True
[19:10:06] [INFO] [AUTO_START] MAP_READY_OPEN attempt=1 pass=0 pid=17924 Player=0x1de7b0a0 Core=0x80670d0 world=(1245,1014)
[19:10:26] [INFO] [AUTO_START] WAIT_WINDOW attempt=1 pass=0 pid=16944 Flash launched at original size
[19:10:31] [INFO] [AUTO_START] START_CLICKED attempt=1 pass=0 pid=16944 Bắt đầu
[19:11:00] [INFO] [AUTO_START] CHANNEL_SELECTED attempt=1 pass=0 pid=16944 channel=(449, 308) choices=1
[19:11:07] [INFO] [AUTO_START] ENTER_GAME_CLICKED attempt=1 pass=0 pid=16944 character_slot=2 slot_verified=True
[19:11:12] [INFO] [AUTO_START] WAIT_MAP attempt=1 pass=0 pid=16944 Player not rooted; character/login screen
[19:11:17] [INFO] [AUTO_START] MAP_READY_OPEN attempt=1 pass=0 pid=16944 Player=0x1d8af0a0 Core=0x169b60d0 world=(1000,1000)
[19:12:17] [INFO] [AUTO_BOSS] Start selected-monster NPCView.clickNpc runner generation=1
[19:12:20] [INFO] [AUTO_BOSS] selected Phát Tài id=16598 type=3060100000051 resource=2060100000051 base=0x1bc08330 distance=380
[19:12:21] [INFO] [AUTO_BOSS] NPCView session fingerprint native=0x1167cb8 avm=0x1dcca850 method_info=0xa344628 slot322_method_id=18350
[19:12:21] [INFO] [AUTO_BOSS] id=16598 distance=380 receiver=0xd2a9430 method=18350 stage=1
[19:12:24] [INFO] [AUTO_BOSS] id=16598 distance=65 receiver=0xd2a9430 method=18350 stage=2
[19:12:26] [INFO] [AUTO_BOSS] battle edge false->true id=16598
[19:14:14] [INFO] [AUTO_BOSS] battle edge true->false clear=1
[19:14:15] [INFO] [AUTO_BOSS] selected Phát Tài id=11738 type=3060100000051 resource=2060100000051 base=0x1bc08ae0 distance=70
[19:14:16] [INFO] [AUTO_BOSS] id=11738 distance=70 receiver=0xd2a9940 method=18350 stage=2
[19:14:18] [INFO] [AUTO_BOSS] battle edge false->true id=11738
[19:16:07] [INFO] [AUTO_BOSS] battle edge true->false clear=2
[19:16:08] [INFO] [AUTO_BOSS] selected Phát Tài id=15240 type=3060100000051 resource=2060100000051 base=0xe39cd70 distance=70
[19:16:08] [INFO] [AUTO_BOSS] id=15240 distance=70 receiver=0x21464940 method=18350 stage=2
[19:16:16] [INFO] [AUTO_START] WAIT_WINDOW attempt=1 pass=0 pid=9148 Flash launched at original size
[19:16:20] [INFO] [AUTO_START] START_CLICKED attempt=1 pass=0 pid=9148 Bắt đầu
[19:16:48] [INFO] [AUTO_START] CHANNEL_SELECTED attempt=1 pass=0 pid=9148 channel=(449, 308) choices=1
[19:16:55] [INFO] [AUTO_START] ENTER_GAME_CLICKED attempt=1 pass=0 pid=9148 character_slot=1 slot_verified=True
[19:17:00] [INFO] [AUTO_START] WAIT_MAP attempt=1 pass=0 pid=9148 Player not rooted; character/login screen
[19:17:05] [INFO] [AUTO_START] MAP_READY_OPEN attempt=1 pass=0 pid=9148 Player=0x1dd140a0 Core=0x141160d0 world=(190,952)
[19:17:25] [INFO] [AUTO_START] WAIT_WINDOW attempt=1 pass=0 pid=12564 Flash launched at original size
[19:17:30] [INFO] [AUTO_START] START_CLICKED attempt=1 pass=0 pid=12564 Bắt đầu
[19:17:59] [INFO] [AUTO_START] CHANNEL_SELECTED attempt=1 pass=0 pid=12564 channel=(449, 308) choices=1
[19:18:03] [INFO] [AUTO_START] ENTER_GAME_CLICKED attempt=1 pass=0 pid=12564 character_slot=2 slot_verified=True
[19:18:10] [INFO] [AUTO_START] MAP_READY_OPEN attempt=1 pass=0 pid=12564 Player=0x1dd2f0a0 Core=0x16ad40d0 world=(190,952)
[19:19:19] [INFO] [AUTO_BOSS] Start selected-monster NPCView.clickNpc runner generation=1
[19:19:22] [INFO] [AUTO_BOSS] selected Phát Tài id=11552 type=3060100000051 resource=2060100000051 base=0x1bdb9330 distance=754
[19:19:22] [INFO] [AUTO_BOSS] NPCView session fingerprint native=0x1167cb8 avm=0x1e3b1850 method_info=0x8f747b0 slot322_method_id=18350
[19:19:22] [INFO] [AUTO_BOSS] id=11552 distance=754 receiver=0x282bb5e0 method=18350 stage=1
[19:19:26] [INFO] [AUTO_BOSS] id=11552 distance=104 receiver=0x282bb5e0 method=18350 stage=2
[19:19:28] [INFO] [AUTO_BOSS] battle edge false->true id=11552
[19:21:07] [INFO] [AUTO_BOSS] battle edge true->false clear=1
[19:21:07] [INFO] [AUTO_BOSS] selected Phát Tài id=17583 type=3060100000051 resource=2060100000051 base=0x1bdb9d70 distance=121
[19:21:08] [INFO] [AUTO_BOSS] id=17583 distance=121 receiver=0x282bbca0 method=18350 stage=2
[19:21:10] [INFO] [AUTO_BOSS] battle edge false->true id=17583
[19:22:56] [INFO] [AUTO_BOSS] battle edge true->false clear=2
[19:22:57] [INFO] [AUTO_BOSS] selected Phát Tài id=13143 type=3060100000051 resource=2060100000051 base=0x21091d70 distance=122
[19:22:58] [INFO] [AUTO_BOSS] id=13143 distance=122 receiver=0x1c7e6e50 method=18350 stage=2
[19:24:20] [INFO] [AUTO_START] WAIT_WINDOW attempt=1 pass=0 pid=10976 Flash launched at original size
[19:24:24] [INFO] [AUTO_START] START_CLICKED attempt=1 pass=0 pid=10976 Bắt đầu
[19:24:53] [INFO] [AUTO_START] CHANNEL_SELECTED attempt=1 pass=0 pid=10976 channel=(449, 308) choices=1
[19:25:00] [INFO] [AUTO_START] ENTER_GAME_CLICKED attempt=1 pass=0 pid=10976 character_slot=1 slot_verified=True
[19:25:07] [INFO] [AUTO_START] MAP_READY_OPEN attempt=1 pass=0 pid=10976 Player=0x1d7f50a0 Core=0xb79e0d0 world=(1798,950)
[19:25:27] [INFO] [AUTO_START] WAIT_WINDOW attempt=1 pass=0 pid=19684 Flash launched at original size
[19:25:31] [INFO] [AUTO_START] START_CLICKED attempt=1 pass=0 pid=19684 Bắt đầu
[19:25:56] [INFO] [AUTO_START] CHANNEL_SELECTED attempt=1 pass=0 pid=19684 channel=(449, 308) choices=1
[19:26:03] [INFO] [AUTO_START] ENTER_GAME_CLICKED attempt=1 pass=0 pid=19684 character_slot=2 slot_verified=True
[19:26:08] [INFO] [AUTO_START] WAIT_MAP attempt=1 pass=0 pid=19684 Player not rooted; character/login screen
[19:26:13] [INFO] [AUTO_START] MAP_READY_OPEN attempt=1 pass=0 pid=19684 Player=0x1b9eb0a0 Core=0x169680d0 world=(1798,950)
[19:29:15] [INFO] [AUTO_START] WAIT_WINDOW attempt=1 pass=0 pid=10360 Flash launched at original size
[19:29:16] [INFO] [AUTO_START] START_CLICKED attempt=1 pass=0 pid=10360 Bắt đầu
[19:29:47] [INFO] [AUTO_START] CHANNEL_SELECTED attempt=1 pass=0 pid=10360 channel=(449, 308) choices=1
[19:29:51] [INFO] [AUTO_START] ENTER_GAME_CLICKED attempt=1 pass=0 pid=10360 character_slot=1 slot_verified=True
[19:29:57] [INFO] [AUTO_START] WAIT_MAP attempt=1 pass=0 pid=10360 Player not rooted; character/login screen
[19:30:01] [INFO] [AUTO_START] MAP_READY_OPEN attempt=1 pass=0 pid=10360 Player=0x15a120a0 Core=0x134d80d0 world=(195,1248)
[19:30:21] [INFO] [AUTO_START] WAIT_WINDOW attempt=1 pass=0 pid=11920 Flash launched at original size
[19:30:25] [INFO] [AUTO_START] START_CLICKED attempt=1 pass=0 pid=11920 Bắt đầu
[19:30:54] [INFO] [AUTO_START] CHANNEL_SELECTED attempt=1 pass=0 pid=11920 channel=(449, 308) choices=1
[19:31:01] [INFO] [AUTO_START] ENTER_GAME_CLICKED attempt=1 pass=0 pid=11920 character_slot=2 slot_verified=True
[19:31:06] [INFO] [AUTO_START] WAIT_MAP attempt=1 pass=0 pid=11920 Player not rooted; character/login screen
[19:31:11] [INFO] [AUTO_START] MAP_READY_OPEN attempt=1 pass=0 pid=11920 Player=0x1e0de0a0 Core=0x1689a0d0 world=(2113,1234)
[19:32:10] [INFO] [AUTO_BOSS] Start selected-monster NPCView.clickNpc runner generation=1
[19:32:13] [INFO] [AUTO_BOSS] selected Phát Tài id=10878 type=3060100000051 resource=2060100000051 base=0x111a9d70 distance=148
[19:32:13] [INFO] [AUTO_BOSS] NPCView session fingerprint native=0x1167cb8 avm=0x20726850 method_info=0x1263e740 slot322_method_id=18350
[19:32:13] [INFO] [AUTO_BOSS] id=10878 distance=148 receiver=0x1e9c55e0 method=18350 stage=2
[19:32:15] [INFO] [AUTO_BOSS] battle edge false->true id=10878
[19:33:13] [INFO] [AUTO_BOSS] battle edge true->false clear=1
[19:33:14] [INFO] [AUTO_BOSS] selected Phát Tài id=10695 type=3060100000051 resource=2060100000051 base=0x15c77ae0 distance=365
[19:33:15] [INFO] [AUTO_BOSS] id=10695 distance=365 receiver=0x1e052790 method=18350 stage=1
[19:33:17] [INFO] [AUTO_BOSS] battle edge false->true id=10695
[19:34:51] [INFO] [AUTO_BOSS] battle edge true->false clear=2
[19:34:52] [INFO] [AUTO_BOSS] selected Phát Tài id=13024 type=3060100000051 resource=2060100000051 base=0x1951ed70 distance=241
[19:34:53] [INFO] [AUTO_BOSS] id=13024 distance=241 receiver=0x1e9c55e0 method=18350 stage=2
[19:35:01] [INFO] [AUTO_START] WAIT_WINDOW attempt=1 pass=0 pid=8824 Flash launched at original size
[19:35:04] [INFO] [AUTO_START] START_CLICKED attempt=1 pass=0 pid=8824 Bắt đầu
[19:35:33] [INFO] [AUTO_START] CHANNEL_SELECTED attempt=1 pass=0 pid=8824 channel=(449, 308) choices=1
[19:35:40] [INFO] [AUTO_START] ENTER_GAME_CLICKED attempt=1 pass=0 pid=8824 character_slot=1 slot_verified=True
[19:35:45] [INFO] [AUTO_START] WAIT_MAP attempt=1 pass=0 pid=8824 Player not rooted; character/login screen
[19:35:50] [INFO] [AUTO_START] MAP_READY_OPEN attempt=1 pass=0 pid=8824 Player=0x1d1d10a0 Core=0x15daa0d0 world=(414,631)
[19:36:10] [INFO] [AUTO_START] WAIT_WINDOW attempt=1 pass=0 pid=14396 Flash launched at original size
[19:36:13] [INFO] [AUTO_START] START_CLICKED attempt=1 pass=0 pid=14396 Bắt đầu
[19:36:43] [INFO] [AUTO_START] CHANNEL_SELECTED attempt=1 pass=0 pid=14396 channel=(449, 308) choices=1
[19:36:47] [INFO] [AUTO_START] ENTER_GAME_CLICKED attempt=1 pass=0 pid=14396 character_slot=2 slot_verified=True
[19:36:54] [INFO] [AUTO_START] MAP_READY_OPEN attempt=1 pass=0 pid=14396 Player=0x102990a0 Core=0x1651d0d0 world=(414,631)
[19:40:18] [INFO] [AUTO_START] WAIT_WINDOW attempt=1 pass=0 pid=18444 Flash launched at original size
[19:40:22] [INFO] [AUTO_START] START_CLICKED attempt=1 pass=0 pid=18444 Bắt đầu
[19:40:52] [INFO] [AUTO_START] CHANNEL_SELECTED attempt=1 pass=0 pid=18444 channel=(449, 308) choices=1
[19:40:56] [INFO] [AUTO_START] ENTER_GAME_CLICKED attempt=1 pass=0 pid=18444 character_slot=1 slot_verified=True
[19:41:03] [INFO] [AUTO_START] MAP_READY_OPEN attempt=1 pass=0 pid=18444 Player=0xdf8d0a0 Core=0xa1770d0 world=(1303,1028)
[19:41:23] [INFO] [AUTO_START] WAIT_WINDOW attempt=1 pass=0 pid=7512 Flash launched at original size
[19:41:27] [INFO] [AUTO_START] START_CLICKED attempt=1 pass=0 pid=7512 Bắt đầu
[19:41:56] [INFO] [AUTO_START] CHANNEL_SELECTED attempt=1 pass=0 pid=7512 channel=(449, 308) choices=1
[19:42:03] [INFO] [AUTO_START] ENTER_GAME_CLICKED attempt=1 pass=0 pid=7512 character_slot=2 slot_verified=True
[19:42:10] [INFO] [AUTO_START] MAP_READY_OPEN attempt=1 pass=0 pid=7512 Player=0x1d7210a0 Core=0x164e60d0 world=(1240,1045)
[19:44:09] [INFO] [AUTO_START] WAIT_WINDOW attempt=1 pass=0 pid=16156 Flash launched at original size
[19:44:13] [INFO] [AUTO_START] START_CLICKED attempt=1 pass=0 pid=16156 Bắt đầu
[19:44:41] [INFO] [AUTO_START] CHANNEL_SELECTED attempt=1 pass=0 pid=16156 channel=(449, 308) choices=1
[19:44:45] [INFO] [AUTO_START] ENTER_GAME_CLICKED attempt=1 pass=0 pid=16156 character_slot=1 slot_verified=True
[19:44:53] [INFO] [AUTO_START] MAP_READY_OPEN attempt=1 pass=0 pid=16156 Player=0x1c4b00a0 Core=0xb4620d0 world=(993,873)
[19:45:13] [INFO] [AUTO_START] WAIT_WINDOW attempt=1 pass=0 pid=308 Flash launched at original size
[19:45:17] [INFO] [AUTO_START] START_CLICKED attempt=1 pass=0 pid=308 Bắt đầu
[19:45:46] [INFO] [AUTO_START] CHANNEL_SELECTED attempt=1 pass=0 pid=308 channel=(449, 308) choices=1
[19:45:52] [INFO] [AUTO_START] ENTER_GAME_CLICKED attempt=1 pass=0 pid=308 character_slot=2 slot_verified=True
[19:45:58] [INFO] [AUTO_START] WAIT_MAP attempt=1 pass=0 pid=308 Player not rooted; character/login screen
[19:46:03] [INFO] [AUTO_START] MAP_READY_OPEN attempt=1 pass=0 pid=308 Player=0x1d6d20a0 Core=0x93300d0 world=(437,1244)
[19:46:57] [INFO] [AUTO_BOSS] Start selected-monster NPCView.clickNpc runner generation=1
[19:49:57] [INFO] [AUTO_BOSS] selected Phát Tài id=11498 type=3060100000051 resource=2060100000051 base=0x1edae5c0 distance=376
[19:49:58] [INFO] [AUTO_BOSS] NPCView session fingerprint native=0x1167cb8 avm=0x214b10a0 method_info=0xac247b0 slot322_method_id=18350
[19:49:58] [INFO] [AUTO_BOSS] id=11498 distance=376 receiver=0x1edb9280 method=18350 stage=1
[19:50:01] [INFO] [AUTO_BOSS] id=11498 distance=64 receiver=0x1edb9280 method=18350 stage=2
[19:50:02] [INFO] [AUTO_BOSS] battle edge false->true id=11498
[19:51:31] [INFO] [AUTO_BOSS] battle edge true->false clear=1
[19:51:32] [INFO] [AUTO_BOSS] selected Phát Tài id=15346 type=3060100000051 resource=2060100000051 base=0x23fca850 distance=78
[19:51:33] [INFO] [AUTO_BOSS] id=15346 distance=78 receiver=0x1e29e430 method=18350 stage=2
[19:51:35] [INFO] [AUTO_BOSS] battle edge false->true id=15346
[19:54:07] [INFO] [AUTO_BOSS] battle edge true->false clear=2
[19:54:08] [INFO] [AUTO_BOSS] selected Phát Tài id=11058 type=3060100000051 resource=2060100000051 base=0x23c89ae0 distance=80
[19:54:08] [INFO] [AUTO_BOSS] id=11058 distance=80 receiver=0x23c79af0 method=18350 stage=2
[19:54:16] [INFO] [AUTO_START] WAIT_WINDOW attempt=1 pass=0 pid=20256 Flash launched at original size
[19:54:20] [INFO] [AUTO_START] START_CLICKED attempt=1 pass=0 pid=20256 Bắt đầu
[19:54:49] [INFO] [AUTO_START] CHANNEL_SELECTED attempt=1 pass=0 pid=20256 channel=(449, 308) choices=1
[19:54:53] [INFO] [AUTO_START] ENTER_GAME_CLICKED attempt=1 pass=0 pid=20256 character_slot=1 slot_verified=True
[19:54:58] [INFO] [AUTO_START] WAIT_MAP attempt=1 pass=0 pid=20256 Player not rooted; character/login screen
[19:55:03] [INFO] [AUTO_START] MAP_READY_OPEN attempt=1 pass=0 pid=20256 Player=0x127cc0a0 Core=0x131c80d0 world=(191,944)
[19:55:23] [INFO] [AUTO_START] WAIT_WINDOW attempt=1 pass=0 pid=17724 Flash launched at original size
[19:55:26] [INFO] [AUTO_START] START_CLICKED attempt=1 pass=0 pid=17724 Bắt đầu
[19:55:55] [INFO] [AUTO_START] CHANNEL_SELECTED attempt=1 pass=0 pid=17724 channel=(449, 308) choices=1
[19:56:02] [INFO] [AUTO_START] ENTER_GAME_CLICKED attempt=1 pass=0 pid=17724 character_slot=2 slot_verified=True
[19:56:09] [INFO] [AUTO_START] MAP_READY_OPEN attempt=1 pass=0 pid=17724 Player=0x1dc030a0 Core=0x1690d0d0 world=(191,944)
[19:57:05] [INFO] [AUTO_BOSS] Start selected-monster NPCView.clickNpc runner generation=1
[20:00:08] [INFO] [AUTO_BOSS] selected Phát Tài id=10061 type=3060100000051 resource=2060100000051 base=0x23c400a0 distance=285
[20:00:09] [INFO] [AUTO_BOSS] NPCView session fingerprint native=0x1167cb8 avm=0x201bc0a0 method_info=0x8a127b0 slot322_method_id=18350
[20:00:09] [INFO] [AUTO_BOSS] id=10061 distance=285 receiver=0x2441de50 method=18350 stage=1
[20:00:10] [INFO] [AUTO_BOSS] battle edge false->true id=10061
[20:03:17] [INFO] [AUTO_BOSS] battle edge true->false clear=1
[20:03:17] [INFO] [AUTO_BOSS] selected Phát Tài id=14740 type=3060100000051 resource=2060100000051 base=0x234f9d70 distance=572
[20:03:18] [INFO] [AUTO_BOSS] id=14740 distance=572 receiver=0x2441dca0 method=18350 stage=1
[20:03:21] [INFO] [AUTO_BOSS] battle edge false->true id=14740
[20:06:33] [INFO] [AUTO_BOSS] battle edge true->false clear=2
[20:06:34] [INFO] [AUTO_BOSS] selected Phát Tài id=13298 type=3060100000051 resource=2060100000051 base=0x235e80a0 distance=444
[20:06:35] [INFO] [AUTO_BOSS] id=13298 distance=444 receiver=0x239b8ca0 method=18350 stage=1
[20:07:48] [INFO] [AUTO_START] WAIT_WINDOW attempt=1 pass=0 pid=22220 Flash launched at original size
[20:07:52] [INFO] [AUTO_START] START_CLICKED attempt=1 pass=0 pid=22220 Bắt đầu
[20:08:21] [INFO] [AUTO_START] CHANNEL_SELECTED attempt=1 pass=0 pid=22220 channel=(449, 308) choices=1
[20:08:28] [INFO] [AUTO_START] ENTER_GAME_CLICKED attempt=1 pass=0 pid=22220 character_slot=1 slot_verified=True
[20:08:34] [INFO] [AUTO_START] WAIT_MAP attempt=1 pass=0 pid=22220 Player not rooted; character/login screen
[20:08:39] [INFO] [AUTO_START] MAP_READY_OPEN attempt=1 pass=0 pid=22220 Player=0xca570a0 Core=0x104220d0 world=(969,830)
[20:08:59] [INFO] [AUTO_START] WAIT_WINDOW attempt=1 pass=0 pid=14556 Flash launched at original size
[20:09:03] [INFO] [AUTO_START] START_CLICKED attempt=1 pass=0 pid=14556 Bắt đầu
[20:09:32] [INFO] [AUTO_START] CHANNEL_SELECTED attempt=1 pass=0 pid=14556 channel=(449, 308) choices=1
[20:09:39] [INFO] [AUTO_START] ENTER_GAME_CLICKED attempt=1 pass=0 pid=14556 character_slot=2 slot_verified=True
[20:09:44] [INFO] [AUTO_START] WAIT_MAP attempt=1 pass=0 pid=14556 Player not rooted; character/login screen
[20:09:50] [INFO] [AUTO_START] MAP_READY_OPEN attempt=1 pass=0 pid=14556 Player=0x183760a0 Core=0x153350d0 world=(969,830)
[20:11:49] [INFO] [AUTO_START] WAIT_WINDOW attempt=1 pass=0 pid=3852 Flash launched at original size
[20:11:54] [INFO] [AUTO_START] START_CLICKED attempt=1 pass=0 pid=3852 Bắt đầu
[20:12:22] [INFO] [AUTO_START] CHANNEL_SELECTED attempt=1 pass=0 pid=3852 channel=(449, 308) choices=1
[20:12:29] [INFO] [AUTO_START] ENTER_GAME_CLICKED attempt=1 pass=0 pid=3852 character_slot=1 slot_verified=True
[20:12:34] [INFO] [AUTO_START] WAIT_MAP attempt=1 pass=0 pid=3852 Player not rooted; character/login screen
[20:12:39] [INFO] [AUTO_START] MAP_READY_OPEN attempt=1 pass=0 pid=3852 Player=0xddd70a0 Core=0x9b7f0d0 world=(869,805)
[20:12:59] [INFO] [AUTO_START] WAIT_WINDOW attempt=1 pass=0 pid=13476 Flash launched at original size
[20:13:04] [INFO] [AUTO_START] START_CLICKED attempt=1 pass=0 pid=13476 Bắt đầu
[20:13:33] [INFO] [AUTO_START] CHANNEL_SELECTED attempt=1 pass=0 pid=13476 channel=(449, 308) choices=1
[20:13:37] [INFO] [AUTO_START] ENTER_GAME_CLICKED attempt=1 pass=0 pid=13476 character_slot=2 slot_verified=True
[20:13:43] [INFO] [AUTO_START] WAIT_MAP attempt=1 pass=0 pid=13476 Player not rooted; character/login screen
[20:13:48] [INFO] [AUTO_START] MAP_READY_OPEN attempt=1 pass=0 pid=13476 Player=0xa1150a0 Core=0x7de00d0 world=(423,1244)
[20:14:42] [INFO] [AUTO_BOSS] Start selected-monster NPCView.clickNpc runner generation=1
[20:14:44] [INFO] [AUTO_BOSS] selected Phát Tài id=11058 type=3060100000051 resource=2060100000051 base=0x2034d330 distance=392
[20:14:45] [INFO] [AUTO_BOSS] NPCView session fingerprint native=0x1167cb8 avm=0x18a20a0 method_info=0x8902660 slot322_method_id=18350
[20:14:45] [INFO] [AUTO_BOSS] id=11058 distance=392 receiver=0x22840430 method=18350 stage=1
[20:14:49] [INFO] [AUTO_BOSS] battle edge false->true id=11058
[20:17:53] [INFO] [AUTO_BOSS] battle edge true->false clear=1
[20:17:54] [INFO] [AUTO_BOSS] selected Phát Tài id=17380 type=3060100000051 resource=2060100000051 base=0x1e216ae0 distance=109
[20:17:55] [INFO] [AUTO_BOSS] id=17380 distance=109 receiver=0x202ab430 method=18350 stage=2
[20:17:56] [INFO] [AUTO_BOSS] battle edge false->true id=17380
[20:21:10] [INFO] [AUTO_BOSS] battle edge true->false clear=2
[20:21:11] [INFO] [AUTO_BOSS] selected Phát Tài id=10712 type=3060100000051 resource=2060100000051 base=0x1e2160a0 distance=110
[20:21:19] [INFO] [AUTO_START] WAIT_WINDOW attempt=1 pass=0 pid=1648 Flash launched at original size
[20:21:22] [INFO] [AUTO_START] START_CLICKED attempt=1 pass=0 pid=1648 Bắt đầu
[20:21:51] [INFO] [AUTO_START] CHANNEL_SELECTED attempt=1 pass=0 pid=1648 channel=(449, 308) choices=1
[20:21:55] [INFO] [AUTO_START] ENTER_GAME_CLICKED attempt=1 pass=0 pid=1648 character_slot=1 slot_verified=True
[20:22:02] [INFO] [AUTO_START] MAP_READY_OPEN attempt=1 pass=0 pid=1648 Player=0x10eab0a0 Core=0xbd720d0 world=(220,942)
[20:22:22] [INFO] [AUTO_START] WAIT_WINDOW attempt=1 pass=0 pid=19888 Flash launched at original size
[20:22:26] [INFO] [AUTO_START] START_CLICKED attempt=1 pass=0 pid=19888 Bắt đầu
[20:22:55] [INFO] [AUTO_START] CHANNEL_SELECTED attempt=1 pass=0 pid=19888 channel=(449, 308) choices=1
[20:23:02] [INFO] [AUTO_START] ENTER_GAME_CLICKED attempt=1 pass=0 pid=19888 character_slot=2 slot_verified=True
[20:23:07] [INFO] [AUTO_START] WAIT_MAP attempt=1 pass=0 pid=19888 Player not rooted; character/login screen
[20:23:12] [INFO] [AUTO_START] MAP_READY_OPEN attempt=1 pass=0 pid=19888 Player=0x12eef0a0 Core=0xb77a0d0 world=(220,942)
[22:41:07] [INFO] [AUTO_START] WAIT_WINDOW attempt=1 pass=0 pid=13764 Flash launched at original size
[22:41:11] [INFO] [AUTO_START] START_CLICKED attempt=1 pass=0 pid=13764 Bắt đầu
[22:41:32] [INFO] [AUTO_START] WAIT_WINDOW attempt=1 pass=0 pid=9872 Flash launched at original size
[22:41:37] [INFO] [AUTO_START] START_CLICKED attempt=1 pass=0 pid=9872 Bắt đầu
[22:41:43] [INFO] [AUTO_START] CHANNEL_SELECTED attempt=1 pass=0 pid=13764 channel=(449, 308) choices=1
[22:41:48] [INFO] [AUTO_START] ENTER_GAME_CLICKED attempt=1 pass=0 pid=13764 character_slot=1 slot_verified=True
[22:41:56] [INFO] [AUTO_START] MAP_READY_OPEN attempt=1 pass=0 pid=13764 Player=0x14bef0a0 Core=0xd2b80d0 world=(1097,1303)
[22:42:03] [INFO] [AUTO_BOSS] Start selected-monster NPCView.clickNpc runner generation=1
[22:42:12] [INFO] [AUTO_BOSS] selected Phát Tài id=14015 type=3060100000051 resource=2060100000051 base=0x1108fd70 distance=197
[22:42:13] [INFO] [AUTO_BOSS] NPCView session fingerprint native=0x1167cb8 avm=0x1304d850 method_info=0x9867740 slot322_method_id=18350
[22:42:13] [INFO] [AUTO_BOSS] id=14015 distance=197 receiver=0x106f0ca0 method=18350 stage=2
[22:42:15] [INFO] [AUTO_BOSS] battle edge false->true id=14015
[22:42:22] [INFO] [AUTO_START] CHANNEL_SELECTED attempt=1 pass=0 pid=9872 channel=(449, 308) choices=1
[22:42:52] [INFO] [AUTO_START] ENTER_GAME_CLICKED attempt=1 pass=0 pid=9872 character_slot=1 slot_verified=True
[22:42:59] [INFO] [AUTO_BOSS] battle edge true->false clear=1
[22:43:00] [INFO] [AUTO_BOSS] selected Phát Tài id=13499 type=3060100000051 resource=2060100000051 base=0x1108f5c0 distance=995
[22:43:01] [INFO] [AUTO_BOSS] id=13499 distance=995 receiver=0x106f0790 method=18350 stage=1
[22:43:07] [INFO] [AUTO_BOSS] battle edge false->true id=13499
[22:43:27] [INFO] [AUTO_START] MAP_READY_OPEN attempt=1 pass=0 pid=9872 Player=0xfc2c0a0 Core=0x161a50d0 world=(1177,1162)
[22:43:41] [INFO] [AUTO_BOSS] Start selected-monster NPCView.clickNpc runner generation=1
[22:43:50] [INFO] [AUTO_BOSS] selected Phát Tài id=16971 type=3060100000051 resource=2060100000051 base=0x2187e0a0 distance=318
[22:43:54] [INFO] [AUTO_BOSS] battle edge true->false clear=2
[22:43:54] [INFO] [AUTO_BOSS] NPCView session fingerprint native=0x1167cb8 avm=0x212ea0a0 method_info=0x9d18468 slot322_method_id=18350
[22:43:54] [INFO] [AUTO_BOSS] id=16971 distance=318 receiver=0x1c7640d0 method=18350 stage=1
[22:43:56] [WARN] [AUTO_BOSS] REJECT_ROUTE_TIMEOUT id=16971 base=0x2187e0a0
[22:43:56] [INFO] [AUTO_BOSS] selected Phát Tài id=13305 type=3060100000051 resource=2060100000051 base=0x1108f330 distance=50
[22:43:59] [INFO] [AUTO_BOSS] id=13305 distance=50 receiver=0x106f05e0 method=18350 stage=2
[22:44:01] [INFO] [AUTO_BOSS] battle edge false->true id=13305
[22:44:01] [INFO] [AUTO_BOSS] selected Phát Tài id=16191 type=3060100000051 resource=2060100000051 base=0x216dcd70 distance=453
[22:44:04] [INFO] [AUTO_BOSS] id=16191 distance=453 receiver=0x216d4940 method=18350 stage=1
[22:44:08] [WARN] [AUTO_BOSS] REJECT_ROUTE_TIMEOUT id=16191 base=0x216dcd70
[22:44:17] [INFO] [AUTO_BOSS] selected Phát Tài id=14206 type=3060100000051 resource=2060100000051 base=0x216dcae0 distance=574
[22:44:21] [INFO] [AUTO_BOSS] id=14206 distance=574 receiver=0xdaa4e50 method=18350 stage=1
[22:44:25] [WARN] [AUTO_BOSS] REJECT_ROUTE_TIMEOUT id=14206 base=0x216dcae0
[22:44:33] [INFO] [AUTO_BOSS] selected Phát Tài id=11706 type=3060100000051 resource=2060100000051 base=0x212f00a0 distance=617
[22:44:38] [INFO] [AUTO_BOSS] id=11706 distance=617 receiver=0x216d4e50 method=18350 stage=1
[22:44:42] [WARN] [AUTO_BOSS] REJECT_ROUTE_TIMEOUT id=11706 base=0x212f00a0
[22:44:46] [INFO] [AUTO_BOSS] battle edge true->false clear=3
[22:44:48] [INFO] [AUTO_BOSS] selected Phát Tài id=17023 type=3060100000051 resource=2060100000051 base=0x1108fae0 distance=1824
[22:44:48] [INFO] [AUTO_BOSS] selected Phát Tài id=16657 type=3060100000051 resource=2060100000051 base=0x216dc5c0 distance=415
[22:44:49] [INFO] [AUTO_BOSS] id=17023 distance=1824 receiver=0x106f0af0 method=18350 stage=1
[22:44:49] [INFO] [AUTO_BOSS] id=16657 distance=415 receiver=0x216d45e0 method=18350 stage=1
[22:44:56] [WARN] [AUTO_BOSS] REJECT_ROUTE_TIMEOUT id=16657 base=0x216dc5c0
[22:44:59] [INFO] [AUTO_BOSS] battle edge false->true id=17023
[22:46:08] [INFO] [AUTO_START] WAIT_WINDOW attempt=1 pass=0 pid=24188 Flash launched at original size
[22:46:12] [INFO] [AUTO_START] START_CLICKED attempt=1 pass=0 pid=24188 Bắt đầu
[22:46:42] [INFO] [AUTO_START] CHANNEL_SELECTED attempt=1 pass=0 pid=24188 channel=(449, 308) choices=1
[22:46:49] [INFO] [AUTO_START] ENTER_GAME_CLICKED attempt=1 pass=0 pid=24188 character_slot=1 slot_verified=True
[22:46:54] [INFO] [AUTO_START] WAIT_MAP attempt=1 pass=0 pid=24188 Player not rooted; character/login screen
[22:46:59] [INFO] [AUTO_START] MAP_READY_OPEN attempt=1 pass=0 pid=24188 Player=0x111b00a0 Core=0xc8be0d0 world=(1934,743)
[22:47:24] [INFO] [AUTO_START] WAIT_WINDOW attempt=1 pass=0 pid=8820 Flash launched at original size
[22:47:29] [INFO] [AUTO_START] START_CLICKED attempt=1 pass=0 pid=8820 Bắt đầu
[22:47:53] [INFO] [AUTO_START] CHANNEL_SELECTED attempt=1 pass=0 pid=8820 channel=(449, 308) choices=1
[22:48:00] [INFO] [AUTO_START] ENTER_GAME_CLICKED attempt=1 pass=0 pid=8820 character_slot=1 slot_verified=True
[22:48:05] [INFO] [AUTO_START] WAIT_MAP attempt=1 pass=0 pid=8820 Player not rooted; character/login screen
[22:48:10] [INFO] [AUTO_START] MAP_READY_OPEN attempt=1 pass=0 pid=8820 Player=0x1262d0a0 Core=0x91a90d0 world=(1177,1162)
[22:57:19] [INFO] [AUTO_START] WAIT_WINDOW attempt=1 pass=0 pid=1628 Flash launched at original size
[22:57:24] [INFO] [AUTO_START] START_CLICKED attempt=1 pass=0 pid=1628 Bắt đầu
[22:57:54] [INFO] [AUTO_START] CHANNEL_SELECTED attempt=1 pass=0 pid=1628 channel=(449, 308) choices=1
[22:57:58] [INFO] [AUTO_START] ENTER_GAME_CLICKED attempt=1 pass=0 pid=1628 character_slot=1 slot_verified=True
[22:58:05] [INFO] [AUTO_START] MAP_READY_OPEN attempt=1 pass=0 pid=1628 Player=0x1da800a0 Core=0x4e7c0d0 world=(1934,743)
[22:58:30] [INFO] [AUTO_START] WAIT_WINDOW attempt=1 pass=0 pid=24412 Flash launched at original size
[22:58:35] [INFO] [AUTO_START] START_CLICKED attempt=1 pass=0 pid=24412 Bắt đầu
[22:59:05] [INFO] [AUTO_START] CHANNEL_SELECTED attempt=1 pass=0 pid=24412 channel=(449, 308) choices=1
[22:59:12] [INFO] [AUTO_START] ENTER_GAME_CLICKED attempt=1 pass=0 pid=24412 character_slot=1 slot_verified=True
[22:59:17] [INFO] [AUTO_START] WAIT_MAP attempt=1 pass=0 pid=24412 Player not rooted; character/login screen
[22:59:23] [INFO] [AUTO_START] MAP_READY_OPEN attempt=1 pass=0 pid=24412 Player=0x133dc0a0 Core=0x16bcb0d0 world=(1177,1162)
[23:00:58] [INFO] [AUTO_BOSS] Start selected-monster NPCView.clickNpc runner generation=1
[23:04:26] [INFO] [AUTO_BOSS] selected Phát Tài id=16657 type=3060100000051 resource=2060100000051 base=0x229b7850 distance=415
[23:04:27] [INFO] [AUTO_BOSS] NPCView session fingerprint native=0x1167cb8 avm=0x229a40a0 method_info=0xb25ae40 slot322_method_id=18350
[23:04:27] [INFO] [AUTO_BOSS] id=16657 distance=415 receiver=0x229cb280 method=18350 stage=1
[23:04:34] [WARN] [AUTO_BOSS] REJECT_ROUTE_TIMEOUT id=16657 base=0x229b7850
[23:04:37] [INFO] [AUTO_BOSS] selected Phát Tài id=16052 type=3060100000051 resource=2060100000051 base=0x1dbd4d70 distance=431
[23:04:38] [INFO] [AUTO_BOSS] id=16052 distance=431 receiver=0x10705940 method=18350 stage=1
[23:04:45] [WARN] [AUTO_BOSS] REJECT_ROUTE_TIMEOUT id=16052 base=0x1dbd4d70
[23:04:48] [INFO] [AUTO_BOSS] selected Phát Tài id=16191 type=3060100000051 resource=2060100000051 base=0x22937330 distance=453
[23:04:49] [INFO] [AUTO_BOSS] id=16191 distance=453 receiver=0x22911940 method=18350 stage=1
[23:04:56] [WARN] [AUTO_BOSS] REJECT_ROUTE_TIMEOUT id=16191 base=0x22937330
[23:04:59] [INFO] [AUTO_BOSS] selected Phát Tài id=11706 type=3060100000051 resource=2060100000051 base=0x22901ae0 distance=617
[23:05:00] [INFO] [AUTO_BOSS] id=11706 distance=617 receiver=0x22911430 method=18350 stage=1
[23:05:07] [WARN] [AUTO_BOSS] REJECT_ROUTE_TIMEOUT id=11706 base=0x22901ae0
[23:05:10] [INFO] [AUTO_BOSS] selected Phát Tài id=13665 type=3060100000051 resource=2060100000051 base=0x22a160a0 distance=630
[23:05:11] [INFO] [AUTO_BOSS] id=13665 distance=630 receiver=0x22a0f280 method=18350 stage=1
[23:05:19] [WARN] [AUTO_BOSS] REJECT_ROUTE_TIMEOUT id=13665 base=0x22a160a0
[23:05:22] [INFO] [AUTO_BOSS] selected Phát Tài id=11369 type=3060100000051 resource=2060100000051 base=0x229375c0 distance=633
[23:05:22] [INFO] [AUTO_BOSS] id=11369 distance=633 receiver=0x10705280 method=18350 stage=1
[23:05:30] [WARN] [AUTO_BOSS] REJECT_ROUTE_TIMEOUT id=11369 base=0x229375c0
[23:05:32] [INFO] [AUTO_BOSS] selected Phát Tài id=16165 type=3060100000051 resource=2060100000051 base=0x22a165c0 distance=643
[23:05:33] [INFO] [AUTO_BOSS] id=16165 distance=643 receiver=0x22a0f5e0 method=18350 stage=1
[23:05:41] [WARN] [AUTO_BOSS] REJECT_ROUTE_TIMEOUT id=16165 base=0x22a165c0
[23:05:43] [INFO] [AUTO_BOSS] selected Phát Tài id=10719 type=3060100000051 resource=2060100000051 base=0x229e5ae0 distance=861
[23:05:44] [INFO] [AUTO_BOSS] id=10719 distance=861 receiver=0x229cbe50 method=18350 stage=1
[23:05:52] [WARN] [AUTO_BOSS] REJECT_ROUTE_TIMEOUT id=10719 base=0x229e5ae0
[23:05:54] [INFO] [AUTO_BOSS] selected Phát Tài id=13866 type=3060100000051 resource=2060100000051 base=0x22a16ae0 distance=863
[23:05:55] [INFO] [AUTO_BOSS] id=13866 distance=863 receiver=0x22a0f940 method=18350 stage=1
[23:06:03] [WARN] [AUTO_BOSS] REJECT_ROUTE_TIMEOUT id=13866 base=0x22a16ae0
[23:06:05] [INFO] [AUTO_BOSS] selected Phát Tài id=15574 type=3060100000051 resource=2060100000051 base=0x229e5330 distance=864
[23:06:06] [INFO] [AUTO_BOSS] id=15574 distance=864 receiver=0x229cb940 method=18350 stage=1
[23:06:14] [WARN] [AUTO_BOSS] REJECT_ROUTE_TIMEOUT id=15574 base=0x229e5330
[23:06:16] [INFO] [AUTO_BOSS] selected Phát Tài id=14962 type=3060100000051 resource=2060100000051 base=0x229015c0 distance=864
[23:06:17] [INFO] [AUTO_BOSS] id=14962 distance=864 receiver=0x229110d0 method=18350 stage=1
[23:06:25] [WARN] [AUTO_BOSS] REJECT_ROUTE_TIMEOUT id=14962 base=0x229015c0
[23:06:27] [INFO] [AUTO_BOSS] selected Phát Tài id=15072 type=3060100000051 resource=2060100000051 base=0x229e5d70 distance=866
[23:06:28] [INFO] [AUTO_BOSS] id=15072 distance=866 receiver=0x22a0f0d0 method=18350 stage=1
[23:06:35] [WARN] [AUTO_BOSS] REJECT_ROUTE_TIMEOUT id=15072 base=0x229e5d70
[23:06:38] [INFO] [AUTO_BOSS] selected Phát Tài id=12679 type=3060100000051 resource=2060100000051 base=0x2179f850 distance=868
[23:06:39] [INFO] [AUTO_BOSS] id=12679 distance=868 receiver=0x216e5af0 method=18350 stage=1
[23:06:46] [WARN] [AUTO_BOSS] REJECT_ROUTE_TIMEOUT id=12679 base=0x2179f850
[23:06:49] [INFO] [AUTO_BOSS] selected Phát Tài id=14908 type=3060100000051 resource=2060100000051 base=0x22937d70 distance=869
[23:06:50] [INFO] [AUTO_BOSS] id=14908 distance=869 receiver=0x22911790 method=18350 stage=1
[23:06:57] [WARN] [AUTO_BOSS] REJECT_ROUTE_TIMEOUT id=14908 base=0x22937d70
[23:07:00] [INFO] [AUTO_BOSS] selected Phát Tài id=13440 type=3060100000051 resource=2060100000051 base=0x2179fd70 distance=874
[23:07:01] [INFO] [AUTO_BOSS] id=13440 distance=874 receiver=0x216e5e50 method=18350 stage=1
[23:07:08] [WARN] [AUTO_BOSS] REJECT_ROUTE_TIMEOUT id=13440 base=0x2179fd70
[23:07:10] [INFO] [AUTO_BOSS] selected Phát Tài id=15594 type=3060100000051 resource=2060100000051 base=0x229e55c0 distance=1038
[23:07:11] [INFO] [AUTO_BOSS] id=15594 distance=1038 receiver=0x229cbaf0 method=18350 stage=1
[23:07:19] [WARN] [AUTO_BOSS] REJECT_ROUTE_TIMEOUT id=15594 base=0x229e55c0
[23:07:21] [INFO] [AUTO_BOSS] selected Phát Tài id=17520 type=3060100000051 resource=2060100000051 base=0x229010a0 distance=1040
[23:07:22] [INFO] [AUTO_BOSS] id=17520 distance=1040 receiver=0x22a0fca0 method=18350 stage=1
[23:07:29] [WARN] [AUTO_BOSS] REJECT_ROUTE_TIMEOUT id=17520 base=0x229010a0
[23:07:32] [INFO] [AUTO_BOSS] selected Phát Tài id=13545 type=3060100000051 resource=2060100000051 base=0x22a16850 distance=1042
[23:07:33] [INFO] [AUTO_BOSS] id=13545 distance=1042 receiver=0x22a0f790 method=18350 stage=1
[23:07:41] [WARN] [AUTO_BOSS] REJECT_ROUTE_TIMEOUT id=13545 base=0x22a16850
[23:07:43] [INFO] [AUTO_BOSS] selected Phát Tài id=17636 type=3060100000051 resource=2060100000051 base=0x22a16330 distance=1048
[23:07:44] [INFO] [AUTO_BOSS] id=17636 distance=1048 receiver=0x22a0f430 method=18350 stage=1
[23:07:51] [WARN] [AUTO_BOSS] REJECT_ROUTE_TIMEOUT id=17636 base=0x22a16330
[23:07:54] [INFO] [AUTO_BOSS] selected Phát Tài id=15017 type=3060100000051 resource=2060100000051 base=0x22901330 distance=1048
[23:07:55] [INFO] [AUTO_BOSS] id=15017 distance=1048 receiver=0x22a0fe50 method=18350 stage=1
[23:08:02] [WARN] [AUTO_BOSS] REJECT_ROUTE_TIMEOUT id=15017 base=0x22901330
[23:08:05] [INFO] [AUTO_BOSS] selected Phát Tài id=10128 type=3060100000051 resource=2060100000051 base=0x229b75c0 distance=1052
[23:08:06] [INFO] [AUTO_BOSS] id=10128 distance=1052 receiver=0x229cb0d0 method=18350 stage=1
[23:08:13] [WARN] [AUTO_BOSS] REJECT_ROUTE_TIMEOUT id=10128 base=0x229b75c0
[23:09:49] [INFO] [AUTO_BOSS] selected Phát Tài id=10614 type=3060100000051 resource=2060100000051 base=0x1dbd4ae0 distance=99
[23:09:50] [INFO] [AUTO_BOSS] id=10614 distance=99 receiver=0x229cb280 method=18350 stage=2
[23:09:52] [INFO] [AUTO_BOSS] battle edge false->true id=10614
[23:10:15] [INFO] [AUTO_BOSS] battle edge true->false clear=1
[23:10:16] [INFO] [AUTO_BOSS] selected Phát Tài id=12368 type=3060100000051 resource=2060100000051 base=0x22901ae0 distance=629
[23:10:17] [INFO] [AUTO_BOSS] id=12368 distance=629 receiver=0x22911430 method=18350 stage=1
[23:10:24] [WARN] [AUTO_BOSS] REJECT_ROUTE_TIMEOUT id=12368 base=0x22901ae0
[23:10:36] [INFO] [AUTO_BOSS] selected Phát Tài id=10461 type=3060100000051 resource=2060100000051 base=0x229b7850 distance=101
[23:10:37] [INFO] [AUTO_BOSS] id=10461 distance=101 receiver=0x229cb280 method=18350 stage=2
[23:10:39] [INFO] [AUTO_BOSS] battle edge false->true id=10461
[23:11:21] [INFO] [AUTO_START] WAIT_WINDOW attempt=1 pass=0 pid=20708 Flash launched at original size
[23:11:25] [INFO] [AUTO_START] START_CLICKED attempt=1 pass=0 pid=20708 Bắt đầu
[23:11:54] [INFO] [AUTO_START] CHANNEL_SELECTED attempt=1 pass=0 pid=20708 channel=(449, 308) choices=1
[23:12:01] [INFO] [AUTO_START] ENTER_GAME_CLICKED attempt=1 pass=0 pid=20708 character_slot=1 slot_verified=True
[23:12:07] [INFO] [AUTO_START] WAIT_MAP attempt=1 pass=0 pid=20708 Player not rooted; character/login screen
[23:12:12] [INFO] [AUTO_START] MAP_READY_OPEN attempt=1 pass=0 pid=20708 Player=0x1c0b70a0 Core=0x157070d0 world=(1213,1131)
[23:12:37] [INFO] [AUTO_START] WAIT_WINDOW attempt=1 pass=0 pid=22904 Flash launched at original size
[23:12:41] [INFO] [AUTO_START] START_CLICKED attempt=1 pass=0 pid=22904 Bắt đầu
[23:13:11] [INFO] [AUTO_START] CHANNEL_SELECTED attempt=1 pass=0 pid=22904 channel=(449, 308) choices=1
[23:13:15] [INFO] [AUTO_START] ENTER_GAME_CLICKED attempt=1 pass=0 pid=22904 character_slot=1 slot_verified=True
[23:13:22] [INFO] [AUTO_START] MAP_READY_OPEN attempt=1 pass=0 pid=22904 Player=0x1bee90a0 Core=0x1632e0d0 world=(1177,1162)
[23:13:59] [INFO] [AUTO_BOSS] Start selected-monster NPCView.clickNpc runner generation=1
[23:14:01] [INFO] [AUTO_BOSS] selected Phát Tài id=12679 type=3060100000051 resource=2060100000051 base=0x1b9c05c0 distance=868
[23:14:02] [INFO] [AUTO_BOSS] NPCView session fingerprint native=0x1167cb8 avm=0x11155850 method_info=0xad814a0 slot322_method_id=18350
[23:14:02] [INFO] [AUTO_BOSS] id=12679 distance=868 receiver=0x1d4d7790 method=18350 stage=1
[23:14:09] [WARN] [AUTO_BOSS] REJECT_ROUTE_TIMEOUT id=12679 base=0x1b9c05c0
[23:14:11] [INFO] [AUTO_BOSS] selected Phát Tài id=13440 type=3060100000051 resource=2060100000051 base=0x1b9c0d70 distance=874
[23:14:12] [INFO] [AUTO_BOSS] id=13440 distance=874 receiver=0x1632eaf0 method=18350 stage=1
[23:14:19] [WARN] [AUTO_BOSS] REJECT_ROUTE_TIMEOUT id=13440 base=0x1b9c0d70
[23:17:48] [INFO] [AUTO_BOSS] selected Phát Tài id=16118 type=3060100000051 resource=2060100000051 base=0x1b9c0850 distance=928
[23:17:49] [INFO] [AUTO_BOSS] id=16118 distance=928 receiver=0x1f34aca0 method=18350 stage=1
[23:17:56] [WARN] [AUTO_BOSS] REJECT_ROUTE_TIMEOUT id=16118 base=0x1b9c0850
[23:18:25] [INFO] [AUTO_BOSS] selected Phát Tài id=15066 type=3060100000051 resource=2060100000051 base=0x1f1c8330 distance=412
[23:18:26] [INFO] [AUTO_BOSS] id=15066 distance=412 receiver=0x150f5e50 method=18350 stage=1
[23:18:33] [WARN] [AUTO_BOSS] REJECT_ROUTE_TIMEOUT id=15066 base=0x1f1c8330
[23:18:36] [INFO] [AUTO_BOSS] selected Phát Tài id=16191 type=3060100000051 resource=2060100000051 base=0x200a00a0 distance=453
[23:18:37] [INFO] [AUTO_BOSS] id=16191 distance=453 receiver=0x2006caf0 method=18350 stage=1
[23:18:43] [WARN] [AUTO_BOSS] REJECT_ROUTE_TIMEOUT id=16191 base=0x200a00a0
[23:18:46] [INFO] [AUTO_BOSS] selected Phát Tài id=17406 type=3060100000051 resource=2060100000051 base=0x200a0330 distance=417
[23:18:47] [INFO] [AUTO_BOSS] id=17406 distance=417 receiver=0x1f34aaf0 method=18350 stage=1
[23:18:54] [WARN] [AUTO_BOSS] REJECT_ROUTE_TIMEOUT id=17406 base=0x200a0330
[23:18:56] [INFO] [AUTO_BOSS] selected Phát Tài id=13665 type=3060100000051 resource=2060100000051 base=0x1f1c8d70 distance=630
[23:18:57] [INFO] [AUTO_BOSS] id=13665 distance=630 receiver=0x20027430 method=18350 stage=1
[23:19:04] [WARN] [AUTO_BOSS] REJECT_ROUTE_TIMEOUT id=13665 base=0x1f1c8d70
[23:19:06] [INFO] [AUTO_BOSS] selected Phát Tài id=10221 type=3060100000051 resource=2060100000051 base=0x200a0ae0 distance=637
[23:19:07] [INFO] [AUTO_BOSS] id=10221 distance=637 receiver=0x1f34a790 method=18350 stage=1
[23:19:14] [WARN] [AUTO_BOSS] REJECT_ROUTE_TIMEOUT id=10221 base=0x200a0ae0
[23:19:17] [INFO] [AUTO_BOSS] selected Phát Tài id=16165 type=3060100000051 resource=2060100000051 base=0x2003c330 distance=643
[23:19:18] [INFO] [AUTO_BOSS] id=16165 distance=643 receiver=0x20027790 method=18350 stage=1
[23:19:24] [WARN] [AUTO_BOSS] REJECT_ROUTE_TIMEOUT id=16165 base=0x2003c330
[23:19:27] [INFO] [AUTO_BOSS] selected Phát Tài id=10719 type=3060100000051 resource=2060100000051 base=0x1f1c8850 distance=861
[23:19:27] [INFO] [AUTO_BOSS] id=10719 distance=861 receiver=0x200270d0 method=18350 stage=1
[23:19:35] [WARN] [AUTO_BOSS] REJECT_ROUTE_TIMEOUT id=10719 base=0x1f1c8850
[23:19:37] [INFO] [AUTO_BOSS] selected Phát Tài id=13866 type=3060100000051 resource=2060100000051 base=0x2006b330 distance=863
[23:19:38] [INFO] [AUTO_BOSS] id=13866 distance=863 receiver=0x2006c280 method=18350 stage=1
[23:19:45] [WARN] [AUTO_BOSS] REJECT_ROUTE_TIMEOUT id=13866 base=0x2006b330
[23:19:47] [INFO] [AUTO_BOSS] selected Phát Tài id=15574 type=3060100000051 resource=2060100000051 base=0x1f1c80a0 distance=864
[23:19:48] [INFO] [AUTO_BOSS] id=15574 distance=864 receiver=0x191e2430 method=18350 stage=1
[23:19:55] [WARN] [AUTO_BOSS] REJECT_ROUTE_TIMEOUT id=15574 base=0x1f1c80a0
[23:19:58] [INFO] [AUTO_BOSS] selected Phát Tài id=14962 type=3060100000051 resource=2060100000051 base=0x2006b850 distance=864
[23:19:59] [INFO] [AUTO_BOSS] id=14962 distance=864 receiver=0x2006c5e0 method=18350 stage=1
[23:20:06] [WARN] [AUTO_BOSS] REJECT_ROUTE_TIMEOUT id=14962 base=0x2006b850
[23:20:08] [INFO] [AUTO_BOSS] selected Phát Tài id=15072 type=3060100000051 resource=2060100000051 base=0x1f1c8ae0 distance=866
[23:20:09] [INFO] [AUTO_BOSS] id=15072 distance=866 receiver=0x20027280 method=18350 stage=1
[23:20:16] [WARN] [AUTO_BOSS] REJECT_ROUTE_TIMEOUT id=15072 base=0x1f1c8ae0
[23:20:18] [INFO] [AUTO_BOSS] selected Phát Tài id=14908 type=3060100000051 resource=2060100000051 base=0x2006bd70 distance=869
[23:20:19] [INFO] [AUTO_BOSS] id=14908 distance=869 receiver=0x2006c940 method=18350 stage=1
[23:20:26] [WARN] [AUTO_BOSS] REJECT_ROUTE_TIMEOUT id=14908 base=0x2006bd70
[23:20:29] [INFO] [AUTO_BOSS] selected Phát Tài id=14058 type=3060100000051 resource=2060100000051 base=0x2006bae0 distance=907
[23:20:29] [INFO] [AUTO_BOSS] id=14058 distance=907 receiver=0x2006c790 method=18350 stage=1
[23:20:36] [WARN] [AUTO_BOSS] REJECT_ROUTE_TIMEOUT id=14058 base=0x2006bae0
[23:20:39] [INFO] [AUTO_BOSS] selected Phát Tài id=15594 type=3060100000051 resource=2060100000051 base=0x2003c850 distance=1038
[23:20:40] [INFO] [AUTO_BOSS] id=15594 distance=1038 receiver=0x20027af0 method=18350 stage=1
[23:20:47] [WARN] [AUTO_BOSS] REJECT_ROUTE_TIMEOUT id=15594 base=0x2003c850
[23:20:49] [INFO] [AUTO_BOSS] selected Phát Tài id=17520 type=3060100000051 resource=2060100000051 base=0x2003cd70 distance=1040
[23:20:50] [INFO] [AUTO_BOSS] id=17520 distance=1040 receiver=0x20027e50 method=18350 stage=1
[23:20:57] [WARN] [AUTO_BOSS] REJECT_ROUTE_TIMEOUT id=17520 base=0x2003cd70
[23:21:00] [INFO] [AUTO_BOSS] selected Phát Tài id=13545 type=3060100000051 resource=2060100000051 base=0x2003c5c0 distance=1042
[23:21:01] [INFO] [AUTO_BOSS] id=13545 distance=1042 receiver=0x20027940 method=18350 stage=1
[23:21:08] [WARN] [AUTO_BOSS] REJECT_ROUTE_TIMEOUT id=13545 base=0x2003c5c0
[23:21:10] [INFO] [AUTO_BOSS] selected Phát Tài id=17636 type=3060100000051 resource=2060100000051 base=0x2003c0a0 distance=1048
[23:21:11] [INFO] [AUTO_BOSS] id=17636 distance=1048 receiver=0x200275e0 method=18350 stage=1
[23:21:18] [WARN] [AUTO_BOSS] REJECT_ROUTE_TIMEOUT id=17636 base=0x2003c0a0
[23:21:21] [INFO] [AUTO_BOSS] selected Phát Tài id=15017 type=3060100000051 resource=2060100000051 base=0x2006b0a0 distance=1048
[23:21:22] [INFO] [AUTO_BOSS] id=15017 distance=1048 receiver=0x2006c0d0 method=18350 stage=1
[23:21:29] [WARN] [AUTO_BOSS] REJECT_ROUTE_TIMEOUT id=15017 base=0x2006b0a0
[23:21:31] [INFO] [AUTO_BOSS] selected Phát Tài id=16156 type=3060100000051 resource=2060100000051 base=0x1f1c85c0 distance=1059
[23:21:32] [INFO] [AUTO_BOSS] id=16156 distance=1059 receiver=0x191e20d0 method=18350 stage=1
[23:21:39] [WARN] [AUTO_BOSS] REJECT_ROUTE_TIMEOUT id=16156 base=0x1f1c85c0
[23:26:16] [INFO] [AUTO_START] WAIT_WINDOW attempt=1 pass=0 pid=23660 Flash launched at original size
[23:26:22] [INFO] [AUTO_START] START_CLICKED attempt=1 pass=0 pid=23660 Bắt đầu
[23:26:46] [INFO] [AUTO_START] CHANNEL_SELECTED attempt=1 pass=0 pid=23660 channel=(449, 308) choices=1
[23:26:53] [INFO] [AUTO_START] ENTER_GAME_CLICKED attempt=1 pass=0 pid=23660 character_slot=1 slot_verified=True
[23:27:01] [INFO] [AUTO_START] MAP_READY_OPEN attempt=1 pass=0 pid=23660 Player=0x1c09d0a0 Core=0x644c0d0 world=(1177,1162)
[23:27:23] [INFO] [AUTO_START] WAIT_WINDOW attempt=1 pass=0 pid=22332 Flash launched at original size
[23:27:28] [INFO] [AUTO_START] START_CLICKED attempt=1 pass=0 pid=22332 Bắt đầu
[23:27:53] [INFO] [AUTO_START] CHANNEL_SELECTED attempt=1 pass=0 pid=22332 channel=(449, 308) choices=1
[23:28:00] [INFO] [AUTO_START] ENTER_GAME_CLICKED attempt=1 pass=0 pid=22332 character_slot=1 slot_verified=True
[23:28:06] [INFO] [AUTO_START] WAIT_MAP attempt=1 pass=0 pid=22332 Player not rooted; character/login screen
[23:28:11] [INFO] [AUTO_START] MAP_READY_OPEN attempt=1 pass=0 pid=22332 Player=0x14e950a0 Core=0x1795e0d0 world=(1478,965)
[23:29:57] [INFO] [AUTO_START] WAIT_WINDOW attempt=1 pass=0 pid=23628 Flash launched at original size
[23:30:02] [INFO] [AUTO_START] START_CLICKED attempt=1 pass=0 pid=23628 Bắt đầu
[23:30:28] [INFO] [AUTO_START] CHANNEL_SELECTED attempt=1 pass=0 pid=23628 channel=(449, 308) choices=1
[23:30:32] [INFO] [AUTO_START] ENTER_GAME_CLICKED attempt=1 pass=0 pid=23628 character_slot=1 slot_verified=True
[23:30:37] [INFO] [AUTO_START] WAIT_MAP attempt=1 pass=0 pid=23628 Player not rooted; character/login screen
[23:30:42] [INFO] [AUTO_START] MAP_READY_OPEN attempt=1 pass=0 pid=23628 Player=0x12c0b0a0 Core=0x163670d0 world=(1177,1162)
[23:31:04] [INFO] [AUTO_START] WAIT_WINDOW attempt=1 pass=0 pid=12796 Flash launched at original size
[23:31:09] [INFO] [AUTO_START] START_CLICKED attempt=1 pass=0 pid=12796 Bắt đầu
[23:31:33] [INFO] [AUTO_START] CHANNEL_SELECTED attempt=1 pass=0 pid=12796 channel=(449, 308) choices=1
[23:31:40] [INFO] [AUTO_START] ENTER_GAME_CLICKED attempt=1 pass=0 pid=12796 character_slot=1 slot_verified=True
[23:31:46] [INFO] [AUTO_START] WAIT_MAP attempt=1 pass=0 pid=12796 Player not rooted; character/login screen
[23:31:51] [INFO] [AUTO_START] MAP_READY_OPEN attempt=1 pass=0 pid=12796 Player=0x162310a0 Core=0x17de40d0 world=(1270,1170)
[23:34:17] [INFO] [AUTO_START] WAIT_WINDOW attempt=1 pass=0 pid=5936 Flash launched at original size
[23:34:23] [INFO] [AUTO_START] START_CLICKED attempt=1 pass=0 pid=5936 Bắt đầu
[23:34:47] [INFO] [AUTO_START] CHANNEL_SELECTED attempt=1 pass=0 pid=5936 channel=(449, 308) choices=1
[23:34:54] [INFO] [AUTO_START] ENTER_GAME_CLICKED attempt=1 pass=0 pid=5936 character_slot=1 slot_verified=True
[23:35:00] [INFO] [AUTO_START] WAIT_MAP attempt=1 pass=0 pid=5936 Player not rooted; character/login screen
[23:35:05] [INFO] [AUTO_START] MAP_READY_OPEN attempt=1 pass=0 pid=5936 Player=0x1235d0a0 Core=0x162170d0 world=(1177,1162)
[23:35:27] [INFO] [AUTO_START] WAIT_WINDOW attempt=1 pass=0 pid=24480 Flash launched at original size
[23:35:31] [INFO] [AUTO_START] START_CLICKED attempt=1 pass=0 pid=24480 Bắt đầu
[23:35:57] [INFO] [AUTO_START] CHANNEL_SELECTED attempt=1 pass=0 pid=24480 channel=(449, 308) choices=1
[23:36:01] [INFO] [AUTO_START] ENTER_GAME_CLICKED attempt=1 pass=0 pid=24480 character_slot=1 slot_verified=True
[23:36:08] [INFO] [AUTO_START] MAP_READY_OPEN attempt=1 pass=0 pid=24480 Player=0x14e190a0 Core=0xc6170d0 world=(438,1244)
[23:38:39] [INFO] [AUTO_START] WAIT_WINDOW attempt=1 pass=0 pid=16236 Flash launched at original size
[23:38:42] [INFO] [AUTO_START] START_CLICKED attempt=1 pass=0 pid=16236 Bắt đầu
[23:39:13] [INFO] [AUTO_START] CHANNEL_SELECTED attempt=1 pass=0 pid=16236 channel=(449, 308) choices=1
[23:39:20] [INFO] [AUTO_START] ENTER_GAME_CLICKED attempt=1 pass=0 pid=16236 character_slot=1 slot_verified=True
[23:39:25] [INFO] [AUTO_START] WAIT_MAP attempt=1 pass=0 pid=16236 Player not rooted; character/login screen
[23:39:30] [INFO] [AUTO_START] MAP_READY_OPEN attempt=1 pass=0 pid=16236 Player=0x126820a0 Core=0xcefc0d0 world=(1177,1162)
[23:39:52] [INFO] [AUTO_START] WAIT_WINDOW attempt=1 pass=0 pid=10092 Flash launched at original size
[23:39:57] [INFO] [AUTO_START] START_CLICKED attempt=1 pass=0 pid=10092 Bắt đầu
[23:40:22] [INFO] [AUTO_START] CHANNEL_SELECTED attempt=1 pass=0 pid=10092 channel=(449, 308) choices=1
[23:40:29] [INFO] [AUTO_START] ENTER_GAME_CLICKED attempt=1 pass=0 pid=10092 character_slot=1 slot_verified=True
[23:40:36] [INFO] [AUTO_START] MAP_READY_OPEN attempt=1 pass=0 pid=10092 Player=0x112e10a0 Core=0x174d10d0 world=(417,1244)
[23:43:32] [INFO] [AUTO_START] WAIT_WINDOW attempt=1 pass=0 pid=20740 Flash launched at original size
[23:43:37] [INFO] [AUTO_START] START_CLICKED attempt=1 pass=0 pid=20740 Bắt đầu
[23:44:02] [INFO] [AUTO_START] CHANNEL_SELECTED attempt=1 pass=0 pid=20740 channel=(449, 308) choices=1
[23:44:09] [INFO] [AUTO_START] ENTER_GAME_CLICKED attempt=1 pass=0 pid=20740 character_slot=1 slot_verified=True
[23:44:14] [INFO] [AUTO_START] WAIT_MAP attempt=1 pass=0 pid=20740 Player not rooted; character/login screen
[23:44:19] [INFO] [AUTO_START] MAP_READY_OPEN attempt=1 pass=0 pid=20740 Player=0x1cc860a0 Core=0xbcb40d0 world=(1177,1162)
[23:51:55] [INFO] [AUTO_START] WAIT_WINDOW attempt=1 pass=0 pid=20440 Flash launched at original size
[23:52:00] [INFO] [AUTO_START] START_CLICKED attempt=1 pass=0 pid=20440 Bắt đầu
[23:52:30] [INFO] [AUTO_START] CHANNEL_SELECTED attempt=1 pass=0 pid=20440 channel=(449, 308) choices=1
[23:52:34] [INFO] [AUTO_START] ENTER_GAME_CLICKED attempt=1 pass=0 pid=20440 character_slot=1 slot_verified=True
[23:52:41] [INFO] [AUTO_START] MAP_READY_OPEN attempt=1 pass=0 pid=20440 Player=0x1d40d0a0 Core=0x11f6e0d0 world=(1177,1162)
[23:53:03] [INFO] [AUTO_START] WAIT_WINDOW attempt=1 pass=0 pid=10172 Flash launched at original size
[23:53:08] [INFO] [AUTO_START] START_CLICKED attempt=1 pass=0 pid=10172 Bắt đầu
[23:53:33] [INFO] [AUTO_START] CHANNEL_SELECTED attempt=1 pass=0 pid=10172 channel=(449, 308) choices=1
[23:53:40] [INFO] [AUTO_START] ENTER_GAME_CLICKED attempt=1 pass=0 pid=10172 character_slot=1 slot_verified=True
[23:53:45] [INFO] [AUTO_START] WAIT_MAP attempt=1 pass=0 pid=10172 Player not rooted; character/login screen
[23:53:50] [INFO] [AUTO_START] MAP_READY_OPEN attempt=1 pass=0 pid=10172 Player=0x1520b0a0 Core=0x176b80d0 world=(439,1244)
[23:55:32] [INFO] [AUTO_START] WAIT_WINDOW attempt=1 pass=0 pid=12624 Flash launched at original size
[23:55:37] [INFO] [AUTO_START] START_CLICKED attempt=1 pass=0 pid=12624 Bắt đầu
[23:56:03] [INFO] [AUTO_START] CHANNEL_SELECTED attempt=1 pass=0 pid=12624 channel=(449, 308) choices=1
[23:56:09] [INFO] [AUTO_START] ENTER_GAME_CLICKED attempt=1 pass=0 pid=12624 character_slot=1 slot_verified=True
[23:56:15] [INFO] [AUTO_START] WAIT_MAP attempt=1 pass=0 pid=12624 Player not rooted; character/login screen
[23:56:20] [INFO] [AUTO_START] MAP_READY_OPEN attempt=1 pass=0 pid=12624 Player=0x153710a0 Core=0xbc000d0 world=(1177,1162)
[23:56:42] [INFO] [AUTO_START] WAIT_WINDOW attempt=1 pass=0 pid=19600 Flash launched at original size
[23:56:47] [INFO] [AUTO_START] START_CLICKED attempt=1 pass=0 pid=19600 Bắt đầu
[23:57:12] [INFO] [AUTO_START] CHANNEL_SELECTED attempt=1 pass=0 pid=19600 channel=(449, 308) choices=1
[23:57:18] [INFO] [AUTO_START] ENTER_GAME_CLICKED attempt=1 pass=0 pid=19600 character_slot=1 slot_verified=True
[23:57:24] [INFO] [AUTO_START] WAIT_MAP attempt=1 pass=0 pid=19600 Player not rooted; character/login screen
[23:57:29] [INFO] [AUTO_START] MAP_READY_OPEN attempt=1 pass=0 pid=19600 Player=0x1662e0a0 Core=0x17bcd0d0 world=(1187,1200)
[23:59:16] [INFO] [AUTO_START] WAIT_WINDOW attempt=1 pass=0 pid=1872 Flash launched at original size
[23:59:21] [INFO] [AUTO_START] START_CLICKED attempt=1 pass=0 pid=1872 Bắt đầu
[23:59:47] [INFO] [AUTO_START] CHANNEL_SELECTED attempt=1 pass=0 pid=1872 channel=(449, 308) choices=1
[23:59:54] [INFO] [AUTO_START] ENTER_GAME_CLICKED attempt=1 pass=0 pid=1872 character_slot=1 slot_verified=True
[23:59:59] [INFO] [AUTO_START] WAIT_MAP attempt=1 pass=0 pid=1872 Player not rooted; character/login screen
[00:00:04] [INFO] [AUTO_START] MAP_READY_OPEN attempt=1 pass=0 pid=1872 Player=0x13ef10a0 Core=0xb40b0d0 world=(1177,1162)
[00:00:26] [INFO] [AUTO_START] WAIT_WINDOW attempt=1 pass=0 pid=11316 Flash launched at original size
[00:00:31] [INFO] [AUTO_START] START_CLICKED attempt=1 pass=0 pid=11316 Bắt đầu
[00:00:56] [INFO] [AUTO_START] CHANNEL_SELECTED attempt=1 pass=0 pid=11316 channel=(449, 308) choices=1
[00:01:00] [INFO] [AUTO_START] ENTER_GAME_CLICKED attempt=1 pass=0 pid=11316 character_slot=1 slot_verified=True
[00:01:07] [INFO] [AUTO_START] MAP_READY_OPEN attempt=1 pass=0 pid=11316 Player=0x162b40a0 Core=0x1778f0d0 world=(437,1244)
[00:09:22] [INFO] [TEAM_TRAIN] CYCLE: vong 1
[00:09:22] [INFO] [TEAM_TRAIN] LOGIN: dang nhap TSk (1/5)
[00:09:22] [INFO] [AUTO_START] WAIT_WINDOW attempt=1 pass=0 pid=10520 Flash launched at original size
[00:09:27] [INFO] [AUTO_START] START_CLICKED attempt=1 pass=0 pid=10520 Bắt đầu
[00:09:57] [INFO] [AUTO_START] CHANNEL_SELECTED attempt=1 pass=0 pid=10520 channel=(449, 308) choices=1
[00:10:04] [INFO] [AUTO_START] ENTER_GAME_CLICKED attempt=1 pass=0 pid=10520 character_slot=1 slot_verified=True
[00:10:12] [INFO] [AUTO_START] MAP_READY_OPEN attempt=1 pass=0 pid=10520 Player=0x1d5440a0 Core=0xba410d0 world=(1177,1162)
[00:10:12] [INFO] [TEAM_TRAIN] LOGIN: dang nhap CB (2/5)
[00:10:34] [INFO] [AUTO_START] WAIT_WINDOW attempt=1 pass=0 pid=24180 Flash launched at original size
[00:10:38] [INFO] [AUTO_START] START_CLICKED attempt=1 pass=0 pid=24180 Bắt đầu
[00:11:08] [INFO] [AUTO_START] CHANNEL_SELECTED attempt=1 pass=0 pid=24180 channel=(449, 308) choices=1
[00:11:15] [INFO] [AUTO_START] ENTER_GAME_CLICKED attempt=1 pass=0 pid=24180 character_slot=1 slot_verified=True
[00:11:21] [INFO] [AUTO_START] WAIT_MAP attempt=1 pass=0 pid=24180 Player not rooted; character/login screen
[00:11:26] [INFO] [AUTO_START] MAP_READY_OPEN attempt=1 pass=0 pid=24180 Player=0x1225d0a0 Core=0x165e00d0 world=(934,1244)
[00:11:26] [INFO] [TEAM_TRAIN] LOGIN: dang nhap dy (3/5)
[00:11:48] [INFO] [AUTO_START] WAIT_WINDOW attempt=1 pass=0 pid=19924 Flash launched at original size
[00:11:53] [INFO] [AUTO_START] START_CLICKED attempt=1 pass=0 pid=19924 Bắt đầu
[00:12:24] [INFO] [AUTO_START] CHANNEL_SELECTED attempt=1 pass=0 pid=19924 channel=(449, 308) choices=1
[00:12:31] [INFO] [AUTO_START] ENTER_GAME_CLICKED attempt=1 pass=0 pid=19924 character_slot=2 slot_verified=True
[00:12:37] [INFO] [AUTO_START] WAIT_MAP attempt=1 pass=0 pid=19924 Player not rooted; character/login screen
[00:12:42] [INFO] [AUTO_START] MAP_READY_OPEN attempt=1 pass=0 pid=19924 Player=0x1539e0a0 Core=0xbdae0d0 world=(1158,1096)
[00:12:42] [INFO] [TEAM_TRAIN] LOGIN: dang nhap pepsi (4/5)
[00:13:04] [INFO] [AUTO_START] WAIT_WINDOW attempt=1 pass=0 pid=12060 Flash launched at original size
[00:13:09] [INFO] [AUTO_START] START_CLICKED attempt=1 pass=0 pid=12060 Bắt đầu
[00:13:35] [INFO] [AUTO_START] CHANNEL_SELECTED attempt=1 pass=0 pid=12060 channel=(449, 308) choices=1
[00:13:41] [INFO] [AUTO_START] ENTER_GAME_CLICKED attempt=1 pass=0 pid=12060 character_slot=1 slot_verified=True
[00:13:47] [INFO] [AUTO_START] WAIT_MAP attempt=1 pass=0 pid=12060 Player not rooted; character/login screen
[00:13:52] [INFO] [AUTO_START] MAP_READY_OPEN attempt=1 pass=0 pid=12060 Player=0xfee00a0 Core=0x9b210d0 world=(1150,1000)
[00:13:52] [INFO] [TEAM_TRAIN] LOGIN: dang nhap hshehe (5/5)
[00:14:14] [INFO] [AUTO_START] WAIT_WINDOW attempt=1 pass=0 pid=23344 Flash launched at original size
[00:14:19] [INFO] [AUTO_START] START_CLICKED attempt=1 pass=0 pid=23344 Bắt đầu
[00:14:50] [INFO] [AUTO_START] CHANNEL_SELECTED attempt=1 pass=0 pid=23344 channel=(449, 308) choices=1
[00:14:58] [INFO] [AUTO_START] ENTER_GAME_CLICKED attempt=1 pass=0 pid=23344 character_slot=1 slot_verified=True
[00:15:03] [INFO] [AUTO_START] WAIT_MAP attempt=1 pass=0 pid=23344 Player not rooted; character/login screen
[00:15:09] [INFO] [AUTO_START] MAP_READY_OPEN attempt=1 pass=0 pid=23344 Player=0x136c40a0 Core=0xd4b80d0 world=(1097,1303)
[00:15:11] [INFO] [TEAM_TRAIN] TSk Auto=AUTO_ON
[00:15:14] [INFO] [TEAM_TRAIN] CB Auto=AUTO_ON
[00:15:17] [INFO] [TEAM_TRAIN] dy Auto=AUTO_ON
[00:15:20] [INFO] [TEAM_TRAIN] pepsi Auto=AUTO_ON
[00:15:23] [INFO] [TEAM_TRAIN] hshehe Auto=AUTO_ON
[00:15:25] [INFO] [TEAM_TRAIN] TRAVEL: TSk -> Lạp Tuyết Địa
[00:18:11] [INFO] [TEAM_TRAIN] TRAVEL_FAILED: TSk khong toi duoc Lạp Tuyết Địa
[00:18:11] [INFO] [TEAM_TRAIN] RESTARTING: train khong tiep tuc duoc; dong ca 5 acc roi bat lai (lan 1)
[00:18:22] [INFO] [TEAM_TRAIN] CYCLE: vong 2
[00:18:22] [INFO] [TEAM_TRAIN] LOGIN: dang nhap TSk (1/5)
[00:18:22] [INFO] [AUTO_START] WAIT_WINDOW attempt=1 pass=0 pid=7680 Flash launched at original size
[00:18:26] [INFO] [AUTO_START] START_CLICKED attempt=1 pass=0 pid=7680 Bắt đầu
[00:18:56] [INFO] [AUTO_START] CHANNEL_SELECTED attempt=1 pass=0 pid=7680 channel=(449, 308) choices=1
[00:19:03] [INFO] [AUTO_START] ENTER_GAME_CLICKED attempt=1 pass=0 pid=7680 character_slot=1 slot_verified=True
[00:19:08] [INFO] [AUTO_START] WAIT_MAP attempt=1 pass=0 pid=7680 Player not rooted; character/login screen
[00:19:14] [INFO] [AUTO_START] MAP_READY_OPEN attempt=1 pass=0 pid=7680 Player=0xbd570a0 Core=0x147ca0d0 world=(1177,1162)
[00:19:14] [INFO] [TEAM_TRAIN] LOGIN: dang nhap CB (2/5)
[00:19:36] [INFO] [AUTO_START] WAIT_WINDOW attempt=1 pass=0 pid=23756 Flash launched at original size
[00:20:54] [INFO] [AUTO_START] WAIT_WINDOW attempt=1 pass=0 pid=3908 Flash launched at original size
[00:21:00] [INFO] [AUTO_START] START_CLICKED attempt=1 pass=0 pid=3908 Bắt đầu
[00:21:27] [INFO] [AUTO_START] CHANNEL_SELECTED attempt=1 pass=0 pid=3908 channel=(449, 308) choices=1
[00:21:34] [INFO] [AUTO_START] ENTER_GAME_CLICKED attempt=1 pass=0 pid=3908 character_slot=1 slot_verified=True
[00:21:42] [INFO] [AUTO_START] MAP_READY_OPEN attempt=1 pass=0 pid=3908 Player=0x1d4790a0 Core=0xc9d40d0 world=(1177,1162)
[00:43:30] [INFO] [AUTO_START] WAIT_WINDOW attempt=1 pass=0 pid=19740 Flash launched at original size
[00:43:35] [INFO] [AUTO_START] START_CLICKED attempt=1 pass=0 pid=19740 Bắt đầu
[00:44:00] [INFO] [AUTO_START] CHANNEL_SELECTED attempt=1 pass=0 pid=19740 channel=(449, 308) choices=1
[00:44:07] [INFO] [AUTO_START] ENTER_GAME_CLICKED attempt=1 pass=0 pid=19740 character_slot=1 slot_verified=True
[00:44:13] [INFO] [AUTO_START] WAIT_MAP attempt=1 pass=0 pid=19740 Player not rooted; character/login screen
[00:44:18] [INFO] [AUTO_START] MAP_READY_OPEN attempt=1 pass=0 pid=19740 Player=0x1d98b0a0 Core=0x1848d0d0 world=(1177,1162)
[01:00:34] [INFO] [AUTO_START] WAIT_WINDOW attempt=1 pass=0 pid=13188 Flash launched at original size
[01:00:39] [INFO] [AUTO_START] START_CLICKED attempt=1 pass=0 pid=13188 Bắt đầu
[01:01:05] [INFO] [AUTO_START] CHANNEL_SELECTED attempt=1 pass=0 pid=13188 channel=(449, 308) choices=1
[01:01:12] [INFO] [AUTO_START] ENTER_GAME_CLICKED attempt=1 pass=0 pid=13188 character_slot=1 slot_verified=True
[01:01:18] [INFO] [AUTO_START] WAIT_MAP attempt=1 pass=0 pid=13188 Player not rooted; character/login screen
[01:01:23] [INFO] [AUTO_START] MAP_READY_OPEN attempt=1 pass=0 pid=13188 Player=0x1c4f30a0 Core=0x1727c0d0 world=(1190,1105)
[01:09:36] [INFO] [AUTO_START] WAIT_WINDOW attempt=1 pass=0 pid=18500 Flash launched at original size
[01:09:40] [INFO] [AUTO_START] START_CLICKED attempt=1 pass=0 pid=18500 Bắt đầu
[01:10:09] [INFO] [AUTO_START] CHANNEL_SELECTED attempt=1 pass=0 pid=18500 channel=(449, 308) choices=1
[01:10:16] [INFO] [AUTO_START] ENTER_GAME_CLICKED attempt=1 pass=0 pid=18500 character_slot=1 slot_verified=True
[01:10:22] [INFO] [AUTO_START] WAIT_MAP attempt=1 pass=0 pid=18500 Player not rooted; character/login screen
[01:10:27] [INFO] [AUTO_START] MAP_READY_OPEN attempt=1 pass=0 pid=18500 Player=0x1c0e40a0 Core=0xc5280d0 world=(934,1244)
[08:48:08] [INFO] [AUTO_START] WAIT_WINDOW attempt=1 pass=0 pid=5248 Flash launched at original size
[08:48:18] [INFO] [AUTO_START] START_CLICKED attempt=1 pass=0 pid=5248 Bắt đầu
[08:48:43] [INFO] [AUTO_START] CHANNEL_SELECTED attempt=1 pass=0 pid=5248 channel=(449, 308) choices=1
[08:48:50] [INFO] [AUTO_START] ENTER_GAME_CLICKED attempt=1 pass=0 pid=5248 character_slot=1 slot_verified=True
[08:48:55] [INFO] [AUTO_START] WAIT_MAP attempt=1 pass=0 pid=5248 Player not rooted; character/login screen
[08:49:01] [INFO] [AUTO_START] MAP_READY_OPEN attempt=1 pass=0 pid=5248 Player=0x10ce50a0 Core=0xb1690d0 world=(1190,1105)
[08:49:23] [INFO] [AUTO_START] WAIT_WINDOW attempt=1 pass=0 pid=9492 Flash launched at original size
[08:49:28] [INFO] [AUTO_START] START_CLICKED attempt=1 pass=0 pid=9492 Bắt đầu
[08:49:53] [INFO] [AUTO_START] CHANNEL_SELECTED attempt=1 pass=0 pid=9492 channel=(449, 308) choices=1
[08:49:57] [INFO] [AUTO_START] ENTER_GAME_CLICKED attempt=1 pass=0 pid=9492 character_slot=1 slot_verified=True
[08:50:04] [INFO] [AUTO_START] MAP_READY_OPEN attempt=1 pass=0 pid=9492 Player=0x1661f0a0 Core=0x17c840d0 world=(934,1244)
[09:09:28] [INFO] [AUTO_START] WAIT_WINDOW attempt=1 pass=0 pid=3656 Flash launched at original size
[09:09:33] [INFO] [AUTO_START] START_CLICKED attempt=1 pass=0 pid=3656 Bắt đầu
[09:09:58] [INFO] [AUTO_START] CHANNEL_SELECTED attempt=1 pass=0 pid=3656 channel=(449, 308) choices=1
[09:10:04] [INFO] [AUTO_START] ENTER_GAME_CLICKED attempt=1 pass=0 pid=3656 character_slot=1 slot_verified=True
[09:10:10] [INFO] [AUTO_START] WAIT_MAP attempt=1 pass=0 pid=3656 Player not rooted; character/login screen
[09:10:15] [INFO] [AUTO_START] MAP_READY_OPEN attempt=1 pass=0 pid=3656 Player=0x157c60a0 Core=0xbf450d0 world=(1190,1105)
[09:10:37] [INFO] [AUTO_START] WAIT_WINDOW attempt=1 pass=0 pid=1500 Flash launched at original size
[09:10:42] [INFO] [AUTO_START] START_CLICKED attempt=1 pass=0 pid=1500 Bắt đầu
[09:11:06] [INFO] [AUTO_START] CHANNEL_SELECTED attempt=1 pass=0 pid=1500 channel=(449, 308) choices=1
[09:11:13] [INFO] [AUTO_START] ENTER_GAME_CLICKED attempt=1 pass=0 pid=1500 character_slot=1 slot_verified=True
[09:11:18] [INFO] [AUTO_START] WAIT_MAP attempt=1 pass=0 pid=1500 Player not rooted; character/login screen
[09:11:23] [INFO] [AUTO_START] MAP_READY_OPEN attempt=1 pass=0 pid=1500 Player=0x12cdb0a0 Core=0x95c50d0 world=(1216,1134)
[09:46:59] [INFO] [AUTO_START] WAIT_WINDOW attempt=1 pass=0 pid=1916 Flash launched at original size
[09:47:04] [INFO] [AUTO_START] START_CLICKED attempt=1 pass=0 pid=1916 Bắt đầu
[09:47:29] [INFO] [AUTO_START] CHANNEL_SELECTED attempt=1 pass=0 pid=1916 channel=(449, 308) choices=1
[09:47:36] [INFO] [AUTO_START] ENTER_GAME_CLICKED attempt=1 pass=0 pid=1916 character_slot=1 slot_verified=True
[09:47:41] [INFO] [AUTO_START] WAIT_MAP attempt=1 pass=0 pid=1916 Player not rooted; character/login screen
[09:47:46] [INFO] [AUTO_START] MAP_READY_OPEN attempt=1 pass=0 pid=1916 Player=0xf4370a0 Core=0x16c9f0d0 world=(1235,962)
[09:48:08] [INFO] [AUTO_START] WAIT_WINDOW attempt=1 pass=0 pid=6216 Flash launched at original size
[09:48:13] [INFO] [AUTO_START] START_CLICKED attempt=1 pass=0 pid=6216 Bắt đầu
[09:48:38] [INFO] [AUTO_START] CHANNEL_SELECTED attempt=1 pass=0 pid=6216 channel=(449, 308) choices=1
[09:48:45] [INFO] [AUTO_START] ENTER_GAME_CLICKED attempt=1 pass=0 pid=6216 character_slot=1 slot_verified=True
[09:48:52] [INFO] [AUTO_START] MAP_READY_OPEN attempt=1 pass=0 pid=6216 Player=0x1b69f0a0 Core=0x18b4b0d0 world=(1237,1028)
[09:54:25] [INFO] [AUTO_START] WAIT_WINDOW attempt=1 pass=0 pid=16976 Flash launched at original size
[09:54:29] [INFO] [AUTO_START] START_CLICKED attempt=1 pass=0 pid=16976 Bắt đầu
[09:54:55] [INFO] [AUTO_START] CHANNEL_SELECTED attempt=1 pass=0 pid=16976 channel=(449, 308) choices=1
[09:54:59] [INFO] [AUTO_START] ENTER_GAME_CLICKED attempt=1 pass=0 pid=16976 character_slot=1 slot_verified=True
[09:55:06] [INFO] [AUTO_START] MAP_READY_OPEN attempt=1 pass=0 pid=16976 Player=0x10ffb0a0 Core=0x1555b0d0 world=(1235,962)
[09:55:28] [INFO] [AUTO_START] WAIT_WINDOW attempt=1 pass=0 pid=18112 Flash launched at original size
[09:55:33] [INFO] [AUTO_START] START_CLICKED attempt=1 pass=0 pid=18112 Bắt đầu
[09:55:57] [INFO] [AUTO_START] CHANNEL_SELECTED attempt=1 pass=0 pid=18112 channel=(449, 308) choices=1
[09:56:04] [INFO] [AUTO_START] ENTER_GAME_CLICKED attempt=1 pass=0 pid=18112 character_slot=1 slot_verified=True
[09:56:10] [INFO] [AUTO_START] WAIT_MAP attempt=1 pass=0 pid=18112 Player not rooted; character/login screen
[09:56:15] [INFO] [AUTO_START] MAP_READY_OPEN attempt=1 pass=0 pid=18112 Player=0x15d400a0 Core=0xd1210d0 world=(1237,1028)
[09:56:37] [INFO] [AUTO_START] WAIT_WINDOW attempt=1 pass=0 pid=4352 Flash launched at original size
[09:56:42] [INFO] [AUTO_START] START_CLICKED attempt=1 pass=0 pid=4352 Bắt đầu
[09:57:07] [INFO] [AUTO_START] CHANNEL_SELECTED attempt=1 pass=0 pid=4352 channel=(449, 308) choices=1
[09:57:14] [INFO] [AUTO_START] ENTER_GAME_CLICKED attempt=1 pass=0 pid=4352 character_slot=2 slot_verified=True
[09:57:19] [INFO] [AUTO_START] WAIT_MAP attempt=1 pass=0 pid=4352 Player not rooted; character/login screen
[09:57:24] [INFO] [AUTO_START] MAP_READY_OPEN attempt=1 pass=0 pid=4352 Player=0x1cda80a0 Core=0x175950d0 world=(1158,1096)
[09:57:46] [INFO] [AUTO_START] WAIT_WINDOW attempt=1 pass=0 pid=14448 Flash launched at original size
[09:57:51] [INFO] [AUTO_START] START_CLICKED attempt=1 pass=0 pid=14448 Bắt đầu
[09:58:16] [INFO] [AUTO_START] CHANNEL_SELECTED attempt=1 pass=0 pid=14448 channel=(449, 308) choices=1
[09:58:23] [INFO] [AUTO_START] ENTER_GAME_CLICKED attempt=1 pass=0 pid=14448 character_slot=1 slot_verified=True
[09:58:29] [INFO] [AUTO_START] WAIT_MAP attempt=1 pass=0 pid=14448 Player not rooted; character/login screen
[09:58:34] [INFO] [AUTO_START] MAP_READY_OPEN attempt=1 pass=0 pid=14448 Player=0x14d7b0a0 Core=0xc5000d0 world=(1150,1000)
[09:58:56] [INFO] [AUTO_START] WAIT_WINDOW attempt=1 pass=0 pid=8840 Flash launched at original size
[09:59:01] [INFO] [AUTO_START] START_CLICKED attempt=1 pass=0 pid=8840 Bắt đầu
[09:59:26] [INFO] [AUTO_START] CHANNEL_SELECTED attempt=1 pass=0 pid=8840 channel=(449, 308) choices=1
[09:59:33] [INFO] [AUTO_START] ENTER_GAME_CLICKED attempt=1 pass=0 pid=8840 character_slot=1 slot_verified=True
[09:59:38] [INFO] [AUTO_START] WAIT_MAP attempt=1 pass=0 pid=8840 Player not rooted; character/login screen
[09:59:43] [INFO] [AUTO_START] MAP_READY_OPEN attempt=1 pass=0 pid=8840 Player=0x14b6e0a0 Core=0x16fe10d0 world=(1097,1303)
[10:02:20] [INFO] [AUTO_START] WAIT_WINDOW attempt=1 pass=0 pid=18264 Flash launched at original size
[10:02:24] [INFO] [AUTO_START] START_CLICKED attempt=1 pass=0 pid=18264 Bắt đầu
[10:02:53] [INFO] [AUTO_START] CHANNEL_SELECTED attempt=1 pass=0 pid=18264 channel=(449, 308) choices=1
[10:03:00] [INFO] [AUTO_START] ENTER_GAME_CLICKED attempt=1 pass=0 pid=18264 character_slot=1 slot_verified=True
[10:03:06] [INFO] [AUTO_START] WAIT_MAP attempt=1 pass=0 pid=18264 Player not rooted; character/login screen
[10:03:11] [INFO] [AUTO_START] MAP_READY_OPEN attempt=1 pass=0 pid=18264 Player=0x1b6210a0 Core=0xbdc40d0 world=(1235,962)
[10:03:33] [INFO] [AUTO_START] WAIT_WINDOW attempt=1 pass=0 pid=4380 Flash launched at original size
[10:03:37] [INFO] [AUTO_START] START_CLICKED attempt=1 pass=0 pid=4380 Bắt đầu
[10:04:02] [INFO] [AUTO_START] CHANNEL_SELECTED attempt=1 pass=0 pid=4380 channel=(449, 308) choices=1
[10:04:08] [INFO] [AUTO_START] ENTER_GAME_CLICKED attempt=1 pass=0 pid=4380 character_slot=1 slot_verified=True
[10:04:14] [INFO] [AUTO_START] WAIT_MAP attempt=1 pass=0 pid=4380 Player not rooted; character/login screen
[10:04:19] [INFO] [AUTO_START] MAP_READY_OPEN attempt=1 pass=0 pid=4380 Player=0xf2bc0a0 Core=0x177160d0 world=(1150,1000)
[10:04:41] [INFO] [AUTO_START] WAIT_WINDOW attempt=1 pass=0 pid=2020 Flash launched at original size
[10:04:46] [INFO] [AUTO_START] START_CLICKED attempt=1 pass=0 pid=2020 Bắt đầu
[10:05:10] [INFO] [AUTO_START] CHANNEL_SELECTED attempt=1 pass=0 pid=2020 channel=(449, 308) choices=1
[10:05:17] [INFO] [AUTO_START] ENTER_GAME_CLICKED attempt=1 pass=0 pid=2020 character_slot=2 slot_verified=True
[10:05:25] [INFO] [AUTO_START] MAP_READY_OPEN attempt=1 pass=0 pid=2020 Player=0x1d0040a0 Core=0x1769b0d0 world=(1158,1096)
[10:10:58] [INFO] [TEAM_TRAIN] CYCLE: vong 1
[10:10:58] [INFO] [TEAM_TRAIN] LOGIN: dang nhap TSk (1/5)
[10:10:58] [INFO] [AUTO_START] WAIT_WINDOW attempt=1 pass=0 pid=18344 Flash launched at original size
[10:11:02] [INFO] [AUTO_START] START_CLICKED attempt=1 pass=0 pid=18344 Bắt đầu
[10:11:27] [INFO] [AUTO_START] CHANNEL_SELECTED attempt=1 pass=0 pid=18344 channel=(449, 308) choices=1
[10:11:34] [INFO] [AUTO_START] ENTER_GAME_CLICKED attempt=1 pass=0 pid=18344 character_slot=1 slot_verified=True
[10:11:39] [INFO] [AUTO_START] WAIT_MAP attempt=1 pass=0 pid=18344 Player not rooted; character/login screen
[10:11:44] [INFO] [AUTO_START] MAP_READY_OPEN attempt=1 pass=0 pid=18344 Player=0x13e160a0 Core=0x17bf40d0 world=(1300,900)
[10:11:44] [INFO] [TEAM_TRAIN] LOGIN: dang nhap CB (2/5)
[10:12:06] [INFO] [AUTO_START] WAIT_WINDOW attempt=1 pass=0 pid=17312 Flash launched at original size
[10:12:11] [INFO] [AUTO_START] START_CLICKED attempt=1 pass=0 pid=17312 Bắt đầu
[10:12:35] [INFO] [AUTO_START] CHANNEL_SELECTED attempt=1 pass=0 pid=17312 channel=(449, 308) choices=1
[10:12:42] [INFO] [AUTO_START] ENTER_GAME_CLICKED attempt=1 pass=0 pid=17312 character_slot=1 slot_verified=True
[10:12:47] [INFO] [AUTO_START] WAIT_MAP attempt=1 pass=0 pid=17312 Player not rooted; character/login screen
[10:12:52] [INFO] [AUTO_START] MAP_READY_OPEN attempt=1 pass=0 pid=17312 Player=0x53d10a0 Core=0xae730d0 world=(1237,1028)
[10:12:52] [INFO] [TEAM_TRAIN] LOGIN: dang nhap dy (3/5)
[10:13:14] [INFO] [AUTO_START] WAIT_WINDOW attempt=1 pass=0 pid=9716 Flash launched at original size
[10:13:19] [INFO] [AUTO_START] START_CLICKED attempt=1 pass=0 pid=9716 Bắt đầu
[10:13:44] [INFO] [AUTO_START] CHANNEL_SELECTED attempt=1 pass=0 pid=9716 channel=(449, 308) choices=1
[10:13:50] [INFO] [AUTO_START] ENTER_GAME_CLICKED attempt=1 pass=0 pid=9716 character_slot=2 slot_verified=True
[10:13:56] [INFO] [AUTO_START] WAIT_MAP attempt=1 pass=0 pid=9716 Player not rooted; character/login screen
[10:14:01] [INFO] [AUTO_START] MAP_READY_OPEN attempt=1 pass=0 pid=9716 Player=0x15fad0a0 Core=0xd5cb0d0 world=(1266,930)
[10:14:01] [INFO] [TEAM_TRAIN] LOGIN: dang nhap pepsi (4/5)
[10:14:23] [INFO] [AUTO_START] WAIT_WINDOW attempt=1 pass=0 pid=17892 Flash launched at original size
[10:14:27] [INFO] [AUTO_START] START_CLICKED attempt=1 pass=0 pid=17892 Bắt đầu
[10:14:53] [INFO] [AUTO_START] CHANNEL_SELECTED attempt=1 pass=0 pid=17892 channel=(449, 308) choices=1
[10:15:00] [INFO] [AUTO_START] ENTER_GAME_CLICKED attempt=1 pass=0 pid=17892 character_slot=1 slot_verified=True
[10:15:05] [INFO] [AUTO_START] WAIT_MAP attempt=1 pass=0 pid=17892 Player not rooted; character/login screen
[10:15:10] [INFO] [AUTO_START] MAP_READY_OPEN attempt=1 pass=0 pid=17892 Player=0x109d20a0 Core=0x1860d0d0 world=(1300,900)
[10:15:10] [INFO] [TEAM_TRAIN] LOGIN: dang nhap hshehe (5/5)
[10:15:32] [INFO] [AUTO_START] WAIT_WINDOW attempt=1 pass=0 pid=18400 Flash launched at original size
[10:15:37] [INFO] [AUTO_START] START_CLICKED attempt=1 pass=0 pid=18400 Bắt đầu
[10:16:03] [INFO] [AUTO_START] CHANNEL_SELECTED attempt=1 pass=0 pid=18400 channel=(449, 308) choices=1
[10:16:10] [INFO] [AUTO_START] ENTER_GAME_CLICKED attempt=1 pass=0 pid=18400 character_slot=1 slot_verified=True
[10:16:15] [INFO] [AUTO_START] WAIT_MAP attempt=1 pass=0 pid=18400 Player not rooted; character/login screen
[10:16:20] [INFO] [AUTO_START] MAP_READY_OPEN attempt=1 pass=0 pid=18400 Player=0x139a00a0 Core=0x15e0d0d0 world=(1097,1303)
[10:16:23] [INFO] [TEAM_TRAIN] TSk Auto=AUTO_ON
[10:16:26] [INFO] [TEAM_TRAIN] CB Auto=AUTO_ON
[10:16:29] [INFO] [TEAM_TRAIN] dy Auto=AUTO_ON
[10:16:32] [INFO] [TEAM_TRAIN] pepsi Auto=AUTO_ON
[10:16:35] [INFO] [TEAM_TRAIN] hshehe Auto=AUTO_ON
[10:16:38] [INFO] [TEAM_TRAIN] TRAVEL: CB -> Lạp Tuyết Địa
[10:16:58] [INFO] [TEAM_TRAIN] TRAVEL: hshehe -> Lạp Tuyết Địa
[10:17:15] [INFO] [TEAM_TRAIN] TSk Auto=AUTO_ON
[10:17:16] [INFO] [TEAM_TRAIN] CB Auto=AUTO_ON
[10:17:16] [INFO] [TEAM_TRAIN] dy Auto=AUTO_ON
[10:17:17] [INFO] [TEAM_TRAIN] pepsi Auto=AUTO_ON
[10:17:18] [INFO] [TEAM_TRAIN] hshehe Auto=AUTO_ON
[10:17:18] [INFO] [TEAM_TRAIN] PARTY_FORMING: key TSk moi 4 member
[10:17:24] [INFO] [TEAM_TRAIN] member 17312 cid=3220 joined=True (x1)
[10:17:30] [INFO] [TEAM_TRAIN] member 9716 cid=3239 joined=True (x1)
[10:17:36] [INFO] [TEAM_TRAIN] member 17892 cid=53 joined=True (x1)
[10:17:43] [INFO] [TEAM_TRAIN] member 18400 cid=4159 joined=True (x1)
[10:17:43] [INFO] [TEAM_TRAIN] PARTY_DONE: 4/4 member vao nhom
[10:17:51] [INFO] [TEAM_TRAIN] TRAINING: Lạp Tuyết Địa: can 3 tran moi acc
[10:22:55] [INFO] [TEAM_TRAIN] STALLED: Lạp Tuyết Địa: khong co tran nao trong 300s
[10:22:55] [INFO] [TEAM_TRAIN] RESTARTING: train khong tiep tuc duoc; dong ca 5 acc roi bat lai (lan 1)
[10:23:05] [INFO] [TEAM_TRAIN] CYCLE: vong 2
[10:23:05] [INFO] [TEAM_TRAIN] LOGIN: dang nhap TSk (1/5)
[10:23:05] [INFO] [AUTO_START] WAIT_WINDOW attempt=1 pass=0 pid=16868 Flash launched at original size
[10:23:10] [INFO] [AUTO_START] START_CLICKED attempt=1 pass=0 pid=16868 Bắt đầu
[10:23:35] [INFO] [AUTO_START] CHANNEL_SELECTED attempt=1 pass=0 pid=16868 channel=(449, 308) choices=1
[10:23:42] [INFO] [AUTO_START] ENTER_GAME_CLICKED attempt=1 pass=0 pid=16868 character_slot=1 slot_verified=True
[10:23:47] [INFO] [AUTO_START] WAIT_MAP attempt=1 pass=0 pid=16868 Player not rooted; character/login screen
[10:23:52] [INFO] [AUTO_START] MAP_READY_OPEN attempt=1 pass=0 pid=16868 Player=0x159540a0 Core=0xc33d0d0 world=(1300,900)
[10:23:52] [INFO] [TEAM_TRAIN] LOGIN: dang nhap CB (2/5)
[10:25:47] [INFO] [AUTO_START] WAIT_WINDOW attempt=1 pass=0 pid=15484 Flash launched at original size
[10:25:50] [INFO] [AUTO_START] START_CLICKED attempt=1 pass=0 pid=15484 Bắt đầu
[10:26:16] [INFO] [AUTO_START] CHANNEL_SELECTED attempt=1 pass=0 pid=15484 channel=(449, 308) choices=1
[10:26:23] [INFO] [AUTO_START] ENTER_GAME_CLICKED attempt=1 pass=0 pid=15484 character_slot=1 slot_verified=True
[10:26:28] [INFO] [AUTO_START] WAIT_MAP attempt=1 pass=0 pid=15484 Player not rooted; character/login screen
[10:26:33] [INFO] [AUTO_START] MAP_READY_OPEN attempt=1 pass=0 pid=15484 Player=0x1d4560a0 Core=0x15a630d0 world=(1300,900)
[13:19:23] [INFO] [AUTO_START] WAIT_WINDOW attempt=1 pass=0 pid=8440 Flash launched at original size
[13:19:29] [INFO] [AUTO_START] START_CLICKED attempt=1 pass=0 pid=8440 Bắt đầu
[13:19:58] [INFO] [AUTO_START] CHANNEL_SELECTED attempt=1 pass=0 pid=8440 channel=(449, 308) choices=1
[13:20:05] [INFO] [AUTO_START] ENTER_GAME_CLICKED attempt=1 pass=0 pid=8440 character_slot=1 slot_verified=True
[13:20:12] [INFO] [AUTO_START] MAP_READY_OPEN attempt=1 pass=0 pid=8440 Player=0x1e0c40a0 Core=0x890f0d0 world=(885,753)
[13:51:45] [INFO] [AUTO_START] WAIT_WINDOW attempt=1 pass=0 pid=10368 Flash launched at original size
[13:51:50] [INFO] [AUTO_START] START_CLICKED attempt=1 pass=0 pid=10368 Bắt đầu
[13:54:47] [INFO] [AUTO_START] FAILED_CLOSED attempt=1 pass=0 pid=10368 timeout before rooted map
[13:54:59] [INFO] [AUTO_START] WAIT_WINDOW attempt=1 pass=0 pid=2948 Flash launched at original size
[13:55:03] [INFO] [AUTO_START] START_CLICKED attempt=1 pass=0 pid=2948 Bắt đầu
[13:58:01] [INFO] [AUTO_START] FAILED_CLOSED attempt=1 pass=0 pid=2948 timeout before rooted map
[20:38:29] [INFO] [AUTO_START] WAIT_WINDOW attempt=1 pass=0 pid=15116 Flash launched at original size
[20:38:33] [INFO] [AUTO_START] START_CLICKED attempt=1 pass=0 pid=15116 Bắt đầu
[20:39:02] [INFO] [AUTO_START] CHANNEL_SELECTED attempt=1 pass=0 pid=15116 channel=(449, 308) choices=1
[20:39:07] [INFO] [AUTO_START] ENTER_GAME_CLICKED attempt=1 pass=0 pid=15116 character_slot=1 slot_verified=True
[20:39:12] [INFO] [AUTO_START] MAP_READY_OPEN attempt=1 pass=0 pid=15116 Player=0x1c1980a0 Core=0x168310d0 world=(531,1345)
[20:56:05] [WARN] [HEALTH] dong client CB (pid 15116)
[20:56:08] [INFO] [HEALTH] mo lai CB ...
[20:56:08] [INFO] [AUTO_START] WAIT_WINDOW attempt=1 pass=0 pid=1824 Flash launched at original size
[20:56:13] [INFO] [AUTO_START] START_CLICKED attempt=1 pass=0 pid=1824 Bắt đầu
[20:56:38] [INFO] [AUTO_START] CHANNEL_SELECTED attempt=1 pass=0 pid=1824 channel=(449, 308) choices=1
[20:56:42] [INFO] [AUTO_START] ENTER_GAME_CLICKED attempt=1 pass=0 pid=1824 character_slot=1 slot_verified=True
[20:56:47] [INFO] [AUTO_START] MAP_READY_OPEN attempt=1 pass=0 pid=1824 Player=0xefbe0a0 Core=0xabd20d0 world=(2188,318)
[20:56:47] [INFO] [HEALTH] CB vao lai xong: pid=1824
[21:58:24] [INFO] [AUTO_START] WAIT_WINDOW attempt=1 pass=0 pid=12304 Flash launched at original size
[21:58:31] [INFO] [AUTO_START] START_CLICKED attempt=1 pass=0 pid=12304 Bắt đầu
[21:58:59] [INFO] [AUTO_START] CHANNEL_SELECTED attempt=1 pass=0 pid=12304 channel=(449, 308) choices=1
[21:59:04] [INFO] [AUTO_START] ENTER_GAME_CLICKED attempt=1 pass=0 pid=12304 character_slot=1 slot_verified=True
[21:59:10] [INFO] [AUTO_START] MAP_READY_OPEN attempt=1 pass=0 pid=12304 Player=0x1afc60a0 Core=0xac880d0 world=(2188,318)
[22:22:36] [INFO] [AUTO_START] WAIT_WINDOW attempt=1 pass=0 pid=13776 Flash launched at original size
[22:22:39] [INFO] [AUTO_START] START_CLICKED attempt=1 pass=0 pid=13776 Bắt đầu
[22:23:09] [INFO] [AUTO_START] CHANNEL_SELECTED attempt=1 pass=0 pid=13776 channel=(449, 308) choices=1
[22:23:14] [INFO] [AUTO_START] ENTER_GAME_CLICKED attempt=1 pass=0 pid=13776 character_slot=1 slot_verified=True
[22:23:19] [INFO] [AUTO_START] MAP_READY_OPEN attempt=1 pass=0 pid=13776 Player=0x1401c0a0 Core=0xcda70d0 world=(1950,922)
[23:01:51] [WARN] [HEALTH] dong client CB (pid 13776)
[23:01:54] [INFO] [HEALTH] mo lai CB ...
[23:01:54] [INFO] [AUTO_START] WAIT_WINDOW attempt=1 pass=0 pid=11748 Flash launched at original size
[23:01:59] [INFO] [AUTO_START] START_CLICKED attempt=1 pass=0 pid=11748 Bắt đầu
[23:02:24] [INFO] [AUTO_START] CHANNEL_SELECTED attempt=1 pass=0 pid=11748 channel=(449, 308) choices=1
[23:02:28] [INFO] [AUTO_START] ENTER_GAME_CLICKED attempt=1 pass=0 pid=11748 character_slot=1 slot_verified=True
[23:02:33] [INFO] [AUTO_START] MAP_READY_OPEN attempt=1 pass=0 pid=11748 Player=0xa2530a0 Core=0xcd980d0 world=(1951,1061)
[23:02:33] [INFO] [HEALTH] CB vao lai xong: pid=11748
[23:06:37] [WARN] [HEALTH] dong client CB (pid 11748)
[23:06:40] [INFO] [HEALTH] mo lai CB ...
[23:06:40] [INFO] [AUTO_START] WAIT_WINDOW attempt=1 pass=0 pid=4724 Flash launched at original size
[23:06:45] [INFO] [AUTO_START] START_CLICKED attempt=1 pass=0 pid=4724 Bắt đầu
[23:07:10] [INFO] [AUTO_START] CHANNEL_SELECTED attempt=1 pass=0 pid=4724 channel=(449, 308) choices=1
[23:07:14] [INFO] [AUTO_START] ENTER_GAME_CLICKED attempt=1 pass=0 pid=4724 character_slot=1 slot_verified=True
[23:07:19] [INFO] [AUTO_START] MAP_READY_OPEN attempt=1 pass=0 pid=4724 Player=0x129350a0 Core=0x15e6c0d0 world=(1100,680)
[23:07:19] [INFO] [HEALTH] CB vao lai xong: pid=4724
[00:54:30] [INFO] [AUTO_START] WAIT_WINDOW attempt=1 pass=0 pid=12640 Flash launched at original size
[00:54:36] [INFO] [AUTO_START] START_CLICKED attempt=1 pass=0 pid=12640 Bắt đầu
[00:55:03] [INFO] [AUTO_START] CHANNEL_SELECTED attempt=1 pass=0 pid=12640 channel=(449, 308) choices=1
[00:55:07] [INFO] [AUTO_START] ENTER_GAME_CLICKED attempt=1 pass=0 pid=12640 character_slot=1 slot_verified=True
[00:55:12] [INFO] [AUTO_START] MAP_READY_OPEN attempt=1 pass=0 pid=12640 Player=0xc86a0a0 Core=0xf3a30d0 world=(2441,216)
[07:20:30] [INFO] [AUTO_START] WAIT_WINDOW attempt=1 pass=0 pid=11564 Flash launched at original size
[07:20:34] [INFO] [AUTO_START] START_CLICKED attempt=1 pass=0 pid=11564 Bắt đầu
[07:21:00] [INFO] [AUTO_START] CHANNEL_SELECTED attempt=1 pass=0 pid=11564 channel=(449, 308) choices=1
[07:21:04] [INFO] [AUTO_START] ENTER_GAME_CLICKED attempt=1 pass=0 pid=11564 character_slot=1 slot_verified=True
[07:21:09] [INFO] [AUTO_START] MAP_READY_OPEN attempt=1 pass=0 pid=11564 Player=0x114f40a0 Core=0x15a6a0d0 world=(1537,1378)
[07:58:18] [INFO] [HEALTH] mo lai CB ...
[07:58:18] [INFO] [AUTO_START] WAIT_WINDOW attempt=1 pass=0 pid=15208 Flash launched at original size
[07:58:23] [INFO] [AUTO_START] START_CLICKED attempt=1 pass=0 pid=15208 Bắt đầu
[07:58:47] [INFO] [AUTO_START] CHANNEL_SELECTED attempt=1 pass=0 pid=15208 channel=(449, 308) choices=1
[07:58:51] [INFO] [AUTO_START] ENTER_GAME_CLICKED attempt=1 pass=0 pid=15208 character_slot=1 slot_verified=True
[07:58:56] [INFO] [AUTO_START] MAP_READY_OPEN attempt=1 pass=0 pid=15208 Player=0x146330a0 Core=0xa7f40d0 world=(1575,1555)
[07:58:56] [INFO] [HEALTH] CB vao lai xong: pid=15208
[08:05:59] [WARN] [HEALTH] dong client CB (pid 15208)
[08:06:02] [INFO] [HEALTH] mo lai CB ...
[08:06:02] [INFO] [AUTO_START] WAIT_WINDOW attempt=1 pass=0 pid=5420 Flash launched at original size
[08:06:07] [INFO] [AUTO_START] START_CLICKED attempt=1 pass=0 pid=5420 Bắt đầu
[08:06:37] [INFO] [AUTO_START] CHANNEL_SELECTED attempt=1 pass=0 pid=5420 channel=(449, 308) choices=1
[08:06:41] [INFO] [AUTO_START] ENTER_GAME_CLICKED attempt=1 pass=0 pid=5420 character_slot=1 slot_verified=True
[08:06:46] [INFO] [AUTO_START] MAP_READY_OPEN attempt=1 pass=0 pid=5420 Player=0x155e70a0 Core=0xc0500d0 world=(623,1766)
[08:06:46] [INFO] [HEALTH] CB vao lai xong: pid=5420
[08:06:56] [WARN] [HEALTH] dong client CB (pid 5420)
[08:06:59] [INFO] [HEALTH] mo lai CB ...
[08:06:59] [INFO] [AUTO_START] WAIT_WINDOW attempt=1 pass=0 pid=14644 Flash launched at original size
[08:07:04] [INFO] [AUTO_START] START_CLICKED attempt=1 pass=0 pid=14644 Bắt đầu
[08:07:28] [INFO] [AUTO_START] CHANNEL_SELECTED attempt=1 pass=0 pid=14644 channel=(449, 308) choices=1
[08:07:32] [INFO] [AUTO_START] ENTER_GAME_CLICKED attempt=1 pass=0 pid=14644 character_slot=1 slot_verified=True
[08:07:37] [INFO] [AUTO_START] MAP_READY_OPEN attempt=1 pass=0 pid=14644 Player=0x106790a0 Core=0xcb480d0 world=(623,1766)
[08:07:37] [INFO] [HEALTH] CB vao lai xong: pid=14644
[08:07:47] [WARN] [HEALTH] dong client CB (pid 14644)
[08:07:50] [INFO] [HEALTH] mo lai CB ...
[08:07:50] [INFO] [AUTO_START] WAIT_WINDOW attempt=1 pass=0 pid=5688 Flash launched at original size
[08:07:54] [INFO] [AUTO_START] START_CLICKED attempt=1 pass=0 pid=5688 Bắt đầu
[08:08:23] [INFO] [AUTO_START] CHANNEL_SELECTED attempt=1 pass=0 pid=5688 channel=(449, 308) choices=1
[08:08:27] [INFO] [AUTO_START] ENTER_GAME_CLICKED attempt=1 pass=0 pid=5688 character_slot=1 slot_verified=True
[08:08:32] [INFO] [AUTO_START] MAP_READY_OPEN attempt=1 pass=0 pid=5688 Player=0x1cb3c0a0 Core=0xa8a70d0 world=(623,1766)
[08:08:32] [INFO] [HEALTH] CB vao lai xong: pid=5688
[08:08:42] [WARN] [HEALTH] dong client CB (pid 5688)
[08:08:45] [INFO] [HEALTH] mo lai CB ...
[08:08:45] [INFO] [AUTO_START] WAIT_WINDOW attempt=1 pass=0 pid=12240 Flash launched at original size
[08:08:49] [INFO] [AUTO_START] START_CLICKED attempt=1 pass=0 pid=12240 Bắt đầu
[08:09:17] [INFO] [AUTO_START] CHANNEL_SELECTED attempt=1 pass=0 pid=12240 channel=(449, 308) choices=1
[08:09:21] [INFO] [AUTO_START] ENTER_GAME_CLICKED attempt=1 pass=0 pid=12240 character_slot=1 slot_verified=True
[08:09:26] [INFO] [AUTO_START] MAP_READY_OPEN attempt=1 pass=0 pid=12240 Player=0x145c40a0 Core=0xceed0d0 world=(623,1766)
[08:09:26] [INFO] [HEALTH] CB vao lai xong: pid=12240
[08:23:25] [WARN] [HEALTH] dong client CB (pid 12240)
[08:23:28] [INFO] [HEALTH] mo lai CB ...
[08:23:28] [INFO] [AUTO_START] WAIT_WINDOW attempt=1 pass=0 pid=15244 Flash launched at original size
[08:23:33] [INFO] [AUTO_START] START_CLICKED attempt=1 pass=0 pid=15244 Bắt đầu
[08:23:57] [INFO] [AUTO_START] CHANNEL_SELECTED attempt=1 pass=0 pid=15244 channel=(449, 308) choices=1
[08:24:01] [INFO] [AUTO_START] ENTER_GAME_CLICKED attempt=1 pass=0 pid=15244 character_slot=1 slot_verified=True
[08:24:07] [INFO] [AUTO_START] MAP_READY_OPEN attempt=1 pass=0 pid=15244 Player=0x5e430a0 Core=0xc0670d0 world=(623,1765)
[08:24:07] [INFO] [HEALTH] CB vao lai xong: pid=15244
[08:25:10] [INFO] [HEALTH] mo lai CB ...
[08:25:10] [INFO] [AUTO_START] WAIT_WINDOW attempt=1 pass=0 pid=13380 Flash launched at original size
[08:25:15] [INFO] [AUTO_START] START_CLICKED attempt=1 pass=0 pid=13380 Bắt đầu
[08:25:39] [INFO] [AUTO_START] CHANNEL_SELECTED attempt=1 pass=0 pid=13380 channel=(449, 308) choices=1
[08:25:43] [INFO] [AUTO_START] ENTER_GAME_CLICKED attempt=1 pass=0 pid=13380 character_slot=1 slot_verified=True
[08:25:48] [INFO] [AUTO_START] MAP_READY_OPEN attempt=1 pass=0 pid=13380 Player=0x1ab570a0 Core=0xc0340d0 world=(446,1783)
[08:25:48] [INFO] [HEALTH] CB vao lai xong: pid=13380
[08:25:53] [WARN] [HEALTH] dong client CB (pid 13380)
[08:25:56] [INFO] [HEALTH] mo lai CB ...
[08:25:56] [INFO] [AUTO_START] WAIT_WINDOW attempt=1 pass=0 pid=4060 Flash launched at original size
[08:26:01] [INFO] [AUTO_START] START_CLICKED attempt=1 pass=0 pid=4060 Bắt đầu
[08:26:24] [INFO] [AUTO_START] CHANNEL_SELECTED attempt=1 pass=0 pid=4060 channel=(449, 308) choices=1
[08:26:28] [INFO] [AUTO_START] ENTER_GAME_CLICKED attempt=1 pass=0 pid=4060 character_slot=1 slot_verified=True
[08:26:33] [INFO] [AUTO_START] MAP_READY_OPEN attempt=1 pass=0 pid=4060 Player=0x125c50a0 Core=0x176f50d0 world=(451,1785)
[08:26:33] [INFO] [HEALTH] CB vao lai xong: pid=4060
[11:04:19] [WARN] [HEALTH] dong client CB (pid 4060)
[11:04:22] [INFO] [HEALTH] mo lai CB ...
[11:04:22] [INFO] [AUTO_START] WAIT_WINDOW attempt=1 pass=0 pid=16500 Flash launched at original size
[11:04:26] [INFO] [AUTO_START] START_CLICKED attempt=1 pass=0 pid=16500 Bắt đầu
[11:04:54] [INFO] [AUTO_START] CHANNEL_SELECTED attempt=1 pass=0 pid=16500 channel=(449, 308) choices=1
[11:04:59] [INFO] [AUTO_START] ENTER_GAME_CLICKED attempt=1 pass=0 pid=16500 character_slot=1 slot_verified=True
[11:05:04] [INFO] [AUTO_START] MAP_READY_OPEN attempt=1 pass=0 pid=16500 Player=0x128710a0 Core=0x13f3a0d0 world=(1472,1639)
[11:05:04] [INFO] [HEALTH] CB vao lai xong: pid=16500
[15:19:29] [INFO] [AUTO_START] WAIT_WINDOW attempt=1 pass=0 pid=18928 Flash launched at original size
[15:19:33] [INFO] [AUTO_START] START_CLICKED attempt=1 pass=0 pid=18928 Bắt đầu
[15:19:38] [INFO] [AUTO_START] RETRY_START attempt=1 pass=0 pid=18928 chua thay chon kenh, bam lai Bat dau
[15:19:41] [INFO] [AUTO_START] START_CLICKED attempt=1 pass=0 pid=18928 Bắt đầu
[15:19:46] [INFO] [AUTO_START] RETRY_START attempt=1 pass=0 pid=18928 chua thay chon kenh, bam lai Bat dau
[15:19:56] [INFO] [AUTO_START] START_CLICKED attempt=1 pass=0 pid=18928 Bắt đầu
[15:19:59] [INFO] [AUTO_START] CHANNEL_SELECTED attempt=1 pass=0 pid=18928 channel=(449, 308) choices=1
[15:20:03] [INFO] [AUTO_START] ENTER_GAME_CLICKED attempt=1 pass=0 pid=18928 character_slot=1 slot_verified=True
[15:20:09] [INFO] [AUTO_START] MAP_READY_OPEN attempt=1 pass=0 pid=18928 Player=0x1c3920a0 Core=0xbc430d0 world=(2257,417)
[00:11:08] [INFO] [AUTO_START] WAIT_WINDOW attempt=1 pass=0 pid=10936 Flash launched at original size
[00:14:08] [INFO] [AUTO_START] FAILED_CLOSED attempt=1 pass=0 pid=10936 timeout before rooted map
[00:14:47] [INFO] [AUTO_START] WAIT_WINDOW attempt=1 pass=0 pid=12060 Flash launched at original size
[00:17:48] [INFO] [AUTO_START] FAILED_CLOSED attempt=1 pass=0 pid=12060 timeout before rooted map
[00:27:17] [INFO] [AUTO_START] WAIT_WINDOW attempt=1 pass=0 pid=2676 Flash launched at original size
[00:27:22] [INFO] [AUTO_START] START_CLICKED attempt=1 pass=0 pid=2676 Bắt đầu
[00:27:28] [INFO] [AUTO_START] RETRY_START attempt=1 pass=0 pid=2676 chua thay chon kenh, bam lai Bat dau
[00:27:47] [INFO] [AUTO_START] START_CLICKED attempt=1 pass=0 pid=2676 Bắt đầu
[00:27:50] [INFO] [AUTO_START] CHANNEL_SELECTED attempt=1 pass=0 pid=2676 channel=(449, 308) choices=1
[00:27:54] [INFO] [AUTO_START] ENTER_GAME_CLICKED attempt=1 pass=0 pid=2676 character_slot=1 slot_verified=True
[00:28:00] [INFO] [AUTO_START] MAP_READY_OPEN attempt=1 pass=0 pid=2676 Player=0x139680a0 Core=0xc2430d0 world=(3475,1989)
[01:48:47] [INFO] [AUTO_START] WAIT_WINDOW attempt=1 pass=0 pid=10232 Flash launched at original size
[01:48:52] [INFO] [AUTO_START] START_CLICKED attempt=1 pass=0 pid=10232 Bắt đầu
[01:48:57] [INFO] [AUTO_START] RETRY_START attempt=1 pass=0 pid=10232 chua thay chon kenh, bam lai Bat dau
[01:49:13] [INFO] [AUTO_START] START_CLICKED attempt=1 pass=0 pid=10232 Bắt đầu
[01:49:16] [INFO] [AUTO_START] CHANNEL_SELECTED attempt=1 pass=0 pid=10232 channel=(449, 308) choices=1
[01:49:20] [INFO] [AUTO_START] ENTER_GAME_CLICKED attempt=1 pass=0 pid=10232 character_slot=1 slot_verified=True
[01:49:25] [INFO] [AUTO_START] MAP_READY_OPEN attempt=1 pass=0 pid=10232 Player=0x13d840a0 Core=0xd2fe0d0 world=(3201,1568)
[10:32:44] [INFO] [DUNGEON] Thám Hiểm: card UNKNOWN score=0.799, chờ frame sạch
[10:34:00] [INFO] [DUNGEON] NPC open attempt 1: popup guard chặn
[10:35:02] [INFO] [POPUP] đã đóng popup lạ bằng X tại (320, 167)
[18:47:14] [INFO] [AUTO_START] WAIT_WINDOW attempt=1 pass=0 pid=9888 Flash launched at original size
[18:49:45] [INFO] [AUTO_START] FAILED_CLOSED attempt=1 pass=0 pid=9888 timeout before rooted map
[18:51:44] [INFO] [AUTO_START] WAIT_WINDOW attempt=1 pass=0 pid=15596 Flash launched at original size
[18:54:15] [INFO] [AUTO_START] FAILED_CLOSED attempt=1 pass=0 pid=15596 timeout before rooted map
[23:34:17] [INFO] [AUTO_START] WAIT_WINDOW attempt=1 pass=0 pid=15848 Flash launched at original size
[23:36:48] [INFO] [AUTO_START] FAILED_CLOSED attempt=1 pass=0 pid=15848 timeout before rooted map
[23:48:01] [INFO] [AUTO_START] WAIT_WINDOW attempt=1 pass=0 pid=6624 Flash launched at original size
[23:50:32] [INFO] [AUTO_START] FAILED_CLOSED attempt=1 pass=0 pid=6624 timeout before rooted map
[23:51:14] [INFO] [AUTO_START] WAIT_WINDOW attempt=1 pass=0 pid=17240 Flash launched at original size
[23:53:45] [INFO] [AUTO_START] FAILED_CLOSED attempt=1 pass=0 pid=17240 timeout before rooted map
[18:17:29] [INFO] [POPUP] đã đóng npc_dialog
[18:18:53] [INFO] [POPUP] đã đóng npc_dialog
[18:24:17] [INFO] [POPUP] đã đóng npc_dialog
[18:25:09] [INFO] [POPUP] đã đóng npc_dialog
[18:26:09] [INFO] [POPUP] đã đóng npc_dialog
[18:27:35] [INFO] [POPUP] đã đóng npc_dialog
[18:28:05] [INFO] [DUNGEON] NPC open attempt 1: invoke xong nhưng dialog chưa hiện
[18:28:05] [INFO] [POPUP] đã đóng npc_dialog
[18:28:26] [INFO] [DUNGEON] NPC open attempt 2: invoke xong nhưng dialog chưa hiện
[18:28:26] [INFO] [POPUP] đã đóng npc_dialog
[18:28:47] [INFO] [DUNGEON] NPC open attempt 3: invoke xong nhưng dialog chưa hiện
[18:32:32] [INFO] [POPUP] đã đóng npc_dialog
[18:47:11] [INFO] [POPUP] đã đóng cache_notice
[18:57:05] [INFO] [POPUP] đã đóng npc_dialog
[18:59:01] [INFO] [POPUP] đã đóng popup lạ bằng X tại (658, 108)
[18:59:46] [INFO] [POPUP] đã đóng popup lạ bằng X tại (658, 108)
[19:02:27] [INFO] [POPUP] đã đóng popup lạ bằng X tại (658, 108)
[19:05:13] [INFO] [POPUP] đã đóng popup lạ bằng X tại (798, 78)
[19:07:29] [INFO] [POPUP] đã đóng popup lạ bằng X tại (798, 78)
[19:08:22] [INFO] [POPUP] đã đóng popup lạ bằng X tại (798, 78)
[08:39:00] [INFO] [POPUP] chặn popup/panel chưa nhận diện có X tại (691, 103); không đóng
[08:40:09] [INFO] [POPUP] chặn popup/panel chưa nhận diện có X tại (691, 103); không đóng
[08:40:10] [INFO] [POPUP] chặn popup/panel chưa nhận diện có X tại (691, 103); không đóng
[08:40:10] [INFO] [POPUP] chặn popup/panel chưa nhận diện có X tại (691, 103); không đóng
[08:40:11] [INFO] [POPUP] chặn popup/panel chưa nhận diện có X tại (691, 103); không đóng
[08:40:11] [INFO] [DUNGEON] Auto PB toolbar guard=unknown_modal_blocked; dismissed=[]
[08:40:12] [INFO] [POPUP] chặn popup/panel chưa nhận diện có X tại (691, 103); không đóng
[08:40:13] [INFO] [DUNGEON] Auto PB toolbar guard=unknown_modal_blocked; dismissed=[]
[08:40:14] [INFO] [POPUP] chặn popup/panel chưa nhận diện có X tại (691, 103); không đóng
[08:40:14] [INFO] [DUNGEON] Auto PB toolbar guard=unknown_modal_blocked; dismissed=[]
[08:40:15] [INFO] [POPUP] chặn popup/panel chưa nhận diện có X tại (691, 103); không đóng
[08:40:15] [INFO] [DUNGEON] Auto PB toolbar guard=unknown_modal_blocked; dismissed=[]
[08:40:17] [INFO] [POPUP] chặn popup/panel chưa nhận diện có X tại (691, 103); không đóng
[08:40:17] [INFO] [DUNGEON] Auto PB toolbar guard=unknown_modal_blocked; dismissed=[]
[08:40:18] [INFO] [POPUP] chặn popup/panel chưa nhận diện có X tại (691, 103); không đóng
[08:40:18] [INFO] [DUNGEON] Auto PB toolbar guard=unknown_modal_blocked; dismissed=[]
[08:40:19] [INFO] [POPUP] chặn popup/panel chưa nhận diện có X tại (691, 103); không đóng
[08:40:20] [INFO] [DUNGEON] Auto PB toolbar guard=unknown_modal_blocked; dismissed=[]
[08:40:21] [INFO] [POPUP] chặn popup/panel chưa nhận diện có X tại (691, 103); không đóng
[08:40:21] [INFO] [DUNGEON] Auto PB toolbar guard=unknown_modal_blocked; dismissed=[]
[08:40:22] [INFO] [POPUP] chặn popup/panel chưa nhận diện có X tại (691, 103); không đóng
[08:40:22] [INFO] [DUNGEON] Auto PB toolbar guard=unknown_modal_blocked; dismissed=[]
[08:40:24] [INFO] [POPUP] chặn popup/panel chưa nhận diện có X tại (691, 103); không đóng
[08:40:24] [INFO] [DUNGEON] Auto PB toolbar guard=unknown_modal_blocked; dismissed=[]
[08:40:25] [INFO] [POPUP] chặn popup/panel chưa nhận diện có X tại (691, 103); không đóng
[08:40:25] [INFO] [DUNGEON] Auto PB toolbar guard=unknown_modal_blocked; dismissed=[]
[08:40:26] [INFO] [POPUP] chặn popup/panel chưa nhận diện có X tại (691, 103); không đóng
[08:40:27] [INFO] [DUNGEON] Auto PB toolbar guard=unknown_modal_blocked; dismissed=[]
[08:40:28] [INFO] [POPUP] chặn popup/panel chưa nhận diện có X tại (691, 103); không đóng
[08:40:28] [INFO] [DUNGEON] Auto PB toolbar guard=unknown_modal_blocked; dismissed=[]
[08:40:29] [INFO] [POPUP] chặn popup/panel chưa nhận diện có X tại (691, 103); không đóng
[08:40:30] [INFO] [DUNGEON] Auto PB toolbar guard=unknown_modal_blocked; dismissed=[]
[08:40:31] [INFO] [POPUP] chặn popup/panel chưa nhận diện có X tại (691, 103); không đóng
[08:40:31] [INFO] [DUNGEON] Auto PB toolbar guard=unknown_modal_blocked; dismissed=[]
[08:40:32] [INFO] [POPUP] chặn popup/panel chưa nhận diện có X tại (691, 102); không đóng
[08:40:32] [INFO] [DUNGEON] Auto PB toolbar guard=unknown_modal_blocked; dismissed=[]
[08:40:33] [INFO] [POPUP] chặn popup/panel chưa nhận diện có X tại (691, 102); không đóng
[08:40:34] [INFO] [DUNGEON] Auto PB toolbar guard=unknown_modal_blocked; dismissed=[]
[08:40:35] [INFO] [POPUP] chặn popup/panel chưa nhận diện có X tại (691, 102); không đóng
[08:40:35] [INFO] [DUNGEON] Auto PB toolbar guard=unknown_modal_blocked; dismissed=[]
[08:40:36] [INFO] [DUNGEON] Auto PB toolbar exact icon not found; best=0.000 box=None evidence=C:\Users\Administrator\Desktop\New folder\fbh_v2_ttt_fixed-20260709T181609Z-2-001\fbh_multi_account_infinite_auto\dev_supervisor_target_a_v2_20260814\logs\auto_pb_toolbar_fail_13944_1787622036.png
[08:43:22] [INFO] [POPUP] chặn popup/panel chưa nhận diện có X tại (691, 103); không đóng
[08:43:53] [INFO] [POPUP] chặn popup/panel chưa nhận diện có X tại (691, 103); không đóng
[08:43:54] [INFO] [POPUP] chặn popup/panel chưa nhận diện có X tại (691, 103); không đóng
[08:43:55] [INFO] [POPUP] chặn popup/panel chưa nhận diện có X tại (691, 103); không đóng
[08:43:55] [INFO] [POPUP] chặn popup/panel chưa nhận diện có X tại (691, 103); không đóng
[08:43:55] [INFO] [DUNGEON] Auto PB toolbar guard=unknown_modal_blocked; dismissed=[]
[08:43:57] [INFO] [POPUP] chặn popup/panel chưa nhận diện có X tại (691, 103); không đóng
[08:43:57] [INFO] [DUNGEON] Auto PB toolbar guard=unknown_modal_blocked; dismissed=[]
[08:43:58] [INFO] [POPUP] chặn popup/panel chưa nhận diện có X tại (691, 103); không đóng
[08:43:58] [INFO] [DUNGEON] Auto PB toolbar guard=unknown_modal_blocked; dismissed=[]
[08:43:59] [INFO] [POPUP] chặn popup/panel chưa nhận diện có X tại (691, 103); không đóng
[08:44:00] [INFO] [DUNGEON] Auto PB toolbar guard=unknown_modal_blocked; dismissed=[]
[08:44:01] [INFO] [POPUP] chặn popup/panel chưa nhận diện có X tại (691, 103); không đóng
[08:44:01] [INFO] [DUNGEON] Auto PB toolbar guard=unknown_modal_blocked; dismissed=[]
[08:44:02] [INFO] [POPUP] chặn popup/panel chưa nhận diện có X tại (691, 103); không đóng
[08:44:02] [INFO] [DUNGEON] Auto PB toolbar guard=unknown_modal_blocked; dismissed=[]
[08:44:04] [INFO] [POPUP] chặn popup/panel chưa nhận diện có X tại (691, 103); không đóng
[08:44:04] [INFO] [DUNGEON] Auto PB toolbar guard=unknown_modal_blocked; dismissed=[]
[08:44:05] [INFO] [POPUP] chặn popup/panel chưa nhận diện có X tại (691, 103); không đóng
[08:44:05] [INFO] [DUNGEON] Auto PB toolbar guard=unknown_modal_blocked; dismissed=[]
[08:44:06] [INFO] [POPUP] chặn popup/panel chưa nhận diện có X tại (691, 103); không đóng
[08:44:07] [INFO] [DUNGEON] Auto PB toolbar guard=unknown_modal_blocked; dismissed=[]
[08:44:08] [INFO] [POPUP] chặn popup/panel chưa nhận diện có X tại (691, 103); không đóng
[08:44:08] [INFO] [DUNGEON] Auto PB toolbar guard=unknown_modal_blocked; dismissed=[]
[08:44:09] [INFO] [POPUP] chặn popup/panel chưa nhận diện có X tại (691, 103); không đóng
[08:44:09] [INFO] [DUNGEON] Auto PB toolbar guard=unknown_modal_blocked; dismissed=[]
[08:44:11] [INFO] [POPUP] chặn popup/panel chưa nhận diện có X tại (691, 103); không đóng
[08:44:11] [INFO] [DUNGEON] Auto PB toolbar guard=unknown_modal_blocked; dismissed=[]
[08:44:12] [INFO] [POPUP] chặn popup/panel chưa nhận diện có X tại (691, 103); không đóng
[08:44:12] [INFO] [DUNGEON] Auto PB toolbar guard=unknown_modal_blocked; dismissed=[]
[08:44:13] [INFO] [POPUP] chặn popup/panel chưa nhận diện có X tại (691, 103); không đóng
[08:44:14] [INFO] [DUNGEON] Auto PB toolbar guard=unknown_modal_blocked; dismissed=[]
[08:44:15] [INFO] [POPUP] chặn popup/panel chưa nhận diện có X tại (691, 103); không đóng
[08:44:15] [INFO] [DUNGEON] Auto PB toolbar guard=unknown_modal_blocked; dismissed=[]
[08:44:16] [INFO] [POPUP] chặn popup/panel chưa nhận diện có X tại (691, 103); không đóng
[08:44:16] [INFO] [DUNGEON] Auto PB toolbar guard=unknown_modal_blocked; dismissed=[]
[08:44:18] [INFO] [POPUP] chặn popup/panel chưa nhận diện có X tại (691, 103); không đóng
[08:44:18] [INFO] [DUNGEON] Auto PB toolbar guard=unknown_modal_blocked; dismissed=[]
[08:44:19] [INFO] [POPUP] chặn popup/panel chưa nhận diện có X tại (691, 103); không đóng
[08:44:19] [INFO] [DUNGEON] Auto PB toolbar guard=unknown_modal_blocked; dismissed=[]
[08:44:20] [INFO] [DUNGEON] Auto PB toolbar exact icon not found; best=0.000 box=None evidence=C:\Users\Administrator\Desktop\New folder\fbh_v2_ttt_fixed-20260709T181609Z-2-001\fbh_multi_account_infinite_auto\dev_supervisor_target_a_v2_20260814\logs\auto_pb_toolbar_fail_13944_1787622260.png
[08:45:37] [INFO] [DUNGEON] Auto PB toolbar scan arrow=NutXuong.png score=0.990 box=(313, 28, 21, 23)
[08:45:39] [INFO] [DUNGEON] Auto PB panel visible after guarded toolbar click
[08:45:44] [INFO] [POPUP] chặn popup/panel chưa nhận diện có X tại (798, 78); không đóng
[08:47:39] [INFO] [POPUP] chặn popup/panel chưa nhận diện có X tại (658, 108); không đóng
[08:47:40] [INFO] [POPUP] chặn popup/panel chưa nhận diện có X tại (658, 108); không đóng
[08:49:33] [INFO] [POPUP] chặn popup/panel chưa nhận diện có X tại (658, 108); không đóng
[08:49:34] [INFO] [POPUP] chặn popup/panel chưa nhận diện có X tại (658, 108); không đóng
[11:02:40] [INFO] [POPUP] đã đóng npc_dialog
[11:02:56] [INFO] [POPUP] đã đóng npc_dialog
[11:03:12] [INFO] [POPUP] đã đóng npc_dialog
[11:03:29] [INFO] [POPUP] đã đóng npc_dialog
[11:03:45] [INFO] [POPUP] đã đóng npc_dialog
[11:04:02] [INFO] [POPUP] đã đóng npc_dialog
[11:04:18] [INFO] [POPUP] đã đóng npc_dialog
[11:24:21] [INFO] [POPUP] đã đóng panel/popup lạ có X tại (678, 58)
[11:24:22] [INFO] [POPUP] đã đóng panel/popup lạ có X tại (363, 108)
[13:38:32] [INFO] [AUTO_START] WAIT_WINDOW attempt=1 pass=0 pid=14088 Flash launched at original size
[13:38:36] [INFO] [AUTO_START] START_CLICKED attempt=1 pass=0 pid=14088 Bắt đầu
[13:38:42] [INFO] [AUTO_START] RETRY_START attempt=1 pass=0 pid=14088 chua thay chon kenh, bam lai Bat dau
[13:38:44] [INFO] [AUTO_START] START_CLICKED attempt=1 pass=0 pid=14088 Bắt đầu
[13:38:50] [INFO] [AUTO_START] RETRY_START attempt=1 pass=0 pid=14088 chua thay chon kenh, bam lai Bat dau
[13:39:00] [INFO] [AUTO_START] START_CLICKED attempt=1 pass=0 pid=14088 Bắt đầu
[13:39:03] [INFO] [AUTO_START] CHANNEL_SELECTED attempt=1 pass=0 pid=14088 channel=(449, 308) choices=1
[13:39:07] [INFO] [AUTO_START] ENTER_GAME_CLICKED attempt=1 pass=0 pid=14088 character_slot=1 slot_verified=True
[13:39:12] [INFO] [AUTO_START] MAP_READY_OPEN attempt=1 pass=0 pid=14088 Player=0xd1010a0 Core=0x13a780d0 world=(2299,1343)
[13:39:36] [INFO] [POPUP] đã đóng cache_notice
[13:39:56] [INFO] [TRU_MA] TRỪ MA CB: dừng ở lượt 1: bấm Nhận lỗi: QuestPanel.questData không đọc lại đúng id=16 sau 8 khung
[13:41:57] [INFO] [TRU_MA] TRỪ MA CB: dừng ở lượt 1: bấm Nhận lỗi: QuestPanel.questData không khớp id nào trong (16, 7669, 7670, 7668) sau 8 khung
[13:46:50] [INFO] [TRU_MA] TRỪ MA CB: mục tiêu: Thủ Lĩnh Phi Ma id=1114 type=3060100001114 resource=2060090100114
[13:46:56] [INFO] [AUTO_BOSS] Start selected-monster NPCView.clickNpc runner generation=1
[13:46:59] [INFO] [AUTO_BOSS] selected Thủ Lĩnh Phi Ma id=1173 type=3060100001114 resource=2060090100114 base=0x241f8330 distance=644
[13:47:00] [INFO] [AUTO_BOSS] NPCView session fingerprint native=0xa17cb8 avm=0xc3e5850 method_info=0x1289d1c8 slot322_method_id=18293
[13:47:00] [INFO] [AUTO_BOSS] id=1173 distance=644 receiver=0xce97790 method=18293 stage=1
[13:47:04] [INFO] [AUTO_BOSS] id=1173 distance=48 receiver=0xce97790 method=18293 stage=2
[13:47:11] [INFO] [AUTO_BOSS] id=1173 distance=48 receiver=0xce97790 method=18293 stage=2
[13:47:15] [WARN] [AUTO_BOSS] REJECT_NO_BATTLE_EDGE id=1173 base=0x241f8330
[14:03:40] [INFO] [AUTO_START] WAIT_WINDOW attempt=1 pass=0 pid=5984 Flash launched at original size
[14:03:45] [INFO] [AUTO_START] START_CLICKED attempt=1 pass=0 pid=5984 Bắt đầu
[14:03:50] [INFO] [AUTO_START] RETRY_START attempt=1 pass=0 pid=5984 chua thay chon kenh, bam lai Bat dau
[14:03:53] [INFO] [AUTO_START] START_CLICKED attempt=1 pass=0 pid=5984 Bắt đầu
[14:03:58] [INFO] [AUTO_START] RETRY_START attempt=1 pass=0 pid=5984 chua thay chon kenh, bam lai Bat dau
[14:04:08] [INFO] [AUTO_START] START_CLICKED attempt=1 pass=0 pid=5984 Bắt đầu
[14:04:11] [INFO] [AUTO_START] CHANNEL_SELECTED attempt=1 pass=0 pid=5984 channel=(449, 308) choices=1
[14:04:15] [INFO] [AUTO_START] ENTER_GAME_CLICKED attempt=1 pass=0 pid=5984 character_slot=1 slot_verified=True
[14:04:21] [INFO] [AUTO_START] MAP_READY_OPEN attempt=1 pass=0 pid=5984 Player=0x11a030a0 Core=0xb4ed0d0 world=(2299,1343)
[14:04:49] [INFO] [POPUP] đã đóng cache_notice
[14:06:14] [INFO] [TRU_MA] TRỪ MA CB: dừng ở lượt 1: chat báo NHẬN nhiều hơn 1 nhiệm vụ cùng lúc (['Phong Ấn Cự Thú', 'Phi Ma Tập Kích']) — không đoán, dừng.
[14:09:16] [INFO] [TRU_MA] TRỪ MA CB: mục tiêu: Viễn Cổ Cự Thú id=1161 type=3060100001161 resource=2060100001161
[14:09:22] [INFO] [AUTO_BOSS] Start selected-monster NPCView.clickNpc runner generation=1
[14:09:25] [INFO] [AUTO_BOSS] selected Monster 2060100001161 id=2169 type=3060100001161 resource=2060100001161 base=0x2bb50850 distance=459
[14:09:26] [INFO] [AUTO_BOSS] NPCView session fingerprint native=0xa17cb8 avm=0x1431e850 method_info=0xa83a5b8 slot322_method_id=18293
[14:09:26] [INFO] [AUTO_BOSS] id=2169 distance=459 receiver=0x2c2dd430 method=18293 stage=1
[14:09:31] [INFO] [AUTO_BOSS] id=2169 distance=45 receiver=0x2c2dd430 method=18293 stage=2
[14:09:35] [INFO] [AUTO_BOSS] battle edge false->true id=2169
[14:10:39] [INFO] [AUTO_BOSS] battle edge true->false clear=1
[14:12:20] [INFO] [TRU_MA] TRỪ MA CB: nhận diện qua chat: Phong Ấn Cự Thú (id=7669, margin=7)
[14:12:59] [INFO] [TRU_MA] TRỪ MA CB: mục tiêu: Viễn Cổ Cự Thú id=1161 type=3060100001161 resource=2060100001161
[14:13:05] [INFO] [AUTO_BOSS] Start selected-monster NPCView.clickNpc runner generation=1
[14:13:08] [INFO] [AUTO_BOSS] selected Monster 2060100001161 id=2169 type=3060100001161 resource=2060100001161 base=0xf59c0a0 distance=429
[14:13:09] [INFO] [AUTO_BOSS] NPCView session fingerprint native=0xa17cb8 avm=0x1431e850 method_info=0xa83a5b8 slot322_method_id=18293
[14:13:09] [INFO] [AUTO_BOSS] id=2169 distance=429 receiver=0x236b30d0 method=18293 stage=1
[14:13:14] [INFO] [AUTO_BOSS] id=2169 distance=60 receiver=0x236b30d0 method=18293 stage=2
[14:13:18] [INFO] [AUTO_BOSS] battle edge false->true id=2169
[14:14:48] [INFO] [AUTO_BOSS] battle edge true->false clear=1
[14:16:12] [INFO] [TRU_MA] TRỪ MA CB: dừng ở lượt 1: không mở được hộp thoại NPC Quan Quân Nhu để trả
[14:16:58] [INFO] [AUTO_START] WAIT_WINDOW attempt=1 pass=0 pid=15244 Flash launched at original size
[14:17:02] [INFO] [AUTO_START] START_CLICKED attempt=1 pass=0 pid=15244 Bắt đầu
[14:17:07] [INFO] [AUTO_START] RETRY_START attempt=1 pass=0 pid=15244 chua thay chon kenh, bam lai Bat dau
[14:17:09] [INFO] [AUTO_START] START_CLICKED attempt=1 pass=0 pid=15244 Bắt đầu
[14:17:15] [INFO] [AUTO_START] RETRY_START attempt=1 pass=0 pid=15244 chua thay chon kenh, bam lai Bat dau
[14:17:25] [INFO] [AUTO_START] START_CLICKED attempt=1 pass=0 pid=15244 Bắt đầu
[14:17:28] [INFO] [AUTO_START] CHANNEL_SELECTED attempt=1 pass=0 pid=15244 channel=(449, 308) choices=1
[14:17:32] [INFO] [AUTO_START] ENTER_GAME_CLICKED attempt=1 pass=0 pid=15244 character_slot=1 slot_verified=True
[14:17:38] [INFO] [AUTO_START] MAP_READY_OPEN attempt=1 pass=0 pid=15244 Player=0x10d3c0a0 Core=0x165c60d0 world=(2057,1309)
[14:18:01] [INFO] [POPUP] đã đóng cache_notice
[14:20:20] [INFO] [TRU_MA] TRỪ MA CB: nhận diện qua chat: Phong Ấn Cự Thú (id=7669, margin=4)
[14:20:58] [INFO] [TRU_MA] TRỪ MA CB: mục tiêu: Viễn Cổ Cự Thú id=1161 type=3060100001161 resource=2060100001161
[14:21:07] [INFO] [AUTO_BOSS] Start selected-monster NPCView.clickNpc runner generation=1
[14:21:10] [INFO] [AUTO_BOSS] selected Monster 2060100001161 id=2169 type=3060100001161 resource=2060100001161 base=0x25a035c0 distance=429
[14:21:11] [INFO] [AUTO_BOSS] NPCView session fingerprint native=0xa17cb8 avm=0x193230a0 method_info=0xac487b0 slot322_method_id=18293
[14:21:11] [INFO] [AUTO_BOSS] id=2169 distance=429 receiver=0x2b960280 method=18293 stage=1
[14:21:14] [INFO] [AUTO_BOSS] id=2169 distance=242 receiver=0x2b960280 method=18293 stage=2
[14:21:18] [INFO] [AUTO_BOSS] battle edge false->true id=2169
[14:21:34] [INFO] [AUTO_BOSS] battle edge true->false clear=1
[14:22:08] [INFO] [TRU_MA] TRỪ MA CB: xong lượt 1/1 (Phong Ấn Cự Thú)
[14:22:08] [INFO] [TRU_MA] TRỪ MA CB: hoàn tất 1 lượt.
[14:34:01] [INFO] [AUTO_START] WAIT_WINDOW attempt=1 pass=0 pid=4016 Flash launched at original size
[14:34:04] [INFO] [AUTO_START] START_CLICKED attempt=1 pass=0 pid=4016 Bắt đầu
[14:34:09] [INFO] [AUTO_START] RETRY_START attempt=1 pass=0 pid=4016 chua thay chon kenh, bam lai Bat dau
[14:34:12] [INFO] [AUTO_START] START_CLICKED attempt=1 pass=0 pid=4016 Bắt đầu
[14:34:17] [INFO] [AUTO_START] RETRY_START attempt=1 pass=0 pid=4016 chua thay chon kenh, bam lai Bat dau
[14:34:28] [INFO] [AUTO_START] START_CLICKED attempt=1 pass=0 pid=4016 Bắt đầu
[14:34:31] [INFO] [AUTO_START] CHANNEL_SELECTED attempt=1 pass=0 pid=4016 channel=(449, 308) choices=1
[14:34:35] [INFO] [AUTO_START] ENTER_GAME_CLICKED attempt=1 pass=0 pid=4016 character_slot=1 slot_verified=True
[14:34:41] [INFO] [AUTO_START] MAP_READY_OPEN attempt=1 pass=0 pid=4016 Player=0x125140a0 Core=0x162720d0 world=(2268,1345)
[14:38:21] [INFO] [TRU_MA] TRỪ MA CB: mục tiêu: Thủ Lĩnh Phi Ma id=1114 type=3060100001114 resource=2060090100114
[14:38:30] [INFO] [AUTO_BOSS] Start selected-monster NPCView.clickNpc runner generation=1
[14:38:33] [INFO] [AUTO_BOSS] selected Thủ Lĩnh Phi Ma id=1173 type=3060100001114 resource=2060090100114 base=0x2b1fd850 distance=644
[14:38:33] [INFO] [AUTO_BOSS] NPCView session fingerprint native=0xa17cb8 avm=0xfbce850 method_info=0x9ef5548 slot322_method_id=18293
[14:38:34] [INFO] [AUTO_BOSS] id=1173 distance=644 receiver=0x25ef2280 method=18293 stage=1
[14:38:38] [INFO] [AUTO_BOSS] id=1173 distance=106 receiver=0x25ef2280 method=18293 stage=2
[14:38:42] [INFO] [AUTO_BOSS] battle edge false->true id=1173
[14:38:59] [INFO] [AUTO_BOSS] battle edge true->false clear=1
[14:43:20] [INFO] [TRU_MA] TRỪ MA CB: nhận diện: Phi Ma Tập Kích (id=7668, margin=4)
[14:43:58] [INFO] [TRU_MA] TRỪ MA CB: mục tiêu: Thủ Lĩnh Phi Ma id=1114 type=3060100001114 resource=2060090100114
[14:44:04] [INFO] [AUTO_BOSS] Start selected-monster NPCView.clickNpc runner generation=1
[14:44:07] [INFO] [AUTO_BOSS] selected Thủ Lĩnh Phi Ma id=1173 type=3060100001114 resource=2060090100114 base=0x1d991850 distance=644
[14:44:08] [INFO] [AUTO_BOSS] NPCView session fingerprint native=0xa17cb8 avm=0xfbce850 method_info=0x9ef5548 slot322_method_id=18293
[14:44:08] [INFO] [AUTO_BOSS] id=1173 distance=644 receiver=0x2d2a4af0 method=18293 stage=1
[14:44:13] [INFO] [AUTO_BOSS] id=1173 distance=123 receiver=0x2d2a4af0 method=18293 stage=2
[14:44:16] [INFO] [AUTO_BOSS] battle edge false->true id=1173
[14:44:33] [INFO] [AUTO_BOSS] battle edge true->false clear=1
[14:45:08] [INFO] [TRU_MA] TRỪ MA CB: xong lượt 1/1 (Phi Ma Tập Kích)
[14:45:08] [INFO] [TRU_MA] TRỪ MA CB: hoàn tất 1 lượt.
[23:55:34] [INFO] [AUTO_START] WAIT_WINDOW attempt=1 pass=0 pid=17128 Flash launched at original size
[23:55:39] [INFO] [AUTO_START] START_CLICKED attempt=1 pass=0 pid=17128 Bắt đầu
[23:55:45] [INFO] [AUTO_START] RETRY_START attempt=1 pass=0 pid=17128 chua thay chon kenh, bam lai Bat dau
[23:56:02] [INFO] [AUTO_START] START_CLICKED attempt=1 pass=0 pid=17128 Bắt đầu
[23:56:05] [INFO] [AUTO_START] CHANNEL_SELECTED attempt=1 pass=0 pid=17128 channel=(449, 308) choices=1
[23:56:09] [INFO] [AUTO_START] ENTER_GAME_CLICKED attempt=1 pass=0 pid=17128 character_slot=1 slot_verified=True
[23:56:14] [INFO] [AUTO_START] MAP_READY_OPEN attempt=1 pass=0 pid=17128 Player=0x143770a0 Core=0xbfd60d0 world=(3087,848)
[23:56:35] [INFO] [POPUP] đã đóng cache_notice
[23:57:12] [INFO] [TRU_MA] TRỪ MA CB: nhận diện: Phong Ấn Cự Thú (id=7669, margin=6)
[23:57:33] [INFO] [TRU_MA] TRỪ MA CB: mục tiêu: Viễn Cổ Cự Thú id=1161 type=3060100001161 resource=2060100001161
[23:57:42] [INFO] [AUTO_BOSS] Start selected-monster NPCView.clickNpc runner generation=1
[23:57:45] [INFO] [AUTO_BOSS] selected Monster 2060100001161 id=2169 type=3060100001161 resource=2060100001161 base=0x24d990a0 distance=429
[23:57:45] [INFO] [AUTO_BOSS] NPCView session fingerprint native=0xa17cb8 avm=0x66c20a0 method_info=0xb7ec270 slot322_method_id=18293
[23:57:45] [INFO] [AUTO_BOSS] id=2169 distance=429 receiver=0x23d3f280 method=18293 stage=1
[23:57:48] [INFO] [AUTO_BOSS] id=2169 distance=166 receiver=0x23d3f280 method=18293 stage=2
[23:57:52] [INFO] [AUTO_BOSS] battle edge false->true id=2169
[23:57:56] [INFO] [AUTO_BOSS] battle edge true->false clear=1
[23:58:34] [INFO] [TRU_MA] TRỪ MA CB: dừng ở lượt 1: không thấy dòng Phong Ấn Cự Thú (id=7669) để trả: ['Phong Ấn Cự Thú']
[00:12:57] [INFO] [TRU_MA] TRỪ MA CB: nhận diện: Phong Ấn Cự Ma (id=7670, margin=6)
[00:13:21] [INFO] [TRU_MA] TRỪ MA CB: mục tiêu: Viễn Cổ Cự Ma id=1167 type=3060100001167 resource=2060100001167
[00:13:27] [INFO] [AUTO_BOSS] Start selected-monster NPCView.clickNpc runner generation=1
[00:13:30] [INFO] [AUTO_BOSS] selected Monster 2060100001167 id=2168 type=3060100001167 resource=2060100001167 base=0x28bc90a0 distance=996
[00:13:31] [INFO] [AUTO_BOSS] NPCView session fingerprint native=0xa17cb8 avm=0x66c20a0 method_info=0xb7ec270 slot322_method_id=18293
[00:13:31] [INFO] [AUTO_BOSS] id=2168 distance=996 receiver=0x22f73790 method=18293 stage=1
[00:13:38] [INFO] [AUTO_BOSS] id=2168 distance=183 receiver=0x22f73790 method=18293 stage=2
[00:13:42] [INFO] [AUTO_BOSS] battle edge false->true id=2168
[00:13:46] [INFO] [AUTO_BOSS] battle edge true->false clear=1
[00:14:25] [INFO] [TRU_MA] TRỪ MA CB: dừng ở lượt 1: không thấy dòng Phong Ấn Cự Ma (id=7670) để trả sau vài lần thử: ['Phong Ấn Cự Ma']
[00:25:53] [INFO] [TRU_MA] TRỪ MA CB: nhận diện: Phi Ma Tập Kích (id=7668, margin=7)
[00:26:30] [INFO] [TRU_MA] TRỪ MA CB: mục tiêu: Thủ Lĩnh Phi Ma id=1114 type=3060100001114 resource=2060090100114
[00:26:39] [INFO] [AUTO_BOSS] Start selected-monster NPCView.clickNpc runner generation=1
[00:26:42] [INFO] [AUTO_BOSS] selected Thủ Lĩnh Phi Ma id=1173 type=3060100001114 resource=2060090100114 base=0x203e6330 distance=644
[00:26:43] [INFO] [AUTO_BOSS] NPCView session fingerprint native=0xa17cb8 avm=0x14a270a0 method_info=0x5a56af8 slot322_method_id=18293
[00:26:43] [INFO] [AUTO_BOSS] id=1173 distance=644 receiver=0x220cc940 method=18293 stage=1
[00:26:48] [INFO] [AUTO_BOSS] id=1173 distance=45 receiver=0x220cc940 method=18293 stage=2
[00:26:52] [INFO] [AUTO_BOSS] battle edge false->true id=1173
[00:26:56] [INFO] [AUTO_BOSS] battle edge true->false clear=1
[00:27:55] [INFO] [TRU_MA] TRỪ MA CB: dừng ở lượt 1: không thấy dòng Phi Ma Tập Kích (id=7668) để trả sau vài lần thử: ['Phi Ma Tập Kích']
[01:11:37] [INFO] [AUTO_START] WAIT_WINDOW attempt=1 pass=0 pid=2828 Flash launched at original size
[01:14:37] [INFO] [AUTO_START] FAILED_CLOSED attempt=1 pass=0 pid=2828 timeout before rooted map
[01:14:59] [INFO] [AUTO_START] WAIT_WINDOW attempt=1 pass=0 pid=15692 Flash launched at original size
[01:17:59] [INFO] [AUTO_START] FAILED_CLOSED attempt=1 pass=0 pid=15692 timeout before rooted map
[01:18:10] [INFO] [AUTO_START] WAIT_WINDOW attempt=1 pass=0 pid=15464 Flash launched at original size
[01:21:11] [INFO] [AUTO_START] FAILED_CLOSED attempt=1 pass=0 pid=15464 timeout before rooted map
[01:21:38] [INFO] [AUTO_START] WAIT_WINDOW attempt=1 pass=0 pid=10928 Flash launched at original size
[01:21:43] [INFO] [AUTO_START] START_CLICKED attempt=1 pass=0 pid=10928 Bắt đầu
[01:21:48] [INFO] [AUTO_START] RETRY_START attempt=1 pass=0 pid=10928 chua thay chon kenh, bam lai Bat dau
[01:21:50] [INFO] [AUTO_START] START_CLICKED attempt=1 pass=0 pid=10928 Bắt đầu
[01:21:55] [INFO] [AUTO_START] RETRY_START attempt=1 pass=0 pid=10928 chua thay chon kenh, bam lai Bat dau
[01:22:06] [INFO] [AUTO_START] START_CLICKED attempt=1 pass=0 pid=10928 Bắt đầu
[01:22:08] [INFO] [AUTO_START] CHANNEL_SELECTED attempt=1 pass=0 pid=10928 channel=(449, 308) choices=1
[01:22:13] [INFO] [AUTO_START] ENTER_GAME_CLICKED attempt=1 pass=0 pid=10928 character_slot=1 slot_verified=True
[01:22:18] [INFO] [AUTO_START] MAP_READY_OPEN attempt=1 pass=0 pid=10928 Player=0x183c00a0 Core=0x156a30d0 world=(772,976)
[01:30:47] [INFO] [AUTO_START] WAIT_WINDOW attempt=1 pass=0 pid=17568 Flash launched at original size
[01:30:51] [INFO] [AUTO_START] START_CLICKED attempt=1 pass=0 pid=17568 Bắt đầu
[01:30:56] [INFO] [AUTO_START] RETRY_START attempt=1 pass=0 pid=17568 chua thay chon kenh, bam lai Bat dau
[01:30:59] [INFO] [AUTO_START] START_CLICKED attempt=1 pass=0 pid=17568 Bắt đầu
[01:31:04] [INFO] [AUTO_START] RETRY_START attempt=1 pass=0 pid=17568 chua thay chon kenh, bam lai Bat dau
[01:31:14] [INFO] [AUTO_START] START_CLICKED attempt=1 pass=0 pid=17568 Bắt đầu
[01:31:17] [INFO] [AUTO_START] CHANNEL_SELECTED attempt=1 pass=0 pid=17568 channel=(449, 308) choices=1
[01:31:21] [INFO] [AUTO_START] ENTER_GAME_CLICKED attempt=1 pass=0 pid=17568 character_slot=1 slot_verified=True
[01:31:26] [INFO] [AUTO_START] MAP_READY_OPEN attempt=1 pass=0 pid=17568 Player=0x1b8840a0 Core=0xf9ae0d0 world=(772,976)
[12:10:03] [INFO] [TRU_MA] TRỪ MA pepsi: mở NPC lần 1/8 chưa thành công: không có view/slot322 trên 1 candidate(s); Core.getNpc base=0x0
[12:10:08] [INFO] [TRU_MA] TRỪ MA pepsi: mở NPC lần 2/8 chưa thành công: không có view/slot322 trên 1 candidate(s); Core.getNpc base=0x0
[12:10:14] [INFO] [TRU_MA] TRỪ MA pepsi: mở NPC lần 3/8 chưa thành công: không có view/slot322 trên 1 candidate(s); Core.getNpc base=0x0
[12:10:19] [INFO] [TRU_MA] TRỪ MA pepsi: mở NPC lần 4/8 chưa thành công: không có view/slot322 trên 1 candidate(s); Core.getNpc base=0x0
[12:10:25] [INFO] [TRU_MA] TRỪ MA pepsi: mở NPC lần 5/8 chưa thành công: không có view/slot322 trên 1 candidate(s); Core.getNpc base=0x0
[12:10:30] [INFO] [TRU_MA] TRỪ MA pepsi: mở NPC lần 6/8 chưa thành công: không có view/slot322 trên 1 candidate(s); Core.getNpc base=0x0
[12:10:36] [INFO] [TRU_MA] TRỪ MA pepsi: mở NPC lần 7/8 chưa thành công: không có view/slot322 trên 1 candidate(s); Core.getNpc base=0x0
[12:10:41] [INFO] [TRU_MA] TRỪ MA pepsi: mở NPC lần 8/8 chưa thành công: không có view/slot322 trên 1 candidate(s); Core.getNpc base=0x0
[12:10:43] [INFO] [TRU_MA] TRỪ MA pepsi: dừng ở lượt 1: không mở được hộp thoại NPC Quan Quân Nhu
[12:17:17] [INFO] [TRU_MA] TRỪ MA pepsi: mở NPC lần 1/8 chưa thành công: không có view/slot322 trên 1 candidate(s); Core.getNpc base=0x0
[12:17:22] [INFO] [TRU_MA] TRỪ MA pepsi: mở NPC lần 2/8 chưa thành công: không có view/slot322 trên 1 candidate(s); Core.getNpc base=0x0
[12:17:28] [INFO] [TRU_MA] TRỪ MA pepsi: mở NPC lần 3/8 chưa thành công: không có view/slot322 trên 1 candidate(s); Core.getNpc base=0x0
[12:17:33] [INFO] [TRU_MA] TRỪ MA pepsi: mở NPC lần 4/8 chưa thành công: không có view/slot322 trên 1 candidate(s); Core.getNpc base=0x0
[12:17:39] [INFO] [TRU_MA] TRỪ MA pepsi: mở NPC lần 5/8 chưa thành công: không có view/slot322 trên 1 candidate(s); Core.getNpc base=0x0
[12:17:44] [INFO] [TRU_MA] TRỪ MA pepsi: mở NPC lần 6/8 chưa thành công: không có view/slot322 trên 1 candidate(s); Core.getNpc base=0x0
[12:17:49] [INFO] [TRU_MA] TRỪ MA pepsi: mở NPC lần 7/8 chưa thành công: không có view/slot322 trên 1 candidate(s); Core.getNpc base=0x0
[12:17:55] [INFO] [TRU_MA] TRỪ MA pepsi: mở NPC lần 8/8 chưa thành công: không có view/slot322 trên 1 candidate(s); Core.getNpc base=0x0
[12:17:56] [INFO] [TRU_MA] TRỪ MA pepsi: dừng ở lượt 1: không mở được hộp thoại NPC Quan Quân Nhu
[12:22:24] [INFO] [TRU_MA] TRỪ MA pepsi: hết lượt Trừ Ma hôm nay sau 0 lần (bảng NPC không còn nhiệm vụ Trừ Ma nào) — dừng.
