[2026-08-23T21:13:58] Đã bắt đầu TEST PB cô lập: Kho Báu Đại Mạc, Lục Tiên Cảnh, Liệt Diễm Thâm Uyên
[2026-08-23T21:14:31] [DUNGEON] Auto PB toolbar scan arrow=NutXuong.png score=0.284
[2026-08-23T21:14:33] [DUNGEON] Auto PB toolbar scan arrow=NutXuong.png score=0.353
[2026-08-23T21:14:34] [DUNGEON] Auto PB toolbar scan arrow=NutLen.png score=0.353
[2026-08-23T21:14:36] [DUNGEON] Auto PB toolbar scan arrow=NutLen.png score=0.284
[2026-08-23T21:14:38] [DUNGEON] Auto PB toolbar scan arrow=NutLen.png score=0.299
[2026-08-23T21:14:40] [DUNGEON] Auto PB toolbar scan arrow=NutLen.png score=0.634
[2026-08-23T21:14:40] [DUNGEON] Auto PB toolbar exact icon not found after both toolbar directions
[2026-08-23T21:14:40] TEST PB cô lập FAIL Kho Báu Đại Mạc tại auto_panel: không mở được đúng panel/page
[2026-08-23T21:17:11] Đã bắt đầu TEST PB cô lập: Kho Báu Đại Mạc, Lục Tiên Cảnh, Liệt Diễm Thâm Uyên
[2026-08-23T21:17:11] TEST PB cô lập Kho Báu Đại Mạc, Lục Tiên Cảnh, Liệt Diễm Thâm Uyên: đang đăng nhập pepsi...
[2026-08-23T21:17:11] [AUTO_START] WAIT_WINDOW attempt=1 pass=0 pid=6184 Flash launched at original size
[2026-08-23T21:17:16] [AUTO_START] START_CLICKED attempt=1 pass=0 pid=6184 Bắt đầu
[2026-08-23T21:17:21] [AUTO_START] RETRY_START attempt=1 pass=0 pid=6184 chua thay chon kenh, bam lai Bat dau
[2026-08-23T21:17:40] [AUTO_START] START_CLICKED attempt=1 pass=0 pid=6184 Bắt đầu
[2026-08-23T21:17:43] [AUTO_START] CHANNEL_SELECTED attempt=1 pass=0 pid=6184 channel=(449, 308) choices=1
[2026-08-23T21:17:47] [AUTO_START] ENTER_GAME_CLICKED attempt=1 pass=0 pid=6184 character_slot=1 slot_verified=True
[2026-08-23T21:17:52] [AUTO_START] MAP_READY_OPEN attempt=1 pass=0 pid=6184 Player=0x154f20a0 Core=0xc0d70d0 world=(3095,1591)
[2026-08-23T21:17:57] TEST PB cô lập SKIP Kho Báu Đại Mạc: ledger đã nhận 3/3 Q Kho Báu Đại Mạc; không nhận thêm
[2026-08-23T21:18:02] [POPUP] đã đóng cache_notice
[2026-08-23T21:18:33] TEST PB cô lập FAIL Lục Tiên Cảnh tại receive_token: Lục Tiên Cảnh: QuestPanel.questData exact readback failed panel=0x1e76f5c0 slot=618 return=0x12f01c71
[2026-08-23T21:19:49] Đã bắt đầu TEST PB cô lập: Kho Báu Đại Mạc, Lục Tiên Cảnh, Liệt Diễm Thâm Uyên
[2026-08-23T21:19:49] TEST PB cô lập SKIP Kho Báu Đại Mạc: ledger đã nhận 3/3 Q Kho Báu Đại Mạc; không nhận thêm
[2026-08-23T21:20:16] TEST PB cô lập FAIL Lục Tiên Cảnh tại receive_token: Lục Tiên Cảnh: QuestPanel.questData exact readback failed after 8 frames panel=0x1e76f5c0 slot=618 return=0x12f01c71
[2026-08-23T21:23:29] Đã bắt đầu TEST PB cô lập: Kho Báu Đại Mạc, Lục Tiên Cảnh, Liệt Diễm Thâm Uyên
[2026-08-23T21:23:29] TEST PB cô lập SKIP Kho Báu Đại Mạc: ledger đã nhận 3/3 Q Kho Báu Đại Mạc; không nhận thêm
[2026-08-23T21:23:49] TEST PB cô lập FAIL Lục Tiên Cảnh tại receive_token: Lục Tiên Cảnh: selectedItem commit/readback failed index=0 wanted=0x12eec689 got=0x1
[2026-08-23T21:25:33] Đã bắt đầu TEST PB cô lập: Kho Báu Đại Mạc, Lục Tiên Cảnh, Liệt Diễm Thâm Uyên
[2026-08-23T21:25:33] TEST PB cô lập SKIP Kho Báu Đại Mạc: ledger đã nhận 3/3 Q Kho Báu Đại Mạc; không nhận thêm
[2026-08-23T21:25:34] [POPUP] đã đóng popup lạ bằng X tại (658, 108)
[2026-08-23T21:26:00] TEST PB cô lập FAIL Lục Tiên Cảnh tại receive_token: Lục Tiên Cảnh: QuestPanel.questData exact readback failed after 8 frames panel=0x1e76f5c0 slot=618 return=0x12f01c71
[2026-08-23T21:27:24] Đã bắt đầu TEST PB cô lập: Kho Báu Đại Mạc, Lục Tiên Cảnh, Liệt Diễm Thâm Uyên
[2026-08-23T21:27:25] TEST PB cô lập SKIP Kho Báu Đại Mạc: ledger đã nhận 3/3 Q Kho Báu Đại Mạc; không nhận thêm
[2026-08-23T21:27:25] [POPUP] đã đóng popup lạ bằng X tại (658, 108)
[2026-08-23T21:27:52] TEST PB cô lập FAIL Lục Tiên Cảnh tại receive_token: Lục Tiên Cảnh: QuestPanel.questData exact readback failed after 8 frames panel=0x1e76f5c0 slot=618 return=0x12f01c71
[2026-08-23T21:42:03] Đã bắt đầu Daily theo cấu hình riêng: acc_2
[2026-08-23T21:42:03] Daily pepsi không bắt đầu: PHỤ BẢN đang khóa fail-closed; đường nút tool chưa có evidence live. Dùng TEST PB cô lập.
[2026-08-23T21:45:51] Đã bắt đầu TEST PB cô lập: Kho Báu Đại Mạc, Lục Tiên Cảnh, Liệt Diễm Thâm Uyên
[2026-08-23T21:45:51] TEST PB cô lập Kho Báu Đại Mạc, Lục Tiên Cảnh, Liệt Diễm Thâm Uyên: đang đăng nhập pepsi...
[2026-08-23T21:45:51] [AUTO_START] WAIT_WINDOW attempt=1 pass=0 pid=16364 Flash launched at original size
[2026-08-23T21:45:56] [AUTO_START] START_CLICKED attempt=1 pass=0 pid=16364 Bắt đầu
[2026-08-23T21:46:01] [AUTO_START] RETRY_START attempt=1 pass=0 pid=16364 chua thay chon kenh, bam lai Bat dau
[2026-08-23T21:46:19] [AUTO_START] START_CLICKED attempt=1 pass=0 pid=16364 Bắt đầu
[2026-08-23T21:46:22] [AUTO_START] CHANNEL_SELECTED attempt=1 pass=0 pid=16364 channel=(449, 308) choices=1
[2026-08-23T21:46:26] [AUTO_START] ENTER_GAME_CLICKED attempt=1 pass=0 pid=16364 character_slot=1 slot_verified=True
[2026-08-23T21:46:31] [AUTO_START] MAP_READY_OPEN attempt=1 pass=0 pid=16364 Player=0x1012e0a0 Core=0x110450d0 world=(3095,1591)
[2026-08-23T21:46:36] TEST PB cô lập SKIP Kho Báu Đại Mạc: ledger đã nhận 3/3 Q Kho Báu Đại Mạc; không nhận thêm
[2026-08-23T21:46:40] [POPUP] đã đóng cache_notice
[2026-08-23T21:47:13] TEST PB cô lập FAIL Lục Tiên Cảnh tại receive_token: Lục Tiên Cảnh: selectedIndex commit/readback failed index=2 wanted=0x24d2c3e9 got=0x0
[2026-08-23T21:53:16] Đã bắt đầu TEST PB cô lập: Kho Báu Đại Mạc, Lục Tiên Cảnh, Liệt Diễm Thâm Uyên
[2026-08-23T21:53:16] TEST PB cô lập Kho Báu Đại Mạc, Lục Tiên Cảnh, Liệt Diễm Thâm Uyên: đang đăng nhập pepsi...
[2026-08-23T21:53:16] [AUTO_START] WAIT_WINDOW attempt=1 pass=0 pid=15636 Flash launched at original size
[2026-08-23T21:53:21] [AUTO_START] START_CLICKED attempt=1 pass=0 pid=15636 Bắt đầu
[2026-08-23T21:53:27] [AUTO_START] RETRY_START attempt=1 pass=0 pid=15636 chua thay chon kenh, bam lai Bat dau
[2026-08-23T21:53:42] [AUTO_START] START_CLICKED attempt=1 pass=0 pid=15636 Bắt đầu
[2026-08-23T21:53:46] [AUTO_START] CHANNEL_SELECTED attempt=1 pass=0 pid=15636 channel=(449, 308) choices=1
[2026-08-23T21:53:50] [AUTO_START] ENTER_GAME_CLICKED attempt=1 pass=0 pid=15636 character_slot=1 slot_verified=True
[2026-08-23T21:53:55] [AUTO_START] MAP_READY_OPEN attempt=1 pass=0 pid=15636 Player=0x146080a0 Core=0xca190d0 world=(3095,1591)
[2026-08-23T21:54:00] TEST PB cô lập SKIP Kho Báu Đại Mạc: ledger đã nhận 3/3 Q Kho Báu Đại Mạc; không nhận thêm
[2026-08-23T21:54:04] [POPUP] đã đóng cache_notice
[2026-08-23T21:54:38] TEST PB cô lập FAIL Lục Tiên Cảnh tại receive_token: Lục Tiên Cảnh: QuestPanel init/show or NpcFuncPanel hide unresolved
[2026-08-23T21:55:42] Đã bắt đầu TEST PB cô lập: Kho Báu Đại Mạc, Lục Tiên Cảnh, Liệt Diễm Thâm Uyên
[2026-08-23T21:55:42] TEST PB cô lập SKIP Kho Báu Đại Mạc: ledger đã nhận 3/3 Q Kho Báu Đại Mạc; không nhận thêm
[2026-08-23T21:55:42] [POPUP] đã đóng npc_dialog
[2026-08-23T21:56:10] TEST PB cô lập FAIL Lục Tiên Cảnh tại receive_token: Lục Tiên Cảnh: direct initQuest failed: {'completed': False, 'stub': '0x760000', 'argc': 2, 'wedged': True, 'return': None}
[2026-08-23T21:57:25] Đã bắt đầu TEST PB cô lập: Kho Báu Đại Mạc, Lục Tiên Cảnh, Liệt Diễm Thâm Uyên
[2026-08-23T21:57:25] TEST PB cô lập Kho Báu Đại Mạc, Lục Tiên Cảnh, Liệt Diễm Thâm Uyên: đang đăng nhập pepsi...
[2026-08-23T21:57:25] [AUTO_START] WAIT_WINDOW attempt=1 pass=0 pid=10152 Flash launched at original size
[2026-08-23T21:57:30] [AUTO_START] START_CLICKED attempt=1 pass=0 pid=10152 Bắt đầu
[2026-08-23T21:57:35] [AUTO_START] RETRY_START attempt=1 pass=0 pid=10152 chua thay chon kenh, bam lai Bat dau
[2026-08-23T21:57:51] [AUTO_START] START_CLICKED attempt=1 pass=0 pid=10152 Bắt đầu
[2026-08-23T21:57:54] [AUTO_START] CHANNEL_SELECTED attempt=1 pass=0 pid=10152 channel=(449, 308) choices=1
[2026-08-23T21:57:58] [AUTO_START] ENTER_GAME_CLICKED attempt=1 pass=0 pid=10152 character_slot=1 slot_verified=True
[2026-08-23T21:58:04] [AUTO_START] MAP_READY_OPEN attempt=1 pass=0 pid=10152 Player=0x13c600a0 Core=0xc68d0d0 world=(3095,1591)
[2026-08-23T21:58:09] TEST PB cô lập SKIP Kho Báu Đại Mạc: ledger đã nhận 3/3 Q Kho Báu Đại Mạc; không nhận thêm
[2026-08-23T21:58:13] [POPUP] đã đóng cache_notice
[2026-08-23T21:58:16] [POPUP] chặn popup/panel chưa nhận diện có X tại (504, 130); không đóng
[2026-08-23T21:58:22] [DUNGEON] NPC open attempt 1: popup guard chặn (unknown_modal_unconfirmed)
[2026-08-23T21:58:24] [POPUP] chặn popup/panel chưa nhận diện có X tại (523, 141); không đóng
[2026-08-23T21:58:24] [DUNGEON] NPC open attempt 2: popup guard chặn (unknown_modal_blocked)
[2026-08-23T21:58:26] [POPUP] chặn popup/panel chưa nhận diện có X tại (523, 141); không đóng
[2026-08-23T21:58:26] [DUNGEON] NPC open attempt 3: popup guard chặn (unknown_modal_blocked)
[2026-08-23T21:58:27] TEST PB cô lập FAIL Lục Tiên Cảnh tại receive_token: không mở được NPC Sử Giả Mở Phụ Bản bằng memory
[2026-08-23T22:00:49] Đã bắt đầu TEST PB cô lập: Kho Báu Đại Mạc, Lục Tiên Cảnh, Liệt Diễm Thâm Uyên
[2026-08-23T22:00:49] TEST PB cô lập SKIP Kho Báu Đại Mạc: ledger đã nhận 3/3 Q Kho Báu Đại Mạc; không nhận thêm
[2026-08-23T22:01:26] TEST PB cô lập FAIL Lục Tiên Cảnh tại receive_token: Lục Tiên Cảnh: direct initQuest failed: {'completed': False, 'stub': '0x7c0000', 'argc': 2, 'wedged': True, 'return': None}
[2026-08-23T22:02:27] Đã bắt đầu TEST PB cô lập: Kho Báu Đại Mạc, Lục Tiên Cảnh, Liệt Diễm Thâm Uyên
[2026-08-23T22:02:27] TEST PB cô lập Kho Báu Đại Mạc, Lục Tiên Cảnh, Liệt Diễm Thâm Uyên: đang đăng nhập pepsi...
[2026-08-23T22:02:27] [AUTO_START] WAIT_WINDOW attempt=1 pass=0 pid=11080 Flash launched at original size
[2026-08-23T22:02:32] [AUTO_START] START_CLICKED attempt=1 pass=0 pid=11080 Bắt đầu
[2026-08-23T22:02:38] [AUTO_START] RETRY_START attempt=1 pass=0 pid=11080 chua thay chon kenh, bam lai Bat dau
[2026-08-23T22:02:54] [AUTO_START] START_CLICKED attempt=1 pass=0 pid=11080 Bắt đầu
[2026-08-23T22:02:57] [AUTO_START] CHANNEL_SELECTED attempt=1 pass=0 pid=11080 channel=(449, 308) choices=1
[2026-08-23T22:03:01] [AUTO_START] ENTER_GAME_CLICKED attempt=1 pass=0 pid=11080 character_slot=1 slot_verified=True
[2026-08-23T22:03:06] [AUTO_START] MAP_READY_OPEN attempt=1 pass=0 pid=11080 Player=0x11eb70a0 Core=0xc25f0d0 world=(3095,1591)
[2026-08-23T22:03:11] TEST PB cô lập SKIP Kho Báu Đại Mạc: ledger đã nhận 3/3 Q Kho Báu Đại Mạc; không nhận thêm
[2026-08-23T22:03:15] [POPUP] đã đóng cache_notice
[2026-08-23T22:03:52] [POPUP] chặn popup/panel chưa nhận diện có X tại (658, 108); không đóng
[2026-08-23T22:03:52] [POPUP] chặn popup/panel chưa nhận diện có X tại (658, 108); không đóng
[2026-08-23T22:03:52] TEST PB cô lập FAIL Lục Tiên Cảnh tại receive_token: Lục Tiên Cảnh: Xong qua memory chưa có readback
[2026-08-23T22:08:47] Đã bắt đầu TEST PB cô lập: Kho Báu Đại Mạc, Lục Tiên Cảnh, Liệt Diễm Thâm Uyên
[2026-08-23T22:09:42] Đã bắt đầu TEST PB cô lập: Kho Báu Đại Mạc, Lục Tiên Cảnh, Liệt Diễm Thâm Uyên
[2026-08-23T22:09:42] TEST PB cô lập ledger-plan: Lục Tiên Cảnh, Lục Tiên Cảnh, Liệt Diễm Thâm Uyên
[2026-08-23T22:10:06] TEST PB cô lập FAIL Lục Tiên Cảnh tại receive_token: Lục Tiên Cảnh: quest id=3812 ambiguous shortest rows=[(2, 1), (4, 1)]
[2026-08-23T22:10:50] Đã bắt đầu TEST PB cô lập: Kho Báu Đại Mạc, Lục Tiên Cảnh, Liệt Diễm Thâm Uyên
[2026-08-23T22:10:50] TEST PB cô lập ledger-plan: Lục Tiên Cảnh, Lục Tiên Cảnh, Liệt Diễm Thâm Uyên
[2026-08-23T22:11:14] TEST PB cô lập FAIL Lục Tiên Cảnh tại receive_token: Lục Tiên Cảnh: quest id=3812 ambiguous shortest rows=[(2, 1, '0x1a552389', '0x21445500', (16,)), (4, 1, '0x1a53b329', '0x21445480', (16,))]
[2026-08-23T22:11:58] Đã bắt đầu TEST PB cô lập: Kho Báu Đại Mạc, Lục Tiên Cảnh, Liệt Diễm Thâm Uyên
[2026-08-23T22:11:58] TEST PB cô lập ledger-plan: Lục Tiên Cảnh, Lục Tiên Cảnh, Liệt Diễm Thâm Uyên
[2026-08-23T22:12:22] TEST PB cô lập FAIL Lục Tiên Cảnh tại receive_token: Lục Tiên Cảnh: quest id=3812 ambiguous shortest rows=[(2, 1, '0x1a552389', '0x21445500', (16,)), (4, 1, '0x1a53b329', '0x21445480', (16,))]
[2026-08-23T22:14:31] Đã bắt đầu TEST PB cô lập: Kho Báu Đại Mạc, Lục Tiên Cảnh, Liệt Diễm Thâm Uyên
[2026-08-23T22:14:31] TEST PB cô lập ledger-plan: Lục Tiên Cảnh, Lục Tiên Cảnh, Liệt Diễm Thâm Uyên
[2026-08-23T22:14:56] TEST PB cô lập FAIL Lục Tiên Cảnh tại receive_token: Lục Tiên Cảnh: dynamic selectedIndex readback failed index=2 depth=1 wanted=0x1a552389 got=0x1c17aee1
[2026-08-23T22:15:54] Đã bắt đầu TEST PB cô lập: Kho Báu Đại Mạc, Lục Tiên Cảnh, Liệt Diễm Thâm Uyên
[2026-08-23T22:15:55] TEST PB cô lập ledger-plan: Lục Tiên Cảnh, Lục Tiên Cảnh, Liệt Diễm Thâm Uyên
[2026-08-23T22:16:30] [DUNGEON] Auto PB toolbar scan arrow=NutXuong.png score=0.673 box=(304, 5, 46, 53)
[2026-08-23T22:16:32] [DUNGEON] Auto PB toolbar scan arrow=NutXuong.png score=0.276 box=(505, 5, 46, 53)
[2026-08-23T22:16:34] [DUNGEON] Auto PB toolbar scan arrow=NutXuong.png score=0.317 box=(350, 11, 46, 53)
[2026-08-23T22:16:36] [DUNGEON] Auto PB toolbar scan arrow=NutXuong.png score=0.304 box=(504, 8, 46, 53)
[2026-08-23T22:16:38] [DUNGEON] Auto PB toolbar scan arrow=NutLen.png score=0.304 box=(504, 8, 46, 53)
[2026-08-23T22:16:40] [DUNGEON] Auto PB toolbar scan arrow=NutLen.png score=0.317 box=(350, 11, 46, 53)
[2026-08-23T22:16:42] [DUNGEON] Auto PB toolbar scan arrow=NutLen.png score=0.276 box=(505, 5, 46, 53)
[2026-08-23T22:16:44] [DUNGEON] Auto PB toolbar scan arrow=NutLen.png score=0.673 box=(304, 5, 46, 53)
[2026-08-23T22:16:44] [DUNGEON] Auto PB toolbar exact icon not found; best=0.673 box=(304, 5, 46, 53) evidence=C:\Users\Administrator\Desktop\New folder\fbh_v2_ttt_fixed-20260709T181609Z-2-001\fbh_multi_account_infinite_auto\dev_supervisor_target_a_v2_20260814\logs\auto_pb_toolbar_fail_11080_1787498204.png
[2026-08-23T22:16:44] TEST PB cô lập FAIL Lục Tiên Cảnh tại auto_panel: không mở được đúng panel/page
[2026-08-23T22:19:01] Đã bắt đầu TEST PB cô lập: Kho Báu Đại Mạc, Lục Tiên Cảnh, Liệt Diễm Thâm Uyên
[2026-08-23T22:19:02] TEST PB cô lập ledger-plan: Kho Báu Đại Mạc, Kho Báu Đại Mạc, Lục Tiên Cảnh
[2026-08-23T22:19:02] [DUNGEON] Kho Báu Đại Mạc: dùng token chờ ledger received=3 started=1
[2026-08-23T22:19:04] [DUNGEON] Auto PB toolbar scan arrow=NutXuong.png score=0.990 box=(313, 28, 21, 23)
[2026-08-23T22:19:06] [DUNGEON] Auto PB panel visible after guarded toolbar click
[2026-08-23T22:19:15] [POPUP] chặn popup/panel chưa nhận diện có X tại (798, 78); không đóng
[2026-08-23T22:19:17] TEST PB cô lập PASS Kho Báu Đại Mạc: 
[2026-08-23T22:19:17] [DUNGEON] Kho Báu Đại Mạc: dùng token chờ ledger received=3 started=2
[2026-08-23T22:19:20] TEST PB cô lập FAIL Kho Báu Đại Mạc tại auto_panel: không mở được đúng panel/page
[2026-08-23T22:20:37] Đã bắt đầu TEST PB cô lập: Lục Tiên Cảnh, Liệt Diễm Thâm Uyên
[2026-08-23T22:20:37] TEST PB cô lập ledger-plan: Lục Tiên Cảnh, Lục Tiên Cảnh, Liệt Diễm Thâm Uyên
[2026-08-23T22:20:37] [DUNGEON] Lục Tiên Cảnh: dùng token chờ ledger received=2 started=1
[2026-08-23T22:20:41] TEST PB cô lập FAIL Lục Tiên Cảnh tại claim: không rõ
[2026-08-23T22:22:08] Đã bắt đầu TEST PB cô lập: Lục Tiên Cảnh, Liệt Diễm Thâm Uyên
[2026-08-23T22:22:08] TEST PB cô lập ledger-plan: Lục Tiên Cảnh, Lục Tiên Cảnh, Liệt Diễm Thâm Uyên
[2026-08-23T22:22:08] [DUNGEON] Lục Tiên Cảnh: dùng token chờ ledger received=2 started=1
[2026-08-23T22:22:09] [DUNGEON] Claim Lục Tiên Cảnh: button score=1.000 box=(654, 177, 60, 19) evidence=C:\Users\Administrator\Desktop\New folder\fbh_v2_ttt_fixed-20260709T181609Z-2-001\fbh_multi_account_infinite_auto\dev_supervisor_target_a_v2_20260814\logs\auto_pb_claim_11080_Lục Tiên Cảnh_1787498529.png
[2026-08-23T22:22:10] [DUNGEON] Claim Lục Tiên Cảnh: readback start PASS
[2026-08-23T22:22:14] [POPUP] chặn popup/panel chưa nhận diện có X tại (798, 78); không đóng
[2026-08-23T22:22:16] TEST PB cô lập PASS Lục Tiên Cảnh: 
[2026-08-23T22:22:52] [DUNGEON] Auto PB toolbar scan arrow=NutXuong.png score=0.990 box=(313, 28, 21, 23)
[2026-08-23T22:22:54] [DUNGEON] Auto PB panel visible after guarded toolbar click
[2026-08-23T22:22:55] TEST PB cô lập FAIL Lục Tiên Cảnh tại start_gate: card state=running
[2026-08-23T22:24:01] Đã bắt đầu TEST PB cô lập: Lục Tiên Cảnh, Liệt Diễm Thâm Uyên
[2026-08-23T22:24:01] TEST PB cô lập ledger-plan: Lục Tiên Cảnh, Liệt Diễm Thâm Uyên, Liệt Diễm Thâm Uyên
[2026-08-23T22:24:01] [DUNGEON] Lục Tiên Cảnh: dùng token chờ ledger received=3 started=2
[2026-08-23T22:24:02] TEST PB cô lập WAIT Lục Tiên Cảnh: Lục Tiên Cảnh: lượt trước đang chạy; chờ Nhận thưởng
[2026-08-23T22:24:32] [DUNGEON] Lục Tiên Cảnh: dùng token chờ ledger received=3 started=2
[2026-08-23T22:24:33] TEST PB cô lập WAIT Lục Tiên Cảnh: Lục Tiên Cảnh: lượt trước đang chạy; chờ Nhận thưởng
[2026-08-23T22:25:03] [DUNGEON] Lục Tiên Cảnh: dùng token chờ ledger received=3 started=2
[2026-08-23T22:25:06] TEST PB cô lập FAIL Lục Tiên Cảnh tại auto_panel: không mở được đúng panel/page
[2026-08-23T22:26:10] Đã bắt đầu TEST PB cô lập: Lục Tiên Cảnh, Liệt Diễm Thâm Uyên
[2026-08-23T22:26:10] TEST PB cô lập ledger-plan: Lục Tiên Cảnh, Liệt Diễm Thâm Uyên, Liệt Diễm Thâm Uyên
[2026-08-23T22:26:10] [DUNGEON] Lục Tiên Cảnh: dùng token chờ ledger received=3 started=2
[2026-08-23T22:26:13] TEST PB cô lập WAIT Lục Tiên Cảnh [auto_panel]: không mở được đúng panel/page
[2026-08-23T22:26:43] [DUNGEON] Lục Tiên Cảnh: dùng token chờ ledger received=3 started=2
[2026-08-23T22:26:47] TEST PB cô lập WAIT Lục Tiên Cảnh [auto_panel]: không mở được đúng panel/page
[2026-08-23T22:27:17] [DUNGEON] Lục Tiên Cảnh: dùng token chờ ledger received=3 started=2
[2026-08-23T22:27:18] TEST PB cô lập WAIT Lục Tiên Cảnh [wait_running]: Lục Tiên Cảnh: lượt trước đang chạy; chờ Nhận thưởng
[2026-08-23T22:27:48] [DUNGEON] Lục Tiên Cảnh: dùng token chờ ledger received=3 started=2
[2026-08-23T22:27:48] TEST PB cô lập WAIT Lục Tiên Cảnh [wait_running]: Lục Tiên Cảnh: lượt trước đang chạy; chờ Nhận thưởng
[2026-08-23T22:28:18] [DUNGEON] Lục Tiên Cảnh: dùng token chờ ledger received=3 started=2
[2026-08-23T22:28:22] TEST PB cô lập WAIT Lục Tiên Cảnh [auto_panel]: không mở được đúng panel/page
[2026-08-23T22:28:52] [DUNGEON] Lục Tiên Cảnh: dùng token chờ ledger received=3 started=2
[2026-08-23T22:28:55] TEST PB cô lập WAIT Lục Tiên Cảnh [auto_panel]: không mở được đúng panel/page
[2026-08-23T22:29:26] [DUNGEON] Lục Tiên Cảnh: dùng token chờ ledger received=3 started=2
[2026-08-23T22:29:26] TEST PB cô lập WAIT Lục Tiên Cảnh [wait_running]: Lục Tiên Cảnh: lượt trước đang chạy; chờ Nhận thưởng
[2026-08-23T22:29:56] [DUNGEON] Lục Tiên Cảnh: dùng token chờ ledger received=3 started=2
[2026-08-23T22:29:57] TEST PB cô lập WAIT Lục Tiên Cảnh [wait_running]: Lục Tiên Cảnh: lượt trước đang chạy; chờ Nhận thưởng
[2026-08-23T22:30:27] [DUNGEON] Lục Tiên Cảnh: dùng token chờ ledger received=3 started=2
[2026-08-23T22:30:27] TEST PB cô lập WAIT Lục Tiên Cảnh [wait_running]: Lục Tiên Cảnh: lượt trước đang chạy; chờ Nhận thưởng
[2026-08-23T22:30:57] [DUNGEON] Lục Tiên Cảnh: dùng token chờ ledger received=3 started=2
[2026-08-23T22:30:58] TEST PB cô lập WAIT Lục Tiên Cảnh [wait_running]: Lục Tiên Cảnh: lượt trước đang chạy; chờ Nhận thưởng
[2026-08-23T22:31:28] [DUNGEON] Lục Tiên Cảnh: dùng token chờ ledger received=3 started=2
[2026-08-23T22:31:29] TEST PB cô lập WAIT Lục Tiên Cảnh [wait_running]: Lục Tiên Cảnh: lượt trước đang chạy; chờ Nhận thưởng
[2026-08-23T22:31:59] [DUNGEON] Lục Tiên Cảnh: dùng token chờ ledger received=3 started=2
[2026-08-23T22:31:59] TEST PB cô lập WAIT Lục Tiên Cảnh [wait_running]: Lục Tiên Cảnh: lượt trước đang chạy; chờ Nhận thưởng
[2026-08-23T22:32:29] [DUNGEON] Lục Tiên Cảnh: dùng token chờ ledger received=3 started=2
[2026-08-23T22:32:32] TEST PB cô lập WAIT Lục Tiên Cảnh [wait_running]: Lục Tiên Cảnh: lượt trước đang chạy; chờ Nhận thưởng
[2026-08-23T22:33:02] [DUNGEON] Lục Tiên Cảnh: dùng token chờ ledger received=3 started=2
[2026-08-23T22:33:02] TEST PB cô lập WAIT Lục Tiên Cảnh [wait_running]: Lục Tiên Cảnh: lượt trước đang chạy; chờ Nhận thưởng
[2026-08-23T22:33:32] [DUNGEON] Lục Tiên Cảnh: dùng token chờ ledger received=3 started=2
[2026-08-23T22:33:33] TEST PB cô lập WAIT Lục Tiên Cảnh [wait_running]: Lục Tiên Cảnh: lượt trước đang chạy; chờ Nhận thưởng
[2026-08-23T22:34:03] [DUNGEON] Lục Tiên Cảnh: dùng token chờ ledger received=3 started=2
[2026-08-23T22:34:06] TEST PB cô lập WAIT Lục Tiên Cảnh [auto_panel]: không mở được đúng panel/page
[2026-08-23T22:34:36] [DUNGEON] Lục Tiên Cảnh: dùng token chờ ledger received=3 started=2
[2026-08-23T22:34:37] TEST PB cô lập WAIT Lục Tiên Cảnh [wait_running]: Lục Tiên Cảnh: lượt trước đang chạy; chờ Nhận thưởng
[2026-08-23T22:35:07] [DUNGEON] Lục Tiên Cảnh: dùng token chờ ledger received=3 started=2
[2026-08-23T22:35:08] TEST PB cô lập WAIT Lục Tiên Cảnh [wait_running]: Lục Tiên Cảnh: lượt trước đang chạy; chờ Nhận thưởng
[2026-08-23T22:35:38] [DUNGEON] Lục Tiên Cảnh: dùng token chờ ledger received=3 started=2
[2026-08-23T22:35:38] TEST PB cô lập WAIT Lục Tiên Cảnh [wait_running]: Lục Tiên Cảnh: lượt trước đang chạy; chờ Nhận thưởng
[2026-08-23T22:36:08] [DUNGEON] Lục Tiên Cảnh: dùng token chờ ledger received=3 started=2
[2026-08-23T22:36:09] TEST PB cô lập WAIT Lục Tiên Cảnh [wait_running]: Lục Tiên Cảnh: lượt trước đang chạy; chờ Nhận thưởng
[2026-08-23T22:36:39] [DUNGEON] Lục Tiên Cảnh: dùng token chờ ledger received=3 started=2
[2026-08-23T22:36:40] TEST PB cô lập WAIT Lục Tiên Cảnh [wait_running]: Lục Tiên Cảnh: lượt trước đang chạy; chờ Nhận thưởng
[2026-08-23T22:37:10] [DUNGEON] Lục Tiên Cảnh: dùng token chờ ledger received=3 started=2
[2026-08-23T22:37:10] TEST PB cô lập WAIT Lục Tiên Cảnh [wait_running]: Lục Tiên Cảnh: lượt trước đang chạy; chờ Nhận thưởng
[2026-08-23T22:37:40] [DUNGEON] Lục Tiên Cảnh: dùng token chờ ledger received=3 started=2
[2026-08-23T22:37:41] TEST PB cô lập WAIT Lục Tiên Cảnh [wait_running]: Lục Tiên Cảnh: lượt trước đang chạy; chờ Nhận thưởng
[2026-08-23T22:38:11] [DUNGEON] Lục Tiên Cảnh: dùng token chờ ledger received=3 started=2
[2026-08-23T22:38:12] TEST PB cô lập WAIT Lục Tiên Cảnh [wait_running]: Lục Tiên Cảnh: lượt trước đang chạy; chờ Nhận thưởng
[2026-08-23T22:38:42] [DUNGEON] Lục Tiên Cảnh: dùng token chờ ledger received=3 started=2
[2026-08-23T22:38:42] TEST PB cô lập WAIT Lục Tiên Cảnh [wait_running]: Lục Tiên Cảnh: lượt trước đang chạy; chờ Nhận thưởng
[2026-08-23T22:39:12] [DUNGEON] Lục Tiên Cảnh: dùng token chờ ledger received=3 started=2
[2026-08-23T22:39:13] TEST PB cô lập WAIT Lục Tiên Cảnh [wait_running]: Lục Tiên Cảnh: lượt trước đang chạy; chờ Nhận thưởng
[2026-08-23T22:39:43] [DUNGEON] Lục Tiên Cảnh: dùng token chờ ledger received=3 started=2
[2026-08-23T22:39:44] TEST PB cô lập WAIT Lục Tiên Cảnh [wait_running]: Lục Tiên Cảnh: lượt trước đang chạy; chờ Nhận thưởng
[2026-08-23T22:40:14] [DUNGEON] Lục Tiên Cảnh: dùng token chờ ledger received=3 started=2
[2026-08-23T22:40:14] TEST PB cô lập WAIT Lục Tiên Cảnh [wait_running]: Lục Tiên Cảnh: lượt trước đang chạy; chờ Nhận thưởng
[2026-08-23T22:40:44] [DUNGEON] Lục Tiên Cảnh: dùng token chờ ledger received=3 started=2
[2026-08-23T22:40:45] TEST PB cô lập WAIT Lục Tiên Cảnh [wait_running]: Lục Tiên Cảnh: lượt trước đang chạy; chờ Nhận thưởng
[2026-08-23T22:41:13] Đã bắt đầu Daily theo cấu hình riêng: acc_2
[2026-08-23T22:41:13] Daily pepsi không bắt đầu: PHỤ BẢN đang khóa fail-closed; đường nút tool chưa có evidence live. Dùng TEST PB cô lập.
[2026-08-23T22:41:15] [DUNGEON] Lục Tiên Cảnh: dùng token chờ ledger received=3 started=2
[2026-08-23T22:41:17] [DUNGEON] Auto PB toolbar scan arrow=NutXuong.png score=0.470 box=(450, 23, 21, 23)
[2026-08-23T22:41:17] [DUNGEON] Auto PB toolbar scan arrow=NutLen.png score=0.470 box=(450, 23, 21, 23)
[2026-08-23T22:41:18] [DUNGEON] Auto PB toolbar exact icon not found; best=0.470 box=(450, 23, 21, 23) evidence=C:\Users\Administrator\Desktop\New folder\fbh_v2_ttt_fixed-20260709T181609Z-2-001\fbh_multi_account_infinite_auto\dev_supervisor_target_a_v2_20260814\logs\auto_pb_toolbar_fail_11080_1787499678.png
[2026-08-23T22:41:18] TEST PB cô lập WAIT Lục Tiên Cảnh [auto_panel]: không mở được đúng panel/page
[2026-08-23T22:41:48] [DUNGEON] Lục Tiên Cảnh: dùng token chờ ledger received=3 started=2
[2026-08-23T22:41:49] [DUNGEON] Auto PB toolbar scan arrow=NutXuong.png score=0.470 box=(450, 23, 21, 23)
[2026-08-23T22:41:50] [DUNGEON] Auto PB toolbar scan arrow=NutLen.png score=0.470 box=(450, 23, 21, 23)
[2026-08-23T22:41:50] [DUNGEON] Auto PB toolbar exact icon not found; best=0.470 box=(450, 23, 21, 23) evidence=C:\Users\Administrator\Desktop\New folder\fbh_v2_ttt_fixed-20260709T181609Z-2-001\fbh_multi_account_infinite_auto\dev_supervisor_target_a_v2_20260814\logs\auto_pb_toolbar_fail_11080_1787499710.png
[2026-08-23T22:41:50] TEST PB cô lập WAIT Lục Tiên Cảnh [auto_panel]: không mở được đúng panel/page
[2026-08-23T22:42:31] Đã bắt đầu Daily theo cấu hình riêng: acc_2
[2026-08-23T22:42:31] Daily pepsi không bắt đầu: PHỤ BẢN đang khóa fail-closed; đường nút tool chưa có evidence live. Dùng TEST PB cô lập.
[2026-08-23T22:42:50] Daily pepsi không bắt đầu: PHỤ BẢN đang khóa fail-closed; đường nút tool chưa có evidence live. Dùng TEST PB cô lập.
[2026-08-23T22:42:50] Đã bắt đầu Daily theo cấu hình riêng: acc_2
[2026-08-23T22:42:54] Không có Daily đang chạy trong phạm vi đã chọn.
[2026-08-23T22:42:56] Daily pepsi không bắt đầu: PHỤ BẢN đang khóa fail-closed; đường nút tool chưa có evidence live. Dùng TEST PB cô lập.
[2026-08-23T22:43:07] Đã bắt đầu Daily theo cấu hình riêng: acc_2
[2026-08-23T22:43:07] Daily pepsi không bắt đầu: PHỤ BẢN đang khóa fail-closed; đường nút tool chưa có evidence live. Dùng TEST PB cô lập.
[2026-08-23T22:46:15] Đã bắt đầu TEST PB cô lập: Lục Tiên Cảnh, Liệt Diễm Thâm Uyên
[2026-08-23T22:46:15] TEST PB cô lập Lục Tiên Cảnh, Liệt Diễm Thâm Uyên: đang đăng nhập pepsi...
[2026-08-23T22:46:15] [AUTO_START] WAIT_WINDOW attempt=1 pass=0 pid=14756 Flash launched at original size
[2026-08-23T22:46:20] [AUTO_START] START_CLICKED attempt=1 pass=0 pid=14756 Bắt đầu
[2026-08-23T22:46:26] [AUTO_START] RETRY_START attempt=1 pass=0 pid=14756 chua thay chon kenh, bam lai Bat dau
[2026-08-23T22:46:42] [AUTO_START] START_CLICKED attempt=1 pass=0 pid=14756 Bắt đầu
[2026-08-23T22:46:45] [AUTO_START] CHANNEL_SELECTED attempt=1 pass=0 pid=14756 channel=(449, 308) choices=1
[2026-08-23T22:46:49] [AUTO_START] ENTER_GAME_CLICKED attempt=1 pass=0 pid=14756 character_slot=1 slot_verified=True
[2026-08-23T22:46:55] [AUTO_START] MAP_READY_OPEN attempt=1 pass=0 pid=14756 Player=0x12fcf0a0 Core=0x14e070d0 world=(3079,1574)
[2026-08-23T22:47:00] TEST PB cô lập ledger-plan: Lục Tiên Cảnh, Liệt Diễm Thâm Uyên, Liệt Diễm Thâm Uyên
[2026-08-23T22:47:00] [DUNGEON] Lục Tiên Cảnh: dùng token chờ ledger received=3 started=2
[2026-08-23T22:47:04] [POPUP] đã đóng cache_notice
[2026-08-23T22:47:08] [DUNGEON] Auto PB toolbar scan arrow=NutXuong.png score=0.990 box=(313, 28, 21, 23)
[2026-08-23T22:47:10] [DUNGEON] Auto PB panel visible after guarded toolbar click
[2026-08-23T22:47:11] [DUNGEON] Claim Lục Tiên Cảnh: button score=1.000 box=(654, 177, 60, 19) evidence=C:\Users\Administrator\Desktop\New folder\fbh_v2_ttt_fixed-20260709T181609Z-2-001\fbh_multi_account_infinite_auto\dev_supervisor_target_a_v2_20260814\logs\auto_pb_claim_14756_Lục Tiên Cảnh_1787500031.png
[2026-08-23T22:47:12] [DUNGEON] Claim Lục Tiên Cảnh: readback start PASS
[2026-08-23T22:47:15] [POPUP] chặn popup/panel chưa nhận diện có X tại (798, 78); không đóng
[2026-08-23T22:47:18] TEST PB cô lập PASS Lục Tiên Cảnh: 
[2026-08-23T22:48:01] [DUNGEON] Auto PB toolbar scan arrow=NutXuong.png score=0.990 box=(313, 28, 21, 23)
[2026-08-23T22:48:03] [DUNGEON] Auto PB panel visible after guarded toolbar click
[2026-08-23T22:48:04] [DUNGEON] Claim Liệt Diễm Thâm Uyên: button score=0.940 box=(202, 280, 60, 19) evidence=C:\Users\Administrator\Desktop\New folder\fbh_v2_ttt_fixed-20260709T181609Z-2-001\fbh_multi_account_infinite_auto\dev_supervisor_target_a_v2_20260814\logs\auto_pb_claim_14756_Liệt Diễm Thâm Uyên_1787500084.png
[2026-08-23T22:48:04] [DUNGEON] Claim Liệt Diễm Thâm Uyên: readback start PASS
[2026-08-23T22:48:10] [POPUP] chặn popup/panel chưa nhận diện có X tại (798, 78); không đóng
[2026-08-23T22:48:13] TEST PB cô lập PASS Liệt Diễm Thâm Uyên: 
[2026-08-23T22:48:43] [DUNGEON] Auto PB toolbar scan arrow=NutXuong.png score=0.990 box=(313, 28, 21, 23)
[2026-08-23T22:48:45] [DUNGEON] Auto PB panel visible after guarded toolbar click
[2026-08-23T22:48:45] TEST PB cô lập WAIT Liệt Diễm Thâm Uyên [wait_running]: Liệt Diễm Thâm Uyên: lượt trước đang chạy; chờ Nhận thưởng
[2026-08-23T22:49:15] [DUNGEON] Liệt Diễm Thâm Uyên: dùng token chờ ledger received=3 started=2
[2026-08-23T22:49:16] TEST PB cô lập WAIT Liệt Diễm Thâm Uyên [wait_running]: Liệt Diễm Thâm Uyên: lượt trước đang chạy; chờ Nhận thưởng
[2026-08-23T22:49:46] [DUNGEON] Liệt Diễm Thâm Uyên: dùng token chờ ledger received=3 started=2
[2026-08-23T22:49:47] TEST PB cô lập WAIT Liệt Diễm Thâm Uyên [wait_running]: Liệt Diễm Thâm Uyên: lượt trước đang chạy; chờ Nhận thưởng
[2026-08-23T22:50:17] [DUNGEON] Liệt Diễm Thâm Uyên: dùng token chờ ledger received=3 started=2
[2026-08-23T22:50:17] TEST PB cô lập WAIT Liệt Diễm Thâm Uyên [wait_running]: Liệt Diễm Thâm Uyên: lượt trước đang chạy; chờ Nhận thưởng
[2026-08-23T22:50:47] [DUNGEON] Liệt Diễm Thâm Uyên: dùng token chờ ledger received=3 started=2
[2026-08-23T22:50:48] TEST PB cô lập WAIT Liệt Diễm Thâm Uyên [wait_running]: Liệt Diễm Thâm Uyên: lượt trước đang chạy; chờ Nhận thưởng
[2026-08-23T22:51:18] [DUNGEON] Liệt Diễm Thâm Uyên: dùng token chờ ledger received=3 started=2
[2026-08-23T22:51:19] TEST PB cô lập WAIT Liệt Diễm Thâm Uyên [wait_running]: Liệt Diễm Thâm Uyên: lượt trước đang chạy; chờ Nhận thưởng
[2026-08-23T22:51:49] [DUNGEON] Liệt Diễm Thâm Uyên: dùng token chờ ledger received=3 started=2
[2026-08-23T22:51:49] TEST PB cô lập WAIT Liệt Diễm Thâm Uyên [wait_running]: Liệt Diễm Thâm Uyên: lượt trước đang chạy; chờ Nhận thưởng
[2026-08-23T22:52:19] [DUNGEON] Liệt Diễm Thâm Uyên: dùng token chờ ledger received=3 started=2
[2026-08-23T22:52:20] TEST PB cô lập WAIT Liệt Diễm Thâm Uyên [wait_running]: Liệt Diễm Thâm Uyên: lượt trước đang chạy; chờ Nhận thưởng
[2026-08-23T22:52:50] [DUNGEON] Liệt Diễm Thâm Uyên: dùng token chờ ledger received=3 started=2
[2026-08-23T22:52:50] TEST PB cô lập WAIT Liệt Diễm Thâm Uyên [wait_running]: Liệt Diễm Thâm Uyên: lượt trước đang chạy; chờ Nhận thưởng
[2026-08-23T22:53:20] [DUNGEON] Liệt Diễm Thâm Uyên: dùng token chờ ledger received=3 started=2
[2026-08-23T22:53:21] TEST PB cô lập WAIT Liệt Diễm Thâm Uyên [wait_running]: Liệt Diễm Thâm Uyên: lượt trước đang chạy; chờ Nhận thưởng
[2026-08-23T22:53:51] [DUNGEON] Liệt Diễm Thâm Uyên: dùng token chờ ledger received=3 started=2
[2026-08-23T22:53:52] TEST PB cô lập WAIT Liệt Diễm Thâm Uyên [wait_running]: Liệt Diễm Thâm Uyên: lượt trước đang chạy; chờ Nhận thưởng
[2026-08-23T22:54:22] [DUNGEON] Liệt Diễm Thâm Uyên: dùng token chờ ledger received=3 started=2
[2026-08-23T22:54:22] TEST PB cô lập WAIT Liệt Diễm Thâm Uyên [wait_running]: Liệt Diễm Thâm Uyên: lượt trước đang chạy; chờ Nhận thưởng
[2026-08-23T22:54:52] [DUNGEON] Liệt Diễm Thâm Uyên: dùng token chờ ledger received=3 started=2
[2026-08-23T22:54:53] TEST PB cô lập WAIT Liệt Diễm Thâm Uyên [wait_running]: Liệt Diễm Thâm Uyên: lượt trước đang chạy; chờ Nhận thưởng
[2026-08-23T22:55:23] [DUNGEON] Liệt Diễm Thâm Uyên: dùng token chờ ledger received=3 started=2
[2026-08-23T22:55:24] TEST PB cô lập WAIT Liệt Diễm Thâm Uyên [wait_running]: Liệt Diễm Thâm Uyên: lượt trước đang chạy; chờ Nhận thưởng
[2026-08-23T22:55:54] [DUNGEON] Liệt Diễm Thâm Uyên: dùng token chờ ledger received=3 started=2
[2026-08-23T22:55:54] TEST PB cô lập WAIT Liệt Diễm Thâm Uyên [wait_running]: Liệt Diễm Thâm Uyên: lượt trước đang chạy; chờ Nhận thưởng
[2026-08-23T22:56:24] [DUNGEON] Liệt Diễm Thâm Uyên: dùng token chờ ledger received=3 started=2
[2026-08-23T22:56:28] TEST PB cô lập WAIT Liệt Diễm Thâm Uyên [auto_panel]: không mở được đúng panel/page
[2026-08-23T22:56:58] [DUNGEON] Liệt Diễm Thâm Uyên: dùng token chờ ledger received=3 started=2
[2026-08-23T22:56:59] TEST PB cô lập WAIT Liệt Diễm Thâm Uyên [wait_running]: Liệt Diễm Thâm Uyên: lượt trước đang chạy; chờ Nhận thưởng
[2026-08-23T22:57:29] [DUNGEON] Liệt Diễm Thâm Uyên: dùng token chờ ledger received=3 started=2
[2026-08-23T22:57:29] TEST PB cô lập WAIT Liệt Diễm Thâm Uyên [wait_running]: Liệt Diễm Thâm Uyên: lượt trước đang chạy; chờ Nhận thưởng
[2026-08-23T22:57:59] [DUNGEON] Liệt Diễm Thâm Uyên: dùng token chờ ledger received=3 started=2
[2026-08-23T22:58:00] TEST PB cô lập WAIT Liệt Diễm Thâm Uyên [wait_running]: Liệt Diễm Thâm Uyên: lượt trước đang chạy; chờ Nhận thưởng
[2026-08-23T22:58:30] [DUNGEON] Liệt Diễm Thâm Uyên: dùng token chờ ledger received=3 started=2
[2026-08-23T22:58:31] TEST PB cô lập WAIT Liệt Diễm Thâm Uyên [wait_running]: Liệt Diễm Thâm Uyên: lượt trước đang chạy; chờ Nhận thưởng
[2026-08-23T22:59:01] [DUNGEON] Liệt Diễm Thâm Uyên: dùng token chờ ledger received=3 started=2
[2026-08-23T22:59:01] TEST PB cô lập WAIT Liệt Diễm Thâm Uyên [wait_running]: Liệt Diễm Thâm Uyên: lượt trước đang chạy; chờ Nhận thưởng
[2026-08-23T22:59:31] [DUNGEON] Liệt Diễm Thâm Uyên: dùng token chờ ledger received=3 started=2
[2026-08-23T22:59:35] TEST PB cô lập WAIT Liệt Diễm Thâm Uyên [wait_running]: Liệt Diễm Thâm Uyên: lượt trước đang chạy; chờ Nhận thưởng
[2026-08-23T23:00:05] [DUNGEON] Liệt Diễm Thâm Uyên: dùng token chờ ledger received=3 started=2
[2026-08-23T23:00:08] TEST PB cô lập WAIT Liệt Diễm Thâm Uyên [auto_panel]: không mở được đúng panel/page
[2026-08-23T23:00:38] [DUNGEON] Liệt Diễm Thâm Uyên: dùng token chờ ledger received=3 started=2
[2026-08-23T23:00:39] TEST PB cô lập WAIT Liệt Diễm Thâm Uyên [wait_running]: Liệt Diễm Thâm Uyên: lượt trước đang chạy; chờ Nhận thưởng
[2026-08-23T23:01:09] [DUNGEON] Liệt Diễm Thâm Uyên: dùng token chờ ledger received=3 started=2
[2026-08-23T23:01:10] TEST PB cô lập WAIT Liệt Diễm Thâm Uyên [wait_running]: Liệt Diễm Thâm Uyên: lượt trước đang chạy; chờ Nhận thưởng
[2026-08-23T23:01:40] [DUNGEON] Liệt Diễm Thâm Uyên: dùng token chờ ledger received=3 started=2
[2026-08-23T23:01:41] TEST PB cô lập WAIT Liệt Diễm Thâm Uyên [wait_running]: Liệt Diễm Thâm Uyên: lượt trước đang chạy; chờ Nhận thưởng
[2026-08-23T23:02:11] [DUNGEON] Liệt Diễm Thâm Uyên: dùng token chờ ledger received=3 started=2
[2026-08-23T23:02:12] TEST PB cô lập WAIT Liệt Diễm Thâm Uyên [wait_running]: Liệt Diễm Thâm Uyên: lượt trước đang chạy; chờ Nhận thưởng
[2026-08-23T23:02:42] [DUNGEON] Liệt Diễm Thâm Uyên: dùng token chờ ledger received=3 started=2
[2026-08-23T23:02:44] TEST PB cô lập WAIT Liệt Diễm Thâm Uyên [wait_running]: Liệt Diễm Thâm Uyên: lượt trước đang chạy; chờ Nhận thưởng
[2026-08-23T23:03:14] [DUNGEON] Liệt Diễm Thâm Uyên: dùng token chờ ledger received=3 started=2
[2026-08-23T23:03:15] TEST PB cô lập WAIT Liệt Diễm Thâm Uyên [wait_running]: Liệt Diễm Thâm Uyên: lượt trước đang chạy; chờ Nhận thưởng
[2026-08-23T23:03:45] [DUNGEON] Liệt Diễm Thâm Uyên: dùng token chờ ledger received=3 started=2
[2026-08-23T23:03:45] TEST PB cô lập WAIT Liệt Diễm Thâm Uyên [wait_running]: Liệt Diễm Thâm Uyên: lượt trước đang chạy; chờ Nhận thưởng
[2026-08-23T23:04:15] [DUNGEON] Liệt Diễm Thâm Uyên: dùng token chờ ledger received=3 started=2
[2026-08-23T23:04:17] TEST PB cô lập WAIT Liệt Diễm Thâm Uyên [wait_running]: Liệt Diễm Thâm Uyên: lượt trước đang chạy; chờ Nhận thưởng
[2026-08-23T23:04:47] [DUNGEON] Liệt Diễm Thâm Uyên: dùng token chờ ledger received=3 started=2
[2026-08-23T23:04:47] TEST PB cô lập WAIT Liệt Diễm Thâm Uyên [wait_running]: Liệt Diễm Thâm Uyên: lượt trước đang chạy; chờ Nhận thưởng
[2026-08-23T23:05:17] [DUNGEON] Liệt Diễm Thâm Uyên: dùng token chờ ledger received=3 started=2
[2026-08-23T23:05:18] TEST PB cô lập WAIT Liệt Diễm Thâm Uyên [wait_running]: Liệt Diễm Thâm Uyên: lượt trước đang chạy; chờ Nhận thưởng
[2026-08-23T23:05:48] [DUNGEON] Liệt Diễm Thâm Uyên: dùng token chờ ledger received=3 started=2
[2026-08-23T23:05:49] TEST PB cô lập WAIT Liệt Diễm Thâm Uyên [wait_running]: Liệt Diễm Thâm Uyên: lượt trước đang chạy; chờ Nhận thưởng
[2026-08-23T23:06:19] [DUNGEON] Liệt Diễm Thâm Uyên: dùng token chờ ledger received=3 started=2
[2026-08-23T23:06:21] [DUNGEON] Auto PB toolbar scan arrow=NutXuong.png score=0.990 box=(313, 28, 21, 23)
[2026-08-23T23:06:23] [DUNGEON] Auto PB panel visible after guarded toolbar click
[2026-08-23T23:06:23] TEST PB cô lập WAIT Liệt Diễm Thâm Uyên [wait_running]: Liệt Diễm Thâm Uyên: lượt trước đang chạy; chờ Nhận thưởng
[2026-08-23T23:06:53] [DUNGEON] Liệt Diễm Thâm Uyên: dùng token chờ ledger received=3 started=2
[2026-08-23T23:06:54] TEST PB cô lập WAIT Liệt Diễm Thâm Uyên [wait_running]: Liệt Diễm Thâm Uyên: lượt trước đang chạy; chờ Nhận thưởng
[2026-08-23T23:07:24] [DUNGEON] Liệt Diễm Thâm Uyên: dùng token chờ ledger received=3 started=2
[2026-08-23T23:07:24] TEST PB cô lập WAIT Liệt Diễm Thâm Uyên [wait_running]: Liệt Diễm Thâm Uyên: lượt trước đang chạy; chờ Nhận thưởng
[2026-08-23T23:07:54] [DUNGEON] Liệt Diễm Thâm Uyên: dùng token chờ ledger received=3 started=2
[2026-08-23T23:07:55] TEST PB cô lập WAIT Liệt Diễm Thâm Uyên [wait_running]: Liệt Diễm Thâm Uyên: lượt trước đang chạy; chờ Nhận thưởng
[2026-08-23T23:08:25] [DUNGEON] Liệt Diễm Thâm Uyên: dùng token chờ ledger received=3 started=2
[2026-08-23T23:08:29] TEST PB cô lập WAIT Liệt Diễm Thâm Uyên [auto_panel]: không mở được đúng panel/page
[2026-08-23T23:08:59] [DUNGEON] Liệt Diễm Thâm Uyên: dùng token chờ ledger received=3 started=2
[2026-08-23T23:09:00] TEST PB cô lập WAIT Liệt Diễm Thâm Uyên [wait_running]: Liệt Diễm Thâm Uyên: lượt trước đang chạy; chờ Nhận thưởng
[2026-08-23T23:09:30] [DUNGEON] Liệt Diễm Thâm Uyên: dùng token chờ ledger received=3 started=2
[2026-08-23T23:09:31] [DUNGEON] Auto PB toolbar scan arrow=NutXuong.png score=0.990 box=(313, 28, 21, 23)
[2026-08-23T23:09:32] [DUNGEON] Auto PB panel visible after guarded toolbar click
[2026-08-23T23:09:32] TEST PB cô lập WAIT Liệt Diễm Thâm Uyên [wait_running]: Liệt Diễm Thâm Uyên: lượt trước đang chạy; chờ Nhận thưởng
[2026-08-23T23:10:03] [DUNGEON] Liệt Diễm Thâm Uyên: dùng token chờ ledger received=3 started=2
[2026-08-23T23:10:03] TEST PB cô lập WAIT Liệt Diễm Thâm Uyên [wait_running]: Liệt Diễm Thâm Uyên: lượt trước đang chạy; chờ Nhận thưởng
[2026-08-23T23:10:33] [DUNGEON] Liệt Diễm Thâm Uyên: dùng token chờ ledger received=3 started=2
[2026-08-23T23:10:34] TEST PB cô lập WAIT Liệt Diễm Thâm Uyên [wait_running]: Liệt Diễm Thâm Uyên: lượt trước đang chạy; chờ Nhận thưởng
[2026-08-23T23:11:04] [DUNGEON] Liệt Diễm Thâm Uyên: dùng token chờ ledger received=3 started=2
[2026-08-23T23:11:06] TEST PB cô lập WAIT Liệt Diễm Thâm Uyên [wait_running]: Liệt Diễm Thâm Uyên: lượt trước đang chạy; chờ Nhận thưởng
[2026-08-23T23:11:36] [DUNGEON] Liệt Diễm Thâm Uyên: dùng token chờ ledger received=3 started=2
[2026-08-23T23:11:40] TEST PB cô lập WAIT Liệt Diễm Thâm Uyên [auto_panel]: không mở được đúng panel/page
[2026-08-23T23:12:10] [DUNGEON] Liệt Diễm Thâm Uyên: dùng token chờ ledger received=3 started=2
[2026-08-23T23:12:13] TEST PB cô lập WAIT Liệt Diễm Thâm Uyên [wait_running]: Liệt Diễm Thâm Uyên: lượt trước đang chạy; chờ Nhận thưởng
[2026-08-23T23:12:40] Đã bắt đầu TEST PB cô lập: Lục Tiên Cảnh, Liệt Diễm Thâm Uyên
[2026-08-23T23:12:41] TEST PB cô lập ledger-plan: Lục Tiên Cảnh, Liệt Diễm Thâm Uyên, Liệt Diễm Thâm Uyên
[2026-08-23T23:12:41] [DUNGEON] Lục Tiên Cảnh: đủ Q/start 3/3, chỉ chờ claim cuối
[2026-08-23T23:12:41] [DUNGEON] Auto PB toolbar scan arrow=NutXuong.png score=0.990 box=(313, 28, 21, 23)
[2026-08-23T23:12:43] [DUNGEON] Auto PB panel visible after guarded toolbar click
[2026-08-23T23:12:47] [DUNGEON] Claim Lục Tiên Cảnh: panel/page gate failed
[2026-08-23T23:12:47] TEST PB cô lập WAIT Lục Tiên Cảnh [claim]: None
[2026-08-23T23:13:17] [DUNGEON] Lục Tiên Cảnh: đủ Q/start 3/3, chỉ chờ claim cuối
[2026-08-23T23:13:19] [DUNGEON] Claim Lục Tiên Cảnh: button score=1.000 box=(654, 177, 60, 19) evidence=C:\Users\Administrator\Desktop\New folder\fbh_v2_ttt_fixed-20260709T181609Z-2-001\fbh_multi_account_infinite_auto\dev_supervisor_target_a_v2_20260814\logs\auto_pb_claim_14756_Lục Tiên Cảnh_1787501599.png
[2026-08-23T23:13:20] [DUNGEON] Claim Lục Tiên Cảnh: readback start PASS
[2026-08-23T23:13:20] TEST PB cô lập PASS Lục Tiên Cảnh: Lục Tiên Cảnh: đã claim đủ 3/3
[2026-08-23T23:13:20] [DUNGEON] Liệt Diễm Thâm Uyên: dùng token chờ ledger received=3 started=2
[2026-08-23T23:13:22] [DUNGEON] Claim Liệt Diễm Thâm Uyên: button score=0.940 box=(202, 280, 60, 19) evidence=C:\Users\Administrator\Desktop\New folder\fbh_v2_ttt_fixed-20260709T181609Z-2-001\fbh_multi_account_infinite_auto\dev_supervisor_target_a_v2_20260814\logs\auto_pb_claim_14756_Liệt Diễm Thâm Uyên_1787501602.png
[2026-08-23T23:13:23] [DUNGEON] Claim Liệt Diễm Thâm Uyên: readback start PASS
[2026-08-23T23:13:29] [POPUP] chặn popup/panel chưa nhận diện có X tại (798, 78); không đóng
[2026-08-23T23:13:31] TEST PB cô lập PASS Liệt Diễm Thâm Uyên: 
[2026-08-23T23:13:31] [DUNGEON] Liệt Diễm Thâm Uyên: đủ Q/start 3/3, chỉ chờ claim cuối
[2026-08-23T23:13:32] TEST PB cô lập WAIT Liệt Diễm Thâm Uyên [wait_running]: Liệt Diễm Thâm Uyên: lượt trước đang chạy; chờ Nhận thưởng
[2026-08-23T23:14:02] [DUNGEON] Liệt Diễm Thâm Uyên: đủ Q/start 3/3, chỉ chờ claim cuối
[2026-08-23T23:14:03] TEST PB cô lập WAIT Liệt Diễm Thâm Uyên [wait_running]: Liệt Diễm Thâm Uyên: lượt trước đang chạy; chờ Nhận thưởng
[2026-08-23T23:14:33] [DUNGEON] Liệt Diễm Thâm Uyên: đủ Q/start 3/3, chỉ chờ claim cuối
[2026-08-23T23:14:34] TEST PB cô lập WAIT Liệt Diễm Thâm Uyên [wait_running]: Liệt Diễm Thâm Uyên: lượt trước đang chạy; chờ Nhận thưởng
[2026-08-23T23:15:04] [DUNGEON] Liệt Diễm Thâm Uyên: đủ Q/start 3/3, chỉ chờ claim cuối
[2026-08-23T23:15:05] TEST PB cô lập WAIT Liệt Diễm Thâm Uyên [wait_running]: Liệt Diễm Thâm Uyên: lượt trước đang chạy; chờ Nhận thưởng
[2026-08-23T23:15:35] [DUNGEON] Liệt Diễm Thâm Uyên: đủ Q/start 3/3, chỉ chờ claim cuối
[2026-08-23T23:15:38] TEST PB cô lập WAIT Liệt Diễm Thâm Uyên [auto_panel]: không mở được đúng panel/page
[2026-08-23T23:16:08] [DUNGEON] Liệt Diễm Thâm Uyên: đủ Q/start 3/3, chỉ chờ claim cuối
[2026-08-23T23:16:12] TEST PB cô lập WAIT Liệt Diễm Thâm Uyên [auto_panel]: không mở được đúng panel/page
[2026-08-23T23:16:42] [DUNGEON] Liệt Diễm Thâm Uyên: đủ Q/start 3/3, chỉ chờ claim cuối
[2026-08-23T23:16:43] TEST PB cô lập WAIT Liệt Diễm Thâm Uyên [wait_running]: Liệt Diễm Thâm Uyên: lượt trước đang chạy; chờ Nhận thưởng
[2026-08-23T23:17:13] [DUNGEON] Liệt Diễm Thâm Uyên: đủ Q/start 3/3, chỉ chờ claim cuối
[2026-08-23T23:17:14] TEST PB cô lập WAIT Liệt Diễm Thâm Uyên [wait_running]: Liệt Diễm Thâm Uyên: lượt trước đang chạy; chờ Nhận thưởng
[2026-08-23T23:17:44] [DUNGEON] Liệt Diễm Thâm Uyên: đủ Q/start 3/3, chỉ chờ claim cuối
[2026-08-23T23:17:45] TEST PB cô lập WAIT Liệt Diễm Thâm Uyên [wait_running]: Liệt Diễm Thâm Uyên: lượt trước đang chạy; chờ Nhận thưởng
[2026-08-23T23:18:15] [DUNGEON] Liệt Diễm Thâm Uyên: đủ Q/start 3/3, chỉ chờ claim cuối
[2026-08-23T23:18:16] TEST PB cô lập WAIT Liệt Diễm Thâm Uyên [wait_running]: Liệt Diễm Thâm Uyên: lượt trước đang chạy; chờ Nhận thưởng
[2026-08-23T23:18:46] [DUNGEON] Liệt Diễm Thâm Uyên: đủ Q/start 3/3, chỉ chờ claim cuối
[2026-08-23T23:18:47] [POPUP] chặn popup/panel chưa nhận diện có X tại (478, 108); không đóng
[2026-08-23T23:18:47] [POPUP] chặn popup/panel chưa nhận diện có X tại (478, 108); không đóng
[2026-08-23T23:18:48] [DUNGEON] Auto PB toolbar guard=unknown_modal_blocked; dismissed=[]
[2026-08-23T23:21:30] Đã bắt đầu Daily theo cấu hình riêng: acc_2
[2026-08-23T23:21:30] Daily pepsi: client chưa mở, đang đăng nhập trước bước VIP...
[2026-08-23T23:21:30] [AUTO_START] WAIT_WINDOW attempt=1 pass=0 pid=18968 Flash launched at original size
[2026-08-23T23:21:34] [AUTO_START] START_CLICKED attempt=1 pass=0 pid=18968 Bắt đầu
[2026-08-23T23:21:39] [AUTO_START] RETRY_START attempt=1 pass=0 pid=18968 chua thay chon kenh, bam lai Bat dau
[2026-08-23T23:21:42] [AUTO_START] START_CLICKED attempt=1 pass=0 pid=18968 Bắt đầu
[2026-08-23T23:21:48] [AUTO_START] RETRY_START attempt=1 pass=0 pid=18968 chua thay chon kenh, bam lai Bat dau
[2026-08-23T23:21:59] [AUTO_START] START_CLICKED attempt=1 pass=0 pid=18968 Bắt đầu
[2026-08-23T23:22:02] [AUTO_START] CHANNEL_SELECTED attempt=1 pass=0 pid=18968 channel=(449, 308) choices=1
[2026-08-23T23:22:06] [AUTO_START] ENTER_GAME_CLICKED attempt=1 pass=0 pid=18968 character_slot=1 slot_verified=True
[2026-08-23T23:22:12] [AUTO_START] MAP_READY_OPEN attempt=1 pass=0 pid=18968 Player=0x1ce3f0a0 Core=0x105300d0 world=(3208,1639)
[2026-08-23T23:22:20] [POPUP] đã đóng cache_notice
[2026-08-23T23:22:34] Daily xong bước VIP: đã thử claim 5/5 dòng VIP và nhận thời trang
[2026-08-23T23:23:19] Daily xong bước MẬT BẢO: đã chọn công thức cấp 6 và bấm Chế tạo Mật Bảo 20 lần
[2026-08-23T23:23:29] Daily xong bước ĐIÊU KHẮC: đã bấm Đổi miễn phí và xác nhận Có trong KGĐK
[2026-08-23T23:25:50] [DUNGEON] Auto PB toolbar scan arrow=NutXuong.png score=0.450 box=(374, 34, 21, 23)
[2026-08-23T23:25:51] [DUNGEON] Auto PB toolbar scan arrow=NutXuong.png score=0.552 box=(318, 31, 21, 23)
[2026-08-23T23:25:51] [DUNGEON] Auto PB toolbar scan arrow=NutLen.png score=0.552 box=(318, 31, 21, 23)
[2026-08-23T23:25:52] [DUNGEON] Auto PB toolbar scan arrow=NutLen.png score=0.456 box=(374, 34, 21, 23)
[2026-08-23T23:25:53] [DUNGEON] Auto PB toolbar scan arrow=NutLen.png score=0.464 box=(466, 28, 21, 23)
[2026-08-23T23:25:54] [DUNGEON] Auto PB toolbar scan arrow=NutLen.png score=0.990 box=(313, 28, 21, 23)
[2026-08-23T23:25:55] [DUNGEON] Auto PB panel visible after guarded toolbar click
[2026-08-23T23:26:00] [POPUP] chặn popup/panel chưa nhận diện có X tại (798, 78); không đóng
[2026-08-23T23:26:04] [DUNGEON] Claim Trở Lại Lang Huyệt: button score=1.000 box=(428, 280, 60, 19) evidence=C:\Users\Administrator\Desktop\New folder\fbh_v2_ttt_fixed-20260709T181609Z-2-001\fbh_multi_account_infinite_auto\dev_supervisor_target_a_v2_20260814\logs\auto_pb_claim_18968_Trở Lại Lang Huyệt_1787502364.png
[2026-08-23T23:26:05] [DUNGEON] Claim Trở Lại Lang Huyệt: readback start PASS
[2026-08-23T23:26:06] [DUNGEON] Claim Quỷ Hút Máu: button score=1.000 box=(654, 280, 60, 19) evidence=C:\Users\Administrator\Desktop\New folder\fbh_v2_ttt_fixed-20260709T181609Z-2-001\fbh_multi_account_infinite_auto\dev_supervisor_target_a_v2_20260814\logs\auto_pb_claim_18968_Quỷ Hút Máu_1787502366.png
[2026-08-23T23:26:07] [DUNGEON] Claim Quỷ Hút Máu: readback start PASS
[2026-08-23T23:26:10] [DUNGEON] Claim Thế Giới Số: button score=0.940 box=(202, 177, 60, 19) evidence=C:\Users\Administrator\Desktop\New folder\fbh_v2_ttt_fixed-20260709T181609Z-2-001\fbh_multi_account_infinite_auto\dev_supervisor_target_a_v2_20260814\logs\auto_pb_claim_18968_Thế Giới Số_1787502370.png
[2026-08-23T23:26:10] [DUNGEON] Claim Thế Giới Số: readback start PASS
[2026-08-23T23:26:12] [DUNGEON] Claim Thám Hiểm: button score=1.000 box=(428, 177, 60, 19) evidence=C:\Users\Administrator\Desktop\New folder\fbh_v2_ttt_fixed-20260709T181609Z-2-001\fbh_multi_account_infinite_auto\dev_supervisor_target_a_v2_20260814\logs\auto_pb_claim_18968_Thám Hiểm_1787502372.png
[2026-08-23T23:26:13] [DUNGEON] Claim Thám Hiểm: readback start PASS
[2026-08-23T23:26:14] Daily PHỤ BẢN lượt đầu: Mê Huyễn Động:start; Trở Lại Lang Huyệt:claim; Quỷ Hút Máu:claim; Thế Giới Số:claim; Thám Hiểm:claim
[2026-08-23T23:26:14] Daily xong bước PHỤ BẢN: Mê Huyễn Động:start; Trở Lại Lang Huyệt:claim; Quỷ Hút Máu:claim; Thế Giới Số:claim; Thám Hiểm:claim
[2026-08-23T23:26:45] Daily xong bước THẦN TU: đã bấm đúng Bắt đầu → Có cho THẦN TU
[2026-08-23T23:26:46] [POPUP] chặn popup/panel chưa nhận diện có X tại (778, 108); không đóng
[2026-08-23T23:26:46] Daily dừng tại HÀNH LANG: không tới Quyến Cố Thành: popup guard trước chuyển map: unknown_modal_blocked
[2026-08-23T23:29:26] [AUTO_START] WAIT_WINDOW attempt=1 pass=0 pid=2452 Flash launched at original size
[2026-08-23T23:29:26] Đang đăng nhập 1 acc...
[2026-08-23T23:29:31] [AUTO_START] START_CLICKED attempt=1 pass=0 pid=2452 Bắt đầu
[2026-08-23T23:29:36] [AUTO_START] RETRY_START attempt=1 pass=0 pid=2452 chua thay chon kenh, bam lai Bat dau
[2026-08-23T23:29:41] [AUTO_START] FAILED_CLOSED attempt=1 pass=0 pid=2452 Flash window closed before map
[2026-08-23T23:30:08] Đã cập nhật "luvy"
[2026-08-23T23:30:10] [AUTO_START] WAIT_WINDOW attempt=1 pass=0 pid=19552 Flash launched at original size
[2026-08-23T23:30:10] [AUTO_START] WAIT_WINDOW attempt=1 pass=0 pid=19676 Flash launched at original size
[2026-08-23T23:30:11] [AUTO_START] WAIT_WINDOW attempt=1 pass=0 pid=11168 Flash launched at original size
[2026-08-23T23:30:11] [AUTO_START] WAIT_WINDOW attempt=1 pass=0 pid=19896 Flash launched at original size
[2026-08-23T23:30:11] [AUTO_START] WAIT_WINDOW attempt=1 pass=0 pid=18548 Flash launched at original size
[2026-08-23T23:30:11] Đang đăng nhập 5 acc...
[2026-08-23T23:30:15] [AUTO_START] START_CLICKED attempt=1 pass=0 pid=19676 Bắt đầu
[2026-08-23T23:30:15] [AUTO_START] START_CLICKED attempt=1 pass=0 pid=11168 Bắt đầu
[2026-08-23T23:30:16] [AUTO_START] START_CLICKED attempt=1 pass=0 pid=18548 Bắt đầu
[2026-08-23T23:30:19] [AUTO_START] RETRY_START attempt=1 pass=0 pid=18548 chua thay chon kenh, bam lai Bat dau
[2026-08-23T23:30:19] [AUTO_START] FAILED_CLOSED attempt=1 pass=0 pid=18548 Flash window closed before map
[2026-08-23T23:30:20] [AUTO_START] FAILED_CLOSED attempt=1 pass=0 pid=19896 Flash window closed before map
[2026-08-23T23:30:20] [AUTO_START] RETRY_START attempt=1 pass=0 pid=11168 chua thay chon kenh, bam lai Bat dau
[2026-08-23T23:30:20] [AUTO_START] RETRY_START attempt=1 pass=0 pid=19676 chua thay chon kenh, bam lai Bat dau
[2026-08-23T23:30:20] [AUTO_START] FAILED_CLOSED attempt=1 pass=0 pid=11168 Flash window closed before map
[2026-08-23T23:30:20] [AUTO_START] START_CLICKED attempt=1 pass=0 pid=19676 Bắt đầu
[2026-08-23T23:30:21] [AUTO_START] FAILED_CLOSED attempt=1 pass=0 pid=19552 Flash window closed before map
[2026-08-23T23:30:24] [AUTO_START] WAIT_WINDOW attempt=1 pass=0 pid=21108 Flash launched at original size
[2026-08-23T23:30:24] Đang đăng nhập 1 acc...
[2026-08-23T23:30:24] [AUTO_START] RETRY_START attempt=1 pass=0 pid=19676 chua thay chon kenh, bam lai Bat dau
[2026-08-23T23:30:26] [AUTO_START] START_CLICKED attempt=1 pass=0 pid=19676 Bắt đầu
[2026-08-23T23:30:29] [AUTO_START] START_CLICKED attempt=1 pass=0 pid=21108 Bắt đầu
[2026-08-23T23:30:30] [AUTO_START] RETRY_START attempt=1 pass=0 pid=19676 chua thay chon kenh, bam lai Bat dau
[2026-08-23T23:30:31] [AUTO_START] START_CLICKED attempt=1 pass=0 pid=19676 Bắt đầu
[2026-08-23T23:30:34] [AUTO_START] RETRY_START attempt=1 pass=0 pid=21108 chua thay chon kenh, bam lai Bat dau
[2026-08-23T23:30:35] [AUTO_START] RETRY_START attempt=1 pass=0 pid=19676 chua thay chon kenh, bam lai Bat dau
[2026-08-23T23:30:36] [AUTO_START] START_CLICKED attempt=1 pass=0 pid=19676 Bắt đầu
[2026-08-23T23:30:37] [AUTO_START] START_CLICKED attempt=1 pass=0 pid=21108 Bắt đầu
[2026-08-23T23:30:40] [AUTO_START] RETRY_START attempt=1 pass=0 pid=19676 chua thay chon kenh, bam lai Bat dau
[2026-08-23T23:30:42] [AUTO_START] START_CLICKED attempt=1 pass=0 pid=19676 Bắt đầu
[2026-08-23T23:30:43] [AUTO_START] RETRY_START attempt=1 pass=0 pid=21108 chua thay chon kenh, bam lai Bat dau
[2026-08-23T23:30:46] [AUTO_START] RETRY_START attempt=1 pass=0 pid=19676 chua thay chon kenh, bam lai Bat dau
[2026-08-23T23:30:47] [AUTO_START] START_CLICKED attempt=1 pass=0 pid=19676 Bắt đầu
[2026-08-23T23:30:51] [AUTO_START] START_CLICKED attempt=1 pass=0 pid=21108 Bắt đầu
[2026-08-23T23:30:52] [AUTO_START] RETRY_START attempt=1 pass=0 pid=19676 chua thay chon kenh, bam lai Bat dau
[2026-08-23T23:30:53] [AUTO_START] START_CLICKED attempt=1 pass=0 pid=19676 Bắt đầu
[2026-08-23T23:30:54] [AUTO_START] CHANNEL_SELECTED attempt=1 pass=0 pid=21108 channel=(449, 308) choices=1
[2026-08-23T23:30:57] [AUTO_START] RETRY_START attempt=1 pass=0 pid=19676 chua thay chon kenh, bam lai Bat dau
[2026-08-23T23:30:58] [AUTO_START] ENTER_GAME_CLICKED attempt=1 pass=0 pid=21108 character_slot=1 slot_verified=True
[2026-08-23T23:30:59] [AUTO_START] START_CLICKED attempt=1 pass=0 pid=19676 Bắt đầu
[2026-08-23T23:31:03] [AUTO_START] RETRY_START attempt=1 pass=0 pid=19676 chua thay chon kenh, bam lai Bat dau
[2026-08-23T23:31:05] [AUTO_START] START_CLICKED attempt=1 pass=0 pid=19676 Bắt đầu
[2026-08-23T23:31:05] [AUTO_START] MAP_READY_OPEN attempt=1 pass=0 pid=21108 Player=0x12bb90a0 Core=0x1753d0d0 world=(1824,1426)
[2026-08-23T23:31:09] [AUTO_START] RETRY_START attempt=1 pass=0 pid=19676 chua thay chon kenh, bam lai Bat dau
[2026-08-23T23:31:11] [AUTO_START] START_CLICKED attempt=1 pass=0 pid=19676 Bắt đầu
[2026-08-23T23:31:15] [AUTO_START] RETRY_START attempt=1 pass=0 pid=19676 chua thay chon kenh, bam lai Bat dau
[2026-08-23T23:31:16] [AUTO_START] START_CLICKED attempt=1 pass=0 pid=19676 Bắt đầu
[2026-08-23T23:31:20] [AUTO_START] RETRY_START attempt=1 pass=0 pid=19676 chua thay chon kenh, bam lai Bat dau
[2026-08-23T23:31:22] [AUTO_START] START_CLICKED attempt=1 pass=0 pid=19676 Bắt đầu
[2026-08-23T23:31:26] [AUTO_START] RETRY_START attempt=1 pass=0 pid=19676 chua thay chon kenh, bam lai Bat dau
[2026-08-23T23:31:28] [AUTO_START] START_CLICKED attempt=1 pass=0 pid=19676 Bắt đầu
[2026-08-23T23:31:29] Không có Daily đang chạy trong phạm vi đã chọn.
[2026-08-23T23:31:32] [AUTO_START] RETRY_START attempt=1 pass=0 pid=19676 chua thay chon kenh, bam lai Bat dau
[2026-08-23T23:31:33] [AUTO_START] START_CLICKED attempt=1 pass=0 pid=19676 Bắt đầu
[2026-08-23T23:31:37] [AUTO_START] RETRY_START attempt=1 pass=0 pid=19676 chua thay chon kenh, bam lai Bat dau
[2026-08-23T23:31:39] [AUTO_START] START_CLICKED attempt=1 pass=0 pid=19676 Bắt đầu
[2026-08-23T23:31:43] [AUTO_START] RETRY_START attempt=1 pass=0 pid=19676 chua thay chon kenh, bam lai Bat dau
[2026-08-23T23:31:44] [AUTO_START] START_CLICKED attempt=1 pass=0 pid=19676 Bắt đầu
[2026-08-23T23:31:48] [AUTO_START] RETRY_START attempt=1 pass=0 pid=19676 chua thay chon kenh, bam lai Bat dau
[2026-08-23T23:31:50] [AUTO_START] START_CLICKED attempt=1 pass=0 pid=19676 Bắt đầu
[2026-08-23T23:31:54] [AUTO_START] RETRY_START attempt=1 pass=0 pid=19676 chua thay chon kenh, bam lai Bat dau
[2026-08-23T23:31:56] [AUTO_START] START_CLICKED attempt=1 pass=0 pid=19676 Bắt đầu
[2026-08-23T23:32:00] [AUTO_START] RETRY_START attempt=1 pass=0 pid=19676 chua thay chon kenh, bam lai Bat dau
[2026-08-23T23:32:02] [AUTO_START] START_CLICKED attempt=1 pass=0 pid=19676 Bắt đầu
[2026-08-23T23:32:06] [AUTO_START] RETRY_START attempt=1 pass=0 pid=19676 chua thay chon kenh, bam lai Bat dau
[2026-08-23T23:32:07] [AUTO_START] START_CLICKED attempt=1 pass=0 pid=19676 Bắt đầu
[2026-08-23T23:32:11] [AUTO_START] RETRY_START attempt=1 pass=0 pid=19676 chua thay chon kenh, bam lai Bat dau
[2026-08-23T23:32:13] [AUTO_START] START_CLICKED attempt=1 pass=0 pid=19676 Bắt đầu
[2026-08-23T23:32:17] [AUTO_START] RETRY_START attempt=1 pass=0 pid=19676 chua thay chon kenh, bam lai Bat dau
[2026-08-23T23:32:18] [AUTO_START] START_CLICKED attempt=1 pass=0 pid=19676 Bắt đầu
[2026-08-23T23:32:22] [AUTO_START] RETRY_START attempt=1 pass=0 pid=19676 chua thay chon kenh, bam lai Bat dau
[2026-08-23T23:32:24] [AUTO_START] START_CLICKED attempt=1 pass=0 pid=19676 Bắt đầu
[2026-08-23T23:32:28] [AUTO_START] RETRY_START attempt=1 pass=0 pid=19676 chua thay chon kenh, bam lai Bat dau
[2026-08-23T23:32:30] [AUTO_START] START_CLICKED attempt=1 pass=0 pid=19676 Bắt đầu
[2026-08-23T23:32:34] [AUTO_START] RETRY_START attempt=1 pass=0 pid=19676 chua thay chon kenh, bam lai Bat dau
[2026-08-23T23:32:35] [AUTO_START] START_CLICKED attempt=1 pass=0 pid=19676 Bắt đầu
[2026-08-23T23:32:39] [AUTO_START] RETRY_START attempt=1 pass=0 pid=19676 chua thay chon kenh, bam lai Bat dau
[2026-08-23T23:32:41] [AUTO_START] FAILED_CLOSED attempt=1 pass=0 pid=19676 timeout before rooted map
[2026-08-24T00:00:52] [AUTO_START] WAIT_WINDOW attempt=1 pass=0 pid=21480 Flash launched at original size
[2026-08-24T00:00:52] Đang đăng nhập 1 acc...
[2026-08-24T00:00:56] [AUTO_START] START_CLICKED attempt=1 pass=0 pid=21480 Bắt đầu
[2026-08-24T00:01:02] [AUTO_START] RETRY_START attempt=1 pass=0 pid=21480 chua thay chon kenh, bam lai Bat dau
[2026-08-24T00:01:21] [AUTO_START] START_CLICKED attempt=1 pass=0 pid=21480 Bắt đầu
[2026-08-24T00:01:23] [AUTO_START] CHANNEL_SELECTED attempt=1 pass=0 pid=21480 channel=(449, 308) choices=1
[2026-08-24T00:01:27] [AUTO_START] ENTER_GAME_CLICKED attempt=1 pass=0 pid=21480 character_slot=1 slot_verified=True
[2026-08-24T00:01:33] [AUTO_START] MAP_READY_OPEN attempt=1 pass=0 pid=21480 Player=0x1d4fd0a0 Core=0x184c30d0 world=(1793,1324)
[2026-08-24T00:20:54] [AUTO_START] WAIT_WINDOW attempt=1 pass=0 pid=14952 Flash launched at original size
[2026-08-24T00:20:54] Đang đăng nhập 1 acc...
[2026-08-24T00:20:59] [AUTO_START] START_CLICKED attempt=1 pass=0 pid=14952 Bắt đầu
[2026-08-24T00:21:05] [AUTO_START] RETRY_START attempt=1 pass=0 pid=14952 chua thay chon kenh, bam lai Bat dau
[2026-08-24T00:21:23] [AUTO_START] START_CLICKED attempt=1 pass=0 pid=14952 Bắt đầu
[2026-08-24T00:21:29] [AUTO_START] RETRY_START attempt=1 pass=0 pid=14952 chua thay chon kenh, bam lai Bat dau
[2026-08-24T00:21:32] [AUTO_START] START_CLICKED attempt=1 pass=0 pid=14952 Bắt đầu
[2026-08-24T00:21:38] [AUTO_START] MAP_READY_OPEN attempt=1 pass=0 pid=14952 Player=0x137fd0a0 Core=0xce960d0 world=(2296,1215)
[2026-08-24T00:22:05] Đã bắt đầu Daily theo cấu hình riêng: acc_2
[2026-08-24T00:22:05] Daily pepsi: client chưa mở, đang đăng nhập trước bước VIP...
[2026-08-24T00:22:05] [AUTO_START] WAIT_WINDOW attempt=1 pass=0 pid=20388 Flash launched at original size
[2026-08-24T00:22:09] [AUTO_START] START_CLICKED attempt=1 pass=0 pid=20388 Bắt đầu
[2026-08-24T00:22:14] [AUTO_START] RETRY_START attempt=1 pass=0 pid=20388 chua thay chon kenh, bam lai Bat dau
[2026-08-24T00:22:17] [AUTO_START] START_CLICKED attempt=1 pass=0 pid=20388 Bắt đầu
[2026-08-24T00:22:23] [AUTO_START] RETRY_START attempt=1 pass=0 pid=20388 chua thay chon kenh, bam lai Bat dau
[2026-08-24T00:22:33] [AUTO_START] START_CLICKED attempt=1 pass=0 pid=20388 Bắt đầu
[2026-08-24T00:22:36] [AUTO_START] CHANNEL_SELECTED attempt=1 pass=0 pid=20388 channel=(449, 308) choices=1
[2026-08-24T00:22:41] [AUTO_START] ENTER_GAME_CLICKED attempt=1 pass=0 pid=20388 character_slot=1 slot_verified=True
[2026-08-24T00:22:46] [AUTO_START] MAP_READY_OPEN attempt=1 pass=0 pid=20388 Player=0x1c2440a0 Core=0xc1210d0 world=(2296,1215)
[2026-08-24T00:22:55] [POPUP] đã đóng cache_notice
[2026-08-24T00:23:09] Daily xong bước VIP: đã thử claim 5/5 dòng VIP và nhận thời trang
[2026-08-24T00:23:16] Daily dừng tại MẬT BẢO: không xác minh được Hồn Khí Vương Tộc
[2026-08-24T00:23:46] Đã bắt đầu Daily theo cấu hình riêng: acc_2
[2026-08-24T00:23:46] Daily pepsi: client chưa mở, đang đăng nhập trước bước MẬT BẢO...
[2026-08-24T00:23:46] [AUTO_START] WAIT_WINDOW attempt=1 pass=0 pid=14924 Flash launched at original size
[2026-08-24T00:23:51] [AUTO_START] START_CLICKED attempt=1 pass=0 pid=14924 Bắt đầu
[2026-08-24T00:23:57] [AUTO_START] RETRY_START attempt=1 pass=0 pid=14924 chua thay chon kenh, bam lai Bat dau
[2026-08-24T00:24:13] [AUTO_START] START_CLICKED attempt=1 pass=0 pid=14924 Bắt đầu
[2026-08-24T00:24:16] [AUTO_START] CHANNEL_SELECTED attempt=1 pass=0 pid=14924 channel=(449, 308) choices=1
[2026-08-24T00:24:20] [AUTO_START] ENTER_GAME_CLICKED attempt=1 pass=0 pid=14924 character_slot=1 slot_verified=True
[2026-08-24T00:24:26] [AUTO_START] MAP_READY_OPEN attempt=1 pass=0 pid=14924 Player=0x14bad0a0 Core=0xc4050d0 world=(2296,1215)
[2026-08-24T00:24:34] [POPUP] đã đóng cache_notice
[2026-08-24T00:25:18] Daily xong bước MẬT BẢO: đã chọn công thức cấp 6 và bấm Chế tạo Mật Bảo 20 lần
[2026-08-24T00:25:28] Daily xong bước ĐIÊU KHẮC: đã bấm Đổi miễn phí và xác nhận Có trong KGĐK
[2026-08-24T00:27:47] Daily PHỤ BẢN lượt đầu: Lục Tiên Cảnh: Xong qua memory chưa có readback
[2026-08-24T00:27:47] Daily dừng tại PHỤ BẢN: Lục Tiên Cảnh: Xong qua memory chưa có readback
[2026-08-24T00:48:57] Đã bắt đầu Daily theo cấu hình riêng: acc_2
[2026-08-24T00:48:57] Daily pepsi: client chưa mở, đang đăng nhập trước bước PHỤ BẢN...
[2026-08-24T00:48:57] [AUTO_START] WAIT_WINDOW attempt=1 pass=0 pid=8204 Flash launched at original size
[2026-08-24T00:49:02] [AUTO_START] START_CLICKED attempt=1 pass=0 pid=8204 Bắt đầu
[2026-08-24T00:49:08] [AUTO_START] RETRY_START attempt=1 pass=0 pid=8204 chua thay chon kenh, bam lai Bat dau
[2026-08-24T00:49:23] [AUTO_START] START_CLICKED attempt=1 pass=0 pid=8204 Bắt đầu
[2026-08-24T00:49:26] [AUTO_START] CHANNEL_SELECTED attempt=1 pass=0 pid=8204 channel=(449, 308) choices=1
[2026-08-24T00:49:30] [AUTO_START] ENTER_GAME_CLICKED attempt=1 pass=0 pid=8204 character_slot=1 slot_verified=True
[2026-08-24T00:49:36] [AUTO_START] MAP_READY_OPEN attempt=1 pass=0 pid=8204 Player=0x1191d0a0 Core=0x15e470d0 world=(3107,1559)
[2026-08-24T00:49:44] [POPUP] đã đóng cache_notice
[2026-08-24T00:49:48] [POPUP] đã đóng cache_notice
[2026-08-24T00:50:00] [DUNGEON] NPC open attempt 1: exact NPC count=0
[2026-08-24T00:50:07] [DUNGEON] NPC open attempt 2: exact NPC count=0
[2026-08-24T00:50:14] [DUNGEON] NPC open attempt 3: exact NPC count=0
[2026-08-24T00:50:15] Daily PHỤ BẢN lượt đầu: không mở được NPC Sử Giả Mở Phụ Bản bằng memory
[2026-08-24T00:50:15] Daily dừng tại PHỤ BẢN: không mở được NPC Sử Giả Mở Phụ Bản bằng memory
[2026-08-24T06:57:56] Đã bắt đầu Daily theo cấu hình riêng: acc_2
[2026-08-24T06:57:57] Daily pepsi: client chưa mở, đang đăng nhập trước bước PHỤ BẢN...
[2026-08-24T06:57:57] [AUTO_START] WAIT_WINDOW attempt=1 pass=0 pid=5532 Flash launched at original size
[2026-08-24T06:58:01] [AUTO_START] START_CLICKED attempt=1 pass=0 pid=5532 Bắt đầu
[2026-08-24T06:58:06] [AUTO_START] RETRY_START attempt=1 pass=0 pid=5532 chua thay chon kenh, bam lai Bat dau
[2026-08-24T06:58:09] [AUTO_START] START_CLICKED attempt=1 pass=0 pid=5532 Bắt đầu
[2026-08-24T06:58:14] [AUTO_START] RETRY_START attempt=1 pass=0 pid=5532 chua thay chon kenh, bam lai Bat dau
[2026-08-24T06:58:25] [AUTO_START] START_CLICKED attempt=1 pass=0 pid=5532 Bắt đầu
[2026-08-24T06:58:28] [AUTO_START] CHANNEL_SELECTED attempt=1 pass=0 pid=5532 channel=(449, 308) choices=1
[2026-08-24T06:58:32] [AUTO_START] ENTER_GAME_CLICKED attempt=1 pass=0 pid=5532 character_slot=1 slot_verified=True
[2026-08-24T06:58:38] [AUTO_START] MAP_READY_OPEN attempt=1 pass=0 pid=5532 Player=0x12a6d0a0 Core=0x5c2f0d0 world=(3164,1615)
[2026-08-24T06:58:46] [POPUP] đã đóng cache_notice
[2026-08-24T06:58:48] [DUNGEON] Auto PB toolbar scan arrow=NutXuong.png score=0.990 box=(313, 28, 21, 23)
[2026-08-24T06:58:49] [DUNGEON] Auto PB panel visible after guarded toolbar click
[2026-08-24T06:58:51] [DUNGEON] Claim Lục Tiên Cảnh: button score=1.000 box=(654, 177, 60, 19) evidence=C:\Users\Administrator\Desktop\New folder\fbh_v2_ttt_fixed-20260709T181609Z-2-001\fbh_multi_account_infinite_auto\dev_supervisor_target_a_v2_20260814\logs\auto_pb_claim_5532_Lục Tiên Cảnh_1787529531.png
[2026-08-24T06:58:51] [DUNGEON] Claim Lục Tiên Cảnh: readback start PASS
[2026-08-24T06:58:53] [DUNGEON] Claim Liệt Diễm Thâm Uyên: button score=0.940 box=(202, 280, 60, 19) evidence=C:\Users\Administrator\Desktop\New folder\fbh_v2_ttt_fixed-20260709T181609Z-2-001\fbh_multi_account_infinite_auto\dev_supervisor_target_a_v2_20260814\logs\auto_pb_claim_5532_Liệt Diễm Thâm Uyên_1787529533.png
[2026-08-24T06:58:54] [DUNGEON] Claim Liệt Diễm Thâm Uyên: readback start PASS
[2026-08-24T06:58:55] [DUNGEON] Claim Trở Lại Lang Huyệt: button score=1.000 box=(428, 280, 60, 19) evidence=C:\Users\Administrator\Desktop\New folder\fbh_v2_ttt_fixed-20260709T181609Z-2-001\fbh_multi_account_infinite_auto\dev_supervisor_target_a_v2_20260814\logs\auto_pb_claim_5532_Trở Lại Lang Huyệt_1787529535.png
[2026-08-24T06:58:56] [DUNGEON] Claim Trở Lại Lang Huyệt: readback start PASS
[2026-08-24T06:58:58] [DUNGEON] Claim Quỷ Hút Máu: button score=1.000 box=(654, 280, 60, 19) evidence=C:\Users\Administrator\Desktop\New folder\fbh_v2_ttt_fixed-20260709T181609Z-2-001\fbh_multi_account_infinite_auto\dev_supervisor_target_a_v2_20260814\logs\auto_pb_claim_5532_Quỷ Hút Máu_1787529538.png
[2026-08-24T06:58:58] [DUNGEON] Claim Quỷ Hút Máu: readback start PASS
[2026-08-24T06:59:01] [DUNGEON] Claim Thế Giới Số: button score=0.940 box=(202, 177, 60, 19) evidence=C:\Users\Administrator\Desktop\New folder\fbh_v2_ttt_fixed-20260709T181609Z-2-001\fbh_multi_account_infinite_auto\dev_supervisor_target_a_v2_20260814\logs\auto_pb_claim_5532_Thế Giới Số_1787529541.png
[2026-08-24T06:59:02] [DUNGEON] Claim Thế Giới Số: readback start PASS
[2026-08-24T06:59:03] [DUNGEON] Claim Thám Hiểm: button score=1.000 box=(428, 177, 60, 19) evidence=C:\Users\Administrator\Desktop\New folder\fbh_v2_ttt_fixed-20260709T181609Z-2-001\fbh_multi_account_infinite_auto\dev_supervisor_target_a_v2_20260814\logs\auto_pb_claim_5532_Thám Hiểm_1787529543.png
[2026-08-24T06:59:04] [DUNGEON] Claim Thám Hiểm: readback start PASS
[2026-08-24T06:59:04] Daily PHỤ BẢN lượt đầu: Lục Tiên Cảnh:claim; Liệt Diễm Thâm Uyên:claim; Trở Lại Lang Huyệt:claim; Quỷ Hút Máu:claim; Thế Giới Số:claim; Thám Hiểm:claim
[2026-08-24T06:59:04] Daily xong bước PHỤ BẢN: Lục Tiên Cảnh:claim; Liệt Diễm Thâm Uyên:claim; Trở Lại Lang Huyệt:claim; Quỷ Hút Máu:claim; Thế Giới Số:claim; Thám Hiểm:claim
[2026-08-24T06:59:05] [POPUP] chặn popup/panel chưa nhận diện có X tại (798, 78); không đóng
[2026-08-24T06:59:05] Daily dừng tại THẦN TU: không tới được Quyến Cố Thành: popup guard trước chuyển map: unknown_modal_blocked
[2026-08-24T17:23:49] Đã dừng đánh thử.
[2026-08-24T18:19:43] Đã dừng đánh thử.
[2026-08-24T18:19:51] Đã cập nhật "luvy"
[2026-08-24T18:56:00] Bắt đầu auto boss (full, key acc_3) — acc_3, acc_1, acc_2, acc_4, acc_5 tại Liêu Vân Tộc, 3 loại boss
[2026-08-24T18:56:00] [AUTO_TRAIN] CYCLE: vong 1
[2026-08-24T18:56:00] [AUTO_TRAIN] LOGIN: dang nhap song song 5 acc
[2026-08-24T18:56:00] [AUTO_START] WAIT_WINDOW attempt=1 pass=0 pid=15760 Flash launched at original size
[2026-08-24T18:56:04] [AUTO_START] WAIT_WINDOW attempt=1 pass=0 pid=14332 Flash launched at original size
[2026-08-24T18:56:05] [AUTO_START] START_CLICKED attempt=1 pass=0 pid=15760 Bắt đầu
[2026-08-24T18:56:08] [AUTO_START] WAIT_WINDOW attempt=1 pass=0 pid=9372 Flash launched at original size
[2026-08-24T18:56:09] [AUTO_START] START_CLICKED attempt=1 pass=0 pid=14332 Bắt đầu
[2026-08-24T18:56:12] [AUTO_START] RETRY_START attempt=1 pass=0 pid=15760 chua thay chon kenh, bam lai Bat dau
[2026-08-24T18:56:12] [AUTO_START] WAIT_WINDOW attempt=1 pass=0 pid=16160 Flash launched at original size
[2026-08-24T18:56:13] [AUTO_START] START_CLICKED attempt=1 pass=0 pid=9372 Bắt đầu
[2026-08-24T18:56:16] [AUTO_START] WAIT_WINDOW attempt=1 pass=0 pid=16068 Flash launched at original size
[2026-08-24T18:56:17] [AUTO_START] RETRY_START attempt=1 pass=0 pid=14332 chua thay chon kenh, bam lai Bat dau
[2026-08-24T18:56:21] [AUTO_START] START_CLICKED attempt=1 pass=0 pid=16068 Bắt đầu
[2026-08-24T18:56:21] [AUTO_START] START_CLICKED attempt=1 pass=0 pid=16160 Bắt đầu
[2026-08-24T18:56:22] [AUTO_START] RETRY_START attempt=1 pass=0 pid=9372 chua thay chon kenh, bam lai Bat dau
[2026-08-24T18:56:26] [AUTO_START] RETRY_START attempt=1 pass=0 pid=16068 chua thay chon kenh, bam lai Bat dau
[2026-08-24T18:56:27] [AUTO_START] RETRY_START attempt=1 pass=0 pid=16160 chua thay chon kenh, bam lai Bat dau
[2026-08-24T18:56:32] [AUTO_START] START_CLICKED attempt=1 pass=0 pid=15760 Bắt đầu
[2026-08-24T18:56:32] [AUTO_START] START_CLICKED attempt=1 pass=0 pid=14332 Bắt đầu
[2026-08-24T18:56:37] [AUTO_START] START_CLICKED attempt=1 pass=0 pid=16160 Bắt đầu
[2026-08-24T18:56:37] [AUTO_START] CHANNEL_SELECTED attempt=1 pass=0 pid=15760 channel=(449, 308) choices=1
[2026-08-24T18:56:38] [AUTO_START] START_CLICKED attempt=1 pass=0 pid=9372 Bắt đầu
[2026-08-24T18:56:38] [AUTO_START] CHANNEL_SELECTED attempt=1 pass=0 pid=14332 channel=(449, 308) choices=1
[2026-08-24T18:56:40] [AUTO_START] START_CLICKED attempt=1 pass=0 pid=16068 Bắt đầu
[2026-08-24T18:56:42] [AUTO_START] RETRY_START attempt=1 pass=0 pid=16160 chua thay chon kenh, bam lai Bat dau
[2026-08-24T18:56:44] [AUTO_START] CHANNEL_SELECTED attempt=1 pass=0 pid=9372 channel=(449, 308) choices=1
[2026-08-24T18:56:45] [AUTO_START] RETRY_START attempt=1 pass=0 pid=16068 chua thay chon kenh, bam lai Bat dau
[2026-08-24T18:56:45] [AUTO_START] ENTER_GAME_CLICKED attempt=1 pass=0 pid=15760 character_slot=1 slot_verified=True
[2026-08-24T18:56:45] [AUTO_START] ENTER_GAME_CLICKED attempt=1 pass=0 pid=14332 character_slot=1 slot_verified=True
[2026-08-24T18:56:47] [AUTO_START] START_CLICKED attempt=1 pass=0 pid=16160 Bắt đầu
[2026-08-24T18:56:50] [AUTO_START] START_CLICKED attempt=1 pass=0 pid=16068 Bắt đầu
[2026-08-24T18:56:50] [AUTO_START] ENTER_GAME_CLICKED attempt=1 pass=0 pid=9372 character_slot=1 slot_verified=True
[2026-08-24T18:56:54] [AUTO_START] MAP_READY_OPEN attempt=1 pass=0 pid=15760 Player=0x101af0a0 Core=0x9fd00d0 world=(2058,1402)
[2026-08-24T18:56:57] [AUTO_START] MAP_READY_OPEN attempt=1 pass=0 pid=14332 Player=0x10ef00a0 Core=0x152280d0 world=(2278,1149)
[2026-08-24T18:56:57] [AUTO_START] CHANNEL_SELECTED attempt=1 pass=0 pid=16160 channel=(449, 308) choices=1
[2026-08-24T18:56:59] [AUTO_START] CHANNEL_SELECTED attempt=1 pass=0 pid=16068 channel=(449, 308) choices=1
[2026-08-24T18:57:03] [AUTO_START] ENTER_GAME_CLICKED attempt=1 pass=0 pid=16160 character_slot=1 slot_verified=True
[2026-08-24T18:57:04] [AUTO_START] MAP_READY_OPEN attempt=1 pass=0 pid=9372 Player=0x1b33a0a0 Core=0x162f90d0 world=(3164,1615)
[2026-08-24T18:57:06] [AUTO_START] ENTER_GAME_CLICKED attempt=1 pass=0 pid=16068 character_slot=1 slot_verified=True
[2026-08-24T18:57:09] [AUTO_START] MAP_READY_OPEN attempt=1 pass=0 pid=16160 Player=0x1d2920a0 Core=0x15f030d0 world=(1174,497)
[2026-08-24T18:57:14] [AUTO_START] MAP_READY_OPEN attempt=1 pass=0 pid=16068 Player=0x105be0a0 Core=0xa4a60d0 world=(1793,1324)
[2026-08-24T18:57:18] [POPUP] đã đóng cache_notice
[2026-08-24T18:57:19] [AUTO_TRAIN] TSk đóng popup: cache_notice
[2026-08-24T18:57:23] [POPUP] đã đóng cache_notice
[2026-08-24T18:57:24] [AUTO_TRAIN] CB đóng popup: cache_notice
[2026-08-24T18:57:27] [POPUP] đã đóng cache_notice
[2026-08-24T18:57:28] [AUTO_TRAIN] pepsi đóng popup: cache_notice
[2026-08-24T18:57:31] [POPUP] đã đóng cache_notice
[2026-08-24T18:57:32] [AUTO_TRAIN] hshehe đóng popup: cache_notice
[2026-08-24T18:57:35] [POPUP] đã đóng cache_notice
[2026-08-24T18:57:36] [AUTO_TRAIN] luvy đóng popup: cache_notice
[2026-08-24T18:57:50] [AUTO_TRAIN] PARTY_FORMING: key TSk moi 4 member
[2026-08-24T18:58:12] [AUTO_TRAIN] member 14332 cid=3220 joined=True key_in_party=True (x1)
[2026-08-24T18:58:12] [AUTO_TRAIN] member 9372 cid=53 joined=False key_in_party=True (x3)
[2026-08-24T18:58:12] [AUTO_TRAIN] member 16160 cid=4159 joined=False key_in_party=True (x3)
[2026-08-24T18:58:12] [AUTO_TRAIN] member 16068 cid=12 joined=False key_in_party=True (x3)
[2026-08-24T18:58:12] [AUTO_TRAIN] PARTY_PARTIAL: 1/4 member vao nhom
[2026-08-24T18:58:14] [AUTO_TRAIN] TRAVEL: TSk -> Liêu Vân Tộc
[2026-08-24T18:58:36] [AUTO_TRAIN] TRAVEL: pepsi -> Liêu Vân Tộc
[2026-08-24T19:00:18] [AUTO_TRAIN] TRAVEL: luvy -> Liêu Vân Tộc
[2026-08-24T19:00:38] [AUTO_TRAIN] PARTY_FORMING: key TSk moi 4 member
[2026-08-24T19:00:38] [AUTO_TRAIN] member 14332 cid=3220 already in party
[2026-08-24T19:00:44] [AUTO_TRAIN] member 14332 cid=3220 joined=True key_in_party=True (x0)
[2026-08-24T19:00:44] [AUTO_TRAIN] member 9372 cid=53 joined=True key_in_party=True (x1)
[2026-08-24T19:00:44] [AUTO_TRAIN] member 16160 cid=4159 joined=True key_in_party=True (x1)
[2026-08-24T19:00:44] [AUTO_TRAIN] member 16068 cid=12 joined=True key_in_party=True (x1)
[2026-08-24T19:00:44] [AUTO_TRAIN] PARTY_DONE: 4/4 member vao nhom
[2026-08-24T19:00:47] [AUTO_BOSS_TEAM] kiem tra key TSk: auto=AUTO_ON
[2026-08-24T19:00:55] [AUTO_BOSS] Start selected-monster NPCView.clickNpc runner generation=1
[2026-08-24T19:00:55] [AUTO_TRAIN] HUNTING: Liêu Vân Tộc: 3 loai boss, 1 acc san
[2026-08-24T19:00:55] [AUTO_TRAIN] HUNTING: Liêu Vân Tộc: TSk 0 con [ATTACHING]
[2026-08-24T19:00:58] [AUTO_BOSS] selected Phát Tài id=17891 type=3060100000051 resource=2060100000051 base=0x332985c0 distance=320
[2026-08-24T19:00:59] [AUTO_BOSS] NPCView session fingerprint native=0x7c7cb8 avm=0x100400a0 method_info=0x91c3b30 slot322_method_id=18293
[2026-08-24T19:00:59] [AUTO_BOSS] id=17891 distance=320 receiver=0x35c550d0 method=18293 stage=1
[2026-08-24T19:00:59] [AUTO_TRAIN] HUNTING: Liêu Vân Tộc: TSk 0 con [GAME_CLICK_NPC]
[2026-08-24T19:01:01] [AUTO_BOSS] battle edge false->true id=17891
[2026-08-24T19:01:01] [AUTO_TRAIN] HUNTING: Liêu Vân Tộc: TSk 0 con [IN_BATTLE]
[2026-08-24T19:01:11] [AUTO_BOSS] battle edge true->false clear=1
[2026-08-24T19:01:12] [AUTO_BOSS_TEAM] TSk ha 1 con tai Liêu Vân Tộc
[2026-08-24T19:01:12] [AUTO_TRAIN] HUNTING: Liêu Vân Tộc: TSk 1 con [IN_BATTLE]
[2026-08-24T19:01:12] [AUTO_BOSS] selected Phát Tài id=13418 type=3060100000051 resource=2060100000051 base=0x33298330 distance=646
[2026-08-24T19:01:13] [AUTO_BOSS] id=13418 distance=646 receiver=0x9fd0e50 method=18293 stage=1
[2026-08-24T19:01:13] [AUTO_TRAIN] HUNTING: Liêu Vân Tộc: TSk 1 con [GAME_CLICK_NPC]
[2026-08-24T19:01:17] [AUTO_BOSS] battle edge false->true id=13418
[2026-08-24T19:01:28] [AUTO_BOSS] battle edge true->false clear=2
[2026-08-24T19:01:28] [AUTO_TRAIN] HUNTING: Liêu Vân Tộc: TSk 1 con [IN_BATTLE]
[2026-08-24T19:01:29] [AUTO_BOSS] selected Phát Tài id=12916 type=3060100000051 resource=2060100000051 base=0x25853d70 distance=46
[2026-08-24T19:01:30] [AUTO_BOSS_TEAM] TSk ha 2 con tai Liêu Vân Tộc
[2026-08-24T19:01:30] [AUTO_TRAIN] HUNTING: Liêu Vân Tộc: TSk 2 con [IN_BATTLE]
[2026-08-24T19:01:30] [AUTO_BOSS] id=12916 distance=46 receiver=0x35c55ca0 method=18293 stage=2
[2026-08-24T19:01:31] [AUTO_TRAIN] HUNTING: Liêu Vân Tộc: TSk 2 con [GAME_CLICK_NPC]
[2026-08-24T19:01:32] [AUTO_BOSS] battle edge false->true id=12916
[2026-08-24T19:01:33] [AUTO_TRAIN] HUNTING: Liêu Vân Tộc: TSk 2 con [IN_BATTLE]
[2026-08-24T19:01:41] [AUTO_BOSS] battle edge true->false clear=3
[2026-08-24T19:01:41] [AUTO_BOSS] selected Phát Tài id=11002 type=3060100000051 resource=2060100000051 base=0xcaf3d70 distance=132
[2026-08-24T19:01:42] [AUTO_BOSS] id=11002 distance=132 receiver=0x35c550d0 method=18293 stage=2
[2026-08-24T19:01:43] [AUTO_TRAIN] hshehe Auto=AUTO_UNKNOWN (button not readable (covered, blank or ambiguous))
[2026-08-24T19:01:44] [AUTO_TRAIN] luvy Auto=AUTO_UNKNOWN (button not readable (covered, blank or ambiguous))
[2026-08-24T19:01:44] [AUTO_BOSS_TEAM] kiem tra key TSk: auto=AUTO_ON
[2026-08-24T19:01:44] [AUTO_TRAIN] HUNTING: Liêu Vân Tộc: TSk 2 con [GAME_CLICK_NPC]
[2026-08-24T19:01:45] [AUTO_BOSS] battle edge false->true id=11002
[2026-08-24T19:01:46] [AUTO_BOSS_TEAM] TSk ha 3 con tai Liêu Vân Tộc
[2026-08-24T19:01:46] [AUTO_TRAIN] HUNTING: Liêu Vân Tộc: TSk 3 con [IN_BATTLE]
[2026-08-24T19:01:56] [AUTO_BOSS] battle edge true->false clear=4
[2026-08-24T19:01:58] [AUTO_BOSS] selected Phát Tài id=10402 type=3060100000051 resource=2060100000051 base=0x33298850 distance=138
[2026-08-24T19:01:59] [AUTO_BOSS] id=10402 distance=138 receiver=0x35c55280 method=18293 stage=2
[2026-08-24T19:02:01] [AUTO_TRAIN] HUNTING: Liêu Vân Tộc: TSk 3 con [GAME_CLICK_NPC]
[2026-08-24T19:02:02] [AUTO_BOSS_TEAM] TSk ha 4 con tai Liêu Vân Tộc
[2026-08-24T19:02:02] [AUTO_TRAIN] HUNTING: Liêu Vân Tộc: TSk 4 con [GAME_CLICK_NPC]
[2026-08-24T19:02:02] [AUTO_BOSS] battle edge false->true id=10402
[2026-08-24T19:02:04] [AUTO_TRAIN] HUNTING: Liêu Vân Tộc: TSk 4 con [IN_BATTLE]
[2026-08-24T19:02:19] [AUTO_BOSS] battle edge true->false clear=5
[2026-08-24T19:02:20] [AUTO_BOSS_TEAM] TSk ha 5 con tai Liêu Vân Tộc
[2026-08-24T19:02:20] [AUTO_TRAIN] HUNTING: Liêu Vân Tộc: TSk 5 con [IN_BATTLE]
[2026-08-24T19:02:21] [AUTO_BOSS] selected Phát Tài id=15433 type=3060100000051 resource=2060100000051 base=0x332980a0 distance=794
[2026-08-24T19:02:22] [AUTO_BOSS] id=15433 distance=794 receiver=0x1c9f2af0 method=18293 stage=1
[2026-08-24T19:02:26] [AUTO_BOSS] battle edge false->true id=15433
[2026-08-24T19:02:38] [AUTO_BOSS] battle edge true->false clear=6
[2026-08-24T19:02:39] [AUTO_BOSS] selected Phát Tài id=17013 type=3060100000051 resource=2060100000051 base=0x33920d70 distance=54
[2026-08-24T19:02:40] [AUTO_BOSS] id=17013 distance=54 receiver=0x9fd0e50 method=18293 stage=2
[2026-08-24T19:02:41] [AUTO_TRAIN] hshehe Auto=AUTO_UNKNOWN (button not readable (covered, blank or ambiguous))
[2026-08-24T19:02:42] [AUTO_BOSS] battle edge false->true id=17013
[2026-08-24T19:02:50] [AUTO_TRAIN] luvy Auto=AUTO_OFF (stable across samples)
[2026-08-24T19:02:50] [AUTO_BOSS_TEAM] kiem tra key TSk: auto=AUTO_ON
[2026-08-24T19:02:51] [AUTO_BOSS_TEAM] TSk ha 6 con tai Liêu Vân Tộc
[2026-08-24T19:02:51] [AUTO_TRAIN] HUNTING: Liêu Vân Tộc: TSk 6 con [IN_BATTLE]
[2026-08-24T19:02:53] [AUTO_BOSS] battle edge true->false clear=7
[2026-08-24T19:02:54] [AUTO_BOSS] selected Phát Tài id=12593 type=3060100000051 resource=2060100000051 base=0x1dae5d70 distance=523
[2026-08-24T19:02:54] [AUTO_BOSS_TEAM] TSk ha 7 con tai Liêu Vân Tộc
[2026-08-24T19:02:54] [AUTO_TRAIN] HUNTING: Liêu Vân Tộc: TSk 7 con [IN_BATTLE]
[2026-08-24T19:02:55] [AUTO_BOSS] id=12593 distance=523 receiver=0x35c55280 method=18293 stage=1
[2026-08-24T19:02:56] [AUTO_TRAIN] HUNTING: Liêu Vân Tộc: TSk 7 con [GAME_CLICK_NPC]
[2026-08-24T19:02:58] [AUTO_TRAIN] HUNTING: Liêu Vân Tộc: TSk 7 con [GAME_CLOSE_TO]
[2026-08-24T19:02:59] [AUTO_BOSS] battle edge false->true id=12593
[2026-08-24T19:03:09] [AUTO_BOSS] battle edge true->false clear=8
[2026-08-24T19:03:11] [AUTO_TRAIN] HUNTING: Liêu Vân Tộc: TSk 7 con [IN_BATTLE]
[2026-08-24T19:03:11] [AUTO_BOSS] selected Phát Tài id=16355 type=3060100000051 resource=2060100000051 base=0x1dae55c0 distance=1185
[2026-08-24T19:03:12] [AUTO_BOSS] id=16355 distance=1185 receiver=0x35c55ca0 method=18293 stage=1
[2026-08-24T19:03:12] [AUTO_BOSS_TEAM] TSk ha 8 con tai Liêu Vân Tộc
[2026-08-24T19:03:12] [AUTO_TRAIN] HUNTING: Liêu Vân Tộc: TSk 8 con [GAME_CLICK_NPC]
[2026-08-24T19:03:14] [AUTO_TRAIN] HUNTING: Liêu Vân Tộc: TSk 8 con [GAME_CLOSE_TO]
[2026-08-24T19:03:18] [AUTO_BOSS] battle edge false->true id=16355
[2026-08-24T19:03:18] [AUTO_TRAIN] HUNTING: Liêu Vân Tộc: TSk 8 con [IN_BATTLE]
[2026-08-24T19:03:33] [AUTO_BOSS] battle edge true->false clear=9
[2026-08-24T19:03:34] [AUTO_BOSS] selected Phát Tài id=15798 type=3060100000051 resource=2060100000051 base=0x25853ae0 distance=1080
[2026-08-24T19:03:35] [AUTO_BOSS] id=15798 distance=1080 receiver=0x35c55790 method=18293 stage=1
[2026-08-24T19:03:35] [AUTO_BOSS_TEAM] TSk ha 9 con tai Liêu Vân Tộc
[2026-08-24T19:03:41] [AUTO_TRAIN] luvy Auto=AUTO_UNKNOWN (button not readable (covered, blank or ambiguous))
[2026-08-24T19:03:41] [AUTO_BOSS_TEAM] kiem tra key TSk: auto=AUTO_ON
[2026-08-24T19:03:41] [AUTO_TRAIN] HUNTING: Liêu Vân Tộc: TSk 9 con [GAME_CLOSE_TO]
[2026-08-24T19:03:41] [AUTO_BOSS] battle edge false->true id=15798
[2026-08-24T19:03:42] [AUTO_TRAIN] HUNTING: Liêu Vân Tộc: TSk 9 con [IN_BATTLE]
[2026-08-24T19:03:52] [AUTO_BOSS] battle edge true->false clear=10
[2026-08-24T19:03:53] [AUTO_BOSS_TEAM] TSk ha 10 con tai Liêu Vân Tộc
[2026-08-24T19:03:53] [AUTO_TRAIN] HUNTING: Liêu Vân Tộc: TSk 10 con [IN_BATTLE]
[2026-08-24T19:03:53] [AUTO_BOSS] selected Đấu Sĩ Ác Ma id=17297 type=3060100001180 resource=2060100001211 base=0x25853850 distance=37
[2026-08-24T19:03:54] [AUTO_BOSS] id=17297 distance=37 receiver=0x287a20d0 method=18293 stage=2
[2026-08-24T19:03:56] [AUTO_BOSS] battle edge false->true id=17297
[2026-08-24T19:04:02] [AUTO_BOSS] battle edge true->false clear=11
[2026-08-24T19:04:03] [AUTO_BOSS] selected Đấu Sĩ Ác Ma id=17366 type=3060100001180 resource=2060100001211 base=0x23a5aae0 distance=52
[2026-08-24T19:04:04] [AUTO_BOSS] id=17366 distance=52 receiver=0x1068cca0 method=18293 stage=2
[2026-08-24T19:04:05] [AUTO_BOSS_TEAM] TSk ha 11 con tai Liêu Vân Tộc
[2026-08-24T19:04:05] [AUTO_TRAIN] HUNTING: Liêu Vân Tộc: TSk 11 con [GAME_CLICK_NPC]
[2026-08-24T19:04:06] [AUTO_BOSS] battle edge false->true id=17366
[2026-08-24T19:04:07] [AUTO_TRAIN] HUNTING: Liêu Vân Tộc: TSk 11 con [IN_BATTLE]
[2026-08-24T19:04:13] [AUTO_BOSS] battle edge true->false clear=12
[2026-08-24T19:04:13] [AUTO_BOSS_TEAM] TSk ha 12 con tai Liêu Vân Tộc
[2026-08-24T19:04:13] [AUTO_TRAIN] HUNTING: Liêu Vân Tộc: TSk 12 con [IN_BATTLE]
[2026-08-24T19:04:14] [AUTO_BOSS] selected Đấu Sĩ Ác Ma id=13770 type=3060100001180 resource=2060100001211 base=0x1e3f80a0 distance=428
[2026-08-24T19:04:15] [AUTO_BOSS] id=13770 distance=428 receiver=0xd4f4940 method=18293 stage=1
[2026-08-24T19:04:16] [AUTO_TRAIN] HUNTING: Liêu Vân Tộc: TSk 12 con [GAME_CLICK_NPC]
[2026-08-24T19:04:18] [AUTO_TRAIN] HUNTING: Liêu Vân Tộc: TSk 12 con [GAME_CLOSE_TO]
[2026-08-24T19:04:26] [AUTO_BOSS] REJECT_ROUTE_TIMEOUT id=13770 base=0x1e3f80a0
[2026-08-24T19:04:29] [AUTO_BOSS] selected Đấu Sĩ Ác Ma id=14525 type=3060100001180 resource=2060100001211 base=0x24646ae0 distance=444
[2026-08-24T19:04:30] [AUTO_BOSS] id=14525 distance=444 receiver=0x287a20d0 method=18293 stage=1
[2026-08-24T19:04:30] [AUTO_BOSS_TEAM] kiem tra key TSk: auto=AUTO_ON
[2026-08-24T19:04:30] [AUTO_TRAIN] HUNTING: Liêu Vân Tộc: TSk 12 con [GAME_CLICK_NPC]
[2026-08-24T19:04:32] [AUTO_TRAIN] HUNTING: Liêu Vân Tộc: TSk 12 con [GAME_CLOSE_TO]
[2026-08-24T19:04:34] [AUTO_BOSS] battle edge false->true id=14525
[2026-08-24T19:04:35] [AUTO_TRAIN] HUNTING: Liêu Vân Tộc: TSk 12 con [IN_BATTLE]
[2026-08-24T19:04:40] [AUTO_BOSS] battle edge true->false clear=13
[2026-08-24T19:04:41] [AUTO_BOSS_TEAM] TSk ha 13 con tai Liêu Vân Tộc
[2026-08-24T19:04:41] [AUTO_TRAIN] HUNTING: Liêu Vân Tộc: TSk 13 con [IN_BATTLE]
[2026-08-24T19:04:41] [AUTO_BOSS] selected Đấu Sĩ Ác Ma id=13832 type=3060100001180 resource=2060100001211 base=0x27df05c0 distance=357
[2026-08-24T19:04:42] [AUTO_BOSS] id=13832 distance=357 receiver=0x287a2940 method=18293 stage=1
[2026-08-24T19:04:42] [AUTO_TRAIN] HUNTING: Liêu Vân Tộc: TSk 13 con [GAME_CLICK_NPC]
[2026-08-24T19:04:44] [AUTO_TRAIN] HUNTING: Liêu Vân Tộc: TSk 13 con [GAME_CLOSE_TO]
[2026-08-24T19:04:50] [AUTO_BOSS] REJECT_ROUTE_TIMEOUT id=13832 base=0x27df05c0
[2026-08-24T19:04:51] [AUTO_TRAIN] HUNTING: Liêu Vân Tộc: TSk 13 con [REJECT_ROUTE_TIMEOUT]
[2026-08-24T19:04:53] [AUTO_BOSS] selected Đấu Sĩ Ác Ma id=13320 type=3060100001180 resource=2060100001211 base=0x23a5aae0 distance=43
[2026-08-24T19:04:54] [AUTO_BOSS] id=13320 distance=43 receiver=0x287a2790 method=18293 stage=2
[2026-08-24T19:04:56] [AUTO_TRAIN] HUNTING: Liêu Vân Tộc: TSk 13 con [GAME_CLICK_NPC]
[2026-08-24T19:04:56] [AUTO_BOSS] battle edge false->true id=13320
[2026-08-24T19:04:57] [AUTO_TRAIN] HUNTING: Liêu Vân Tộc: TSk 13 con [IN_BATTLE]
[2026-08-24T19:05:01] [AUTO_BOSS] battle edge true->false clear=14
[2026-08-24T19:05:02] [AUTO_BOSS] selected Phát Tài id=17560 type=3060100000051 resource=2060100000051 base=0x1e3f8330 distance=372
[2026-08-24T19:05:02] [AUTO_BOSS_TEAM] TSk ha 14 con tai Liêu Vân Tộc
[2026-08-24T19:05:02] [AUTO_TRAIN] HUNTING: Liêu Vân Tộc: TSk 14 con [IN_BATTLE]
[2026-08-24T19:05:02] [AUTO_BOSS] id=17560 distance=372 receiver=0x35c55790 method=18293 stage=1
[2026-08-24T19:05:03] [AUTO_TRAIN] HUNTING: Liêu Vân Tộc: TSk 14 con [GAME_CLICK_NPC]
[2026-08-24T19:05:04] [AUTO_BOSS] battle edge false->true id=17560
[2026-08-24T19:05:05] [AUTO_TRAIN] HUNTING: Liêu Vân Tộc: TSk 14 con [IN_BATTLE]
[2026-08-24T19:05:19] [AUTO_BOSS] battle edge true->false clear=15
[2026-08-24T19:05:21] [AUTO_BOSS] selected Đấu Sĩ Ác Ma id=17923 type=3060100001180 resource=2060100001211 base=0x1d780d70 distance=188
[2026-08-24T19:05:22] [AUTO_BOSS] id=17923 distance=188 receiver=0x35c55ca0 method=18293 stage=2
[2026-08-24T19:05:24] [AUTO_TRAIN] CB Auto=AUTO_UNKNOWN (button not readable (covered, blank or ambiguous))
[2026-08-24T19:05:24] [AUTO_BOSS] battle edge false->true id=17923
[2026-08-24T19:05:24] [AUTO_TRAIN] pepsi Auto=AUTO_UNKNOWN (button not readable (covered, blank or ambiguous))
[2026-08-24T19:05:25] [AUTO_TRAIN] hshehe Auto=AUTO_UNKNOWN (button not readable (covered, blank or ambiguous))
[2026-08-24T19:05:26] [AUTO_TRAIN] luvy Auto=AUTO_UNKNOWN (button not readable (covered, blank or ambiguous))
[2026-08-24T19:05:26] [AUTO_BOSS_TEAM] kiem tra key TSk: auto=AUTO_ON
[2026-08-24T19:05:28] [AUTO_BOSS_TEAM] TSk ha 15 con tai Liêu Vân Tộc
[2026-08-24T19:05:28] [AUTO_TRAIN] HUNTING: Liêu Vân Tộc: TSk 15 con [IN_BATTLE]
[2026-08-24T19:05:30] [AUTO_BOSS] battle edge true->false clear=16
[2026-08-24T19:05:31] [AUTO_BOSS_TEAM] TSk ha 16 con tai Liêu Vân Tộc
[2026-08-24T19:05:31] [AUTO_TRAIN] HUNTING: Liêu Vân Tộc: TSk 16 con [IN_BATTLE]
[2026-08-24T19:05:31] [AUTO_BOSS] selected Đấu Sĩ Ác Ma id=14633 type=3060100001180 resource=2060100001211 base=0x27df0850 distance=350
[2026-08-24T19:05:32] [AUTO_BOSS] id=14633 distance=350 receiver=0x287a20d0 method=18293 stage=1
[2026-08-24T19:05:34] [AUTO_TRAIN] HUNTING: Liêu Vân Tộc: TSk 16 con [GAME_CLICK_NPC]
[2026-08-24T19:05:35] [AUTO_BOSS] id=14633 distance=178 receiver=0x287a20d0 method=18293 stage=2
[2026-08-24T19:05:37] [AUTO_BOSS] battle edge false->true id=14633
[2026-08-24T19:05:38] [AUTO_TRAIN] HUNTING: Liêu Vân Tộc: TSk 16 con [IN_BATTLE]
[2026-08-24T19:05:41] [AUTO_BOSS] battle edge true->false clear=17
[2026-08-24T19:05:41] [AUTO_BOSS_TEAM] TSk ha 17 con tai Liêu Vân Tộc
[2026-08-24T19:05:41] [AUTO_TRAIN] HUNTING: Liêu Vân Tộc: TSk 17 con [IN_BATTLE]
[2026-08-24T19:05:43] [AUTO_BOSS] selected Đấu Sĩ Ác Ma id=10768 type=3060100001180 resource=2060100001211 base=0x246460a0 distance=740
[2026-08-24T19:05:44] [AUTO_BOSS] id=10768 distance=740 receiver=0x35c55ca0 method=18293 stage=1
[2026-08-24T19:05:45] [AUTO_TRAIN] HUNTING: Liêu Vân Tộc: TSk 17 con [GAME_CLICK_NPC]
[2026-08-24T19:05:46] [AUTO_TRAIN] HUNTING: Liêu Vân Tộc: TSk 17 con [GAME_CLOSE_TO]
[2026-08-24T19:05:56] [AUTO_BOSS] REJECT_ROUTE_TIMEOUT id=10768 base=0x246460a0
[2026-08-24T19:05:57] [AUTO_TRAIN] HUNTING: Liêu Vân Tộc: TSk 17 con [REJECT_ROUTE_TIMEOUT]
[2026-08-24T19:05:59] [AUTO_BOSS] reject nDict mismatch id=14882 base=0x31af45c0 returned=0x0
[2026-08-24T19:06:00] [AUTO_BOSS] selected Phát Tài id=13977 type=3060100000051 resource=2060100000051 base=0x327fe0a0 distance=882
[2026-08-24T19:06:02] [AUTO_BOSS] id=13977 distance=882 receiver=0x287a2af0 method=18293 stage=1
[2026-08-24T19:06:03] [AUTO_TRAIN] HUNTING: Liêu Vân Tộc: TSk 17 con [GAME_CLICK_NPC]
[2026-08-24T19:06:05] [AUTO_TRAIN] HUNTING: Liêu Vân Tộc: TSk 17 con [GAME_CLOSE_TO]
[2026-08-24T19:06:08] [AUTO_BOSS] battle edge false->true id=13977
[2026-08-24T19:06:19] [AUTO_BOSS] battle edge true->false clear=18
[2026-08-24T19:06:21] [AUTO_BOSS] selected Phát Tài id=12940 type=3060100000051 resource=2060100000051 base=0x37fbaae0 distance=45
[2026-08-24T19:06:22] [AUTO_BOSS] id=12940 distance=45 receiver=0x287a2940 method=18293 stage=2
[2026-08-24T19:06:23] [AUTO_TRAIN] pepsi Auto=AUTO_UNKNOWN (button not readable (covered, blank or ambiguous))
[2026-08-24T19:06:24] [AUTO_TRAIN] hshehe Auto=AUTO_UNKNOWN (button not readable (covered, blank or ambiguous))
[2026-08-24T19:06:25] [AUTO_BOSS] battle edge false->true id=12940
[2026-08-24T19:06:25] [AUTO_TRAIN] luvy Auto=AUTO_UNKNOWN (button not readable (covered, blank or ambiguous))
[2026-08-24T19:06:25] [AUTO_BOSS_TEAM] kiem tra key TSk: auto=AUTO_ON
[2026-08-24T19:06:25] [AUTO_TRAIN] HUNTING: Liêu Vân Tộc: TSk 17 con [IN_BATTLE]
[2026-08-24T19:06:26] [AUTO_BOSS_TEAM] TSk ha 18 con tai Liêu Vân Tộc
[2026-08-24T19:06:26] [AUTO_TRAIN] HUNTING: Liêu Vân Tộc: TSk 18 con [IN_BATTLE]
[2026-08-24T19:06:38] [AUTO_BOSS] battle edge true->false clear=19
[2026-08-24T19:06:39] [AUTO_BOSS_TEAM] TSk ha 19 con tai Liêu Vân Tộc
[2026-08-24T19:06:39] [AUTO_TRAIN] HUNTING: Liêu Vân Tộc: TSk 19 con [IN_BATTLE]
[2026-08-24T19:06:39] [AUTO_BOSS] selected Phát Tài id=16745 type=3060100000051 resource=2060100000051 base=0x327fe850 distance=31
[2026-08-24T19:06:40] [AUTO_BOSS] id=16745 distance=31 receiver=0x1068ce50 method=18293 stage=2
[2026-08-24T19:06:40] [AUTO_TRAIN] HUNTING: Liêu Vân Tộc: TSk 19 con [GAME_CLICK_NPC]
[2026-08-24T19:06:42] [AUTO_BOSS] battle edge false->true id=16745
[2026-08-24T19:06:53] [AUTO_BOSS] battle edge true->false clear=20
[2026-08-24T19:06:54] [AUTO_TRAIN] HUNTING: Liêu Vân Tộc: TSk 19 con [IN_BATTLE]
[2026-08-24T19:06:54] [AUTO_BOSS] selected Phát Tài id=12682 type=3060100000051 resource=2060100000051 base=0x327fe330 distance=46
[2026-08-24T19:06:55] [AUTO_BOSS] id=12682 distance=46 receiver=0x25875af0 method=18293 stage=2
[2026-08-24T19:06:55] [AUTO_BOSS_TEAM] TSk ha 20 con tai Liêu Vân Tộc
[2026-08-24T19:06:55] [AUTO_TRAIN] HUNTING: Liêu Vân Tộc: TSk 20 con [GAME_CLICK_NPC]
[2026-08-24T19:06:57] [AUTO_BOSS] battle edge false->true id=12682
[2026-08-24T19:06:58] [AUTO_TRAIN] HUNTING: Liêu Vân Tộc: TSk 20 con [IN_BATTLE]
[2026-08-24T19:07:08] [AUTO_BOSS] battle edge true->false clear=21
[2026-08-24T19:07:09] [AUTO_BOSS] selected Phát Tài id=16079 type=3060100000051 resource=2060100000051 base=0x327fe5c0 distance=131
[2026-08-24T19:07:09] [AUTO_BOSS_TEAM] TSk ha 21 con tai Liêu Vân Tộc
[2026-08-24T19:07:09] [AUTO_TRAIN] HUNTING: Liêu Vân Tộc: TSk 21 con [IN_BATTLE]
[2026-08-24T19:07:10] [AUTO_BOSS] id=16079 distance=131 receiver=0x287a2280 method=18293 stage=2
[2026-08-24T19:07:12] [AUTO_BOSS] battle edge false->true id=16079
[2026-08-24T19:07:12] [AUTO_TRAIN] CB Auto=AUTO_UNKNOWN (button not readable (covered, blank or ambiguous))
[2026-08-24T19:07:13] [AUTO_TRAIN] pepsi Auto=AUTO_UNKNOWN (button not readable (covered, blank or ambiguous))
[2026-08-24T19:07:14] [AUTO_TRAIN] hshehe Auto=AUTO_UNKNOWN (button not readable (covered, blank or ambiguous))
[2026-08-24T19:07:15] [AUTO_TRAIN] luvy Auto=AUTO_UNKNOWN (button not readable (covered, blank or ambiguous))
[2026-08-24T19:07:15] [AUTO_BOSS_TEAM] kiem tra key TSk: auto=AUTO_ON
[2026-08-24T19:07:21] [AUTO_BOSS] battle edge true->false clear=22
[2026-08-24T19:07:24] [AUTO_BOSS] selected Phát Tài id=10828 type=3060100000051 resource=2060100000051 base=0x37ed2ae0 distance=136
[2026-08-24T19:07:25] [AUTO_BOSS] id=10828 distance=136 receiver=0x287a2430 method=18293 stage=2
[2026-08-24T19:07:25] [AUTO_TRAIN] HUNTING: Liêu Vân Tộc: TSk 21 con [GAME_CLICK_NPC]
[2026-08-24T19:07:27] [AUTO_BOSS_TEAM] TSk ha 22 con tai Liêu Vân Tộc
[2026-08-24T19:07:27] [AUTO_TRAIN] HUNTING: Liêu Vân Tộc: TSk 22 con [GAME_CLICK_NPC]
[2026-08-24T19:07:28] [AUTO_BOSS] battle edge false->true id=10828
[2026-08-24T19:07:29] [AUTO_TRAIN] HUNTING: Liêu Vân Tộc: TSk 22 con [IN_BATTLE]
[2026-08-24T19:07:43] [AUTO_BOSS] battle edge true->false clear=23
[2026-08-24T19:07:43] [AUTO_BOSS] selected Phát Tài id=14122 type=3060100000051 resource=2060100000051 base=0x37ed2d70 distance=512
[2026-08-24T19:07:44] [AUTO_BOSS_TEAM] TSk ha 23 con tai Liêu Vân Tộc
[2026-08-24T19:07:44] [AUTO_TRAIN] HUNTING: Liêu Vân Tộc: TSk 23 con [IN_BATTLE]
[2026-08-24T19:07:44] [AUTO_BOSS] id=14122 distance=512 receiver=0x287a25e0 method=18293 stage=1
[2026-08-24T19:07:45] [AUTO_TRAIN] HUNTING: Liêu Vân Tộc: TSk 23 con [GAME_CLICK_NPC]
[2026-08-24T19:07:49] [AUTO_TRAIN] HUNTING: Liêu Vân Tộc: TSk 23 con [GAME_CLOSE_TO]
[2026-08-24T19:07:51] [AUTO_BOSS] REJECT_ROUTE_TIMEOUT id=14122 base=0x37ed2d70
[2026-08-24T19:07:51] [AUTO_TRAIN] HUNTING: Liêu Vân Tộc: TSk 23 con [REJECT_ROUTE_TIMEOUT]
[2026-08-24T19:07:54] [AUTO_BOSS] selected Phát Tài id=12939 type=3060100000051 resource=2060100000051 base=0x23a5ad70 distance=1056
[2026-08-24T19:07:54] [AUTO_BOSS] id=12939 distance=1056 receiver=0x287a2940 method=18293 stage=1
[2026-08-24T19:07:56] [AUTO_TRAIN] HUNTING: Liêu Vân Tộc: TSk 23 con [GAME_CLICK_NPC]
[2026-08-24T19:07:57] [AUTO_TRAIN] HUNTING: Liêu Vân Tộc: TSk 23 con [GAME_CLOSE_TO]
[2026-08-24T19:08:01] [AUTO_BOSS] battle edge false->true id=12939
[2026-08-24T19:08:03] [AUTO_TRAIN] TSk Auto=AUTO_UNKNOWN (button not readable (covered, blank or ambiguous))
[2026-08-24T19:08:03] [AUTO_TRAIN] CB Auto=AUTO_UNKNOWN (button not readable (covered, blank or ambiguous))
[2026-08-24T19:08:05] [AUTO_TRAIN] pepsi Auto=AUTO_UNKNOWN (button not readable (covered, blank or ambiguous))
[2026-08-24T19:08:06] [AUTO_TRAIN] hshehe Auto=AUTO_UNKNOWN (button not readable (covered, blank or ambiguous))
[2026-08-24T19:08:06] [AUTO_TRAIN] luvy Auto=AUTO_UNKNOWN (button not readable (covered, blank or ambiguous))
[2026-08-24T19:08:06] [AUTO_BOSS_TEAM] kiem tra key TSk: auto=AUTO_UNKNOWN
[2026-08-24T19:08:06] [AUTO_TRAIN] HUNTING: Liêu Vân Tộc: TSk 23 con [IN_BATTLE]
[2026-08-24T19:08:13] [AUTO_BOSS] battle edge true->false clear=24
[2026-08-24T19:08:15] [AUTO_BOSS] selected Đấu Sĩ Ác Ma id=11999 type=3060100001180 resource=2060100001211 base=0x37ed2850 distance=122
[2026-08-24T19:08:16] [AUTO_BOSS] id=11999 distance=122 receiver=0x35c550d0 method=18293 stage=2
[2026-08-24T19:08:17] [AUTO_TRAIN] HUNTING: Liêu Vân Tộc: TSk 23 con [GAME_CLICK_NPC]
[2026-08-24T19:08:18] [AUTO_BOSS_TEAM] TSk ha 24 con tai Liêu Vân Tộc
[2026-08-24T19:08:18] [AUTO_TRAIN] HUNTING: Liêu Vân Tộc: TSk 24 con [GAME_CLICK_NPC]
[2026-08-24T19:08:19] [AUTO_BOSS] battle edge false->true id=11999
[2026-08-24T19:08:20] [AUTO_TRAIN] HUNTING: Liêu Vân Tộc: TSk 24 con [IN_BATTLE]
[2026-08-24T19:08:25] [AUTO_BOSS] battle edge true->false clear=25
[2026-08-24T19:08:26] [AUTO_BOSS_TEAM] TSk ha 25 con tai Liêu Vân Tộc
[2026-08-24T19:08:26] [AUTO_TRAIN] HUNTING: Liêu Vân Tộc: TSk 25 con [IN_BATTLE]
[2026-08-24T19:08:26] [AUTO_BOSS] selected Đấu Sĩ Ác Ma id=10978 type=3060100001180 resource=2060100001211 base=0x1e3f80a0 distance=297
[2026-08-24T19:08:28] [AUTO_BOSS] id=10978 distance=297 receiver=0xd4f4940 method=18293 stage=1
[2026-08-24T19:08:29] [AUTO_TRAIN] HUNTING: Liêu Vân Tộc: TSk 25 con [GAME_CLICK_NPC]
[2026-08-24T19:08:30] [AUTO_BOSS] battle edge false->true id=10978
[2026-08-24T19:08:31] [AUTO_TRAIN] HUNTING: Liêu Vân Tộc: TSk 25 con [IN_BATTLE]
[2026-08-24T19:08:36] [AUTO_BOSS] battle edge true->false clear=26
[2026-08-24T19:08:37] [AUTO_BOSS_TEAM] TSk ha 26 con tai Liêu Vân Tộc
[2026-08-24T19:08:37] [AUTO_TRAIN] HUNTING: Liêu Vân Tộc: TSk 26 con [IN_BATTLE]
[2026-08-24T19:08:37] [AUTO_BOSS] selected Đấu Sĩ Ác Ma id=13259 type=3060100001180 resource=2060100001211 base=0x31af4330 distance=41
[2026-08-24T19:08:38] [AUTO_BOSS] REJECT_CLICKNPC_TIMEOUT id=13259 base=0x31af4330
[2026-08-24T19:08:40] [AUTO_TRAIN] HUNTING: Liêu Vân Tộc: TSk 26 con [REJECT_CLICKNPC_TIMEOUT]
[2026-08-24T19:08:41] [AUTO_BOSS] selected Đấu Sĩ Ác Ma id=15512 type=3060100001180 resource=2060100001211 base=0x1e3f8330 distance=59
[2026-08-24T19:08:42] [AUTO_BOSS] id=15512 distance=59 receiver=0xc6190d0 method=18293 stage=2
[2026-08-24T19:08:43] [AUTO_TRAIN] HUNTING: Liêu Vân Tộc: TSk 26 con [GAME_CLICK_NPC]
[2026-08-24T19:08:44] [AUTO_BOSS] battle edge false->true id=15512
[2026-08-24T19:08:45] [AUTO_TRAIN] HUNTING: Liêu Vân Tộc: TSk 26 con [IN_BATTLE]
[2026-08-24T19:08:51] [AUTO_BOSS] battle edge true->false clear=27
[2026-08-24T19:08:51] [AUTO_BOSS_TEAM] TSk ha 27 con tai Liêu Vân Tộc
[2026-08-24T19:08:51] [AUTO_TRAIN] HUNTING: Liêu Vân Tộc: TSk 27 con [IN_BATTLE]
[2026-08-24T19:08:52] [AUTO_BOSS] selected Đấu Sĩ Ác Ma id=17794 type=3060100001180 resource=2060100001211 base=0x37fba0a0 distance=305
[2026-08-24T19:08:53] [AUTO_BOSS] id=17794 distance=305 receiver=0x287a20d0 method=18293 stage=1
[2026-08-24T19:08:57] [AUTO_BOSS_TEAM] kiem tra key TSk: auto=AUTO_ON
[2026-08-24T19:08:57] [AUTO_TRAIN] HUNTING: Liêu Vân Tộc: TSk 27 con [GAME_CLOSE_TO]
[2026-08-24T19:09:00] [AUTO_BOSS] REJECT_ROUTE_TIMEOUT id=17794 base=0x37fba0a0
[2026-08-24T19:09:00] [AUTO_TRAIN] HUNTING: Liêu Vân Tộc: TSk 27 con [REJECT_ROUTE_TIMEOUT]
[2026-08-24T19:09:03] [AUTO_BOSS] selected Đấu Sĩ Ác Ma id=14853 type=3060100001180 resource=2060100001211 base=0x37fba5c0 distance=364
[2026-08-24T19:09:04] [AUTO_BOSS] id=14853 distance=364 receiver=0x25875790 method=18293 stage=1
[2026-08-24T19:09:05] [AUTO_TRAIN] HUNTING: Liêu Vân Tộc: TSk 27 con [GAME_CLICK_NPC]
[2026-08-24T19:09:06] [AUTO_BOSS] battle edge false->true id=14853
[2026-08-24T19:09:06] [AUTO_TRAIN] HUNTING: Liêu Vân Tộc: TSk 27 con [IN_BATTLE]
[2026-08-24T19:09:13] [AUTO_BOSS] battle edge true->false clear=28
[2026-08-24T19:09:14] [AUTO_BOSS] selected Đấu Sĩ Ác Ma id=13471 type=3060100001180 resource=2060100001211 base=0x37fbad70 distance=229
[2026-08-24T19:09:14] [AUTO_BOSS_TEAM] TSk ha 28 con tai Liêu Vân Tộc
[2026-08-24T19:09:14] [AUTO_TRAIN] HUNTING: Liêu Vân Tộc: TSk 28 con [IN_BATTLE]
[2026-08-24T19:09:15] [AUTO_BOSS] id=13471 distance=229 receiver=0x25875ca0 method=18293 stage=2
[2026-08-24T19:09:16] [AUTO_TRAIN] HUNTING: Liêu Vân Tộc: TSk 28 con [GAME_CLICK_NPC]
[2026-08-24T19:09:17] [AUTO_BOSS] battle edge false->true id=13471
[2026-08-24T19:09:17] [AUTO_TRAIN] HUNTING: Liêu Vân Tộc: TSk 28 con [IN_BATTLE]
[2026-08-24T19:09:23] [AUTO_BOSS] battle edge true->false clear=29
[2026-08-24T19:09:23] [AUTO_BOSS_TEAM] TSk ha 29 con tai Liêu Vân Tộc
[2026-08-24T19:09:23] [AUTO_TRAIN] HUNTING: Liêu Vân Tộc: TSk 29 con [IN_BATTLE]
[2026-08-24T19:09:24] [AUTO_BOSS] selected Đấu Sĩ Ác Ma id=10764 type=3060100001180 resource=2060100001211 base=0x37fbaae0 distance=268
[2026-08-24T19:09:25] [AUTO_BOSS] id=10764 distance=268 receiver=0x1068c280 method=18293 stage=1
[2026-08-24T19:09:27] [AUTO_BOSS] battle edge false->true id=10764
[2026-08-24T19:09:33] [AUTO_BOSS] battle edge true->false clear=30
[2026-08-24T19:09:35] [AUTO_BOSS] selected Đấu Sĩ Ác Ma id=10284 type=3060100001180 resource=2060100001211 base=0x273a1330 distance=351
[2026-08-24T19:09:36] [AUTO_BOSS] id=10284 distance=351 receiver=0x1068c430 method=18293 stage=1
[2026-08-24T19:09:36] [AUTO_BOSS_TEAM] TSk ha 30 con tai Liêu Vân Tộc
[2026-08-24T19:09:36] [AUTO_TRAIN] HUNTING: Liêu Vân Tộc: TSk 30 con [GAME_CLICK_NPC]
[2026-08-24T19:09:38] [AUTO_BOSS] battle edge false->true id=10284
[2026-08-24T19:09:39] [AUTO_TRAIN] HUNTING: Liêu Vân Tộc: TSk 30 con [IN_BATTLE]
[2026-08-24T19:09:44] [AUTO_BOSS] battle edge true->false clear=31
[2026-08-24T19:09:45] [AUTO_BOSS] selected Đấu Sĩ Ác Ma id=17317 type=3060100001180 resource=2060100001211 base=0x37ed2330 distance=313
[2026-08-24T19:09:46] [AUTO_BOSS] id=17317 distance=313 receiver=0x25875940 method=18293 stage=1
[2026-08-24T19:09:47] [AUTO_BOSS_TEAM] kiem tra key TSk: auto=AUTO_ON
[2026-08-24T19:09:47] [AUTO_TRAIN] HUNTING: Liêu Vân Tộc: TSk 30 con [GAME_CLICK_NPC]
[2026-08-24T19:09:48] [AUTO_BOSS] battle edge false->true id=17317
[2026-08-24T19:09:49] [AUTO_BOSS_TEAM] TSk ha 31 con tai Liêu Vân Tộc
[2026-08-24T19:09:49] [AUTO_TRAIN] HUNTING: Liêu Vân Tộc: TSk 31 con [IN_BATTLE]
[2026-08-24T19:09:55] [AUTO_BOSS] battle edge true->false clear=32
[2026-08-24T19:09:55] [AUTO_BOSS_TEAM] TSk ha 32 con tai Liêu Vân Tộc
[2026-08-24T19:09:56] [AUTO_BOSS] selected Phát Tài id=14435 type=3060100000051 resource=2060100000051 base=0x37fbaae0 distance=580
[2026-08-24T19:09:56] [AUTO_TRAIN] HUNTING: Liêu Vân Tộc: TSk 32 con [IN_BATTLE]
[2026-08-24T19:09:57] [AUTO_BOSS] id=14435 distance=580 receiver=0x25875790 method=18293 stage=1
[2026-08-24T19:09:58] [AUTO_TRAIN] HUNTING: Liêu Vân Tộc: TSk 32 con [GAME_CLICK_NPC]
[2026-08-24T19:10:00] [AUTO_TRAIN] HUNTING: Liêu Vân Tộc: TSk 32 con [GAME_CLOSE_TO]
[2026-08-24T19:10:01] [AUTO_BOSS] battle edge false->true id=14435
[2026-08-24T19:10:03] [AUTO_TRAIN] HUNTING: Liêu Vân Tộc: TSk 32 con [IN_BATTLE]
[2026-08-24T19:10:10] [AUTO_BOSS] battle edge true->false clear=33
[2026-08-24T19:10:10] [AUTO_BOSS_TEAM] TSk ha 33 con tai Liêu Vân Tộc
[2026-08-24T19:10:10] [AUTO_TRAIN] HUNTING: Liêu Vân Tộc: TSk 33 con [IN_BATTLE]
[2026-08-24T19:10:11] [AUTO_BOSS] selected Phát Tài id=13099 type=3060100000051 resource=2060100000051 base=0x37fbad70 distance=1428
[2026-08-24T19:10:12] [AUTO_BOSS] id=13099 distance=1428 receiver=0x287a25e0 method=18293 stage=1
[2026-08-24T19:10:13] [AUTO_TRAIN] HUNTING: Liêu Vân Tộc: TSk 33 con [GAME_CLICK_NPC]
[2026-08-24T19:10:15] [AUTO_TRAIN] HUNTING: Liêu Vân Tộc: TSk 33 con [GAME_CLOSE_TO]
[2026-08-24T19:10:21] [AUTO_BOSS] battle edge false->true id=13099
[2026-08-24T19:10:29] [AUTO_TRAIN] HUNTING: Liêu Vân Tộc: TSk 33 con [IN_BATTLE]
[2026-08-24T19:10:29] [AUTO_BOSS] battle edge true->false clear=34
[2026-08-24T19:10:30] [AUTO_BOSS] selected Phát Tài id=17460 type=3060100000051 resource=2060100000051 base=0x127d6d70 distance=139
[2026-08-24T19:10:30] [AUTO_BOSS_TEAM] TSk ha 34 con tai Liêu Vân Tộc
[2026-08-24T19:10:30] [AUTO_TRAIN] HUNTING: Liêu Vân Tộc: TSk 34 con [IN_BATTLE]
[2026-08-24T19:10:31] [AUTO_BOSS] id=17460 distance=139 receiver=0x25875790 method=18293 stage=2
[2026-08-24T19:10:32] [AUTO_TRAIN] HUNTING: Liêu Vân Tộc: TSk 34 con [GAME_CLICK_NPC]
[2026-08-24T19:10:33] [AUTO_BOSS] battle edge false->true id=17460
[2026-08-24T19:10:34] [AUTO_TRAIN] TSk Auto=AUTO_UNKNOWN (button not readable (covered, blank or ambiguous))
[2026-08-24T19:10:35] [AUTO_TRAIN] CB Auto=AUTO_UNKNOWN (button not readable (covered, blank or ambiguous))
[2026-08-24T19:10:36] [AUTO_TRAIN] pepsi Auto=AUTO_UNKNOWN (button not readable (covered, blank or ambiguous))
[2026-08-24T19:10:37] [AUTO_TRAIN] hshehe Auto=AUTO_UNKNOWN (button not readable (covered, blank or ambiguous))
[2026-08-24T19:10:38] [AUTO_TRAIN] luvy Auto=AUTO_UNKNOWN (button not readable (covered, blank or ambiguous))
[2026-08-24T19:10:38] [AUTO_BOSS_TEAM] kiem tra key TSk: auto=AUTO_UNKNOWN
[2026-08-24T19:10:38] [AUTO_TRAIN] HUNTING: Liêu Vân Tộc: TSk 34 con [IN_BATTLE]
[2026-08-24T19:10:56] [AUTO_BOSS] battle edge true->false clear=35
[2026-08-24T19:10:58] [AUTO_BOSS] selected Phát Tài id=13178 type=3060100000051 resource=2060100000051 base=0x273a1330 distance=938
[2026-08-24T19:10:59] [AUTO_BOSS] id=13178 distance=938 receiver=0x1068c280 method=18293 stage=1
[2026-08-24T19:11:00] [AUTO_TRAIN] HUNTING: Liêu Vân Tộc: TSk 34 con [GAME_CLICK_NPC]
[2026-08-24T19:11:02] [AUTO_BOSS_TEAM] TSk ha 35 con tai Liêu Vân Tộc
[2026-08-24T19:11:02] [AUTO_TRAIN] HUNTING: Liêu Vân Tộc: TSk 35 con [GAME_CLICK_NPC]
[2026-08-24T19:11:03] [AUTO_TRAIN] HUNTING: Liêu Vân Tộc: TSk 35 con [GAME_CLOSE_TO]
[2026-08-24T19:11:04] [AUTO_BOSS] battle edge false->true id=13178
[2026-08-24T19:11:05] [AUTO_TRAIN] HUNTING: Liêu Vân Tộc: TSk 35 con [IN_BATTLE]
[2026-08-24T19:11:19] [AUTO_BOSS] battle edge true->false clear=36
[2026-08-24T19:11:19] [AUTO_BOSS_TEAM] TSk ha 36 con tai Liêu Vân Tộc
[2026-08-24T19:11:19] [AUTO_TRAIN] HUNTING: Liêu Vân Tộc: TSk 36 con [IN_BATTLE]
[2026-08-24T19:11:19] [AUTO_BOSS] selected Phát Tài id=14449 type=3060100000051 resource=2060100000051 base=0x377610a0 distance=309
[2026-08-24T19:11:20] [AUTO_BOSS] id=14449 distance=309 receiver=0x287a2430 method=18293 stage=1
[2026-08-24T19:11:23] [AUTO_BOSS] battle edge false->true id=14449
[2026-08-24T19:11:38] [AUTO_BOSS] battle edge true->false clear=37
[2026-08-24T19:11:40] [AUTO_BOSS] selected Phát Tài id=16796 type=3060100000051 resource=2060100000051 base=0x37761850 distance=59
[2026-08-24T19:11:41] [AUTO_BOSS] id=16796 distance=59 receiver=0x25875af0 method=18293 stage=2
[2026-08-24T19:11:42] [AUTO_TRAIN] pepsi Auto=AUTO_UNKNOWN (button not readable (covered, blank or ambiguous))
[2026-08-24T19:11:43] [AUTO_BOSS] battle edge false->true id=16796
[2026-08-24T19:11:43] [AUTO_TRAIN] hshehe Auto=AUTO_UNKNOWN (button not readable (covered, blank or ambiguous))
[2026-08-24T19:11:44] [AUTO_TRAIN] luvy Auto=AUTO_UNKNOWN (button not readable (covered, blank or ambiguous))
[2026-08-24T19:11:44] [AUTO_BOSS_TEAM] kiem tra key TSk: auto=AUTO_ON
[2026-08-24T19:11:45] [AUTO_BOSS_TEAM] TSk ha 37 con tai Liêu Vân Tộc
[2026-08-24T19:11:45] [AUTO_TRAIN] HUNTING: Liêu Vân Tộc: TSk 37 con [IN_BATTLE]
[2026-08-24T19:11:54] [AUTO_BOSS] battle edge true->false clear=38
[2026-08-24T19:11:54] [AUTO_BOSS_TEAM] TSk ha 38 con tai Liêu Vân Tộc
[2026-08-24T19:11:54] [AUTO_TRAIN] HUNTING: Liêu Vân Tộc: TSk 38 con [IN_BATTLE]
[2026-08-24T19:11:55] [AUTO_BOSS] selected Phát Tài id=13881 type=3060100000051 resource=2060100000051 base=0x246465c0 distance=1182
[2026-08-24T19:11:56] [AUTO_BOSS] id=13881 distance=1182 receiver=0x287a25e0 method=18293 stage=1
[2026-08-24T19:11:57] [AUTO_TRAIN] HUNTING: Liêu Vân Tộc: TSk 38 con [GAME_CLICK_NPC]
[2026-08-24T19:11:59] [AUTO_TRAIN] HUNTING: Liêu Vân Tộc: TSk 38 con [GAME_CLOSE_TO]
[2026-08-24T19:12:10] [AUTO_BOSS] REJECT_ROUTE_TIMEOUT id=13881 base=0x246465c0
[2026-08-24T19:12:11] [AUTO_TRAIN] HUNTING: Liêu Vân Tộc: TSk 38 con [REJECT_ROUTE_TIMEOUT]
[2026-08-24T19:12:13] [AUTO_BOSS] selected Phát Tài id=11494 type=3060100000051 resource=2060100000051 base=0x23a5aae0 distance=28
[2026-08-24T19:12:13] [AUTO_BOSS] id=11494 distance=28 receiver=0x287a2430 method=18293 stage=2
[2026-08-24T19:12:14] [AUTO_TRAIN] HUNTING: Liêu Vân Tộc: TSk 38 con [GAME_CLICK_NPC]
[2026-08-24T19:12:16] [AUTO_BOSS] battle edge false->true id=11494
[2026-08-24T19:12:17] [AUTO_TRAIN] HUNTING: Liêu Vân Tộc: TSk 38 con [IN_BATTLE]
[2026-08-24T19:12:27] [AUTO_BOSS] battle edge true->false clear=39
[2026-08-24T19:12:30] [AUTO_BOSS] selected Phát Tài id=10653 type=3060100000051 resource=2060100000051 base=0x258535c0 distance=922
[2026-08-24T19:12:31] [AUTO_BOSS] id=10653 distance=922 receiver=0x287a2e50 method=18293 stage=1
[2026-08-24T19:12:37] [AUTO_BOSS] REJECT_ROUTE_TIMEOUT id=10653 base=0x258535c0
[2026-08-24T19:12:40] [AUTO_BOSS_TEAM] kiem tra key TSk: auto=AUTO_ON
[2026-08-24T19:12:40] [AUTO_TRAIN] HUNTING: Liêu Vân Tộc: TSk 38 con [REJECT_ROUTE_TIMEOUT]
[2026-08-24T19:12:41] [AUTO_BOSS] selected Phát Tài id=17306 type=3060100000051 resource=2060100000051 base=0x37761d70 distance=936
[2026-08-24T19:12:41] [AUTO_BOSS_TEAM] TSk ha 39 con tai Liêu Vân Tộc
[2026-08-24T19:12:41] [AUTO_TRAIN] HUNTING: Liêu Vân Tộc: TSk 39 con [REJECT_ROUTE_TIMEOUT]
[2026-08-24T19:12:41] [AUTO_BOSS] id=17306 distance=936 receiver=0x1c455280 method=18293 stage=1
[2026-08-24T19:12:43] [AUTO_TRAIN] HUNTING: Liêu Vân Tộc: TSk 39 con [GAME_CLICK_NPC]
[2026-08-24T19:12:44] [AUTO_TRAIN] HUNTING: Liêu Vân Tộc: TSk 39 con [GAME_CLOSE_TO]
[2026-08-24T19:12:48] [AUTO_BOSS] REJECT_ROUTE_TIMEOUT id=17306 base=0x37761d70
[2026-08-24T19:12:49] [AUTO_TRAIN] HUNTING: Liêu Vân Tộc: TSk 39 con [REJECT_ROUTE_TIMEOUT]
[2026-08-24T19:12:51] [AUTO_BOSS] selected Phát Tài id=14260 type=3060100000051 resource=2060100000051 base=0x37ed2d70 distance=1479
[2026-08-24T19:12:52] [AUTO_BOSS] id=14260 distance=1479 receiver=0x1068cca0 method=18293 stage=1
[2026-08-24T19:12:52] [AUTO_TRAIN] HUNTING: Liêu Vân Tộc: TSk 39 con [GAME_CLICK_NPC]
[2026-08-24T19:12:55] [AUTO_TRAIN] HUNTING: Liêu Vân Tộc: TSk 39 con [GAME_CLOSE_TO]
[2026-08-24T19:13:03] [AUTO_BOSS] REJECT_ROUTE_TIMEOUT id=14260 base=0x37ed2d70
[2026-08-24T19:13:03] [AUTO_TRAIN] HUNTING: Liêu Vân Tộc: TSk 39 con [REJECT_ROUTE_TIMEOUT]
[2026-08-24T19:13:07] [AUTO_BOSS] selected Phát Tài id=16750 type=3060100000051 resource=2060100000051 base=0x23a5a0a0 distance=42
[2026-08-24T19:13:08] [AUTO_BOSS] id=16750 distance=42 receiver=0xd4f4940 method=18293 stage=2
[2026-08-24T19:13:08] [AUTO_TRAIN] HUNTING: Liêu Vân Tộc: TSk 39 con [GAME_CLICK_NPC]
[2026-08-24T19:13:10] [AUTO_BOSS] battle edge false->true id=16750
[2026-08-24T19:13:11] [AUTO_TRAIN] HUNTING: Liêu Vân Tộc: TSk 39 con [IN_BATTLE]
[2026-08-24T19:13:24] [AUTO_BOSS] battle edge true->false clear=40
[2026-08-24T19:13:25] [AUTO_BOSS] selected Phát Tài id=14291 type=3060100000051 resource=2060100000051 base=0x25853850 distance=57
[2026-08-24T19:13:26] [AUTO_BOSS] id=14291 distance=57 receiver=0x287a2430 method=18293 stage=2
[2026-08-24T19:13:28] [AUTO_TRAIN] pepsi Auto=AUTO_UNKNOWN (button not readable (covered, blank or ambiguous))
[2026-08-24T19:13:28] [AUTO_BOSS] battle edge false->true id=14291
[2026-08-24T19:13:29] [AUTO_TRAIN] hshehe Auto=AUTO_UNKNOWN (button not readable (covered, blank or ambiguous))
[2026-08-24T19:13:30] [AUTO_TRAIN] luvy Auto=AUTO_UNKNOWN (button not readable (covered, blank or ambiguous))
[2026-08-24T19:13:30] [AUTO_BOSS_TEAM] kiem tra key TSk: auto=AUTO_ON
[2026-08-24T19:13:31] [AUTO_BOSS_TEAM] TSk ha 40 con tai Liêu Vân Tộc
[2026-08-24T19:13:31] [AUTO_TRAIN] HUNTING: Liêu Vân Tộc: TSk 40 con [IN_BATTLE]
[2026-08-24T19:13:40] [AUTO_BOSS] battle edge true->false clear=41
[2026-08-24T19:13:41] [AUTO_BOSS_TEAM] TSk ha 41 con tai Liêu Vân Tộc
[2026-08-24T19:13:41] [AUTO_TRAIN] HUNTING: Liêu Vân Tộc: TSk 41 con [IN_BATTLE]
[2026-08-24T19:13:41] [AUTO_BOSS] selected Phát Tài id=10081 type=3060100000051 resource=2060100000051 base=0x26effd70 distance=1479
[2026-08-24T19:13:42] [AUTO_BOSS] id=10081 distance=1479 receiver=0x35c55940 method=18293 stage=1
[2026-08-24T19:13:42] [AUTO_TRAIN] HUNTING: Liêu Vân Tộc: TSk 41 con [GAME_CLICK_NPC]
[2026-08-24T19:13:44] [AUTO_TRAIN] HUNTING: Liêu Vân Tộc: TSk 41 con [GAME_CLOSE_TO]
[2026-08-24T19:13:48] [AUTO_BOSS] REJECT_ROUTE_TIMEOUT id=10081 base=0x26effd70
[2026-08-24T19:13:49] [AUTO_TRAIN] HUNTING: Liêu Vân Tộc: TSk 41 con [REJECT_ROUTE_TIMEOUT]
[2026-08-24T19:13:52] [AUTO_BOSS] selected Đấu Sĩ Ác Ma id=14252 type=3060100001180 resource=2060100001211 base=0x1e3f80a0 distance=40
[2026-08-24T19:13:53] [AUTO_BOSS] id=14252 distance=40 receiver=0xc619e50 method=18293 stage=2
[2026-08-24T19:13:54] [AUTO_TRAIN] HUNTING: Liêu Vân Tộc: TSk 41 con [GAME_CLICK_NPC]
[2026-08-24T19:13:55] [AUTO_BOSS] battle edge false->true id=14252
[2026-08-24T19:13:55] [AUTO_TRAIN] HUNTING: Liêu Vân Tộc: TSk 41 con [IN_BATTLE]
[2026-08-24T19:14:02] [AUTO_BOSS] battle edge true->false clear=42
[2026-08-24T19:14:03] [AUTO_BOSS] selected Đấu Sĩ Ác Ma id=14076 type=3060100001180 resource=2060100001211 base=0x37fba850 distance=44
[2026-08-24T19:14:03] [AUTO_BOSS_TEAM] TSk ha 42 con tai Liêu Vân Tộc
[2026-08-24T19:14:03] [AUTO_TRAIN] HUNTING: Liêu Vân Tộc: TSk 42 con [IN_BATTLE]
[2026-08-24T19:14:04] [AUTO_BOSS] id=14076 distance=44 receiver=0x35c55af0 method=18293 stage=2
[2026-08-24T19:14:04] [AUTO_TRAIN] HUNTING: Liêu Vân Tộc: TSk 42 con [GAME_CLICK_NPC]
[2026-08-24T19:14:06] [AUTO_BOSS] battle edge false->true id=14076
[2026-08-24T19:14:06] [AUTO_TRAIN] HUNTING: Liêu Vân Tộc: TSk 42 con [IN_BATTLE]
[2026-08-24T19:14:11] [AUTO_BOSS] battle edge true->false clear=43
[2026-08-24T19:14:11] [AUTO_BOSS] selected Đấu Sĩ Ác Ma id=11829 type=3060100001180 resource=2060100001211 base=0x37fccd70 distance=239
[2026-08-24T19:14:12] [AUTO_BOSS] id=11829 distance=239 receiver=0x1068ce50 method=18293 stage=2
[2026-08-24T19:14:14] [AUTO_BOSS_TEAM] TSk ha 43 con tai Liêu Vân Tộc
[2026-08-24T19:14:14] [AUTO_TRAIN] HUNTING: Liêu Vân Tộc: TSk 43 con [GAME_CLICK_NPC]
[2026-08-24T19:14:15] [AUTO_BOSS] battle edge false->true id=11829
[2026-08-24T19:14:16] [AUTO_TRAIN] TSk Auto=AUTO_UNKNOWN (button not readable (covered, blank or ambiguous))
[2026-08-24T19:14:17] [AUTO_TRAIN] CB Auto=AUTO_UNKNOWN (button not readable (covered, blank or ambiguous))
[2026-08-24T19:14:18] [AUTO_TRAIN] pepsi Auto=AUTO_UNKNOWN (button not readable (covered, blank or ambiguous))
[2026-08-24T19:14:19] [AUTO_TRAIN] hshehe Auto=AUTO_UNKNOWN (button not readable (covered, blank or ambiguous))
[2026-08-24T19:14:19] [AUTO_BOSS] battle edge true->false clear=44
[2026-08-24T19:14:20] [AUTO_TRAIN] luvy Auto=AUTO_UNKNOWN (button not readable (covered, blank or ambiguous))
[2026-08-24T19:14:20] [AUTO_BOSS_TEAM] kiem tra key TSk: auto=AUTO_UNKNOWN
[2026-08-24T19:14:20] [AUTO_TRAIN] HUNTING: Liêu Vân Tộc: TSk 43 con [IN_BATTLE]
[2026-08-24T19:14:20] [AUTO_BOSS] selected Phát Tài id=15116 type=3060100000051 resource=2060100000051 base=0x37fcc850 distance=1097
[2026-08-24T19:14:21] [AUTO_BOSS_TEAM] TSk ha 44 con tai Liêu Vân Tộc
[2026-08-24T19:14:21] [AUTO_TRAIN] HUNTING: Liêu Vân Tộc: TSk 44 con [IN_BATTLE]
[2026-08-24T19:14:21] [AUTO_BOSS] id=15116 distance=1097 receiver=0xc619e50 method=18293 stage=1
[2026-08-24T19:14:23] [AUTO_TRAIN] HUNTING: Liêu Vân Tộc: TSk 44 con [GAME_CLICK_NPC]
[2026-08-24T19:14:24] [AUTO_TRAIN] HUNTING: Liêu Vân Tộc: TSk 44 con [GAME_CLOSE_TO]
[2026-08-24T19:14:28] [AUTO_BOSS] battle edge false->true id=15116
[2026-08-24T19:14:29] [AUTO_TRAIN] HUNTING: Liêu Vân Tộc: TSk 44 con [IN_BATTLE]
[2026-08-24T19:14:41] [AUTO_BOSS] battle edge true->false clear=45
[2026-08-24T19:14:42] [AUTO_BOSS] selected Phát Tài id=17144 type=3060100000051 resource=2060100000051 base=0x23a5a330 distance=534
[2026-08-24T19:14:43] [AUTO_BOSS] id=17144 distance=534 receiver=0x1068ce50 method=18293 stage=1
[2026-08-24T19:14:45] [AUTO_TRAIN] HUNTING: Liêu Vân Tộc: TSk 44 con [GAME_CLICK_NPC]
[2026-08-24T19:14:47] [AUTO_BOSS_TEAM] TSk ha 45 con tai Liêu Vân Tộc
[2026-08-24T19:14:47] [AUTO_TRAIN] HUNTING: Liêu Vân Tộc: TSk 45 con [GAME_CLOSE_TO]
[2026-08-24T19:14:49] [AUTO_BOSS] REJECT_ROUTE_TIMEOUT id=17144 base=0x23a5a330
[2026-08-24T19:14:50] [AUTO_TRAIN] HUNTING: Liêu Vân Tộc: TSk 45 con [REJECT_ROUTE_TIMEOUT]
[2026-08-24T19:14:52] [AUTO_BOSS] selected Phát Tài id=16271 type=3060100000051 resource=2060100000051 base=0x27df0850 distance=686
[2026-08-24T19:14:53] [AUTO_BOSS] id=16271 distance=686 receiver=0x35c55af0 method=18293 stage=1
[2026-08-24T19:14:55] [AUTO_TRAIN] HUNTING: Liêu Vân Tộc: TSk 45 con [GAME_CLICK_NPC]
[2026-08-24T19:14:56] [AUTO_TRAIN] HUNTING: Liêu Vân Tộc: TSk 45 con [GAME_CLOSE_TO]
[2026-08-24T19:15:04] [AUTO_BOSS] REJECT_ROUTE_TIMEOUT id=16271 base=0x27df0850
[2026-08-24T19:15:07] [AUTO_BOSS] selected Phát Tài id=11403 type=3060100000051 resource=2060100000051 base=0x273a1d70 distance=640
[2026-08-24T19:15:08] [AUTO_BOSS] id=11403 distance=640 receiver=0xd4f4ca0 method=18293 stage=1
[2026-08-24T19:15:11] [AUTO_BOSS_TEAM] kiem tra key TSk: auto=AUTO_ON
[2026-08-24T19:15:15] [AUTO_BOSS] REJECT_ROUTE_TIMEOUT id=11403 base=0x273a1d70
[2026-08-24T19:15:16] [AUTO_TRAIN] HUNTING: Liêu Vân Tộc: TSk 45 con [REJECT_ROUTE_TIMEOUT]
[2026-08-24T19:15:18] [AUTO_BOSS] selected Phát Tài id=15636 type=3060100000051 resource=2060100000051 base=0x26eff0a0 distance=851
[2026-08-24T19:15:18] [AUTO_BOSS] id=15636 distance=851 receiver=0x1068c430 method=18293 stage=1
[2026-08-24T19:15:19] [AUTO_TRAIN] HUNTING: Liêu Vân Tộc: TSk 45 con [GAME_CLICK_NPC]
[2026-08-24T19:15:22] [AUTO_TRAIN] HUNTING: Liêu Vân Tộc: TSk 45 con [GAME_CLOSE_TO]
[2026-08-24T19:15:25] [AUTO_BOSS] REJECT_ROUTE_TIMEOUT id=15636 base=0x26eff0a0
[2026-08-24T19:15:26] [AUTO_TRAIN] HUNTING: Liêu Vân Tộc: TSk 45 con [REJECT_ROUTE_TIMEOUT]
[2026-08-24T19:15:28] [AUTO_BOSS] selected Đấu Sĩ Ác Ma id=15180 type=3060100001180 resource=2060100001211 base=0x27df0d70 distance=512
[2026-08-24T19:15:29] [AUTO_BOSS] id=15180 distance=512 receiver=0x287a2ca0 method=18293 stage=1
[2026-08-24T19:15:29] [AUTO_TRAIN] HUNTING: Liêu Vân Tộc: TSk 45 con [GAME_CLICK_NPC]
[2026-08-24T19:15:32] [AUTO_TRAIN] HUNTING: Liêu Vân Tộc: TSk 45 con [GAME_CLOSE_TO]
[2026-08-24T19:15:34] [AUTO_BOSS] battle edge false->true id=15180
[2026-08-24T19:15:34] [AUTO_TRAIN] HUNTING: Liêu Vân Tộc: TSk 45 con [IN_BATTLE]
[2026-08-24T19:15:40] [AUTO_BOSS] battle edge true->false clear=46
[2026-08-24T19:15:41] [AUTO_BOSS] selected Phát Tài id=15396 type=3060100000051 resource=2060100000051 base=0x24646850 distance=295
[2026-08-24T19:15:41] [AUTO_BOSS_TEAM] TSk ha 46 con tai Liêu Vân Tộc
[2026-08-24T19:15:41] [AUTO_TRAIN] HUNTING: Liêu Vân Tộc: TSk 46 con [IN_BATTLE]
[2026-08-24T19:15:42] [AUTO_BOSS] id=15396 distance=295 receiver=0x287a25e0 method=18293 stage=1
[2026-08-24T19:15:43] [AUTO_TRAIN] HUNTING: Liêu Vân Tộc: TSk 46 con [GAME_CLICK_NPC]
[2026-08-24T19:15:44] [AUTO_BOSS] battle edge false->true id=15396
[2026-08-24T19:15:45] [AUTO_TRAIN] HUNTING: Liêu Vân Tộc: TSk 46 con [IN_BATTLE]
[2026-08-24T19:15:57] [AUTO_BOSS] battle edge true->false clear=47
[2026-08-24T19:15:59] [AUTO_BOSS] selected Phát Tài id=12627 type=3060100000051 resource=2060100000051 base=0x241a4d70 distance=310
[2026-08-24T19:16:00] [AUTO_BOSS] id=12627 distance=310 receiver=0x25875790 method=18293 stage=1
[2026-08-24T19:16:04] [AUTO_BOSS_TEAM] kiem tra key TSk: auto=AUTO_ON
[2026-08-24T19:16:04] [AUTO_TRAIN] HUNTING: Liêu Vân Tộc: TSk 46 con [GAME_CLOSE_TO]
[2026-08-24T19:16:06] [AUTO_BOSS_TEAM] TSk ha 47 con tai Liêu Vân Tộc
[2026-08-24T19:16:06] [AUTO_TRAIN] HUNTING: Liêu Vân Tộc: TSk 47 con [GAME_CLOSE_TO]
[2026-08-24T19:16:07] [AUTO_BOSS] REJECT_ROUTE_TIMEOUT id=12627 base=0x241a4d70
[2026-08-24T19:16:07] [AUTO_TRAIN] HUNTING: Liêu Vân Tộc: TSk 47 con [REJECT_ROUTE_TIMEOUT]
[2026-08-24T19:16:10] [AUTO_BOSS] selected Đấu Sĩ Ác Ma id=12359 type=3060100001180 resource=2060100001211 base=0x27df0d70 distance=299
[2026-08-24T19:16:11] [AUTO_BOSS] id=12359 distance=299 receiver=0xd4f4ca0 method=18293 stage=1
[2026-08-24T19:16:12] [AUTO_TRAIN] HUNTING: Liêu Vân Tộc: TSk 47 con [GAME_CLICK_NPC]
[2026-08-24T19:16:14] [AUTO_TRAIN] HUNTING: Liêu Vân Tộc: TSk 47 con [GAME_CLOSE_TO]
[2026-08-24T19:16:18] [AUTO_BOSS] REJECT_ROUTE_TIMEOUT id=12359 base=0x27df0d70
[2026-08-24T19:16:18] [AUTO_TRAIN] HUNTING: Liêu Vân Tộc: TSk 47 con [REJECT_ROUTE_TIMEOUT]
[2026-08-24T19:16:21] [AUTO_BOSS] selected Đấu Sĩ Ác Ma id=17160 type=3060100001180 resource=2060100001211 base=0x37761ae0 distance=340
[2026-08-24T19:16:22] [AUTO_BOSS] id=17160 distance=340 receiver=0xc619430 method=18293 stage=1
[2026-08-24T19:16:23] [AUTO_TRAIN] HUNTING: Liêu Vân Tộc: TSk 47 con [GAME_CLICK_NPC]
[2026-08-24T19:16:25] [AUTO_TRAIN] HUNTING: Liêu Vân Tộc: TSk 47 con [GAME_CLOSE_TO]
[2026-08-24T19:16:28] [AUTO_BOSS] REJECT_ROUTE_TIMEOUT id=17160 base=0x37761ae0
[2026-08-24T19:16:29] [AUTO_TRAIN] HUNTING: Liêu Vân Tộc: TSk 47 con [REJECT_ROUTE_TIMEOUT]
[2026-08-24T19:16:31] [AUTO_BOSS] selected Đấu Sĩ Ác Ma id=15472 type=3060100001180 resource=2060100001211 base=0x26eff5c0 distance=341
[2026-08-24T19:16:32] [AUTO_BOSS] id=15472 distance=341 receiver=0x287a2430 method=18293 stage=1
[2026-08-24T19:16:34] [AUTO_TRAIN] HUNTING: Liêu Vân Tộc: TSk 47 con [GAME_CLICK_NPC]
[2026-08-24T19:16:35] [AUTO_TRAIN] HUNTING: Liêu Vân Tộc: TSk 47 con [GAME_CLOSE_TO]
[2026-08-24T19:16:39] [AUTO_BOSS] REJECT_ROUTE_TIMEOUT id=15472 base=0x26eff5c0
[2026-08-24T19:16:40] [AUTO_TRAIN] HUNTING: Liêu Vân Tộc: TSk 47 con [REJECT_ROUTE_TIMEOUT]
[2026-08-24T19:16:42] [AUTO_BOSS] selected Đấu Sĩ Ác Ma id=10491 type=3060100001180 resource=2060100001211 base=0x26eff850 distance=397
[2026-08-24T19:16:43] [AUTO_BOSS] id=10491 distance=397 receiver=0x287a2940 method=18293 stage=1
[2026-08-24T19:16:43] [AUTO_TRAIN] HUNTING: Liêu Vân Tộc: TSk 47 con [GAME_CLICK_NPC]
[2026-08-24T19:16:45] [AUTO_BOSS] battle edge false->true id=10491
[2026-08-24T19:16:51] [AUTO_BOSS] battle edge true->false clear=48
[2026-08-24T19:16:53] [AUTO_BOSS] selected Đấu Sĩ Ác Ma id=10868 type=3060100001180 resource=2060100001211 base=0x27df05c0 distance=227
[2026-08-24T19:16:54] [AUTO_BOSS] id=10868 distance=227 receiver=0x287a2e50 method=18293 stage=2
[2026-08-24T19:16:56] [AUTO_TRAIN] pepsi Auto=AUTO_UNKNOWN (button not readable (covered, blank or ambiguous))
[2026-08-24T19:16:56] [AUTO_BOSS] battle edge false->true id=10868
[2026-08-24T19:16:56] [AUTO_TRAIN] hshehe Auto=AUTO_UNKNOWN (button not readable (covered, blank or ambiguous))
[2026-08-24T19:16:57] [AUTO_TRAIN] luvy Auto=AUTO_UNKNOWN (button not readable (covered, blank or ambiguous))
[2026-08-24T19:16:57] [AUTO_BOSS_TEAM] kiem tra key TSk: auto=AUTO_ON
[2026-08-24T19:16:57] [AUTO_TRAIN] HUNTING: Liêu Vân Tộc: TSk 47 con [IN_BATTLE]
[2026-08-24T19:16:59] [AUTO_BOSS_TEAM] TSk ha 48 con tai Liêu Vân Tộc
[2026-08-24T19:16:59] [AUTO_TRAIN] HUNTING: Liêu Vân Tộc: TSk 48 con [IN_BATTLE]
[2026-08-24T19:17:01] [AUTO_BOSS] battle edge true->false clear=49
[2026-08-24T19:17:02] [AUTO_BOSS] selected Phát Tài id=14432 type=3060100000051 resource=2060100000051 base=0x1c770d70 distance=330
[2026-08-24T19:17:02] [AUTO_BOSS_TEAM] TSk ha 49 con tai Liêu Vân Tộc
[2026-08-24T19:17:02] [AUTO_TRAIN] HUNTING: Liêu Vân Tộc: TSk 49 con [IN_BATTLE]
[2026-08-24T19:17:03] [AUTO_BOSS] id=14432 distance=330 receiver=0x25875940 method=18293 stage=1
[2026-08-24T19:17:03] [AUTO_TRAIN] HUNTING: Liêu Vân Tộc: TSk 49 con [GAME_CLICK_NPC]
[2026-08-24T19:17:05] [AUTO_BOSS] battle edge false->true id=14432
[2026-08-24T19:17:05] [AUTO_TRAIN] HUNTING: Liêu Vân Tộc: TSk 49 con [IN_BATTLE]
[2026-08-24T19:17:16] [AUTO_BOSS] battle edge true->false clear=50
[2026-08-24T19:17:19] [AUTO_BOSS] selected Phát Tài id=10513 type=3060100000051 resource=2060100000051 base=0x241a4330 distance=891
[2026-08-24T19:17:21] [AUTO_BOSS] id=10513 distance=891 receiver=0x1068c430 method=18293 stage=1
[2026-08-24T19:17:21] [AUTO_TRAIN] HUNTING: Liêu Vân Tộc: TSk 49 con [GAME_CLICK_NPC]
[2026-08-24T19:17:23] [AUTO_BOSS_TEAM] TSk ha 50 con tai Liêu Vân Tộc
[2026-08-24T19:17:23] [AUTO_TRAIN] HUNTING: Liêu Vân Tộc: TSk 50 con [GAME_CLICK_NPC]
[2026-08-24T19:17:24] [AUTO_TRAIN] HUNTING: Liêu Vân Tộc: TSk 50 con [GAME_CLOSE_TO]
[2026-08-24T19:17:25] [AUTO_BOSS] battle edge false->true id=10513
[2026-08-24T19:17:26] [AUTO_TRAIN] HUNTING: Liêu Vân Tộc: TSk 50 con [IN_BATTLE]
[2026-08-24T19:17:39] [AUTO_BOSS] battle edge true->false clear=51
[2026-08-24T19:17:39] [AUTO_BOSS_TEAM] TSk ha 51 con tai Liêu Vân Tộc
[2026-08-24T19:17:39] [AUTO_TRAIN] HUNTING: Liêu Vân Tộc: TSk 51 con [IN_BATTLE]
[2026-08-24T19:17:40] [AUTO_BOSS] selected Phát Tài id=16676 type=3060100000051 resource=2060100000051 base=0x2983bd70 distance=825
[2026-08-24T19:17:41] [AUTO_BOSS] id=16676 distance=825 receiver=0x287a2790 method=18293 stage=1
[2026-08-24T19:17:41] [AUTO_TRAIN] HUNTING: Liêu Vân Tộc: TSk 51 con [GAME_CLICK_NPC]
[2026-08-24T19:17:45] [AUTO_BOSS] battle edge false->true id=16676
[2026-08-24T19:17:47] [AUTO_TRAIN] CB Auto=AUTO_UNKNOWN (button not readable (covered, blank or ambiguous))
[2026-08-24T19:17:48] [AUTO_TRAIN] pepsi Auto=AUTO_UNKNOWN (button not readable (covered, blank or ambiguous))
[2026-08-24T19:17:57] [AUTO_BOSS] battle edge true->false clear=52
[2026-08-24T19:17:58] [AUTO_BOSS_TEAM] kiem tra key TSk: auto=AUTO_ON
[2026-08-24T19:17:58] [AUTO_TRAIN] HUNTING: Liêu Vân Tộc: TSk 51 con [IN_BATTLE]
[2026-08-24T19:17:58] [AUTO_BOSS] selected Phát Tài id=10051 type=3060100000051 resource=2060100000051 base=0x1e3f80a0 distance=1398
[2026-08-24T19:17:59] [AUTO_BOSS_TEAM] TSk ha 52 con tai Liêu Vân Tộc
[2026-08-24T19:17:59] [AUTO_TRAIN] HUNTING: Liêu Vân Tộc: TSk 52 con [IN_BATTLE]
[2026-08-24T19:17:59] [AUTO_BOSS] id=10051 distance=1398 receiver=0x287a2e50 method=18293 stage=1
[2026-08-24T19:18:01] [AUTO_TRAIN] HUNTING: Liêu Vân Tộc: TSk 52 con [GAME_CLICK_NPC]
[2026-08-24T19:18:02] [AUTO_TRAIN] HUNTING: Liêu Vân Tộc: TSk 52 con [GAME_CLOSE_TO]
[2026-08-24T19:18:09] [AUTO_BOSS] battle edge false->true id=10051
[2026-08-24T19:18:10] [AUTO_TRAIN] HUNTING: Liêu Vân Tộc: TSk 52 con [IN_BATTLE]
[2026-08-24T19:18:21] [AUTO_BOSS] battle edge true->false clear=53
[2026-08-24T19:18:22] [AUTO_BOSS] selected Phát Tài id=10323 type=3060100000051 resource=2060100000051 base=0x23a5aae0 distance=336
[2026-08-24T19:18:22] [AUTO_BOSS_TEAM] TSk ha 53 con tai Liêu Vân Tộc
[2026-08-24T19:18:22] [AUTO_TRAIN] HUNTING: Liêu Vân Tộc: TSk 53 con [IN_BATTLE]
[2026-08-24T19:18:22] [AUTO_BOSS] id=10323 distance=336 receiver=0x287a2940 method=18293 stage=1
[2026-08-24T19:18:23] [AUTO_TRAIN] HUNTING: Liêu Vân Tộc: TSk 53 con [GAME_CLICK_NPC]
[2026-08-24T19:18:24] [AUTO_BOSS] battle edge false->true id=10323
[2026-08-24T19:18:25] [AUTO_TRAIN] HUNTING: Liêu Vân Tộc: TSk 53 con [IN_BATTLE]
[2026-08-24T19:18:38] [AUTO_BOSS] battle edge true->false clear=54
[2026-08-24T19:18:40] [AUTO_BOSS] selected Phát Tài id=13433 type=3060100000051 resource=2060100000051 base=0x35fbbae0 distance=1088
[2026-08-24T19:18:40] [AUTO_BOSS] id=13433 distance=1088 receiver=0x1068ce50 method=18293 stage=1
[2026-08-24T19:18:42] [AUTO_BOSS_TEAM] TSk ha 54 con tai Liêu Vân Tộc
[2026-08-24T19:18:42] [AUTO_TRAIN] HUNTING: Liêu Vân Tộc: TSk 54 con [GAME_CLICK_NPC]
[2026-08-24T19:18:46] [AUTO_TRAIN] pepsi Auto=AUTO_UNKNOWN (button not readable (covered, blank or ambiguous))
[2026-08-24T19:18:48] [AUTO_BOSS] battle edge false->true id=13433
[2026-08-24T19:18:48] [AUTO_TRAIN] luvy Auto=AUTO_UNKNOWN (button not readable (covered, blank or ambiguous))
[2026-08-24T19:18:48] [AUTO_BOSS_TEAM] kiem tra key TSk: auto=AUTO_ON
[2026-08-24T19:18:48] [AUTO_TRAIN] HUNTING: Liêu Vân Tộc: TSk 54 con [IN_BATTLE]
[2026-08-24T19:18:57] [AUTO_BOSS] battle edge true->false clear=55
[2026-08-24T19:18:57] [AUTO_BOSS_TEAM] TSk ha 55 con tai Liêu Vân Tộc
[2026-08-24T19:18:57] [AUTO_TRAIN] HUNTING: Liêu Vân Tộc: TSk 55 con [IN_BATTLE]
[2026-08-24T19:18:58] [AUTO_BOSS] selected Phát Tài id=17919 type=3060100000051 resource=2060100000051 base=0x26eff850 distance=465
[2026-08-24T19:18:59] [AUTO_BOSS] id=17919 distance=465 receiver=0x287a2e50 method=18293 stage=1
[2026-08-24T19:18:59] [AUTO_TRAIN] HUNTING: Liêu Vân Tộc: TSk 55 con [GAME_CLICK_NPC]
[2026-08-24T19:19:01] [AUTO_BOSS] battle edge false->true id=17919
[2026-08-24T19:19:22] [AUTO_TRAIN] HUNTING: Liêu Vân Tộc: TSk 55 con [IN_BATTLE]
[2026-08-24T19:19:22] [AUTO_BOSS] battle edge true->false clear=56
[2026-08-24T19:19:23] [AUTO_BOSS] selected Phát Tài id=10612 type=3060100000051 resource=2060100000051 base=0x2983bae0 distance=385
[2026-08-24T19:19:23] [AUTO_BOSS_TEAM] TSk ha 56 con tai Liêu Vân Tộc
[2026-08-24T19:19:23] [AUTO_TRAIN] HUNTING: Liêu Vân Tộc: TSk 56 con [IN_BATTLE]
[2026-08-24T19:19:24] [AUTO_BOSS] id=10612 distance=385 receiver=0x25875790 method=18293 stage=1
[2026-08-24T19:19:25] [AUTO_TRAIN] HUNTING: Liêu Vân Tộc: TSk 56 con [GAME_CLICK_NPC]
[2026-08-24T19:19:26] [AUTO_BOSS] battle edge false->true id=10612
[2026-08-24T19:19:26] [AUTO_TRAIN] HUNTING: Liêu Vân Tộc: TSk 56 con [IN_BATTLE]
[2026-08-24T19:19:35] [AUTO_TRAIN] TSk Auto=AUTO_UNKNOWN (button not readable (covered, blank or ambiguous))
[2026-08-24T19:19:35] [AUTO_BOSS] battle edge true->false clear=57
[2026-08-24T19:19:36] [AUTO_BOSS] selected Phát Tài id=12149 type=3060100000051 resource=2060100000051 base=0x23a5aae0 distance=727
[2026-08-24T19:19:37] [AUTO_BOSS] id=12149 distance=727 receiver=0x287a2af0 method=18293 stage=1
[2026-08-24T19:19:37] [AUTO_BOSS_TEAM] kiem tra key TSk: auto=AUTO_UNKNOWN
[2026-08-24T19:19:37] [AUTO_TRAIN] HUNTING: Liêu Vân Tộc: TSk 56 con [GAME_CLICK_NPC]
[2026-08-24T19:19:39] [AUTO_BOSS_TEAM] TSk ha 57 con tai Liêu Vân Tộc
[2026-08-24T19:19:39] [AUTO_TRAIN] HUNTING: Liêu Vân Tộc: TSk 57 con [GAME_CLICK_NPC]
[2026-08-24T19:19:41] [AUTO_TRAIN] HUNTING: Liêu Vân Tộc: TSk 57 con [GAME_CLOSE_TO]
[2026-08-24T19:19:42] [AUTO_BOSS] battle edge false->true id=12149
[2026-08-24T19:19:55] [AUTO_TRAIN] HUNTING: Liêu Vân Tộc: TSk 57 con [IN_BATTLE]
[2026-08-24T19:19:56] [AUTO_BOSS] battle edge true->false clear=58
[2026-08-24T19:19:56] [AUTO_BOSS] selected Phát Tài id=12858 type=3060100000051 resource=2060100000051 base=0x35fbb330 distance=54
[2026-08-24T19:19:57] [AUTO_BOSS_TEAM] TSk ha 58 con tai Liêu Vân Tộc
[2026-08-24T19:19:57] [AUTO_TRAIN] HUNTING: Liêu Vân Tộc: TSk 58 con [IN_BATTLE]
[2026-08-24T19:19:57] [AUTO_BOSS] id=12858 distance=54 receiver=0x287a25e0 method=18293 stage=2
[2026-08-24T19:19:58] [AUTO_TRAIN] HUNTING: Liêu Vân Tộc: TSk 58 con [GAME_CLICK_NPC]
[2026-08-24T19:20:00] [AUTO_BOSS] battle edge false->true id=12858
[2026-08-24T19:20:00] [AUTO_TRAIN] HUNTING: Liêu Vân Tộc: TSk 58 con [IN_BATTLE]
[2026-08-24T19:20:11] [AUTO_BOSS] battle edge true->false clear=59
[2026-08-24T19:20:12] [AUTO_BOSS_TEAM] TSk ha 59 con tai Liêu Vân Tộc
[2026-08-24T19:20:12] [AUTO_TRAIN] HUNTING: Liêu Vân Tộc: TSk 59 con [IN_BATTLE]
[2026-08-24T19:20:12] [AUTO_BOSS] selected Phát Tài id=12154 type=3060100000051 resource=2060100000051 base=0x1c77dae0 distance=421
[2026-08-24T19:20:13] [AUTO_BOSS] id=12154 distance=421 receiver=0x287a2940 method=18293 stage=1
[2026-08-24T19:20:14] [AUTO_TRAIN] HUNTING: Liêu Vân Tộc: TSk 59 con [GAME_CLICK_NPC]
[2026-08-24T19:20:15] [AUTO_TRAIN] HUNTING: Liêu Vân Tộc: TSk 59 con [GAME_CLOSE_TO]
[2026-08-24T19:20:20] [AUTO_BOSS] REJECT_ROUTE_TIMEOUT id=12154 base=0x1c77dae0
[2026-08-24T19:20:21] [AUTO_TRAIN] HUNTING: Liêu Vân Tộc: TSk 59 con [REJECT_ROUTE_TIMEOUT]
[2026-08-24T19:20:23] [AUTO_BOSS] selected Phát Tài id=17501 type=3060100000051 resource=2060100000051 base=0x35fbb0a0 distance=798
[2026-08-24T19:20:24] [AUTO_BOSS] id=17501 distance=798 receiver=0x287a2790 method=18293 stage=1
[2026-08-24T19:20:29] [AUTO_BOSS] battle edge false->true id=17501
[2026-08-24T19:20:29] [AUTO_TRAIN] luvy Auto=AUTO_UNKNOWN (button not readable (covered, blank or ambiguous))
[2026-08-24T19:20:29] [AUTO_BOSS_TEAM] kiem tra key TSk: auto=AUTO_ON
[2026-08-24T19:20:29] [AUTO_TRAIN] HUNTING: Liêu Vân Tộc: TSk 59 con [IN_BATTLE]
[2026-08-24T19:20:46] [AUTO_BOSS] battle edge true->false clear=60
[2026-08-24T19:20:48] [AUTO_BOSS] selected Phát Tài id=14175 type=3060100000051 resource=2060100000051 base=0x35fbb330 distance=460
[2026-08-24T19:20:49] [AUTO_BOSS] id=14175 distance=460 receiver=0x287a2af0 method=18293 stage=1
[2026-08-24T19:20:50] [AUTO_BOSS_TEAM] TSk ha 60 con tai Liêu Vân Tộc
[2026-08-24T19:20:50] [AUTO_TRAIN] HUNTING: Liêu Vân Tộc: TSk 60 con [GAME_CLICK_NPC]
[2026-08-24T19:20:52] [AUTO_TRAIN] HUNTING: Liêu Vân Tộc: TSk 60 con [GAME_CLOSE_TO]
[2026-08-24T19:21:00] [AUTO_BOSS] REJECT_ROUTE_TIMEOUT id=14175 base=0x35fbb330
[2026-08-24T19:21:01] [AUTO_TRAIN] HUNTING: Liêu Vân Tộc: TSk 60 con [REJECT_ROUTE_TIMEOUT]
[2026-08-24T19:21:02] [AUTO_BOSS] reject nDict mismatch id=13667 base=0x35fbb850 returned=0x0
[2026-08-24T19:21:03] [AUTO_BOSS] selected Phát Tài id=15135 type=3060100000051 resource=2060100000051 base=0x1c770d70 distance=995
[2026-08-24T19:21:04] [AUTO_BOSS] id=15135 distance=995 receiver=0x25875af0 method=18293 stage=1
[2026-08-24T19:21:06] [AUTO_TRAIN] HUNTING: Liêu Vân Tộc: TSk 60 con [GAME_CLICK_NPC]
[2026-08-24T19:21:07] [AUTO_TRAIN] HUNTING: Liêu Vân Tộc: TSk 60 con [GAME_CLOSE_TO]
[2026-08-24T19:21:12] [AUTO_BOSS] battle edge false->true id=15135
[2026-08-24T19:21:21] [AUTO_BOSS] battle edge true->false clear=61
[2026-08-24T19:21:23] [AUTO_BOSS] selected Phát Tài id=15568 type=3060100000051 resource=2060100000051 base=0x1c77d0a0 distance=543
[2026-08-24T19:21:24] [AUTO_BOSS] id=15568 distance=543 receiver=0xc619430 method=18293 stage=1
[2026-08-24T19:21:26] [AUTO_BOSS] battle edge false->true id=15568
[2026-08-24T19:21:26] [AUTO_BOSS_TEAM] kiem tra key TSk: auto=AUTO_ON
[2026-08-24T19:21:26] [AUTO_TRAIN] HUNTING: Liêu Vân Tộc: TSk 60 con [IN_BATTLE]
[2026-08-24T19:21:28] [AUTO_BOSS_TEAM] TSk ha 61 con tai Liêu Vân Tộc
[2026-08-24T19:21:28] [AUTO_TRAIN] HUNTING: Liêu Vân Tộc: TSk 61 con [IN_BATTLE]
[2026-08-24T19:21:38] [AUTO_BOSS] battle edge true->false clear=62
[2026-08-24T19:21:39] [AUTO_BOSS_TEAM] TSk ha 62 con tai Liêu Vân Tộc
[2026-08-24T19:21:39] [AUTO_TRAIN] HUNTING: Liêu Vân Tộc: TSk 62 con [IN_BATTLE]
[2026-08-24T19:21:39] [AUTO_BOSS] selected Phát Tài id=15887 type=3060100000051 resource=2060100000051 base=0x1c77d5c0 distance=473
[2026-08-24T19:21:40] [AUTO_BOSS] id=15887 distance=473 receiver=0x1068c430 method=18293 stage=1
[2026-08-24T19:21:40] [AUTO_TRAIN] HUNTING: Liêu Vân Tộc: TSk 62 con [GAME_CLICK_NPC]
[2026-08-24T19:21:51] [AUTO_BOSS] REJECT_ROUTE_TIMEOUT id=15887 base=0x1c77d5c0
[2026-08-24T19:21:51] [AUTO_TRAIN] HUNTING: Liêu Vân Tộc: TSk 62 con [REJECT_ROUTE_TIMEOUT]
[2026-08-24T19:21:54] [AUTO_BOSS] selected Phát Tài id=15308 type=3060100000051 resource=2060100000051 base=0x1c770d70 distance=367
[2026-08-24T19:21:55] [AUTO_BOSS] id=15308 distance=367 receiver=0xc619430 method=18293 stage=1
[2026-08-24T19:21:56] [AUTO_TRAIN] HUNTING: Liêu Vân Tộc: TSk 62 con [GAME_CLICK_NPC]
[2026-08-24T19:21:57] [AUTO_TRAIN] HUNTING: Liêu Vân Tộc: TSk 62 con [GAME_CLOSE_TO]
[2026-08-24T19:22:07] [AUTO_BOSS] REJECT_ROUTE_TIMEOUT id=15308 base=0x1c770d70
[2026-08-24T19:22:08] [AUTO_TRAIN] HUNTING: Liêu Vân Tộc: TSk 62 con [REJECT_ROUTE_TIMEOUT]
[2026-08-24T19:22:10] [AUTO_BOSS] selected Phát Tài id=13870 type=3060100000051 resource=2060100000051 base=0x1e3f80a0 distance=1107
[2026-08-24T19:22:12] [AUTO_BOSS] id=13870 distance=1107 receiver=0x25875af0 method=18293 stage=1
[2026-08-24T19:22:19] [AUTO_BOSS_TEAM] kiem tra key TSk: auto=AUTO_ON
[2026-08-24T19:22:19] [AUTO_TRAIN] HUNTING: Liêu Vân Tộc: TSk 62 con [GAME_CLOSE_TO]
[2026-08-24T19:22:19] [AUTO_BOSS] battle edge false->true id=13870
[2026-08-24T19:22:20] [AUTO_TRAIN] HUNTING: Liêu Vân Tộc: TSk 62 con [IN_BATTLE]
[2026-08-24T19:22:31] [AUTO_BOSS] battle edge true->false clear=63
[2026-08-24T19:22:32] [AUTO_BOSS] selected Phát Tài id=12713 type=3060100000051 resource=2060100000051 base=0x258535c0 distance=774
[2026-08-24T19:22:33] [AUTO_BOSS_TEAM] TSk ha 63 con tai Liêu Vân Tộc
[2026-08-24T19:22:33] [AUTO_TRAIN] HUNTING: Liêu Vân Tộc: TSk 63 con [IN_BATTLE]
[2026-08-24T19:22:33] [AUTO_BOSS] id=12713 distance=774 receiver=0xc619790 method=18293 stage=1
[2026-08-24T19:22:37] [AUTO_TRAIN] HUNTING: Liêu Vân Tộc: TSk 63 con [GAME_CLOSE_TO]
[2026-08-24T19:22:38] [AUTO_BOSS] battle edge false->true id=12713
[2026-08-24T19:22:38] [AUTO_TRAIN] HUNTING: Liêu Vân Tộc: TSk 63 con [IN_BATTLE]
[2026-08-24T19:22:47] [AUTO_BOSS] battle edge true->false clear=64
[2026-08-24T19:22:47] [AUTO_BOSS_TEAM] TSk ha 64 con tai Liêu Vân Tộc
[2026-08-24T19:22:47] [AUTO_TRAIN] HUNTING: Liêu Vân Tộc: TSk 64 con [IN_BATTLE]
[2026-08-24T19:22:48] [AUTO_BOSS] selected Phát Tài id=15177 type=3060100000051 resource=2060100000051 base=0x1c77dd70 distance=627
[2026-08-24T19:22:49] [AUTO_BOSS] id=15177 distance=627 receiver=0x35c55940 method=18293 stage=1
[2026-08-24T19:22:50] [AUTO_TRAIN] HUNTING: Liêu Vân Tộc: TSk 64 con [GAME_CLICK_NPC]
[2026-08-24T19:22:52] [AUTO_TRAIN] HUNTING: Liêu Vân Tộc: TSk 64 con [GAME_CLOSE_TO]
[2026-08-24T19:23:03] [AUTO_BOSS] REJECT_ROUTE_TIMEOUT id=15177 base=0x1c77dd70
[2026-08-24T19:23:03] [AUTO_TRAIN] HUNTING: Liêu Vân Tộc: TSk 64 con [REJECT_ROUTE_TIMEOUT]
[2026-08-24T19:23:06] [AUTO_BOSS] selected Đấu Sĩ Ác Ma id=10386 type=3060100001180 resource=2060100001211 base=0x241a4d70 distance=61
[2026-08-24T19:23:08] [AUTO_BOSS] id=10386 distance=61 receiver=0xc619e50 method=18293 stage=2
[2026-08-24T19:23:08] [AUTO_BOSS_TEAM] kiem tra key TSk: auto=AUTO_ON
[2026-08-24T19:23:08] [AUTO_TRAIN] HUNTING: Liêu Vân Tộc: TSk 64 con [GAME_CLICK_NPC]
[2026-08-24T19:23:10] [AUTO_BOSS] battle edge false->true id=10386
[2026-08-24T19:23:10] [AUTO_TRAIN] HUNTING: Liêu Vân Tộc: TSk 64 con [IN_BATTLE]
[2026-08-24T19:23:15] [AUTO_BOSS] battle edge true->false clear=65
[2026-08-24T19:23:15] [AUTO_BOSS_TEAM] TSk ha 65 con tai Liêu Vân Tộc
[2026-08-24T19:23:15] [AUTO_TRAIN] HUNTING: Liêu Vân Tộc: TSk 65 con [IN_BATTLE]
[2026-08-24T19:23:16] [AUTO_BOSS] selected Đấu Sĩ Ác Ma id=11595 type=3060100001180 resource=2060100001211 base=0x23a5a0a0 distance=69
[2026-08-24T19:23:17] [AUTO_BOSS] id=11595 distance=69 receiver=0x287a2ca0 method=18293 stage=2
[2026-08-24T19:23:18] [AUTO_TRAIN] HUNTING: Liêu Vân Tộc: TSk 65 con [GAME_CLICK_NPC]
[2026-08-24T19:23:20] [AUTO_BOSS] battle edge false->true id=11595
[2026-08-24T19:23:25] [AUTO_BOSS] battle edge true->false clear=66
[2026-08-24T19:23:29] [AUTO_BOSS] selected Đấu Sĩ Ác Ma id=17528 type=3060100001180 resource=2060100001211 base=0x2460a0a0 distance=348
[2026-08-24T19:23:30] [AUTO_TRAIN] HUNTING: Liêu Vân Tộc: TSk 65 con [IN_BATTLE]
[2026-08-24T19:23:30] [AUTO_BOSS] id=17528 distance=348 receiver=0x287a20d0 method=18293 stage=1
[2026-08-24T19:23:32] [AUTO_BOSS_TEAM] TSk ha 66 con tai Liêu Vân Tộc
[2026-08-24T19:23:32] [AUTO_TRAIN] HUNTING: Liêu Vân Tộc: TSk 66 con [GAME_CLICK_NPC]
[2026-08-24T19:23:32] [AUTO_BOSS] battle edge false->true id=17528
[2026-08-24T19:23:33] [AUTO_TRAIN] HUNTING: Liêu Vân Tộc: TSk 66 con [IN_BATTLE]
[2026-08-24T19:23:39] [AUTO_BOSS] battle edge true->false clear=67
[2026-08-24T19:23:39] [AUTO_BOSS_TEAM] TSk ha 67 con tai Liêu Vân Tộc
[2026-08-24T19:23:39] [AUTO_TRAIN] HUNTING: Liêu Vân Tộc: TSk 67 con [IN_BATTLE]
[2026-08-24T19:23:40] [AUTO_BOSS] selected Đấu Sĩ Ác Ma id=10632 type=3060100001180 resource=2060100001211 base=0x322715c0 distance=181
[2026-08-24T19:23:41] [AUTO_BOSS] id=10632 distance=181 receiver=0xd4f4ca0 method=18293 stage=2
[2026-08-24T19:23:42] [AUTO_TRAIN] HUNTING: Liêu Vân Tộc: TSk 67 con [GAME_CLICK_NPC]
[2026-08-24T19:23:43] [AUTO_BOSS] battle edge false->true id=10632
[2026-08-24T19:23:44] [AUTO_TRAIN] HUNTING: Liêu Vân Tộc: TSk 67 con [IN_BATTLE]
[2026-08-24T19:23:48] [AUTO_BOSS] battle edge true->false clear=68
[2026-08-24T19:23:48] [AUTO_BOSS_TEAM] TSk ha 68 con tai Liêu Vân Tộc
[2026-08-24T19:23:48] [AUTO_TRAIN] HUNTING: Liêu Vân Tộc: TSk 68 con [IN_BATTLE]
[2026-08-24T19:23:49] [AUTO_BOSS] selected Đấu Sĩ Ác Ma id=13350 type=3060100001180 resource=2060100001211 base=0x26eff5c0 distance=215
[2026-08-24T19:23:50] [AUTO_BOSS] id=13350 distance=215 receiver=0x287a2430 method=18293 stage=2
[2026-08-24T19:23:52] [AUTO_BOSS] battle edge false->true id=13350
[2026-08-24T19:23:58] [AUTO_BOSS] battle edge true->false clear=69
[2026-08-24T19:24:01] [AUTO_BOSS] selected Đấu Sĩ Ác Ma id=15643 type=3060100001180 resource=2060100001211 base=0x241a4d70 distance=489
[2026-08-24T19:24:02] [AUTO_BOSS] id=15643 distance=489 receiver=0xd4f4280 method=18293 stage=1
[2026-08-24T19:24:06] [AUTO_BOSS_TEAM] kiem tra key TSk: auto=AUTO_ON
[2026-08-24T19:24:06] [AUTO_TRAIN] HUNTING: Liêu Vân Tộc: TSk 68 con [GAME_CLOSE_TO]
[2026-08-24T19:24:07] [AUTO_BOSS_TEAM] TSk ha 69 con tai Liêu Vân Tộc
[2026-08-24T19:24:07] [AUTO_TRAIN] HUNTING: Liêu Vân Tộc: TSk 69 con [GAME_CLOSE_TO]
[2026-08-24T19:24:14] [AUTO_BOSS] REJECT_ROUTE_TIMEOUT id=15643 base=0x241a4d70
[2026-08-24T19:24:14] [AUTO_TRAIN] HUNTING: Liêu Vân Tộc: TSk 69 con [REJECT_ROUTE_TIMEOUT]
[2026-08-24T19:24:17] [AUTO_BOSS] selected Đấu Sĩ Ác Ma id=10779 type=3060100001180 resource=2060100001211 base=0x37761ae0 distance=365
[2026-08-24T19:24:18] [AUTO_BOSS] id=10779 distance=365 receiver=0x287a2af0 method=18293 stage=1
[2026-08-24T19:24:18] [AUTO_TRAIN] HUNTING: Liêu Vân Tộc: TSk 69 con [GAME_CLICK_NPC]
[2026-08-24T19:24:21] [AUTO_TRAIN] HUNTING: Liêu Vân Tộc: TSk 69 con [GAME_CLOSE_TO]
[2026-08-24T19:24:25] [AUTO_BOSS] REJECT_ROUTE_TIMEOUT id=10779 base=0x37761ae0
[2026-08-24T19:24:25] [AUTO_TRAIN] HUNTING: Liêu Vân Tộc: TSk 69 con [REJECT_ROUTE_TIMEOUT]
[2026-08-24T19:24:28] [AUTO_BOSS] selected Đấu Sĩ Ác Ma id=14542 type=3060100001180 resource=2060100001211 base=0x1e3f8330 distance=492
[2026-08-24T19:24:29] [AUTO_BOSS] id=14542 distance=492 receiver=0xc6190d0 method=18293 stage=1
[2026-08-24T19:24:30] [AUTO_TRAIN] HUNTING: Liêu Vân Tộc: TSk 69 con [GAME_CLICK_NPC]
[2026-08-24T19:24:33] [AUTO_TRAIN] HUNTING: Liêu Vân Tộc: TSk 69 con [GAME_CLOSE_TO]
[2026-08-24T19:24:34] [AUTO_BOSS] battle edge false->true id=14542
[2026-08-24T19:24:34] [AUTO_TRAIN] HUNTING: Liêu Vân Tộc: TSk 69 con [IN_BATTLE]
[2026-08-24T19:24:38] [AUTO_BOSS] battle edge true->false clear=70
[2026-08-24T19:24:39] [AUTO_BOSS_TEAM] TSk ha 70 con tai Liêu Vân Tộc
[2026-08-24T19:24:39] [AUTO_TRAIN] HUNTING: Liêu Vân Tộc: TSk 70 con [IN_BATTLE]
[2026-08-24T19:24:39] [AUTO_BOSS] selected Đấu Sĩ Ác Ma id=16166 type=3060100001180 resource=2060100001211 base=0x25853850 distance=319
[2026-08-24T19:24:40] [AUTO_BOSS] id=16166 distance=319 receiver=0xd4f45e0 method=18293 stage=1
[2026-08-24T19:24:41] [AUTO_TRAIN] HUNTING: Liêu Vân Tộc: TSk 70 con [GAME_CLICK_NPC]
[2026-08-24T19:24:43] [AUTO_BOSS] battle edge false->true id=16166
[2026-08-24T19:24:44] [AUTO_TRAIN] HUNTING: Liêu Vân Tộc: TSk 70 con [IN_BATTLE]
[2026-08-24T19:24:50] [AUTO_BOSS] battle edge true->false clear=71
[2026-08-24T19:24:53] [AUTO_BOSS] selected Đấu Sĩ Ác Ma id=16198 type=3060100001180 resource=2060100001211 base=0x1c77d850 distance=472
[2026-08-24T19:24:55] [AUTO_BOSS] id=16198 distance=472 receiver=0x25875ca0 method=18293 stage=1
[2026-08-24T19:25:00] [AUTO_BOSS] battle edge false->true id=16198
[2026-08-24T19:25:00] [AUTO_TRAIN] luvy Auto=AUTO_UNKNOWN (samples disagreed: ['AUTO_ON', 'AUTO_ON', 'AUTO_OFF'])
[2026-08-24T19:25:00] [AUTO_BOSS_TEAM] kiem tra key TSk: auto=AUTO_ON
[2026-08-24T19:25:01] [AUTO_BOSS_TEAM] TSk ha 71 con tai Liêu Vân Tộc
[2026-08-24T19:25:01] [AUTO_TRAIN] HUNTING: Liêu Vân Tộc: TSk 71 con [IN_BATTLE]
[2026-08-24T19:25:06] [AUTO_BOSS] battle edge true->false clear=72
[2026-08-24T19:25:07] [AUTO_BOSS_TEAM] TSk ha 72 con tai Liêu Vân Tộc
[2026-08-24T19:25:07] [AUTO_TRAIN] HUNTING: Liêu Vân Tộc: TSk 72 con [IN_BATTLE]
[2026-08-24T19:25:08] [AUTO_BOSS] selected Đấu Sĩ Ác Ma id=16073 type=3060100001180 resource=2060100001211 base=0x2460a0a0 distance=36
[2026-08-24T19:25:09] [AUTO_BOSS] id=16073 distance=36 receiver=0x287a2e50 method=18293 stage=2
[2026-08-24T19:25:10] [AUTO_TRAIN] HUNTING: Liêu Vân Tộc: TSk 72 con [GAME_CLICK_NPC]
[2026-08-24T19:25:12] [AUTO_BOSS] battle edge false->true id=16073
[2026-08-24T19:25:12] [AUTO_TRAIN] HUNTING: Liêu Vân Tộc: TSk 72 con [IN_BATTLE]
[2026-08-24T19:25:16] [AUTO_BOSS] battle edge true->false clear=73
[2026-08-24T19:25:20] [AUTO_BOSS] selected Đấu Sĩ Ác Ma id=13924 type=3060100001180 resource=2060100001211 base=0x23ea60a0 distance=17
[2026-08-24T19:25:22] [AUTO_BOSS] id=13924 distance=17 receiver=0xd4f45e0 method=18293 stage=2
[2026-08-24T19:25:22] [AUTO_TRAIN] HUNTING: Liêu Vân Tộc: TSk 72 con [GAME_CLICK_NPC]
[2026-08-24T19:25:24] [AUTO_BOSS_TEAM] TSk ha 73 con tai Liêu Vân Tộc
[2026-08-24T19:25:24] [AUTO_TRAIN] HUNTING: Liêu Vân Tộc: TSk 73 con [GAME_CLICK_NPC]
[2026-08-24T19:25:24] [AUTO_BOSS] battle edge false->true id=13924
[2026-08-24T19:25:25] [AUTO_TRAIN] HUNTING: Liêu Vân Tộc: TSk 73 con [IN_BATTLE]
[2026-08-24T19:25:31] [AUTO_BOSS] battle edge true->false clear=74
[2026-08-24T19:25:31] [AUTO_BOSS_TEAM] TSk ha 74 con tai Liêu Vân Tộc
[2026-08-24T19:25:31] [AUTO_TRAIN] HUNTING: Liêu Vân Tộc: TSk 74 con [IN_BATTLE]
[2026-08-24T19:25:32] [AUTO_BOSS] selected Đấu Sĩ Ác Ma id=15382 type=3060100001180 resource=2060100001211 base=0x32271850 distance=398
[2026-08-24T19:25:33] [AUTO_BOSS] id=15382 distance=398 receiver=0x287a2430 method=18293 stage=1
[2026-08-24T19:25:34] [AUTO_TRAIN] HUNTING: Liêu Vân Tộc: TSk 74 con [GAME_CLICK_NPC]
[2026-08-24T19:25:36] [AUTO_TRAIN] HUNTING: Liêu Vân Tộc: TSk 74 con [GAME_CLOSE_TO]
[2026-08-24T19:25:44] [AUTO_BOSS] REJECT_ROUTE_TIMEOUT id=15382 base=0x32271850
[2026-08-24T19:25:47] [AUTO_BOSS] selected Đấu Sĩ Ác Ma id=14002 type=3060100001180 resource=2060100001211 base=0x23ea6d70 distance=376
[2026-08-24T19:25:48] [AUTO_BOSS] id=14002 distance=376 receiver=0x287a20d0 method=18293 stage=1
[2026-08-24T19:25:50] [AUTO_BOSS_TEAM] kiem tra key TSk: auto=AUTO_ON
[2026-08-24T19:25:50] [AUTO_TRAIN] HUNTING: Liêu Vân Tộc: TSk 74 con [GAME_CLICK_NPC]
[2026-08-24T19:25:51] [AUTO_TRAIN] HUNTING: Liêu Vân Tộc: TSk 74 con [GAME_CLOSE_TO]
[2026-08-24T19:25:55] [AUTO_BOSS] REJECT_ROUTE_TIMEOUT id=14002 base=0x23ea6d70
[2026-08-24T19:25:56] [AUTO_TRAIN] HUNTING: Liêu Vân Tộc: TSk 74 con [REJECT_ROUTE_TIMEOUT]
[2026-08-24T19:25:58] [AUTO_BOSS] selected Đấu Sĩ Ác Ma id=16949 type=3060100001180 resource=2060100001211 base=0x23ea6330 distance=896
[2026-08-24T19:25:59] [AUTO_BOSS] id=16949 distance=896 receiver=0x287a2ca0 method=18293 stage=1
[2026-08-24T19:25:59] [AUTO_TRAIN] HUNTING: Liêu Vân Tộc: TSk 74 con [GAME_CLICK_NPC]
[2026-08-24T19:26:02] [AUTO_TRAIN] HUNTING: Liêu Vân Tộc: TSk 74 con [GAME_CLOSE_TO]
[2026-08-24T19:26:05] [AUTO_BOSS] REJECT_ROUTE_TIMEOUT id=16949 base=0x23ea6330
[2026-08-24T19:26:09] [AUTO_TRAIN] HUNTING: Liêu Vân Tộc: TSk 74 con [REJECT_ROUTE_TIMEOUT]
[2026-08-24T19:26:09] [AUTO_BOSS] selected Đấu Sĩ Ác Ma id=11629 type=3060100001180 resource=2060100001211 base=0x23a5a0a0 distance=1421
[2026-08-24T19:26:10] [AUTO_BOSS] id=11629 distance=1421 receiver=0x287a2e50 method=18293 stage=1
[2026-08-24T19:26:12] [AUTO_TRAIN] HUNTING: Liêu Vân Tộc: TSk 74 con [GAME_CLICK_NPC]
[2026-08-24T19:26:13] [AUTO_TRAIN] HUNTING: Liêu Vân Tộc: TSk 74 con [GAME_CLOSE_TO]
[2026-08-24T19:26:18] [AUTO_BOSS] battle edge false->true id=11629
[2026-08-24T19:26:19] [AUTO_TRAIN] HUNTING: Liêu Vân Tộc: TSk 74 con [IN_BATTLE]
[2026-08-24T19:26:24] [AUTO_BOSS] battle edge true->false clear=75
[2026-08-24T19:26:25] [AUTO_BOSS_TEAM] TSk ha 75 con tai Liêu Vân Tộc
[2026-08-24T19:26:25] [AUTO_TRAIN] HUNTING: Liêu Vân Tộc: TSk 75 con [IN_BATTLE]
[2026-08-24T19:26:25] [AUTO_BOSS] selected Đấu Sĩ Ác Ma id=11547 type=3060100001180 resource=2060100001211 base=0x32271d70 distance=319
[2026-08-24T19:26:26] [AUTO_BOSS] id=11547 distance=319 receiver=0x1068ce50 method=18293 stage=1
[2026-08-24T19:26:27] [AUTO_TRAIN] HUNTING: Liêu Vân Tộc: TSk 75 con [GAME_CLICK_NPC]
[2026-08-24T19:26:29] [AUTO_BOSS] battle edge false->true id=11547
[2026-08-24T19:26:38] [AUTO_BOSS] battle edge true->false clear=76
[2026-08-24T19:26:40] [AUTO_BOSS] selected Đấu Sĩ Ác Ma id=17884 type=3060100001180 resource=2060100001211 base=0x1c77d0a0 distance=447
[2026-08-24T19:26:41] [AUTO_BOSS] id=17884 distance=447 receiver=0x287a2790 method=18293 stage=1
[2026-08-24T19:26:43] [AUTO_BOSS] battle edge false->true id=17884
[2026-08-24T19:26:44] [AUTO_TRAIN] hshehe Auto=AUTO_UNKNOWN (button not readable (covered, blank or ambiguous))
[2026-08-24T19:26:45] [AUTO_TRAIN] luvy Auto=AUTO_UNKNOWN (button not readable (covered, blank or ambiguous))
[2026-08-24T19:26:45] [AUTO_BOSS_TEAM] kiem tra key TSk: auto=AUTO_ON
[2026-08-24T19:26:45] [AUTO_TRAIN] HUNTING: Liêu Vân Tộc: TSk 75 con [IN_BATTLE]
[2026-08-24T19:26:47] [AUTO_BOSS_TEAM] TSk ha 76 con tai Liêu Vân Tộc
[2026-08-24T19:26:47] [AUTO_TRAIN] HUNTING: Liêu Vân Tộc: TSk 76 con [IN_BATTLE]
[2026-08-24T19:26:50] [AUTO_BOSS] battle edge true->false clear=77
[2026-08-24T19:26:51] [AUTO_BOSS] selected Đấu Sĩ Ác Ma id=14756 type=3060100001180 resource=2060100001211 base=0x377615c0 distance=47
[2026-08-24T19:26:52] [AUTO_BOSS_TEAM] TSk ha 77 con tai Liêu Vân Tộc
[2026-08-24T19:26:52] [AUTO_TRAIN] HUNTING: Liêu Vân Tộc: TSk 77 con [IN_BATTLE]
[2026-08-24T19:26:52] [AUTO_BOSS] id=14756 distance=47 receiver=0x35c550d0 method=18293 stage=2
[2026-08-24T19:26:53] [AUTO_TRAIN] HUNTING: Liêu Vân Tộc: TSk 77 con [GAME_CLICK_NPC]
[2026-08-24T19:26:55] [AUTO_BOSS] battle edge false->true id=14756
[2026-08-24T19:26:56] [AUTO_TRAIN] HUNTING: Liêu Vân Tộc: TSk 77 con [IN_BATTLE]
[2026-08-24T19:27:02] [AUTO_BOSS] battle edge true->false clear=78
[2026-08-24T19:27:03] [AUTO_BOSS] selected Đấu Sĩ Ác Ma id=16803 type=3060100001180 resource=2060100001211 base=0x2460a850 distance=51
[2026-08-24T19:27:04] [AUTO_BOSS_TEAM] TSk ha 78 con tai Liêu Vân Tộc
[2026-08-24T19:27:04] [AUTO_TRAIN] HUNTING: Liêu Vân Tộc: TSk 78 con [IN_BATTLE]
[2026-08-24T19:27:04] [AUTO_BOSS] id=16803 distance=51 receiver=0x35c55af0 method=18293 stage=2
[2026-08-24T19:27:06] [AUTO_TRAIN] HUNTING: Liêu Vân Tộc: TSk 78 con [GAME_CLICK_NPC]
[2026-08-24T19:27:07] [AUTO_BOSS] battle edge false->true id=16803
[2026-08-24T19:27:07] [AUTO_TRAIN] HUNTING: Liêu Vân Tộc: TSk 78 con [IN_BATTLE]
[2026-08-24T19:27:11] [AUTO_BOSS] battle edge true->false clear=79
[2026-08-24T19:27:12] [AUTO_BOSS_TEAM] TSk ha 79 con tai Liêu Vân Tộc
[2026-08-24T19:27:12] [AUTO_TRAIN] HUNTING: Liêu Vân Tộc: TSk 79 con [IN_BATTLE]
[2026-08-24T19:27:12] [AUTO_BOSS] selected Đấu Sĩ Ác Ma id=16821 type=3060100001180 resource=2060100001211 base=0x127d6ae0 distance=767
[2026-08-24T19:27:13] [AUTO_BOSS] id=16821 distance=767 receiver=0x35c555e0 method=18293 stage=1
[2026-08-24T19:27:13] [AUTO_TRAIN] HUNTING: Liêu Vân Tộc: TSk 79 con [GAME_CLICK_NPC]
[2026-08-24T19:27:16] [AUTO_TRAIN] HUNTING: Liêu Vân Tộc: TSk 79 con [GAME_CLOSE_TO]
[2026-08-24T19:27:18] [AUTO_BOSS] battle edge false->true id=16821
[2026-08-24T19:27:18] [AUTO_TRAIN] HUNTING: Liêu Vân Tộc: TSk 79 con [IN_BATTLE]
[2026-08-24T19:27:22] [AUTO_BOSS] battle edge true->false clear=80
[2026-08-24T19:27:23] [AUTO_BOSS_TEAM] TSk ha 80 con tai Liêu Vân Tộc
[2026-08-24T19:27:23] [AUTO_TRAIN] HUNTING: Liêu Vân Tộc: TSk 80 con [IN_BATTLE]
[2026-08-24T19:27:23] [AUTO_BOSS] selected Đấu Sĩ Ác Ma id=10765 type=3060100001180 resource=2060100001211 base=0x25853330 distance=241
[2026-08-24T19:27:24] [AUTO_BOSS] id=10765 distance=241 receiver=0x1068ce50 method=18293 stage=2
[2026-08-24T19:27:27] [AUTO_BOSS] battle edge false->true id=10765
[2026-08-24T19:27:33] [AUTO_BOSS] battle edge true->false clear=81
[2026-08-24T19:27:35] [AUTO_BOSS] selected Đấu Sĩ Ác Ma id=12859 type=3060100001180 resource=2060100001211 base=0x377615c0 distance=237
[2026-08-24T19:27:36] [AUTO_BOSS] id=12859 distance=237 receiver=0xd4f4ca0 method=18293 stage=2
[2026-08-24T19:27:38] [AUTO_BOSS] battle edge false->true id=12859
[2026-08-24T19:27:38] [AUTO_TRAIN] luvy Auto=AUTO_UNKNOWN (button not readable (covered, blank or ambiguous))
[2026-08-24T19:27:38] [AUTO_BOSS_TEAM] kiem tra key TSk: auto=AUTO_ON
[2026-08-24T19:27:40] [AUTO_BOSS_TEAM] TSk ha 81 con tai Liêu Vân Tộc
[2026-08-24T19:27:40] [AUTO_TRAIN] HUNTING: Liêu Vân Tộc: TSk 81 con [IN_BATTLE]
[2026-08-24T19:27:43] [AUTO_BOSS] battle edge true->false clear=82
[2026-08-24T19:27:43] [AUTO_BOSS_TEAM] TSk ha 82 con tai Liêu Vân Tộc
[2026-08-24T19:27:43] [AUTO_TRAIN] HUNTING: Liêu Vân Tộc: TSk 82 con [IN_BATTLE]
[2026-08-24T19:27:44] [AUTO_BOSS] selected Đấu Sĩ Ác Ma id=14682 type=3060100001180 resource=2060100001211 base=0x23ea6ae0 distance=397
[2026-08-24T19:27:45] [AUTO_BOSS] id=14682 distance=397 receiver=0x35c555e0 method=18293 stage=1
[2026-08-24T19:27:46] [AUTO_TRAIN] HUNTING: Liêu Vân Tộc: TSk 82 con [GAME_CLICK_NPC]
[2026-08-24T19:27:47] [AUTO_BOSS] battle edge false->true id=14682
[2026-08-24T19:27:48] [AUTO_TRAIN] HUNTING: Liêu Vân Tộc: TSk 82 con [IN_BATTLE]
[2026-08-24T19:27:52] [AUTO_BOSS] battle edge true->false clear=83
[2026-08-24T19:27:52] [AUTO_BOSS_TEAM] TSk ha 83 con tai Liêu Vân Tộc
[2026-08-24T19:27:52] [AUTO_TRAIN] HUNTING: Liêu Vân Tộc: TSk 83 con [IN_BATTLE]
[2026-08-24T19:27:53] [AUTO_BOSS] selected Đấu Sĩ Ác Ma id=15371 type=3060100001180 resource=2060100001211 base=0x377615c0 distance=225
[2026-08-24T19:27:54] [AUTO_BOSS] id=15371 distance=225 receiver=0x35c55280 method=18293 stage=2
[2026-08-24T19:27:56] [AUTO_BOSS] battle edge false->true id=15371
[2026-08-24T19:28:02] [AUTO_BOSS] battle edge true->false clear=84
[2026-08-24T19:28:04] [AUTO_BOSS] selected Đấu Sĩ Ác Ma id=16592 type=3060100001180 resource=2060100001211 base=0x25853d70 distance=423
[2026-08-24T19:28:05] [AUTO_BOSS] id=16592 distance=423 receiver=0x25875ca0 method=18293 stage=1
[2026-08-24T19:28:06] [AUTO_BOSS_TEAM] TSk ha 84 con tai Liêu Vân Tộc
[2026-08-24T19:28:06] [AUTO_TRAIN] HUNTING: Liêu Vân Tộc: TSk 84 con [GAME_CLICK_NPC]
[2026-08-24T19:28:07] [AUTO_TRAIN] HUNTING: Liêu Vân Tộc: TSk 84 con [GAME_CLOSE_TO]
[2026-08-24T19:28:12] [AUTO_BOSS] REJECT_ROUTE_TIMEOUT id=16592 base=0x25853d70
[2026-08-24T19:28:13] [AUTO_TRAIN] HUNTING: Liêu Vân Tộc: TSk 84 con [REJECT_ROUTE_TIMEOUT]
[2026-08-24T19:28:15] [AUTO_BOSS] selected Đấu Sĩ Ác Ma id=12734 type=3060100001180 resource=2060100001211 base=0x23a5a0a0 distance=629
[2026-08-24T19:28:17] [AUTO_BOSS] id=12734 distance=629 receiver=0x1068ce50 method=18293 stage=1
[2026-08-24T19:28:18] [AUTO_TRAIN] HUNTING: Liêu Vân Tộc: TSk 84 con [GAME_CLICK_NPC]
[2026-08-24T19:28:19] [AUTO_TRAIN] HUNTING: Liêu Vân Tộc: TSk 84 con [GAME_CLOSE_TO]
[2026-08-24T19:28:28] [AUTO_BOSS] REJECT_ROUTE_TIMEOUT id=12734 base=0x23a5a0a0
[2026-08-24T19:28:29] [AUTO_BOSS_TEAM] kiem tra key TSk: auto=AUTO_ON
[2026-08-24T19:28:29] [AUTO_TRAIN] HUNTING: Liêu Vân Tộc: TSk 84 con [REJECT_ROUTE_TIMEOUT]
[2026-08-24T19:28:32] [AUTO_BOSS] selected Đấu Sĩ Ác Ma id=16664 type=3060100001180 resource=2060100001211 base=0x1c77d850 distance=665
[2026-08-24T19:28:33] [AUTO_BOSS] id=16664 distance=665 receiver=0x287a2790 method=18293 stage=1
[2026-08-24T19:28:33] [AUTO_TRAIN] HUNTING: Liêu Vân Tộc: TSk 84 con [GAME_CLICK_NPC]
[2026-08-24T19:28:35] [AUTO_TRAIN] HUNTING: Liêu Vân Tộc: TSk 84 con [GAME_CLOSE_TO]
[2026-08-24T19:28:37] [AUTO_BOSS] battle edge false->true id=16664
[2026-08-24T19:28:38] [AUTO_TRAIN] HUNTING: Liêu Vân Tộc: TSk 84 con [IN_BATTLE]
[2026-08-24T19:28:44] [AUTO_BOSS] battle edge true->false clear=85
[2026-08-24T19:28:44] [AUTO_BOSS_TEAM] TSk ha 85 con tai Liêu Vân Tộc
[2026-08-24T19:28:44] [AUTO_TRAIN] HUNTING: Liêu Vân Tộc: TSk 85 con [IN_BATTLE]
[2026-08-24T19:28:45] [AUTO_BOSS] selected Đấu Sĩ Ác Ma id=15669 type=3060100001180 resource=2060100001211 base=0x23ea6ae0 distance=47
[2026-08-24T19:28:46] [AUTO_BOSS] id=15669 distance=47 receiver=0x35c55280 method=18293 stage=2
[2026-08-24T19:28:47] [AUTO_TRAIN] HUNTING: Liêu Vân Tộc: TSk 85 con [GAME_CLICK_NPC]
[2026-08-24T19:28:48] [AUTO_BOSS] battle edge false->true id=15669
[2026-08-24T19:28:48] [AUTO_TRAIN] HUNTING: Liêu Vân Tộc: TSk 85 con [IN_BATTLE]
[2026-08-24T19:28:53] [AUTO_BOSS] battle edge true->false clear=86
[2026-08-24T19:28:53] [AUTO_BOSS_TEAM] TSk ha 86 con tai Liêu Vân Tộc
[2026-08-24T19:28:54] [AUTO_BOSS] selected Đấu Sĩ Ác Ma id=16778 type=3060100001180 resource=2060100001211 base=0x1e3f8330 distance=50
[2026-08-24T19:28:55] [AUTO_TRAIN] HUNTING: Liêu Vân Tộc: TSk 86 con [IN_BATTLE]
[2026-08-24T19:28:55] [AUTO_BOSS] id=16778 distance=50 receiver=0xd4f45e0 method=18293 stage=2
[2026-08-24T19:28:56] [AUTO_TRAIN] HUNTING: Liêu Vân Tộc: TSk 86 con [GAME_CLICK_NPC]
[2026-08-24T19:28:57] [AUTO_BOSS] battle edge false->true id=16778
[2026-08-24T19:28:58] [AUTO_TRAIN] HUNTING: Liêu Vân Tộc: TSk 86 con [IN_BATTLE]
[2026-08-24T19:29:02] [AUTO_BOSS] battle edge true->false clear=87
[2026-08-24T19:29:02] [AUTO_BOSS_TEAM] TSk ha 87 con tai Liêu Vân Tộc
[2026-08-24T19:29:02] [AUTO_TRAIN] HUNTING: Liêu Vân Tộc: TSk 87 con [IN_BATTLE]
[2026-08-24T19:29:03] [AUTO_BOSS] selected Đấu Sĩ Ác Ma id=13270 type=3060100001180 resource=2060100001211 base=0x23ea60a0 distance=58
[2026-08-24T19:29:05] [AUTO_BOSS] id=13270 distance=58 receiver=0x287a2e50 method=18293 stage=2
[2026-08-24T19:29:05] [AUTO_TRAIN] HUNTING: Liêu Vân Tộc: TSk 87 con [GAME_CLICK_NPC]
[2026-08-24T19:29:07] [AUTO_BOSS] battle edge false->true id=13270
[2026-08-24T19:29:07] [AUTO_TRAIN] HUNTING: Liêu Vân Tộc: TSk 87 con [IN_BATTLE]
[2026-08-24T19:29:11] [AUTO_BOSS] battle edge true->false clear=88
[2026-08-24T19:29:12] [AUTO_BOSS_TEAM] TSk ha 88 con tai Liêu Vân Tộc
[2026-08-24T19:29:12] [AUTO_TRAIN] HUNTING: Liêu Vân Tộc: TSk 88 con [IN_BATTLE]
[2026-08-24T19:29:12] [AUTO_BOSS] selected Đấu Sĩ Ác Ma id=15247 type=3060100001180 resource=2060100001211 base=0x127d6ae0 distance=560
[2026-08-24T19:29:13] [AUTO_BOSS] id=15247 distance=560 receiver=0x35c550d0 method=18293 stage=1
[2026-08-24T19:29:22] [AUTO_BOSS_TEAM] kiem tra key TSk: auto=AUTO_ON
[2026-08-24T19:29:22] [AUTO_TRAIN] HUNTING: Liêu Vân Tộc: TSk 88 con [GAME_CLOSE_TO]
[2026-08-24T19:29:25] [AUTO_BOSS] REJECT_ROUTE_TIMEOUT id=15247 base=0x127d6ae0
[2026-08-24T19:29:27] [AUTO_TRAIN] HUNTING: Liêu Vân Tộc: TSk 88 con [REJECT_ROUTE_TIMEOUT]
[2026-08-24T19:29:28] [AUTO_BOSS] selected Đấu Sĩ Ác Ma id=11136 type=3060100001180 resource=2060100001211 base=0x23a5a330 distance=701
[2026-08-24T19:29:29] [AUTO_BOSS] id=11136 distance=701 receiver=0x287a2790 method=18293 stage=1
[2026-08-24T19:29:30] [AUTO_TRAIN] HUNTING: Liêu Vân Tộc: TSk 88 con [GAME_CLICK_NPC]
[2026-08-24T19:29:33] [AUTO_TRAIN] HUNTING: Liêu Vân Tộc: TSk 88 con [GAME_CLOSE_TO]
[2026-08-24T19:29:43] [AUTO_BOSS] REJECT_ROUTE_TIMEOUT id=11136 base=0x23a5a330
[2026-08-24T19:29:43] [AUTO_TRAIN] HUNTING: Liêu Vân Tộc: TSk 88 con [REJECT_ROUTE_TIMEOUT]
[2026-08-24T19:29:46] [AUTO_BOSS] selected Đấu Sĩ Ác Ma id=10665 type=3060100001180 resource=2060100001211 base=0x377610a0 distance=685
[2026-08-24T19:29:47] [AUTO_BOSS] id=10665 distance=685 receiver=0x35c55280 method=18293 stage=1
[2026-08-24T19:29:48] [AUTO_TRAIN] HUNTING: Liêu Vân Tộc: TSk 88 con [GAME_CLICK_NPC]
[2026-08-24T19:29:51] [AUTO_TRAIN] HUNTING: Liêu Vân Tộc: TSk 88 con [GAME_CLOSE_TO]
[2026-08-24T19:29:52] [AUTO_BOSS] battle edge false->true id=10665
[2026-08-24T19:29:52] [AUTO_TRAIN] HUNTING: Liêu Vân Tộc: TSk 88 con [IN_BATTLE]
[2026-08-24T19:29:58] [AUTO_BOSS] battle edge true->false clear=89
[2026-08-24T19:29:58] [AUTO_BOSS_TEAM] TSk ha 89 con tai Liêu Vân Tộc
[2026-08-24T19:29:58] [AUTO_TRAIN] HUNTING: Liêu Vân Tộc: TSk 89 con [IN_BATTLE]
[2026-08-24T19:30:00] [AUTO_BOSS] selected Đấu Sĩ Ác Ma id=16950 type=3060100001180 resource=2060100001211 base=0x377615c0 distance=1434
[2026-08-24T19:30:00] [AUTO_BOSS] id=16950 distance=1434 receiver=0x287a2e50 method=18293 stage=1
[2026-08-24T19:30:04] [AUTO_TRAIN] HUNTING: Liêu Vân Tộc: TSk 89 con [GAME_CLOSE_TO]
[2026-08-24T19:30:10] [AUTO_TRAIN] TSk Auto=AUTO_UNKNOWN (button not readable (covered, blank or ambiguous))
[2026-08-24T19:30:10] [AUTO_BOSS] battle edge false->true id=16950
[2026-08-24T19:30:10] [AUTO_TRAIN] CB Auto=AUTO_UNKNOWN (button not readable (covered, blank or ambiguous))
[2026-08-24T19:30:12] [AUTO_TRAIN] hshehe Auto=AUTO_UNKNOWN (button not readable (covered, blank or ambiguous))
[2026-08-24T19:30:13] [AUTO_TRAIN] luvy Auto=AUTO_UNKNOWN (button not readable (covered, blank or ambiguous))
[2026-08-24T19:30:13] [AUTO_BOSS_TEAM] kiem tra key TSk: auto=AUTO_UNKNOWN
[2026-08-24T19:30:13] [AUTO_TRAIN] HUNTING: Liêu Vân Tộc: TSk 89 con [IN_BATTLE]
[2026-08-24T19:30:15] [AUTO_BOSS] battle edge true->false clear=90
[2026-08-24T19:30:16] [AUTO_BOSS_TEAM] TSk ha 90 con tai Liêu Vân Tộc
[2026-08-24T19:30:16] [AUTO_TRAIN] HUNTING: Liêu Vân Tộc: TSk 90 con [IN_BATTLE]
[2026-08-24T19:30:16] [AUTO_BOSS] selected Đấu Sĩ Ác Ma id=13273 type=3060100001180 resource=2060100001211 base=0x23a5ad70 distance=749
[2026-08-24T19:30:17] [AUTO_BOSS] id=13273 distance=749 receiver=0xd4f45e0 method=18293 stage=1
[2026-08-24T19:30:17] [AUTO_TRAIN] HUNTING: Liêu Vân Tộc: TSk 90 con [GAME_CLICK_NPC]
[2026-08-24T19:30:20] [AUTO_TRAIN] HUNTING: Liêu Vân Tộc: TSk 90 con [GAME_CLOSE_TO]
[2026-08-24T19:30:31] [AUTO_BOSS] REJECT_ROUTE_TIMEOUT id=13273 base=0x23a5ad70
[2026-08-24T19:30:32] [AUTO_TRAIN] HUNTING: Liêu Vân Tộc: TSk 90 con [REJECT_ROUTE_TIMEOUT]
[2026-08-24T19:30:34] [AUTO_BOSS] selected Phát Tài id=12154 type=3060100000051 resource=2060100000051 base=0x1c77dae0 distance=622
[2026-08-24T19:30:35] [AUTO_BOSS] id=12154 distance=622 receiver=0x287a2940 method=18293 stage=1
[2026-08-24T19:30:35] [AUTO_TRAIN] HUNTING: Liêu Vân Tộc: TSk 90 con [GAME_CLICK_NPC]
[2026-08-24T19:30:38] [AUTO_TRAIN] HUNTING: Liêu Vân Tộc: TSk 90 con [GAME_CLOSE_TO]
[2026-08-24T19:30:47] [AUTO_BOSS] REJECT_ROUTE_TIMEOUT id=12154 base=0x1c77dae0
[2026-08-24T19:30:48] [AUTO_TRAIN] HUNTING: Liêu Vân Tộc: TSk 90 con [REJECT_ROUTE_TIMEOUT]
[2026-08-24T19:30:50] [AUTO_BOSS] selected Cai Ngục Ác Ma id=13117 type=3060100001180 resource=2060100001208 base=0x32271330 distance=169
[2026-08-24T19:30:51] [AUTO_BOSS] id=13117 distance=169 receiver=0x25875940 method=18293 stage=2
[2026-08-24T19:30:52] [AUTO_TRAIN] HUNTING: Liêu Vân Tộc: TSk 90 con [GAME_CLICK_NPC]
[2026-08-24T19:30:54] [AUTO_BOSS] battle edge false->true id=13117
[2026-08-24T19:30:54] [AUTO_TRAIN] HUNTING: Liêu Vân Tộc: TSk 90 con [IN_BATTLE]
[2026-08-24T19:30:59] [AUTO_BOSS] battle edge true->false clear=91
[2026-08-24T19:31:00] [AUTO_BOSS] selected Cai Ngục Ác Ma id=13634 type=3060100001180 resource=2060100001208 base=0x1c77d330 distance=346
[2026-08-24T19:31:01] [AUTO_BOSS] id=13634 distance=346 receiver=0x25875af0 method=18293 stage=1
[2026-08-24T19:31:02] [AUTO_TRAIN] luvy Auto=AUTO_UNKNOWN (button not readable (covered, blank or ambiguous))
[2026-08-24T19:31:02] [AUTO_BOSS_TEAM] kiem tra key TSk: auto=AUTO_ON
[2026-08-24T19:31:02] [AUTO_TRAIN] HUNTING: Liêu Vân Tộc: TSk 90 con [GAME_CLICK_NPC]
[2026-08-24T19:31:03] [AUTO_BOSS] battle edge false->true id=13634
[2026-08-24T19:31:04] [AUTO_BOSS_TEAM] TSk ha 91 con tai Liêu Vân Tộc
[2026-08-24T19:31:04] [AUTO_TRAIN] HUNTING: Liêu Vân Tộc: TSk 91 con [IN_BATTLE]
[2026-08-24T19:31:08] [AUTO_BOSS] battle edge true->false clear=92
[2026-08-24T19:31:08] [AUTO_BOSS_TEAM] TSk ha 92 con tai Liêu Vân Tộc
[2026-08-24T19:31:08] [AUTO_TRAIN] HUNTING: Liêu Vân Tộc: TSk 92 con [IN_BATTLE]
[2026-08-24T19:31:09] [AUTO_BOSS] selected Cai Ngục Ác Ma id=11567 type=3060100001180 resource=2060100001208 base=0x2460ad70 distance=519
[2026-08-24T19:31:11] [AUTO_BOSS] id=11567 distance=519 receiver=0x35c55790 method=18293 stage=1
[2026-08-24T19:31:13] [AUTO_BOSS] battle edge false->true id=11567
[2026-08-24T19:31:20] [AUTO_BOSS] battle edge true->false clear=93
[2026-08-24T19:31:21] [AUTO_BOSS_TEAM] TSk ha 93 con tai Liêu Vân Tộc
[2026-08-24T19:31:21] [AUTO_TRAIN] HUNTING: Liêu Vân Tộc: TSk 93 con [IN_BATTLE]
[2026-08-24T19:31:22] [AUTO_BOSS] selected Cai Ngục Ác Ma id=10409 type=3060100001180 resource=2060100001208 base=0x37761d70 distance=57
[2026-08-24T19:31:22] [AUTO_BOSS] id=10409 distance=57 receiver=0xd4f4af0 method=18293 stage=2
[2026-08-24T19:31:23] [AUTO_TRAIN] HUNTING: Liêu Vân Tộc: TSk 93 con [GAME_CLICK_NPC]
[2026-08-24T19:31:25] [AUTO_BOSS] battle edge false->true id=10409
[2026-08-24T19:31:25] [AUTO_TRAIN] HUNTING: Liêu Vân Tộc: TSk 93 con [IN_BATTLE]
[2026-08-24T19:31:30] [AUTO_BOSS] battle edge true->false clear=94
[2026-08-24T19:31:31] [AUTO_BOSS] selected Cai Ngục Ác Ma id=15837 type=3060100001180 resource=2060100001208 base=0x23ea6ae0 distance=70
[2026-08-24T19:31:31] [AUTO_BOSS_TEAM] TSk ha 94 con tai Liêu Vân Tộc
[2026-08-24T19:31:31] [AUTO_TRAIN] HUNTING: Liêu Vân Tộc: TSk 94 con [IN_BATTLE]
[2026-08-24T19:31:32] [AUTO_BOSS] id=15837 distance=70 receiver=0x25875af0 method=18293 stage=2
[2026-08-24T19:31:32] [AUTO_TRAIN] HUNTING: Liêu Vân Tộc: TSk 94 con [GAME_CLICK_NPC]
[2026-08-24T19:31:34] [AUTO_BOSS] battle edge false->true id=15837
[2026-08-24T19:31:39] [AUTO_BOSS] battle edge true->false clear=95
[2026-08-24T19:31:41] [AUTO_BOSS] selected Cai Ngục Ác Ma id=16859 type=3060100001180 resource=2060100001208 base=0x1d780ae0 distance=74
[2026-08-24T19:31:41] [AUTO_TRAIN] HUNTING: Liêu Vân Tộc: TSk 94 con [IN_BATTLE]
[2026-08-24T19:31:43] [AUTO_BOSS_TEAM] TSk ha 95 con tai Liêu Vân Tộc
[2026-08-24T19:31:43] [AUTO_TRAIN] HUNTING: Liêu Vân Tộc: TSk 95 con [IN_BATTLE]
[2026-08-24T19:31:44] [AUTO_BOSS] REJECT_CLICKNPC_TIMEOUT id=16859 base=0x1d780ae0
[2026-08-24T19:31:44] [AUTO_TRAIN] CLIENT_LOST: TSk: wedged by injection
[2026-08-24T19:31:44] [AUTO_TRAIN] RESTARTING: train khong tiep tuc duoc; dong va bat lai (lan 1)
[2026-08-24T19:31:55] [AUTO_TRAIN] CYCLE: vong 2
[2026-08-24T19:31:55] [AUTO_TRAIN] LOGIN: dang nhap song song 5 acc
[2026-08-24T19:31:55] [AUTO_START] WAIT_WINDOW attempt=1 pass=0 pid=2000 Flash launched at original size
[2026-08-24T19:31:59] [AUTO_START] WAIT_WINDOW attempt=1 pass=0 pid=2556 Flash launched at original size
[2026-08-24T19:32:00] [AUTO_START] START_CLICKED attempt=1 pass=0 pid=2000 Bắt đầu
[2026-08-24T19:32:03] [AUTO_START] WAIT_WINDOW attempt=1 pass=0 pid=17264 Flash launched at original size
[2026-08-24T19:32:04] [AUTO_START] START_CLICKED attempt=1 pass=0 pid=2556 Bắt đầu
[2026-08-24T19:32:06] [AUTO_START] RETRY_START attempt=1 pass=0 pid=2000 chua thay chon kenh, bam lai Bat dau
[2026-08-24T19:32:07] [AUTO_START] WAIT_WINDOW attempt=1 pass=0 pid=16936 Flash launched at original size
[2026-08-24T19:32:08] [AUTO_START] START_CLICKED attempt=1 pass=0 pid=17264 Bắt đầu
[2026-08-24T19:32:10] [AUTO_START] START_CLICKED attempt=1 pass=0 pid=16936 Bắt đầu
[2026-08-24T19:32:10] [AUTO_START] RETRY_START attempt=1 pass=0 pid=2556 chua thay chon kenh, bam lai Bat dau
[2026-08-24T19:32:11] [AUTO_START] WAIT_WINDOW attempt=1 pass=0 pid=6296 Flash launched at original size
[2026-08-24T19:32:15] [AUTO_START] START_CLICKED attempt=1 pass=0 pid=6296 Bắt đầu
[2026-08-24T19:32:16] [AUTO_START] RETRY_START attempt=1 pass=0 pid=17264 chua thay chon kenh, bam lai Bat dau
[2026-08-24T19:32:19] [AUTO_START] RETRY_START attempt=1 pass=0 pid=16936 chua thay chon kenh, bam lai Bat dau
[2026-08-24T19:32:19] [AUTO_START] RETRY_START attempt=1 pass=0 pid=6296 chua thay chon kenh, bam lai Bat dau
[2026-08-24T19:32:23] [AUTO_START] START_CLICKED attempt=1 pass=0 pid=16936 Bắt đầu
[2026-08-24T19:32:24] [AUTO_START] START_CLICKED attempt=1 pass=0 pid=2556 Bắt đầu
[2026-08-24T19:32:25] [AUTO_START] START_CLICKED attempt=1 pass=0 pid=17264 Bắt đầu
[2026-08-24T19:32:28] [AUTO_START] START_CLICKED attempt=1 pass=0 pid=2000 Bắt đầu
[2026-08-24T19:32:28] [AUTO_START] RETRY_START attempt=1 pass=0 pid=16936 chua thay chon kenh, bam lai Bat dau
[2026-08-24T19:32:29] [AUTO_START] RETRY_START attempt=1 pass=0 pid=2556 chua thay chon kenh, bam lai Bat dau
[2026-08-24T19:32:29] [AUTO_START] RETRY_START attempt=1 pass=0 pid=17264 chua thay chon kenh, bam lai Bat dau
[2026-08-24T19:32:32] [AUTO_START] START_CLICKED attempt=1 pass=0 pid=16936 Bắt đầu
[2026-08-24T19:32:33] [AUTO_START] CHANNEL_SELECTED attempt=1 pass=0 pid=2000 channel=(449, 308) choices=1
[2026-08-24T19:32:34] [AUTO_START] START_CLICKED attempt=1 pass=0 pid=17264 Bắt đầu
[2026-08-24T19:32:35] [AUTO_START] START_CLICKED attempt=1 pass=0 pid=2556 Bắt đầu
[2026-08-24T19:32:37] [AUTO_START] RETRY_START attempt=1 pass=0 pid=16936 chua thay chon kenh, bam lai Bat dau
[2026-08-24T19:32:39] [AUTO_START] CHANNEL_SELECTED attempt=1 pass=0 pid=17264 channel=(449, 308) choices=1
[2026-08-24T19:32:40] [AUTO_START] CHANNEL_SELECTED attempt=1 pass=0 pid=2556 channel=(449, 308) choices=1
[2026-08-24T19:32:40] [AUTO_START] ENTER_GAME_CLICKED attempt=1 pass=0 pid=2000 character_slot=1 slot_verified=True
[2026-08-24T19:32:42] [AUTO_START] START_CLICKED attempt=1 pass=0 pid=16936 Bắt đầu
[2026-08-24T19:32:42] [AUTO_START] START_CLICKED attempt=1 pass=0 pid=6296 Bắt đầu
[2026-08-24T19:32:46] [AUTO_START] ENTER_GAME_CLICKED attempt=1 pass=0 pid=17264 character_slot=1 slot_verified=True
[2026-08-24T19:32:46] [AUTO_START] ENTER_GAME_CLICKED attempt=1 pass=0 pid=2556 character_slot=1 slot_verified=True
[2026-08-24T19:32:49] [AUTO_START] MAP_READY_OPEN attempt=1 pass=0 pid=2000 Player=0x1c2930a0 Core=0xc2ae0d0 world=(402,1400)
[2026-08-24T19:32:49] [AUTO_START] CHANNEL_SELECTED attempt=1 pass=0 pid=6296 channel=(449, 308) choices=1
[2026-08-24T19:32:49] [AUTO_START] CHANNEL_SELECTED attempt=1 pass=0 pid=16936 channel=(449, 308) choices=1
[2026-08-24T19:32:55] [AUTO_START] ENTER_GAME_CLICKED attempt=1 pass=0 pid=6296 character_slot=1 slot_verified=True
[2026-08-24T19:32:55] [AUTO_START] ENTER_GAME_CLICKED attempt=1 pass=0 pid=16936 character_slot=1 slot_verified=True
[2026-08-24T19:32:56] [AUTO_START] MAP_READY_OPEN attempt=1 pass=0 pid=17264 Player=0x1b82b0a0 Core=0x163160d0 world=(402,1400)
[2026-08-24T19:32:58] [AUTO_START] MAP_READY_OPEN attempt=1 pass=0 pid=2556 Player=0x1cae40a0 Core=0x163520d0 world=(402,1400)
[2026-08-24T19:33:04] [AUTO_START] MAP_READY_OPEN attempt=1 pass=0 pid=6296 Player=0x1bd7c0a0 Core=0x163c50d0 world=(402,1400)
[2026-08-24T19:33:06] [AUTO_START] MAP_READY_OPEN attempt=1 pass=0 pid=16936 Player=0x1ce240a0 Core=0x138950d0 world=(402,1400)
[2026-08-24T19:33:08] [POPUP] đã đóng cache_notice
[2026-08-24T19:33:09] [AUTO_TRAIN] TSk đóng popup: cache_notice
[2026-08-24T19:33:12] [POPUP] đã đóng cache_notice
[2026-08-24T19:33:13] [AUTO_TRAIN] CB đóng popup: cache_notice
[2026-08-24T19:33:15] [POPUP] đã đóng cache_notice
[2026-08-24T19:33:16] [AUTO_TRAIN] pepsi đóng popup: cache_notice
[2026-08-24T19:33:19] [POPUP] đã đóng cache_notice
[2026-08-24T19:33:19] [AUTO_TRAIN] hshehe đóng popup: cache_notice
[2026-08-24T19:33:22] [POPUP] đã đóng cache_notice
[2026-08-24T19:33:23] [AUTO_TRAIN] luvy đóng popup: cache_notice
[2026-08-24T19:33:37] [AUTO_TRAIN] PARTY_FORMING: key TSk moi 4 member
[2026-08-24T19:33:57] [AUTO_TRAIN] member 2556 cid=3220 joined=False key_in_party=True (x3)
[2026-08-24T19:33:57] [AUTO_TRAIN] member 17264 cid=53 joined=True key_in_party=True (x1)
[2026-08-24T19:33:57] [AUTO_TRAIN] member 16936 cid=4159 joined=True key_in_party=True (x1)
[2026-08-24T19:33:57] [AUTO_TRAIN] member 6296 cid=12 joined=True key_in_party=True (x1)
[2026-08-24T19:33:57] [AUTO_TRAIN] PARTY_PARTIAL: 3/4 member vao nhom
[2026-08-24T19:33:59] [AUTO_TRAIN] RESTARTING: train khong tiep tuc duoc; dong va bat lai (lan 2)
[2026-08-24T19:34:09] [AUTO_TRAIN] CYCLE: vong 3
[2026-08-24T19:34:09] [AUTO_TRAIN] LOGIN: dang nhap song song 5 acc
[2026-08-24T19:34:09] [AUTO_START] WAIT_WINDOW attempt=1 pass=0 pid=3224 Flash launched at original size
[2026-08-24T19:34:13] [AUTO_START] WAIT_WINDOW attempt=1 pass=0 pid=17260 Flash launched at original size
[2026-08-24T19:34:14] [AUTO_START] START_CLICKED attempt=1 pass=0 pid=3224 Bắt đầu
[2026-08-24T19:34:15] [AUTO_START] START_CLICKED attempt=1 pass=0 pid=17260 Bắt đầu
[2026-08-24T19:34:17] [AUTO_START] WAIT_WINDOW attempt=1 pass=0 pid=13816 Flash launched at original size
[2026-08-24T19:34:20] [AUTO_START] RETRY_START attempt=1 pass=0 pid=3224 chua thay chon kenh, bam lai Bat dau
[2026-08-24T19:34:21] [AUTO_START] RETRY_START attempt=1 pass=0 pid=17260 chua thay chon kenh, bam lai Bat dau
[2026-08-24T19:34:21] [AUTO_START] WAIT_WINDOW attempt=1 pass=0 pid=16992 Flash launched at original size
[2026-08-24T19:34:24] [AUTO_START] START_CLICKED attempt=1 pass=0 pid=13816 Bắt đầu
[2026-08-24T19:34:25] [AUTO_START] START_CLICKED attempt=1 pass=0 pid=17260 Bắt đầu
[2026-08-24T19:34:25] [AUTO_START] WAIT_WINDOW attempt=1 pass=0 pid=13396 Flash launched at original size
[2026-08-24T19:34:29] [AUTO_START] START_CLICKED attempt=1 pass=0 pid=13396 Bắt đầu
[2026-08-24T19:34:32] [AUTO_START] RETRY_START attempt=1 pass=0 pid=13816 chua thay chon kenh, bam lai Bat dau
[2026-08-24T19:34:34] [AUTO_START] RETRY_START attempt=1 pass=0 pid=13396 chua thay chon kenh, bam lai Bat dau
[2026-08-24T19:34:34] [AUTO_START] RETRY_START attempt=1 pass=0 pid=17260 chua thay chon kenh, bam lai Bat dau
[2026-08-24T19:34:38] [AUTO_START] START_CLICKED attempt=1 pass=0 pid=16992 Bắt đầu
[2026-08-24T19:34:38] [AUTO_START] START_CLICKED attempt=1 pass=0 pid=17260 Bắt đầu
[2026-08-24T19:34:39] [AUTO_START] START_CLICKED attempt=1 pass=0 pid=13396 Bắt đầu
[2026-08-24T19:34:41] [AUTO_START] START_CLICKED attempt=1 pass=0 pid=13816 Bắt đầu
[2026-08-24T19:34:41] [AUTO_START] START_CLICKED attempt=1 pass=0 pid=3224 Bắt đầu
[2026-08-24T19:34:43] [AUTO_START] RETRY_START attempt=1 pass=0 pid=16992 chua thay chon kenh, bam lai Bat dau
[2026-08-24T19:34:43] [AUTO_START] RETRY_START attempt=1 pass=0 pid=13396 chua thay chon kenh, bam lai Bat dau
[2026-08-24T19:34:43] [AUTO_START] RETRY_START attempt=1 pass=0 pid=17260 chua thay chon kenh, bam lai Bat dau
[2026-08-24T19:34:46] [AUTO_START] RETRY_START attempt=1 pass=0 pid=13816 chua thay chon kenh, bam lai Bat dau
[2026-08-24T19:34:47] [AUTO_START] CHANNEL_SELECTED attempt=1 pass=0 pid=3224 channel=(449, 308) choices=1
[2026-08-24T19:34:47] [AUTO_START] START_CLICKED attempt=1 pass=0 pid=16992 Bắt đầu
[2026-08-24T19:34:48] [AUTO_START] START_CLICKED attempt=1 pass=0 pid=13396 Bắt đầu
[2026-08-24T19:34:49] [AUTO_START] START_CLICKED attempt=1 pass=0 pid=17260 Bắt đầu
[2026-08-24T19:34:51] [AUTO_START] START_CLICKED attempt=1 pass=0 pid=13816 Bắt đầu
[2026-08-24T19:34:52] [AUTO_START] RETRY_START attempt=1 pass=0 pid=16992 chua thay chon kenh, bam lai Bat dau
[2026-08-24T19:34:53] [AUTO_START] RETRY_START attempt=1 pass=0 pid=13396 chua thay chon kenh, bam lai Bat dau
[2026-08-24T19:34:54] [AUTO_START] ENTER_GAME_CLICKED attempt=1 pass=0 pid=3224 character_slot=1 slot_verified=True
[2026-08-24T19:34:54] [AUTO_START] CHANNEL_SELECTED attempt=1 pass=0 pid=17260 channel=(449, 308) choices=1
[2026-08-24T19:34:56] [AUTO_START] CHANNEL_SELECTED attempt=1 pass=0 pid=13816 channel=(449, 308) choices=1
[2026-08-24T19:34:57] [AUTO_START] START_CLICKED attempt=1 pass=0 pid=16992 Bắt đầu
[2026-08-24T19:34:58] [AUTO_START] START_CLICKED attempt=1 pass=0 pid=13396 Bắt đầu
[2026-08-24T19:35:01] [AUTO_START] ENTER_GAME_CLICKED attempt=1 pass=0 pid=17260 character_slot=1 slot_verified=True
[2026-08-24T19:35:03] [AUTO_START] MAP_READY_OPEN attempt=1 pass=0 pid=3224 Player=0x1cf730a0 Core=0xb55a0d0 world=(402,1400)
[2026-08-24T19:35:04] [AUTO_START] CHANNEL_SELECTED attempt=1 pass=0 pid=16992 channel=(449, 308) choices=1
[2026-08-24T19:35:04] [AUTO_START] CHANNEL_SELECTED attempt=1 pass=0 pid=13396 channel=(449, 308) choices=1
[2026-08-24T19:35:05] [AUTO_START] ENTER_GAME_CLICKED attempt=1 pass=0 pid=13816 character_slot=1 slot_verified=True
[2026-08-24T19:35:10] [AUTO_START] MAP_READY_OPEN attempt=1 pass=0 pid=17260 Player=0x1ca1f0a0 Core=0x13aac0d0 world=(402,1400)
[2026-08-24T19:35:11] [AUTO_START] ENTER_GAME_CLICKED attempt=1 pass=0 pid=16992 character_slot=1 slot_verified=True
[2026-08-24T19:35:12] [AUTO_START] ENTER_GAME_CLICKED attempt=1 pass=0 pid=13396 character_slot=1 slot_verified=True
[2026-08-24T19:35:14] [AUTO_START] MAP_READY_OPEN attempt=1 pass=0 pid=13816 Player=0x1c35b0a0 Core=0x15e7f0d0 world=(402,1400)
[2026-08-24T19:35:19] [AUTO_START] MAP_READY_OPEN attempt=1 pass=0 pid=16992 Player=0x1d0ca0a0 Core=0x165cd0d0 world=(402,1400)
[2026-08-24T19:35:21] [AUTO_START] MAP_READY_OPEN attempt=1 pass=0 pid=13396 Player=0x1ba4d0a0 Core=0x161210d0 world=(402,1400)
[2026-08-24T19:35:24] [POPUP] đã đóng cache_notice
[2026-08-24T19:35:25] [AUTO_TRAIN] TSk đóng popup: cache_notice
[2026-08-24T19:35:27] [POPUP] đã đóng cache_notice
[2026-08-24T19:35:28] [AUTO_TRAIN] CB đóng popup: cache_notice
[2026-08-24T19:35:31] [POPUP] đã đóng cache_notice
[2026-08-24T19:35:31] [AUTO_TRAIN] pepsi đóng popup: cache_notice
[2026-08-24T19:35:34] [POPUP] đã đóng cache_notice
[2026-08-24T19:35:35] [AUTO_TRAIN] hshehe đóng popup: cache_notice
[2026-08-24T19:35:37] [POPUP] đã đóng cache_notice
[2026-08-24T19:35:38] [AUTO_TRAIN] luvy đóng popup: cache_notice
[2026-08-24T19:35:53] [AUTO_TRAIN] PARTY_FORMING: key TSk moi 4 member
[2026-08-24T19:36:02] [AUTO_TRAIN] member 17260 cid=3220 joined=True key_in_party=True (x1)
[2026-08-24T19:36:02] [AUTO_TRAIN] member 13816 cid=53 joined=True key_in_party=True (x1)
[2026-08-24T19:36:02] [AUTO_TRAIN] member 16992 cid=4159 joined=True key_in_party=True (x1)
[2026-08-24T19:36:02] [AUTO_TRAIN] member 13396 cid=12 joined=True key_in_party=True (x1)
[2026-08-24T19:36:02] [AUTO_TRAIN] PARTY_DONE: 4/4 member vao nhom
[2026-08-24T19:36:02] [AUTO_TRAIN] TRAVEL_GROUP: TSk keo ca doi -> Liêu Vân Tộc
[2026-08-24T19:36:14] [AUTO_TRAIN] TRAVEL_GROUP_OK: ca 5 acc da o Liêu Vân Tộc
[2026-08-24T19:36:17] [AUTO_TRAIN] PARTY_FORMING: key TSk moi 4 member
[2026-08-24T19:36:17] [AUTO_TRAIN] member 17260 cid=3220 already in party
[2026-08-24T19:36:17] [AUTO_TRAIN] member 13816 cid=53 already in party
[2026-08-24T19:36:17] [AUTO_TRAIN] member 16992 cid=4159 already in party
[2026-08-24T19:36:17] [AUTO_TRAIN] member 13396 cid=12 already in party
[2026-08-24T19:36:17] [AUTO_TRAIN] member 17260 cid=3220 joined=True key_in_party=True (x0)
[2026-08-24T19:36:17] [AUTO_TRAIN] member 13816 cid=53 joined=True key_in_party=True (x0)
[2026-08-24T19:36:17] [AUTO_TRAIN] member 16992 cid=4159 joined=True key_in_party=True (x0)
[2026-08-24T19:36:17] [AUTO_TRAIN] member 13396 cid=12 joined=True key_in_party=True (x0)
[2026-08-24T19:36:17] [AUTO_TRAIN] PARTY_DONE: 4/4 member vao nhom
[2026-08-24T19:36:20] [AUTO_BOSS_TEAM] kiem tra key TSk: auto=AUTO_ON
[2026-08-24T19:36:27] [AUTO_BOSS] Start selected-monster NPCView.clickNpc runner generation=1
[2026-08-24T19:36:27] [AUTO_TRAIN] HUNTING: Liêu Vân Tộc: 3 loai boss, 1 acc san
[2026-08-24T19:36:27] [AUTO_TRAIN] HUNTING: Liêu Vân Tộc: TSk 0 con [ATTACHING]
[2026-08-24T19:36:29] [AUTO_BOSS] selected Phát Tài id=12154 type=3060100000051 resource=2060100000051 base=0x2083ed70 distance=79
[2026-08-24T19:36:30] [AUTO_BOSS] NPCView session fingerprint native=0x7c7cb8 avm=0xd8590a0 method_info=0x94c1bd8 slot322_method_id=18293
[2026-08-24T19:36:30] [AUTO_BOSS] id=12154 distance=79 receiver=0x2085f280 method=18293 stage=2
[2026-08-24T19:36:31] [AUTO_TRAIN] HUNTING: Liêu Vân Tộc: TSk 0 con [GAME_CLICK_NPC]
[2026-08-24T19:36:32] [AUTO_BOSS] battle edge false->true id=12154
[2026-08-24T19:36:33] [AUTO_TRAIN] HUNTING: Liêu Vân Tộc: TSk 0 con [IN_BATTLE]
[2026-08-24T19:36:44] [AUTO_BOSS] battle edge true->false clear=1
[2026-08-24T19:36:45] [AUTO_BOSS_TEAM] TSk ha 1 con tai Liêu Vân Tộc
[2026-08-24T19:36:45] [AUTO_TRAIN] HUNTING: Liêu Vân Tộc: TSk 1 con [IN_BATTLE]
[2026-08-24T19:36:45] [AUTO_BOSS] selected Phát Tài id=14431 type=3060100000051 resource=2060100000051 base=0x22ed80a0 distance=50
[2026-08-24T19:36:46] [AUTO_BOSS] id=14431 distance=50 receiver=0x2085f940 method=18293 stage=2
[2026-08-24T19:36:46] [AUTO_TRAIN] HUNTING: Liêu Vân Tộc: TSk 1 con [GAME_CLICK_NPC]
[2026-08-24T19:36:48] [AUTO_BOSS] battle edge false->true id=14431
[2026-08-24T19:37:00] [POPUP] đã đóng cache_notice
[2026-08-24T19:37:03] [AUTO_BOSS] battle edge true->false clear=2
[2026-08-24T19:37:06] [AUTO_BOSS] selected Phát Tài id=15177 type=3060100000051 resource=2060100000051 base=0x1c867850 distance=901
[2026-08-24T19:37:07] [POPUP] đã đóng cache_notice
[2026-08-24T19:37:07] [AUTO_BOSS] id=15177 distance=901 receiver=0x1aeddaf0 method=18293 stage=1
[2026-08-24T19:37:07] [AUTO_TRAIN] TSk đóng popup: cache_notice, cache_notice
[2026-08-24T19:37:09] [AUTO_TRAIN] HUNTING: Liêu Vân Tộc: TSk 1 con [GAME_CLOSE_TO]
[2026-08-24T19:37:11] [AUTO_BOSS_TEAM] TSk ha 2 con tai Liêu Vân Tộc
[2026-08-24T19:37:11] [AUTO_TRAIN] HUNTING: Liêu Vân Tộc: TSk 2 con [GAME_CLOSE_TO]
[2026-08-24T19:37:18] [AUTO_BOSS_TEAM] kiem tra key TSk: auto=AUTO_ON
[2026-08-24T19:37:19] [AUTO_BOSS] REJECT_ROUTE_TIMEOUT id=15177 base=0x1c867850
[2026-08-24T19:37:19] [AUTO_TRAIN] HUNTING: Liêu Vân Tộc: TSk 2 con [REJECT_ROUTE_TIMEOUT]
[2026-08-24T19:37:22] [AUTO_BOSS] selected Phát Tài id=15308 type=3060100000051 resource=2060100000051 base=0x1c867d70 distance=606
[2026-08-24T19:37:22] [AUTO_BOSS] id=15308 distance=606 receiver=0xe4e45e0 method=18293 stage=1
[2026-08-24T19:37:24] [AUTO_TRAIN] HUNTING: Liêu Vân Tộc: TSk 2 con [GAME_CLICK_NPC]
[2026-08-24T19:37:25] [AUTO_TRAIN] HUNTING: Liêu Vân Tộc: TSk 2 con [GAME_CLOSE_TO]
[2026-08-24T19:37:30] [AUTO_BOSS] REJECT_ROUTE_TIMEOUT id=15308 base=0x1c867d70
[2026-08-24T19:37:32] [AUTO_TRAIN] HUNTING: Liêu Vân Tộc: TSk 2 con [REJECT_ROUTE_TIMEOUT]
[2026-08-24T19:37:33] [AUTO_BOSS] selected Phát Tài id=15887 type=3060100000051 resource=2060100000051 base=0x1c8df0a0 distance=606
[2026-08-24T19:37:33] [AUTO_BOSS] id=15887 distance=606 receiver=0x1c8cc430 method=18293 stage=1
[2026-08-24T19:37:34] [AUTO_TRAIN] HUNTING: Liêu Vân Tộc: TSk 2 con [GAME_CLICK_NPC]
[2026-08-24T19:37:37] [AUTO_TRAIN] HUNTING: Liêu Vân Tộc: TSk 2 con [GAME_CLOSE_TO]
[2026-08-24T19:37:41] [AUTO_BOSS] REJECT_ROUTE_TIMEOUT id=15887 base=0x1c8df0a0
[2026-08-24T19:37:41] [AUTO_TRAIN] HUNTING: Liêu Vân Tộc: TSk 2 con [REJECT_ROUTE_TIMEOUT]
[2026-08-24T19:37:44] [AUTO_BOSS] selected Đấu Sĩ Ác Ma id=16592 type=3060100001180 resource=2060100001211 base=0x20a1d0a0 distance=556
[2026-08-24T19:37:45] [AUTO_BOSS] id=16592 distance=556 receiver=0x1c8cce50 method=18293 stage=1
[2026-08-24T19:37:46] [AUTO_TRAIN] HUNTING: Liêu Vân Tộc: TSk 2 con [GAME_CLICK_NPC]
[2026-08-24T19:37:47] [AUTO_TRAIN] HUNTING: Liêu Vân Tộc: TSk 2 con [GAME_CLOSE_TO]
[2026-08-24T19:37:57] [AUTO_BOSS] REJECT_ROUTE_TIMEOUT id=16592 base=0x20a1d0a0
[2026-08-24T19:37:58] [AUTO_TRAIN] HUNTING: Liêu Vân Tộc: TSk 2 con [REJECT_ROUTE_TIMEOUT]
[2026-08-24T19:38:00] [AUTO_BOSS] selected Đấu Sĩ Ác Ma id=15643 type=3060100001180 resource=2060100001211 base=0x20a1d330 distance=517
[2026-08-24T19:38:01] [AUTO_BOSS] id=15643 distance=517 receiver=0x20a270d0 method=18293 stage=1
[2026-08-24T19:38:01] [AUTO_TRAIN] HUNTING: Liêu Vân Tộc: TSk 2 con [GAME_CLICK_NPC]
[2026-08-24T19:38:09] [AUTO_BOSS_TEAM] kiem tra key TSk: auto=AUTO_ON
[2026-08-24T19:38:09] [AUTO_TRAIN] HUNTING: Liêu Vân Tộc: TSk 2 con [GAME_CLOSE_TO]
[2026-08-24T19:38:11] [AUTO_BOSS] REJECT_ROUTE_TIMEOUT id=15643 base=0x20a1d330
[2026-08-24T19:38:12] [AUTO_TRAIN] HUNTING: Liêu Vân Tộc: TSk 2 con [REJECT_ROUTE_TIMEOUT]
[2026-08-24T19:38:14] [AUTO_BOSS] selected Đấu Sĩ Ác Ma id=16949 type=3060100001180 resource=2060100001211 base=0x2083e850 distance=326
[2026-08-24T19:38:15] [AUTO_BOSS] id=16949 distance=326 receiver=0x20a27e50 method=18293 stage=1
[2026-08-24T19:38:15] [AUTO_TRAIN] HUNTING: Liêu Vân Tộc: TSk 2 con [GAME_CLICK_NPC]
[2026-08-24T19:38:19] [AUTO_TRAIN] HUNTING: Liêu Vân Tộc: TSk 2 con [GAME_CLOSE_TO]
[2026-08-24T19:38:21] [AUTO_BOSS] REJECT_ROUTE_TIMEOUT id=16949 base=0x2083e850
[2026-08-24T19:38:21] [AUTO_TRAIN] HUNTING: Liêu Vân Tộc: TSk 2 con [REJECT_ROUTE_TIMEOUT]
[2026-08-24T19:38:23] [AUTO_BOSS] selected Đấu Sĩ Ác Ma id=13273 type=3060100001180 resource=2060100001211 base=0x1c8df5c0 distance=327
[2026-08-24T19:38:24] [AUTO_BOSS] id=13273 distance=327 receiver=0x1c8cc790 method=18293 stage=1
[2026-08-24T19:38:25] [AUTO_TRAIN] HUNTING: Liêu Vân Tộc: TSk 2 con [GAME_CLICK_NPC]
[2026-08-24T19:38:27] [AUTO_TRAIN] HUNTING: Liêu Vân Tộc: TSk 2 con [GAME_CLOSE_TO]
[2026-08-24T19:38:32] [AUTO_BOSS] REJECT_ROUTE_TIMEOUT id=13273 base=0x1c8df5c0
[2026-08-24T19:38:33] [AUTO_TRAIN] HUNTING: Liêu Vân Tộc: TSk 2 con [REJECT_ROUTE_TIMEOUT]
[2026-08-24T19:38:35] [AUTO_BOSS] selected Đấu Sĩ Ác Ma id=12734 type=3060100001180 resource=2060100001211 base=0x208700a0 distance=353
[2026-08-24T19:38:36] [AUTO_BOSS] id=12734 distance=353 receiver=0x2085f430 method=18293 stage=1
[2026-08-24T19:38:36] [AUTO_TRAIN] HUNTING: Liêu Vân Tộc: TSk 2 con [GAME_CLICK_NPC]
[2026-08-24T19:38:38] [AUTO_TRAIN] HUNTING: Liêu Vân Tộc: TSk 2 con [GAME_CLOSE_TO]
[2026-08-24T19:38:43] [AUTO_BOSS] REJECT_ROUTE_TIMEOUT id=12734 base=0x208700a0
[2026-08-24T19:38:43] [AUTO_TRAIN] HUNTING: Liêu Vân Tộc: TSk 2 con [REJECT_ROUTE_TIMEOUT]
[2026-08-24T19:38:46] [AUTO_BOSS] selected Đấu Sĩ Ác Ma id=15247 type=3060100001180 resource=2060100001211 base=0x1c8a70a0 distance=354
[2026-08-24T19:38:46] [AUTO_BOSS] id=15247 distance=354 receiver=0xe4e4790 method=18293 stage=1
[2026-08-24T19:38:48] [AUTO_TRAIN] HUNTING: Liêu Vân Tộc: TSk 2 con [GAME_CLICK_NPC]
[2026-08-24T19:38:49] [AUTO_TRAIN] HUNTING: Liêu Vân Tộc: TSk 2 con [GAME_CLOSE_TO]
[2026-08-24T19:38:54] [AUTO_BOSS] REJECT_ROUTE_TIMEOUT id=15247 base=0x1c8a70a0
[2026-08-24T19:38:57] [AUTO_BOSS] selected Đấu Sĩ Ác Ma id=10779 type=3060100001180 resource=2060100001211 base=0x1c8dfae0 distance=358
[2026-08-24T19:38:58] [AUTO_BOSS] id=10779 distance=358 receiver=0x1c8ccaf0 method=18293 stage=1
[2026-08-24T19:38:59] [AUTO_BOSS_TEAM] kiem tra key TSk: auto=AUTO_ON
[2026-08-24T19:38:59] [AUTO_TRAIN] HUNTING: Liêu Vân Tộc: TSk 2 con [GAME_CLICK_NPC]
[2026-08-24T19:39:01] [AUTO_TRAIN] HUNTING: Liêu Vân Tộc: TSk 2 con [GAME_CLOSE_TO]
[2026-08-24T19:39:05] [AUTO_BOSS] REJECT_ROUTE_TIMEOUT id=10779 base=0x1c8dfae0
[2026-08-24T19:39:07] [AUTO_TRAIN] HUNTING: Liêu Vân Tộc: TSk 2 con [REJECT_ROUTE_TIMEOUT]
[2026-08-24T19:39:09] [AUTO_BOSS] selected Đấu Sĩ Ác Ma id=11136 type=3060100001180 resource=2060100001211 base=0x206ebae0 distance=871
[2026-08-24T19:39:10] [AUTO_BOSS] id=11136 distance=871 receiver=0xb55ae50 method=18293 stage=1
[2026-08-24T19:39:10] [AUTO_TRAIN] HUNTING: Liêu Vân Tộc: TSk 2 con [GAME_CLICK_NPC]
[2026-08-24T19:39:13] [AUTO_TRAIN] HUNTING: Liêu Vân Tộc: TSk 2 con [GAME_CLOSE_TO]
[2026-08-24T19:39:21] [AUTO_BOSS] REJECT_ROUTE_TIMEOUT id=11136 base=0x206ebae0
[2026-08-24T19:39:22] [AUTO_TRAIN] HUNTING: Liêu Vân Tộc: TSk 2 con [REJECT_ROUTE_TIMEOUT]
[2026-08-24T19:39:24] [AUTO_BOSS] selected Đấu Sĩ Ác Ma id=14002 type=3060100001180 resource=2060100001211 base=0x2083e330 distance=944
[2026-08-24T19:39:26] [AUTO_BOSS] id=14002 distance=944 receiver=0x20a27af0 method=18293 stage=1
[2026-08-24T19:39:27] [AUTO_TRAIN] HUNTING: Liêu Vân Tộc: TSk 2 con [GAME_CLICK_NPC]
[2026-08-24T19:39:31] [AUTO_TRAIN] HUNTING: Liêu Vân Tộc: TSk 2 con [GAME_CLOSE_TO]
[2026-08-24T19:39:31] [AUTO_BOSS] id=14002 distance=72 receiver=0x20a27af0 method=18293 stage=2
[2026-08-24T19:39:32] [AUTO_TRAIN] HUNTING: Liêu Vân Tộc: TSk 2 con [GAME_CLICK_NPC]
[2026-08-24T19:39:33] [AUTO_BOSS] battle edge false->true id=14002
[2026-08-24T19:39:34] [AUTO_TRAIN] HUNTING: Liêu Vân Tộc: TSk 2 con [IN_BATTLE]
[2026-08-24T19:39:37] [AUTO_BOSS] battle edge true->false clear=3
[2026-08-24T19:39:37] [AUTO_BOSS_TEAM] TSk ha 3 con tai Liêu Vân Tộc
[2026-08-24T19:39:37] [AUTO_TRAIN] HUNTING: Liêu Vân Tộc: TSk 3 con [IN_BATTLE]
[2026-08-24T19:39:37] [AUTO_BOSS] selected Đấu Sĩ Ác Ma id=15382 type=3060100001180 resource=2060100001211 base=0x1c8a7d70 distance=79
[2026-08-24T19:39:38] [AUTO_BOSS] id=15382 distance=79 receiver=0x1c8cc280 method=18293 stage=2
[2026-08-24T19:39:38] [AUTO_TRAIN] HUNTING: Liêu Vân Tộc: TSk 3 con [GAME_CLICK_NPC]
[2026-08-24T19:39:40] [AUTO_BOSS] battle edge false->true id=15382
[2026-08-24T19:39:41] [AUTO_TRAIN] HUNTING: Liêu Vân Tộc: TSk 3 con [IN_BATTLE]
[2026-08-24T19:39:46] [AUTO_BOSS] battle edge true->false clear=4
[2026-08-24T19:39:47] [AUTO_BOSS] selected Đấu Sĩ Ác Ma id=10890 type=3060100001180 resource=2060100001211 base=0x2339fd70 distance=1153
[2026-08-24T19:39:48] [AUTO_BOSS] id=10890 distance=1153 receiver=0x2085f940 method=18293 stage=1
[2026-08-24T19:39:50] [AUTO_BOSS_TEAM] kiem tra key TSk: auto=AUTO_ON
[2026-08-24T19:39:50] [AUTO_TRAIN] HUNTING: Liêu Vân Tộc: TSk 3 con [GAME_CLOSE_TO]
[2026-08-24T19:39:51] [AUTO_BOSS_TEAM] TSk ha 4 con tai Liêu Vân Tộc
[2026-08-24T19:39:54] [AUTO_TRAIN] HUNTING: Liêu Vân Tộc: TSk 4 con [GAME_CLOSE_TO]
[2026-08-24T19:40:01] [AUTO_BOSS] REJECT_ROUTE_TIMEOUT id=10890 base=0x2339fd70
[2026-08-24T19:40:03] [AUTO_TRAIN] HUNTING: Liêu Vân Tộc: TSk 4 con [REJECT_ROUTE_TIMEOUT]
[2026-08-24T19:40:04] [AUTO_BOSS] selected Cai Ngục Ác Ma id=16071 type=3060100001180 resource=2060100001208 base=0x1c867330 distance=287
[2026-08-24T19:40:05] [AUTO_BOSS] id=16071 distance=287 receiver=0x4ff2e50 method=18293 stage=1
[2026-08-24T19:40:06] [AUTO_TRAIN] HUNTING: Liêu Vân Tộc: TSk 4 con [GAME_CLICK_NPC]
[2026-08-24T19:40:07] [AUTO_BOSS] battle edge false->true id=16071
[2026-08-24T19:40:08] [AUTO_TRAIN] HUNTING: Liêu Vân Tộc: TSk 4 con [IN_BATTLE]
[2026-08-24T19:40:13] [AUTO_BOSS] battle edge true->false clear=5
[2026-08-24T19:40:14] [AUTO_BOSS_TEAM] TSk ha 5 con tai Liêu Vân Tộc
[2026-08-24T19:40:14] [AUTO_TRAIN] HUNTING: Liêu Vân Tộc: TSk 5 con [IN_BATTLE]
[2026-08-24T19:40:14] [AUTO_BOSS] selected Cai Ngục Ác Ma id=15280 type=3060100001180 resource=2060100001208 base=0x2339f0a0 distance=50
[2026-08-24T19:40:15] [AUTO_BOSS] id=15280 distance=50 receiver=0x1c8cc280 method=18293 stage=2
[2026-08-24T19:40:17] [AUTO_BOSS] battle edge false->true id=15280
[2026-08-24T19:40:22] [AUTO_BOSS] battle edge true->false clear=6
[2026-08-24T19:40:23] [AUTO_BOSS] selected Cai Ngục Ác Ma id=15120 type=3060100001180 resource=2060100001208 base=0x1c8a7330 distance=140
[2026-08-24T19:40:24] [AUTO_BOSS] id=15120 distance=140 receiver=0xe4e4940 method=18293 stage=2
[2026-08-24T19:40:25] [AUTO_BOSS_TEAM] TSk ha 6 con tai Liêu Vân Tộc
[2026-08-24T19:40:25] [AUTO_TRAIN] HUNTING: Liêu Vân Tộc: TSk 6 con [GAME_CLICK_NPC]
[2026-08-24T19:40:26] [AUTO_BOSS] battle edge false->true id=15120
[2026-08-24T19:40:27] [AUTO_TRAIN] HUNTING: Liêu Vân Tộc: TSk 6 con [IN_BATTLE]
[2026-08-24T19:40:32] [AUTO_BOSS] battle edge true->false clear=7
[2026-08-24T19:40:33] [AUTO_BOSS] selected Cai Ngục Ác Ma id=13829 type=3060100001180 resource=2060100001208 base=0x1c8670a0 distance=669
[2026-08-24T19:40:33] [AUTO_BOSS_TEAM] TSk ha 7 con tai Liêu Vân Tộc
[2026-08-24T19:40:33] [AUTO_TRAIN] HUNTING: Liêu Vân Tộc: TSk 7 con [IN_BATTLE]
[2026-08-24T19:40:33] [AUTO_BOSS] id=13829 distance=669 receiver=0x4f430d0 method=18293 stage=1
[2026-08-24T19:40:35] [AUTO_TRAIN] HUNTING: Liêu Vân Tộc: TSk 7 con [GAME_CLICK_NPC]
[2026-08-24T19:40:41] [AUTO_BOSS_TEAM] kiem tra key TSk: auto=AUTO_ON
[2026-08-24T19:40:41] [AUTO_BOSS] REJECT_ROUTE_TIMEOUT id=13829 base=0x1c8670a0
[2026-08-24T19:40:41] [AUTO_TRAIN] HUNTING: Liêu Vân Tộc: TSk 7 con [GAME_CLOSE_TO]
[2026-08-24T19:40:43] [AUTO_TRAIN] HUNTING: Liêu Vân Tộc: TSk 7 con [REJECT_ROUTE_TIMEOUT]
[2026-08-24T19:40:44] [AUTO_BOSS] selected Cai Ngục Ác Ma id=13865 type=3060100001180 resource=2060100001208 base=0x20a1d850 distance=786
[2026-08-24T19:40:45] [AUTO_BOSS] id=13865 distance=786 receiver=0x20a27430 method=18293 stage=1
[2026-08-24T19:40:46] [AUTO_TRAIN] HUNTING: Liêu Vân Tộc: TSk 7 con [GAME_CLICK_NPC]
[2026-08-24T19:40:47] [AUTO_TRAIN] HUNTING: Liêu Vân Tộc: TSk 7 con [GAME_CLOSE_TO]
[2026-08-24T19:40:49] [AUTO_BOSS] battle edge false->true id=13865
[2026-08-24T19:40:50] [AUTO_TRAIN] HUNTING: Liêu Vân Tộc: TSk 7 con [IN_BATTLE]
[2026-08-24T19:40:57] [AUTO_BOSS] battle edge true->false clear=8
[2026-08-24T19:40:58] [AUTO_BOSS] selected Cai Ngục Ác Ma id=11265 type=3060100001180 resource=2060100001208 base=0x1c8a75c0 distance=88
[2026-08-24T19:40:58] [AUTO_BOSS_TEAM] TSk ha 8 con tai Liêu Vân Tộc
[2026-08-24T19:40:58] [AUTO_TRAIN] HUNTING: Liêu Vân Tộc: TSk 8 con [IN_BATTLE]
[2026-08-24T19:40:59] [AUTO_BOSS] id=11265 distance=88 receiver=0xe4e4af0 method=18293 stage=2
[2026-08-24T19:41:00] [AUTO_TRAIN] HUNTING: Liêu Vân Tộc: TSk 8 con [GAME_CLICK_NPC]
[2026-08-24T19:41:01] [AUTO_BOSS] battle edge false->true id=11265
[2026-08-24T19:41:01] [AUTO_TRAIN] HUNTING: Liêu Vân Tộc: TSk 8 con [IN_BATTLE]
[2026-08-24T19:41:06] [AUTO_BOSS] battle edge true->false clear=9
[2026-08-24T19:41:07] [AUTO_BOSS_TEAM] TSk ha 9 con tai Liêu Vân Tộc
[2026-08-24T19:41:07] [AUTO_BOSS] selected Cai Ngục Ác Ma id=11367 type=3060100001180 resource=2060100001208 base=0x20a1d5c0 distance=851
[2026-08-24T19:41:08] [AUTO_BOSS] id=11367 distance=851 receiver=0x20a27280 method=18293 stage=1
[2026-08-24T19:41:09] [AUTO_TRAIN] HUNTING: Liêu Vân Tộc: TSk 9 con [GAME_CLICK_NPC]
[2026-08-24T19:41:10] [AUTO_TRAIN] HUNTING: Liêu Vân Tộc: TSk 9 con [GAME_CLOSE_TO]
[2026-08-24T19:41:16] [AUTO_BOSS] REJECT_ROUTE_TIMEOUT id=11367 base=0x20a1d5c0
[2026-08-24T19:41:16] [AUTO_TRAIN] HUNTING: Liêu Vân Tộc: TSk 9 con [REJECT_ROUTE_TIMEOUT]
[2026-08-24T19:41:19] [AUTO_BOSS] selected Cai Ngục Ác Ma id=16348 type=3060100001180 resource=2060100001208 base=0x1c8dfd70 distance=872
[2026-08-24T19:41:20] [AUTO_BOSS] id=16348 distance=872 receiver=0x1c8ccca0 method=18293 stage=1
[2026-08-24T19:41:21] [AUTO_TRAIN] HUNTING: Liêu Vân Tộc: TSk 9 con [GAME_CLICK_NPC]
[2026-08-24T19:41:23] [AUTO_TRAIN] HUNTING: Liêu Vân Tộc: TSk 9 con [GAME_CLOSE_TO]
[2026-08-24T19:41:27] [AUTO_BOSS] REJECT_ROUTE_TIMEOUT id=16348 base=0x1c8dfd70
[2026-08-24T19:41:30] [AUTO_BOSS] selected Phát Tài id=15583 type=3060100000051 resource=2060100000051 base=0x2701ed70 distance=1373
[2026-08-24T19:41:31] [AUTO_BOSS_TEAM] kiem tra key TSk: auto=AUTO_ON
[2026-08-24T19:41:31] [AUTO_TRAIN] HUNTING: Liêu Vân Tộc: TSk 9 con [REJECT_ROUTE_TIMEOUT]
[2026-08-24T19:41:31] [AUTO_BOSS] id=15583 distance=1373 receiver=0x2085f280 method=18293 stage=1
[2026-08-24T19:41:35] [AUTO_TRAIN] HUNTING: Liêu Vân Tộc: TSk 9 con [GAME_CLOSE_TO]
[2026-08-24T19:41:39] [AUTO_BOSS] id=15583 distance=96 receiver=0x2085f280 method=18293 stage=2
[2026-08-24T19:41:40] [AUTO_TRAIN] HUNTING: Liêu Vân Tộc: TSk 9 con [GAME_CLICK_NPC]
[2026-08-24T19:41:41] [AUTO_BOSS] battle edge false->true id=15583
[2026-08-24T19:41:41] [AUTO_TRAIN] HUNTING: Liêu Vân Tộc: TSk 9 con [IN_BATTLE]
[2026-08-24T19:41:51] [AUTO_BOSS] battle edge true->false clear=10
[2026-08-24T19:41:52] [AUTO_BOSS_TEAM] TSk ha 10 con tai Liêu Vân Tộc
[2026-08-24T19:41:52] [AUTO_TRAIN] HUNTING: Liêu Vân Tộc: TSk 10 con [IN_BATTLE]
[2026-08-24T19:41:52] [AUTO_BOSS] selected Phát Tài id=13140 type=3060100000051 resource=2060100000051 base=0x20dfc330 distance=458
[2026-08-24T19:41:53] [AUTO_BOSS] id=13140 distance=458 receiver=0xe4e4af0 method=18293 stage=1
[2026-08-24T19:41:53] [AUTO_TRAIN] HUNTING: Liêu Vân Tộc: TSk 10 con [GAME_CLICK_NPC]
[2026-08-24T19:41:59] [AUTO_TRAIN] HUNTING: Liêu Vân Tộc: TSk 10 con [GAME_CLOSE_TO]
[2026-08-24T19:42:04] [AUTO_BOSS] REJECT_ROUTE_TIMEOUT id=13140 base=0x20dfc330
[2026-08-24T19:42:04] [AUTO_TRAIN] HUNTING: Liêu Vân Tộc: TSk 10 con [REJECT_ROUTE_TIMEOUT]
[2026-08-24T19:42:07] [AUTO_BOSS] selected Đấu Sĩ Ác Ma id=10545 type=3060100001180 resource=2060100001211 base=0x20227d70 distance=901
[2026-08-24T19:42:08] [AUTO_BOSS] id=10545 distance=901 receiver=0x20a27af0 method=18293 stage=1
[2026-08-24T19:42:08] [AUTO_TRAIN] HUNTING: Liêu Vân Tộc: TSk 10 con [GAME_CLICK_NPC]
[2026-08-24T19:42:11] [AUTO_TRAIN] HUNTING: Liêu Vân Tộc: TSk 10 con [GAME_CLOSE_TO]
[2026-08-24T19:42:13] [AUTO_BOSS] REJECT_CLICKNPC_TIMEOUT id=10545 base=0x20227d70
[2026-08-24T19:42:14] [AUTO_TRAIN] HUNTING: Liêu Vân Tộc: TSk 10 con [REJECT_CLICKNPC_TIMEOUT]
[2026-08-24T19:42:16] [AUTO_BOSS] battle edge false->true id=10545
[2026-08-24T19:42:17] [AUTO_TRAIN] TSk Auto=AUTO_UNKNOWN (button not readable (covered, blank or ambiguous))
[2026-08-24T19:42:18] [AUTO_TRAIN] CB Auto=AUTO_UNKNOWN (button not readable (covered, blank or ambiguous))
[2026-08-24T19:42:19] [AUTO_TRAIN] pepsi Auto=AUTO_UNKNOWN (button not readable (covered, blank or ambiguous))
[2026-08-24T19:42:20] [AUTO_TRAIN] hshehe Auto=AUTO_UNKNOWN (button not readable (covered, blank or ambiguous))
[2026-08-24T19:42:20] [AUTO_BOSS] battle edge true->false clear=11
[2026-08-24T19:42:20] [AUTO_BOSS_TEAM] kiem tra key TSk: auto=AUTO_UNKNOWN
[2026-08-24T19:42:20] [AUTO_TRAIN] HUNTING: Liêu Vân Tộc: TSk 10 con [IN_BATTLE]
[2026-08-24T19:42:21] [AUTO_BOSS] selected Đấu Sĩ Ác Ma id=10499 type=3060100001180 resource=2060100001211 base=0x262980a0 distance=788
[2026-08-24T19:42:22] [AUTO_BOSS_TEAM] TSk ha 11 con tai Liêu Vân Tộc
[2026-08-24T19:42:22] [AUTO_BOSS] id=10499 distance=788 receiver=0x2085f280 method=18293 stage=1
[2026-08-24T19:42:24] [AUTO_TRAIN] HUNTING: Liêu Vân Tộc: TSk 11 con [GAME_CLICK_NPC]
[2026-08-24T19:42:26] [AUTO_TRAIN] HUNTING: Liêu Vân Tộc: TSk 11 con [GAME_CLOSE_TO]
[2026-08-24T19:42:27] [AUTO_BOSS] battle edge false->true id=10499
[2026-08-24T19:42:27] [AUTO_TRAIN] HUNTING: Liêu Vân Tộc: TSk 11 con [IN_BATTLE]
[2026-08-24T19:42:33] [AUTO_BOSS] battle edge true->false clear=12
[2026-08-24T19:42:33] [AUTO_BOSS_TEAM] TSk ha 12 con tai Liêu Vân Tộc
[2026-08-24T19:42:33] [AUTO_TRAIN] HUNTING: Liêu Vân Tộc: TSk 12 con [IN_BATTLE]
[2026-08-24T19:42:34] [AUTO_BOSS] selected Đấu Sĩ Ác Ma id=10104 type=3060100001180 resource=2060100001211 base=0x2701e5c0 distance=1374
[2026-08-24T19:42:35] [AUTO_BOSS] id=10104 distance=1374 receiver=0x20a27af0 method=18293 stage=1
[2026-08-24T19:42:35] [AUTO_TRAIN] HUNTING: Liêu Vân Tộc: TSk 12 con [GAME_CLICK_NPC]
[2026-08-24T19:42:38] [AUTO_TRAIN] HUNTING: Liêu Vân Tộc: TSk 12 con [GAME_CLOSE_TO]
[2026-08-24T19:42:42] [AUTO_BOSS] REJECT_CLICKNPC_TIMEOUT id=10104 base=0x2701e5c0
[2026-08-24T19:42:42] [AUTO_TRAIN] HUNTING: Liêu Vân Tộc: TSk 12 con [REJECT_CLICKNPC_TIMEOUT]
[2026-08-24T19:42:44] [AUTO_BOSS] battle edge false->true id=10104
[2026-08-24T19:42:49] [AUTO_BOSS] battle edge true->false clear=13
[2026-08-24T19:42:53] [AUTO_BOSS] selected Đấu Sĩ Ác Ma id=17852 type=3060100001180 resource=2060100001211 base=0x20a1d850 distance=848
[2026-08-24T19:42:53] [POPUP] đã đóng cache_notice
[2026-08-24T19:42:54] [AUTO_TRAIN] TSk đóng popup: cache_notice
[2026-08-24T19:42:55] [AUTO_BOSS] REJECT_CLICKNPC_TIMEOUT id=17852 base=0x20a1d850
[2026-08-24T19:43:04] [AUTO_BOSS] reject nDict mismatch id=15750 base=0x20dfcd70 returned=0x0
[2026-08-24T19:43:04] [POPUP] đã đóng cache_notice
[2026-08-24T19:43:05] [AUTO_TRAIN] hshehe đóng popup: cache_notice
[2026-08-24T19:43:06] [AUTO_BOSS] selected Cai Ngục Ác Ma id=17059 type=3060100001180 resource=2060100001208 base=0x2083e5c0 distance=331
[2026-08-24T19:43:07] [AUTO_BOSS] id=17059 distance=331 receiver=0x20a27ca0 method=18293 stage=1
[2026-08-24T19:43:09] [AUTO_BOSS] battle edge false->true id=17059
[2026-08-24T19:43:09] [AUTO_TRAIN] hshehe Auto=AUTO_UNKNOWN (button not readable (covered, blank or ambiguous))
[2026-08-24T19:43:10] [AUTO_TRAIN] luvy Auto=AUTO_UNKNOWN (button not readable (covered, blank or ambiguous))
[2026-08-24T19:43:10] [AUTO_BOSS_TEAM] kiem tra key TSk: auto=AUTO_ON
[2026-08-24T19:43:10] [AUTO_TRAIN] HUNTING: Liêu Vân Tộc: TSk 12 con [IN_BATTLE]
[2026-08-24T19:43:12] [AUTO_BOSS_TEAM] TSk ha 13 con tai Liêu Vân Tộc
[2026-08-24T19:43:12] [AUTO_TRAIN] HUNTING: Liêu Vân Tộc: TSk 13 con [IN_BATTLE]
[2026-08-24T19:43:15] [AUTO_BOSS_TEAM] TSk ha 14 con tai Liêu Vân Tộc
[2026-08-24T19:43:15] [AUTO_TRAIN] HUNTING: Liêu Vân Tộc: TSk 14 con [IN_BATTLE]
[2026-08-24T19:43:16] [AUTO_BOSS] selected Cai Ngục Ác Ma id=16859 type=3060100001180 resource=2060100001208 base=0x20a1dd70 distance=197
[2026-08-24T19:43:17] [AUTO_BOSS] id=16859 distance=197 receiver=0x20a27790 method=18293 stage=2
[2026-08-24T19:43:18] [AUTO_TRAIN] HUNTING: Liêu Vân Tộc: TSk 14 con [GAME_CLICK_NPC]
[2026-08-24T19:43:19] [AUTO_BOSS] battle edge false->true id=16859
[2026-08-24T19:43:20] [AUTO_TRAIN] HUNTING: Liêu Vân Tộc: TSk 14 con [IN_BATTLE]
[2026-08-24T19:43:25] [AUTO_BOSS] battle edge true->false clear=15
[2026-08-24T19:43:26] [AUTO_BOSS_TEAM] TSk ha 15 con tai Liêu Vân Tộc
[2026-08-24T19:43:26] [AUTO_TRAIN] HUNTING: Liêu Vân Tộc: TSk 15 con [IN_BATTLE]
[2026-08-24T19:43:26] [AUTO_BOSS] selected Cai Ngục Ác Ma id=14193 type=3060100001180 resource=2060100001208 base=0x2083e0a0 distance=199
[2026-08-24T19:43:27] [AUTO_BOSS] id=14193 distance=199 receiver=0x20a27940 method=18293 stage=2
[2026-08-24T19:43:30] [AUTO_BOSS] battle edge false->true id=14193
[2026-08-24T19:43:36] [AUTO_BOSS] battle edge true->false clear=16
[2026-08-24T19:43:37] [POPUP] đã đóng cache_notice
[2026-08-24T19:43:38] [AUTO_BOSS] selected Cai Ngục Ác Ma id=17258 type=3060100001180 resource=2060100001208 base=0x26313d70 distance=511
[2026-08-24T19:43:38] [AUTO_TRAIN] hshehe đóng popup: cache_notice
[2026-08-24T19:43:39] [AUTO_BOSS] id=17258 distance=511 receiver=0x4ff2e50 method=18293 stage=1
[2026-08-24T19:43:40] [AUTO_BOSS_TEAM] TSk ha 16 con tai Liêu Vân Tộc
[2026-08-24T19:43:40] [AUTO_TRAIN] HUNTING: Liêu Vân Tộc: TSk 16 con [GAME_CLICK_NPC]
[2026-08-24T19:43:42] [AUTO_BOSS] REJECT_CLICKNPC_TIMEOUT id=17258 base=0x26313d70
[2026-08-24T19:43:43] [AUTO_TRAIN] HUNTING: Liêu Vân Tộc: TSk 16 con [REJECT_CLICKNPC_TIMEOUT]
[2026-08-24T19:43:44] [AUTO_BOSS] battle edge false->true id=17258
[2026-08-24T19:43:45] [AUTO_TRAIN] HUNTING: Liêu Vân Tộc: TSk 16 con [IN_BATTLE]
[2026-08-24T19:43:48] [AUTO_BOSS] battle edge true->false clear=17
[2026-08-24T19:43:49] [AUTO_BOSS_TEAM] TSk ha 17 con tai Liêu Vân Tộc
[2026-08-24T19:43:49] [AUTO_TRAIN] HUNTING: Liêu Vân Tộc: TSk 17 con [IN_BATTLE]
[2026-08-24T19:43:49] [AUTO_BOSS] selected Cai Ngục Ác Ma id=15321 type=3060100001180 resource=2060100001208 base=0x2701e0a0 distance=358
[2026-08-24T19:43:50] [AUTO_BOSS] id=15321 distance=358 receiver=0xe4e4940 method=18293 stage=1
[2026-08-24T19:43:51] [AUTO_TRAIN] HUNTING: Liêu Vân Tộc: TSk 17 con [GAME_CLICK_NPC]
[2026-08-24T19:43:52] [AUTO_TRAIN] HUNTING: Liêu Vân Tộc: TSk 17 con [GAME_CLOSE_TO]
[2026-08-24T19:43:56] [AUTO_BOSS] REJECT_ROUTE_TIMEOUT id=15321 base=0x2701e0a0
[2026-08-24T19:43:59] [AUTO_BOSS] selected Cai Ngục Ác Ma id=16141 type=3060100001180 resource=2060100001208 base=0x1c867330 distance=367
[2026-08-24T19:43:59] [AUTO_BOSS_TEAM] kiem tra key TSk: auto=AUTO_ON
[2026-08-24T19:43:59] [AUTO_TRAIN] HUNTING: Liêu Vân Tộc: TSk 17 con [REJECT_ROUTE_TIMEOUT]
[2026-08-24T19:44:00] [AUTO_BOSS] id=16141 distance=367 receiver=0x20a27790 method=18293 stage=1
[2026-08-24T19:44:04] [AUTO_TRAIN] HUNTING: Liêu Vân Tộc: TSk 17 con [GAME_CLOSE_TO]
[2026-08-24T19:44:08] [AUTO_BOSS] REJECT_ROUTE_TIMEOUT id=16141 base=0x1c867330
[2026-08-24T19:44:10] [AUTO_TRAIN] HUNTING: Liêu Vân Tộc: TSk 17 con [REJECT_ROUTE_TIMEOUT]
[2026-08-24T19:44:11] [AUTO_BOSS] selected Cai Ngục Ác Ma id=16262 type=3060100001180 resource=2060100001208 base=0x26298ae0 distance=376
[2026-08-24T19:44:12] [AUTO_BOSS] id=16262 distance=376 receiver=0x20a27af0 method=18293 stage=1
[2026-08-24T19:44:13] [AUTO_TRAIN] HUNTING: Liêu Vân Tộc: TSk 17 con [GAME_CLICK_NPC]
[2026-08-24T19:44:14] [AUTO_BOSS] battle edge false->true id=16262
[2026-08-24T19:44:14] [AUTO_TRAIN] HUNTING: Liêu Vân Tộc: TSk 17 con [IN_BATTLE]
[2026-08-24T19:44:20] [AUTO_BOSS] battle edge true->false clear=18
[2026-08-24T19:44:20] [AUTO_BOSS_TEAM] TSk ha 18 con tai Liêu Vân Tộc
[2026-08-24T19:44:20] [AUTO_TRAIN] HUNTING: Liêu Vân Tộc: TSk 18 con [IN_BATTLE]
[2026-08-24T19:44:21] [AUTO_BOSS] selected Cai Ngục Ác Ma id=10904 type=3060100001180 resource=2060100001208 base=0x20dfc0a0 distance=514
[2026-08-24T19:44:22] [AUTO_BOSS] id=10904 distance=514 receiver=0x4ff2e50 method=18293 stage=1
[2026-08-24T19:44:24] [AUTO_TRAIN] HUNTING: Liêu Vân Tộc: TSk 18 con [GAME_CLICK_NPC]
[2026-08-24T19:44:28] [AUTO_TRAIN] HUNTING: Liêu Vân Tộc: TSk 18 con [GAME_CLOSE_TO]
[2026-08-24T19:44:33] [AUTO_BOSS] REJECT_ROUTE_TIMEOUT id=10904 base=0x20dfc0a0
[2026-08-24T19:44:34] [AUTO_TRAIN] HUNTING: Liêu Vân Tộc: TSk 18 con [REJECT_ROUTE_TIMEOUT]
[2026-08-24T19:44:35] [AUTO_BOSS] selected Cai Ngục Ác Ma id=17101 type=3060100001180 resource=2060100001208 base=0x26298850 distance=729
[2026-08-24T19:44:36] [AUTO_BOSS] id=17101 distance=729 receiver=0x1c8cc280 method=18293 stage=1
[2026-08-24T19:44:37] [AUTO_TRAIN] HUNTING: Liêu Vân Tộc: TSk 18 con [GAME_CLICK_NPC]
[2026-08-24T19:44:39] [AUTO_TRAIN] HUNTING: Liêu Vân Tộc: TSk 18 con [GAME_CLOSE_TO]
[2026-08-24T19:44:40] [AUTO_BOSS] battle edge false->true id=17101
[2026-08-24T19:44:40] [AUTO_TRAIN] HUNTING: Liêu Vân Tộc: TSk 18 con [IN_BATTLE]
[2026-08-24T19:44:46] [AUTO_TRAIN] TSk Auto=AUTO_UNKNOWN (button not readable (covered, blank or ambiguous))
[2026-08-24T19:44:47] [AUTO_BOSS] battle edge true->false clear=19
[2026-08-24T19:44:47] [AUTO_TRAIN] CB Auto=AUTO_UNKNOWN (button not readable (covered, blank or ambiguous))
[2026-08-24T19:44:48] [AUTO_BOSS] selected Cai Ngục Ác Ma id=10760 type=3060100001180 resource=2060100001208 base=0xf2320a0 distance=57
[2026-08-24T19:44:49] [AUTO_BOSS_TEAM] kiem tra key TSk: auto=AUTO_UNKNOWN
[2026-08-24T19:44:49] [AUTO_BOSS] id=10760 distance=57 receiver=0x20a27ca0 method=18293 stage=2
[2026-08-24T19:44:50] [AUTO_BOSS_TEAM] TSk ha 19 con tai Liêu Vân Tộc
[2026-08-24T19:44:51] [AUTO_BOSS] battle edge false->true id=10760
[2026-08-24T19:44:56] [AUTO_BOSS] battle edge true->false clear=20
[2026-08-24T19:44:59] [AUTO_BOSS] selected Cai Ngục Ác Ma id=12921 type=3060100001180 resource=2060100001208 base=0x262980a0 distance=140
[2026-08-24T19:44:59] [AUTO_TRAIN] HUNTING: Liêu Vân Tộc: TSk 19 con [IN_BATTLE]
[2026-08-24T19:45:00] [AUTO_BOSS] id=12921 distance=140 receiver=0x20a27940 method=18293 stage=2
[2026-08-24T19:45:01] [AUTO_BOSS_TEAM] TSk ha 20 con tai Liêu Vân Tộc
[2026-08-24T19:45:01] [AUTO_TRAIN] HUNTING: Liêu Vân Tộc: TSk 20 con [GAME_CLICK_NPC]
[2026-08-24T19:45:02] [AUTO_BOSS] battle edge false->true id=12921
[2026-08-24T19:45:02] [AUTO_TRAIN] HUNTING: Liêu Vân Tộc: TSk 20 con [IN_BATTLE]
[2026-08-24T19:45:08] [AUTO_BOSS] battle edge true->false clear=21
[2026-08-24T19:45:08] [AUTO_BOSS_TEAM] TSk ha 21 con tai Liêu Vân Tộc
[2026-08-24T19:45:08] [AUTO_TRAIN] HUNTING: Liêu Vân Tộc: TSk 21 con [IN_BATTLE]
[2026-08-24T19:45:09] [AUTO_BOSS] selected Cai Ngục Ác Ma id=11021 type=3060100001180 resource=2060100001208 base=0x1c8a7d70 distance=472
[2026-08-24T19:45:10] [AUTO_BOSS] id=11021 distance=472 receiver=0x20a27ca0 method=18293 stage=1
[2026-08-24T19:45:11] [AUTO_TRAIN] HUNTING: Liêu Vân Tộc: TSk 21 con [GAME_CLICK_NPC]
[2026-08-24T19:45:13] [AUTO_TRAIN] HUNTING: Liêu Vân Tộc: TSk 21 con [GAME_CLOSE_TO]
[2026-08-24T19:45:18] [AUTO_BOSS] REJECT_ROUTE_TIMEOUT id=11021 base=0x1c8a7d70
[2026-08-24T19:45:19] [AUTO_TRAIN] HUNTING: Liêu Vân Tộc: TSk 21 con [REJECT_ROUTE_TIMEOUT]
[2026-08-24T19:45:21] [AUTO_BOSS] selected Cai Ngục Ác Ma id=16829 type=3060100001180 resource=2060100001208 base=0x26298330 distance=664
[2026-08-24T19:45:22] [AUTO_BOSS] id=16829 distance=664 receiver=0x1c8cc280 method=18293 stage=1
[2026-08-24T19:45:22] [AUTO_TRAIN] HUNTING: Liêu Vân Tộc: TSk 21 con [GAME_CLICK_NPC]
[2026-08-24T19:45:25] [AUTO_BOSS] id=16829 distance=237 receiver=0x1c8cc280 method=18293 stage=2
[2026-08-24T19:45:27] [AUTO_BOSS] battle edge false->true id=16829
[2026-08-24T19:45:28] [AUTO_TRAIN] HUNTING: Liêu Vân Tộc: TSk 21 con [IN_BATTLE]
[2026-08-24T19:45:33] [AUTO_BOSS] battle edge true->false clear=22
[2026-08-24T19:45:33] [AUTO_BOSS_TEAM] TSk ha 22 con tai Liêu Vân Tộc
[2026-08-24T19:45:33] [AUTO_TRAIN] HUNTING: Liêu Vân Tộc: TSk 22 con [IN_BATTLE]
[2026-08-24T19:45:34] [AUTO_BOSS] selected Cai Ngục Ác Ma id=13919 type=3060100001180 resource=2060100001208 base=0x26298d70 distance=381
[2026-08-24T19:45:35] [AUTO_BOSS] id=13919 distance=381 receiver=0x20a27430 method=18293 stage=1
[2026-08-24T19:45:37] [AUTO_BOSS] battle edge false->true id=13919
[2026-08-24T19:45:43] [AUTO_BOSS] battle edge true->false clear=23
[2026-08-24T19:45:44] [AUTO_BOSS] selected Cai Ngục Ác Ma id=16124 type=3060100001180 resource=2060100001208 base=0x1c8a75c0 distance=52
[2026-08-24T19:45:44] [AUTO_BOSS_TEAM] kiem tra key TSk: auto=AUTO_ON
[2026-08-24T19:45:45] [AUTO_BOSS] id=16124 distance=52 receiver=0x1c8cc280 method=18293 stage=2
[2026-08-24T19:45:46] [AUTO_BOSS_TEAM] TSk ha 23 con tai Liêu Vân Tộc
[2026-08-24T19:45:47] [AUTO_BOSS] battle edge false->true id=16124
[2026-08-24T19:45:56] [AUTO_BOSS] battle edge true->false clear=24
[2026-08-24T19:45:57] [POPUP] đã đóng cache_notice
[2026-08-24T19:45:57] [AUTO_BOSS] selected Cai Ngục Ác Ma id=13954 type=3060100001180 resource=2060100001208 base=0xf232330 distance=546
[2026-08-24T19:45:58] [AUTO_TRAIN] hshehe đóng popup: cache_notice
[2026-08-24T19:45:58] [AUTO_TRAIN] HUNTING: Liêu Vân Tộc: TSk 23 con [IN_BATTLE]
[2026-08-24T19:45:58] [AUTO_BOSS] id=13954 distance=546 receiver=0x20a27430 method=18293 stage=1
[2026-08-24T19:46:00] [AUTO_BOSS_TEAM] TSk ha 24 con tai Liêu Vân Tộc
[2026-08-24T19:46:00] [AUTO_TRAIN] HUNTING: Liêu Vân Tộc: TSk 24 con [GAME_CLICK_NPC]
[2026-08-24T19:46:01] [AUTO_BOSS] id=13954 distance=225 receiver=0x20a27430 method=18293 stage=2
[2026-08-24T19:46:03] [AUTO_BOSS] battle edge false->true id=13954
[2026-08-24T19:46:04] [AUTO_TRAIN] HUNTING: Liêu Vân Tộc: TSk 24 con [IN_BATTLE]
[2026-08-24T19:46:10] [AUTO_BOSS] battle edge true->false clear=25
[2026-08-24T19:46:10] [AUTO_BOSS] selected Cai Ngục Ác Ma id=16020 type=3060100001180 resource=2060100001208 base=0x1c8a7330 distance=627
[2026-08-24T19:46:11] [AUTO_BOSS_TEAM] TSk ha 25 con tai Liêu Vân Tộc
[2026-08-24T19:46:11] [AUTO_TRAIN] HUNTING: Liêu Vân Tộc: TSk 25 con [IN_BATTLE]
[2026-08-24T19:46:11] [AUTO_BOSS] id=16020 distance=627 receiver=0x20a27940 method=18293 stage=1
[2026-08-24T19:46:12] [AUTO_TRAIN] HUNTING: Liêu Vân Tộc: TSk 25 con [GAME_CLICK_NPC]
[2026-08-24T19:46:14] [AUTO_TRAIN] HUNTING: Liêu Vân Tộc: TSk 25 con [GAME_CLOSE_TO]
[2026-08-24T19:46:15] [AUTO_BOSS] battle edge false->true id=16020
[2026-08-24T19:46:15] [AUTO_TRAIN] HUNTING: Liêu Vân Tộc: TSk 25 con [IN_BATTLE]
[2026-08-24T19:46:22] [AUTO_BOSS] battle edge true->false clear=26
[2026-08-24T19:46:28] [AUTO_TRAIN] HUNTING: Liêu Vân Tộc: TSk 25 con [WAIT_SPAWN]
[2026-08-24T19:46:30] [AUTO_BOSS_TEAM] TSk ha 26 con tai Liêu Vân Tộc
[2026-08-24T19:46:34] [AUTO_BOSS_TEAM] kiem tra key TSk: auto=AUTO_ON
[2026-08-24T19:46:34] [AUTO_TRAIN] HUNTING: Liêu Vân Tộc: TSk 26 con [WAIT_SPAWN]
[2026-08-24T19:46:35] [AUTO_BOSS] selected Cai Ngục Ác Ma id=15600 type=3060100001180 resource=2060100001208 base=0x22381ae0 distance=449
[2026-08-24T19:46:35] [AUTO_BOSS] id=15600 distance=449 receiver=0x20a27430 method=18293 stage=1
[2026-08-24T19:46:36] [AUTO_TRAIN] HUNTING: Liêu Vân Tộc: TSk 26 con [GAME_CLICK_NPC]
[2026-08-24T19:46:39] [AUTO_TRAIN] HUNTING: Liêu Vân Tộc: TSk 26 con [GAME_CLOSE_TO]
[2026-08-24T19:46:46] [AUTO_BOSS] REJECT_ROUTE_TIMEOUT id=15600 base=0x22381ae0
[2026-08-24T19:46:46] [AUTO_TRAIN] HUNTING: Liêu Vân Tộc: TSk 26 con [REJECT_ROUTE_TIMEOUT]
[2026-08-24T19:46:48] [AUTO_BOSS] selected Cai Ngục Ác Ma id=14675 type=3060100001180 resource=2060100001208 base=0x223810a0 distance=619
[2026-08-24T19:46:49] [AUTO_BOSS] id=14675 distance=619 receiver=0x1c8cc280 method=18293 stage=1
[2026-08-24T19:46:52] [AUTO_TRAIN] HUNTING: Liêu Vân Tộc: TSk 26 con [GAME_CLICK_NPC]
[2026-08-24T19:46:53] [AUTO_BOSS] REJECT_CLICKNPC_TIMEOUT id=14675 base=0x223810a0
[2026-08-24T19:46:53] [AUTO_TRAIN] HUNTING: Liêu Vân Tộc: TSk 26 con [REJECT_CLICKNPC_TIMEOUT]
[2026-08-24T19:46:55] [AUTO_BOSS] battle edge false->true id=14675
[2026-08-24T19:46:55] [AUTO_TRAIN] HUNTING: Liêu Vân Tộc: TSk 26 con [IN_BATTLE]
[2026-08-24T19:46:59] [AUTO_BOSS] battle edge true->false clear=27
[2026-08-24T19:46:59] [AUTO_BOSS_TEAM] TSk ha 27 con tai Liêu Vân Tộc
[2026-08-24T19:46:59] [AUTO_TRAIN] HUNTING: Liêu Vân Tộc: TSk 27 con [IN_BATTLE]
[2026-08-24T19:47:00] [AUTO_BOSS] selected Cai Ngục Ác Ma id=15871 type=3060100001180 resource=2060100001208 base=0x1c7ae0a0 distance=458
[2026-08-24T19:47:01] [AUTO_BOSS] id=15871 distance=458 receiver=0x20a27940 method=18293 stage=1
[2026-08-24T19:47:02] [AUTO_TRAIN] HUNTING: Liêu Vân Tộc: TSk 27 con [GAME_CLICK_NPC]
[2026-08-24T19:47:04] [AUTO_TRAIN] HUNTING: Liêu Vân Tộc: TSk 27 con [GAME_CLOSE_TO]
[2026-08-24T19:47:12] [AUTO_BOSS] REJECT_ROUTE_TIMEOUT id=15871 base=0x1c7ae0a0
[2026-08-24T19:47:15] [AUTO_BOSS] selected Cai Ngục Ác Ma id=14618 type=3060100001180 resource=2060100001208 base=0x22381d70 distance=1619
[2026-08-24T19:47:15] [AUTO_TRAIN] HUNTING: Liêu Vân Tộc: TSk 27 con [REJECT_ROUTE_TIMEOUT]
[2026-08-24T19:47:15] [AUTO_BOSS] id=14618 distance=1619 receiver=0x20a27af0 method=18293 stage=1
[2026-08-24T19:47:16] [AUTO_TRAIN] HUNTING: Liêu Vân Tộc: TSk 27 con [GAME_CLICK_NPC]
[2026-08-24T19:47:18] [AUTO_TRAIN] HUNTING: Liêu Vân Tộc: TSk 27 con [GAME_CLOSE_TO]
[2026-08-24T19:47:24] [AUTO_BOSS_TEAM] kiem tra key TSk: auto=AUTO_ON
[2026-08-24T19:47:25] [AUTO_BOSS] REJECT_CLICKNPC_TIMEOUT id=14618 base=0x22381d70
[2026-08-24T19:47:26] [AUTO_TRAIN] HUNTING: Liêu Vân Tộc: TSk 27 con [REJECT_CLICKNPC_TIMEOUT]
[2026-08-24T19:47:27] [AUTO_BOSS] battle edge false->true id=14618
[2026-08-24T19:47:29] [AUTO_TRAIN] HUNTING: Liêu Vân Tộc: TSk 27 con [IN_BATTLE]
[2026-08-24T19:47:31] [AUTO_BOSS] battle edge true->false clear=28
[2026-08-24T19:47:32] [AUTO_BOSS_TEAM] TSk ha 28 con tai Liêu Vân Tộc
[2026-08-24T19:47:32] [AUTO_TRAIN] HUNTING: Liêu Vân Tộc: TSk 28 con [IN_BATTLE]
[2026-08-24T19:47:32] [AUTO_BOSS] selected Phát Tài id=15308 type=3060100000051 resource=2060100000051 base=0x1c867d70 distance=855
[2026-08-24T19:47:33] [AUTO_BOSS] id=15308 distance=855 receiver=0xe4e45e0 method=18293 stage=1
[2026-08-24T19:47:33] [AUTO_TRAIN] HUNTING: Liêu Vân Tộc: TSk 28 con [GAME_CLICK_NPC]
[2026-08-24T19:47:37] [AUTO_TRAIN] HUNTING: Liêu Vân Tộc: TSk 28 con [GAME_CLOSE_TO]
[2026-08-24T19:47:41] [AUTO_BOSS] REJECT_ROUTE_TIMEOUT id=15308 base=0x1c867d70
[2026-08-24T19:47:42] [AUTO_TRAIN] HUNTING: Liêu Vân Tộc: TSk 28 con [REJECT_ROUTE_TIMEOUT]
[2026-08-24T19:47:44] [AUTO_BOSS] selected Phát Tài id=15887 type=3060100000051 resource=2060100000051 base=0x1c8df0a0 distance=855
[2026-08-24T19:47:45] [AUTO_BOSS] id=15887 distance=855 receiver=0x1c8cc430 method=18293 stage=1
[2026-08-24T19:47:45] [AUTO_TRAIN] HUNTING: Liêu Vân Tộc: TSk 28 con [GAME_CLICK_NPC]
[2026-08-24T19:47:47] [AUTO_TRAIN] HUNTING: Liêu Vân Tộc: TSk 28 con [GAME_CLOSE_TO]
[2026-08-24T19:47:53] [AUTO_BOSS] REJECT_ROUTE_TIMEOUT id=15887 base=0x1c8df0a0
[2026-08-24T19:47:55] [AUTO_TRAIN] HUNTING: Liêu Vân Tộc: TSk 28 con [REJECT_ROUTE_TIMEOUT]
[2026-08-24T19:47:56] [AUTO_BOSS] selected Phát Tài id=15177 type=3060100000051 resource=2060100000051 base=0x1c867850 distance=864
[2026-08-24T19:47:57] [AUTO_BOSS] id=15177 distance=864 receiver=0x1aeddaf0 method=18293 stage=1
[2026-08-24T19:48:00] [AUTO_TRAIN] HUNTING: Liêu Vân Tộc: TSk 28 con [GAME_CLOSE_TO]
[2026-08-24T19:48:05] [AUTO_BOSS] REJECT_ROUTE_TIMEOUT id=15177 base=0x1c867850
[2026-08-24T19:48:05] [AUTO_TRAIN] HUNTING: Liêu Vân Tộc: TSk 28 con [REJECT_ROUTE_TIMEOUT]
[2026-08-24T19:48:08] [AUTO_BOSS] selected Đấu Sĩ Ác Ma id=16592 type=3060100001180 resource=2060100001211 base=0x20a1d0a0 distance=897
[2026-08-24T19:48:09] [AUTO_BOSS] REJECT_CLICKNPC_TIMEOUT id=16592 base=0x20a1d0a0
[2026-08-24T19:48:13] [AUTO_BOSS] selected Đấu Sĩ Ác Ma id=15643 type=3060100001180 resource=2060100001211 base=0x20a1d330 distance=868
[2026-08-24T19:48:13] [AUTO_BOSS_TEAM] kiem tra key TSk: auto=AUTO_ON
[2026-08-24T19:48:13] [AUTO_TRAIN] HUNTING: Liêu Vân Tộc: TSk 28 con [REJECT_CLICKNPC_TIMEOUT]
[2026-08-24T19:48:14] [AUTO_BOSS] id=15643 distance=868 receiver=0x20a270d0 method=18293 stage=1
[2026-08-24T19:48:15] [AUTO_TRAIN] HUNTING: Liêu Vân Tộc: TSk 28 con [GAME_CLICK_NPC]
[2026-08-24T19:48:17] [AUTO_TRAIN] HUNTING: Liêu Vân Tộc: TSk 28 con [GAME_CLOSE_TO]
[2026-08-24T19:48:20] [AUTO_BOSS] REJECT_ROUTE_TIMEOUT id=15643 base=0x20a1d330
[2026-08-24T19:48:23] [AUTO_TRAIN] HUNTING: Liêu Vân Tộc: TSk 28 con [REJECT_ROUTE_TIMEOUT]
[2026-08-24T19:48:23] [AUTO_BOSS] selected Đấu Sĩ Ác Ma id=16949 type=3060100001180 resource=2060100001211 base=0x2083e850 distance=866
[2026-08-24T19:48:24] [AUTO_BOSS] id=16949 distance=866 receiver=0x20a27e50 method=18293 stage=1
[2026-08-24T19:48:24] [AUTO_TRAIN] HUNTING: Liêu Vân Tộc: TSk 28 con [GAME_CLICK_NPC]
[2026-08-24T19:48:28] [AUTO_TRAIN] HUNTING: Liêu Vân Tộc: TSk 28 con [GAME_CLOSE_TO]
[2026-08-24T19:48:30] [AUTO_BOSS] REJECT_ROUTE_TIMEOUT id=16949 base=0x2083e850
[2026-08-24T19:48:31] [AUTO_TRAIN] HUNTING: Liêu Vân Tộc: TSk 28 con [REJECT_ROUTE_TIMEOUT]
[2026-08-24T19:48:33] [AUTO_BOSS] selected Đấu Sĩ Ác Ma id=13273 type=3060100001180 resource=2060100001211 base=0x1c8df5c0 distance=846
[2026-08-24T19:48:34] [AUTO_BOSS] id=13273 distance=846 receiver=0x1c8cc790 method=18293 stage=1
[2026-08-24T19:48:35] [AUTO_TRAIN] HUNTING: Liêu Vân Tộc: TSk 28 con [GAME_CLICK_NPC]
[2026-08-24T19:48:37] [AUTO_TRAIN] HUNTING: Liêu Vân Tộc: TSk 28 con [GAME_CLOSE_TO]
[2026-08-24T19:48:42] [AUTO_BOSS] REJECT_ROUTE_TIMEOUT id=13273 base=0x1c8df5c0
[2026-08-24T19:48:43] [AUTO_TRAIN] HUNTING: Liêu Vân Tộc: TSk 28 con [REJECT_ROUTE_TIMEOUT]
[2026-08-24T19:48:45] [AUTO_BOSS] selected Đấu Sĩ Ác Ma id=12734 type=3060100001180 resource=2060100001211 base=0x208700a0 distance=1009
[2026-08-24T19:48:46] [AUTO_BOSS] id=12734 distance=1009 receiver=0x2085f430 method=18293 stage=1
[2026-08-24T19:48:47] [AUTO_TRAIN] HUNTING: Liêu Vân Tộc: TSk 28 con [GAME_CLICK_NPC]
[2026-08-24T19:48:49] [AUTO_TRAIN] HUNTING: Liêu Vân Tộc: TSk 28 con [GAME_CLOSE_TO]
[2026-08-24T19:48:52] [AUTO_BOSS] REJECT_ROUTE_TIMEOUT id=12734 base=0x208700a0
[2026-08-24T19:48:54] [AUTO_TRAIN] HUNTING: Liêu Vân Tộc: TSk 28 con [REJECT_ROUTE_TIMEOUT]
[2026-08-24T19:48:55] [AUTO_BOSS] selected Đấu Sĩ Ác Ma id=15247 type=3060100001180 resource=2060100001211 base=0x1c8a70a0 distance=998
[2026-08-24T19:48:56] [AUTO_BOSS] id=15247 distance=998 receiver=0xe4e4790 method=18293 stage=1
[2026-08-24T19:48:57] [AUTO_TRAIN] HUNTING: Liêu Vân Tộc: TSk 28 con [GAME_CLICK_NPC]
[2026-08-24T19:48:58] [AUTO_TRAIN] HUNTING: Liêu Vân Tộc: TSk 28 con [GAME_CLOSE_TO]
[2026-08-24T19:49:04] [AUTO_BOSS] REJECT_ROUTE_TIMEOUT id=15247 base=0x1c8a70a0
[2026-08-24T19:49:05] [AUTO_BOSS_TEAM] kiem tra key TSk: auto=AUTO_ON
[2026-08-24T19:49:05] [AUTO_TRAIN] HUNTING: Liêu Vân Tộc: TSk 28 con [REJECT_ROUTE_TIMEOUT]
[2026-08-24T19:49:07] [AUTO_BOSS] selected Đấu Sĩ Ác Ma id=10779 type=3060100001180 resource=2060100001211 base=0x1c8dfae0 distance=997
[2026-08-24T19:49:08] [AUTO_BOSS] id=10779 distance=997 receiver=0x1c8ccaf0 method=18293 stage=1
[2026-08-24T19:49:10] [AUTO_TRAIN] HUNTING: Liêu Vân Tộc: TSk 28 con [GAME_CLICK_NPC]
[2026-08-24T19:49:11] [AUTO_TRAIN] HUNTING: Liêu Vân Tộc: TSk 28 con [GAME_CLOSE_TO]
[2026-08-24T19:49:16] [AUTO_BOSS] REJECT_ROUTE_TIMEOUT id=10779 base=0x1c8dfae0
[2026-08-24T19:49:18] [AUTO_TRAIN] HUNTING: Liêu Vân Tộc: TSk 28 con [REJECT_ROUTE_TIMEOUT]
[2026-08-24T19:49:19] [AUTO_BOSS] selected Cai Ngục Ác Ma id=10823 type=3060100001180 resource=2060100001208 base=0x20dfc5c0 distance=1374
[2026-08-24T19:49:21] [AUTO_BOSS] id=10823 distance=1374 receiver=0x1c8cc280 method=18293 stage=1
[2026-08-24T19:49:21] [AUTO_TRAIN] HUNTING: Liêu Vân Tộc: TSk 28 con [GAME_CLICK_NPC]
[2026-08-24T19:49:24] [AUTO_TRAIN] HUNTING: Liêu Vân Tộc: TSk 28 con [GAME_CLOSE_TO]
[2026-08-24T19:49:29] [AUTO_BOSS] battle edge false->true id=10823
[2026-08-24T19:49:36] [AUTO_BOSS] battle edge true->false clear=29
[2026-08-24T19:49:38] [AUTO_TRAIN] HUNTING: Liêu Vân Tộc: TSk 28 con [IN_BATTLE]
[2026-08-24T19:49:39] [AUTO_BOSS] selected Đấu Sĩ Ác Ma id=11136 type=3060100001180 resource=2060100001211 base=0x206ebae0 distance=945
[2026-08-24T19:49:40] [AUTO_BOSS_TEAM] TSk ha 29 con tai Liêu Vân Tộc
[2026-08-24T19:49:40] [AUTO_TRAIN] HUNTING: Liêu Vân Tộc: TSk 29 con [IN_BATTLE]
[2026-08-24T19:49:40] [AUTO_BOSS] id=11136 distance=945 receiver=0xb55ae50 method=18293 stage=1
[2026-08-24T19:49:41] [AUTO_TRAIN] HUNTING: Liêu Vân Tộc: TSk 29 con [GAME_CLICK_NPC]
[2026-08-24T19:49:43] [AUTO_TRAIN] HUNTING: Liêu Vân Tộc: TSk 29 con [GAME_CLOSE_TO]
[2026-08-24T19:49:50] [AUTO_BOSS] REJECT_ROUTE_TIMEOUT id=11136 base=0x206ebae0
[2026-08-24T19:49:53] [AUTO_BOSS] selected Cai Ngục Ác Ma id=14817 type=3060100001180 resource=2060100001208 base=0x1c7ae5c0 distance=1362
[2026-08-24T19:49:54] [AUTO_BOSS] id=14817 distance=1362 receiver=0x20a27af0 method=18293 stage=1
[2026-08-24T19:49:54] [AUTO_BOSS_TEAM] kiem tra key TSk: auto=AUTO_ON
[2026-08-24T19:49:54] [AUTO_TRAIN] HUNTING: Liêu Vân Tộc: TSk 29 con [GAME_CLICK_NPC]
[2026-08-24T19:49:58] [AUTO_TRAIN] HUNTING: Liêu Vân Tộc: TSk 29 con [GAME_CLOSE_TO]
[2026-08-24T19:50:01] [AUTO_BOSS] id=14817 distance=226 receiver=0x20a27af0 method=18293 stage=2
[2026-08-24T19:50:01] [AUTO_TRAIN] HUNTING: Liêu Vân Tộc: TSk 29 con [GAME_CLICK_NPC]
[2026-08-24T19:50:03] [AUTO_BOSS] battle edge false->true id=14817
[2026-08-24T19:50:04] [AUTO_TRAIN] HUNTING: Liêu Vân Tộc: TSk 29 con [IN_BATTLE]
[2026-08-24T19:50:10] [AUTO_BOSS] battle edge true->false clear=30
[2026-08-24T19:50:10] [AUTO_BOSS_TEAM] TSk ha 30 con tai Liêu Vân Tộc
[2026-08-24T19:50:10] [AUTO_TRAIN] HUNTING: Liêu Vân Tộc: TSk 30 con [IN_BATTLE]
[2026-08-24T19:50:10] [AUTO_BOSS] selected Đấu Sĩ Ác Ma id=10890 type=3060100001180 resource=2060100001211 base=0x2339fd70 distance=1159
[2026-08-24T19:50:11] [AUTO_BOSS] id=10890 distance=1159 receiver=0x2085f940 method=18293 stage=1
[2026-08-24T19:50:12] [AUTO_TRAIN] HUNTING: Liêu Vân Tộc: TSk 30 con [GAME_CLICK_NPC]
[2026-08-24T19:50:13] [AUTO_TRAIN] HUNTING: Liêu Vân Tộc: TSk 30 con [GAME_CLOSE_TO]
[2026-08-24T19:50:20] [AUTO_BOSS] REJECT_ROUTE_TIMEOUT id=10890 base=0x2339fd70
[2026-08-24T19:50:21] [AUTO_TRAIN] HUNTING: Liêu Vân Tộc: TSk 30 con [REJECT_ROUTE_TIMEOUT]
[2026-08-24T19:50:23] [AUTO_BOSS] selected Cai Ngục Ác Ma id=13895 type=3060100001180 resource=2060100001208 base=0x20dfc5c0 distance=519
[2026-08-24T19:50:26] [AUTO_BOSS] REJECT_CLICKNPC_TIMEOUT id=13895 base=0x20dfc5c0
[2026-08-24T19:50:27] [AUTO_TRAIN] CLIENT_LOST: TSk: wedged by injection
[2026-08-24T19:50:27] [AUTO_TRAIN] RESTARTING: train khong tiep tuc duoc; dong va bat lai (lan 3)
[2026-08-24T19:50:38] [AUTO_TRAIN] CYCLE: vong 4
[2026-08-24T19:50:38] [AUTO_TRAIN] LOGIN: dang nhap song song 5 acc
[2026-08-24T19:50:38] [AUTO_START] WAIT_WINDOW attempt=1 pass=0 pid=16308 Flash launched at original size
[2026-08-24T19:50:42] [AUTO_START] WAIT_WINDOW attempt=1 pass=0 pid=3564 Flash launched at original size
[2026-08-24T19:50:42] [AUTO_START] START_CLICKED attempt=1 pass=0 pid=16308 Bắt đầu
[2026-08-24T19:50:45] [AUTO_START] START_CLICKED attempt=1 pass=0 pid=3564 Bắt đầu
[2026-08-24T19:50:46] [AUTO_START] WAIT_WINDOW attempt=1 pass=0 pid=13292 Flash launched at original size
[2026-08-24T19:50:48] [AUTO_START] RETRY_START attempt=1 pass=0 pid=16308 chua thay chon kenh, bam lai Bat dau
[2026-08-24T19:50:50] [AUTO_START] START_CLICKED attempt=1 pass=0 pid=13292 Bắt đầu
[2026-08-24T19:50:50] [AUTO_START] WAIT_WINDOW attempt=1 pass=0 pid=16324 Flash launched at original size
[2026-08-24T19:50:52] [AUTO_START] RETRY_START attempt=1 pass=0 pid=3564 chua thay chon kenh, bam lai Bat dau
[2026-08-24T19:50:54] [AUTO_START] WAIT_WINDOW attempt=1 pass=0 pid=4148 Flash launched at original size
[2026-08-24T19:50:58] [AUTO_START] RETRY_START attempt=1 pass=0 pid=13292 chua thay chon kenh, bam lai Bat dau
[2026-08-24T19:50:58] [AUTO_START] START_CLICKED attempt=1 pass=0 pid=4148 Bắt đầu
[2026-08-24T19:51:01] [AUTO_START] START_CLICKED attempt=1 pass=0 pid=16324 Bắt đầu
[2026-08-24T19:51:02] [AUTO_START] RETRY_START attempt=1 pass=0 pid=4148 chua thay chon kenh, bam lai Bat dau
[2026-08-24T19:51:05] [AUTO_START] RETRY_START attempt=1 pass=0 pid=16324 chua thay chon kenh, bam lai Bat dau
[2026-08-24T19:51:07] [AUTO_START] START_CLICKED attempt=1 pass=0 pid=4148 Bắt đầu
[2026-08-24T19:51:08] [AUTO_START] START_CLICKED attempt=1 pass=0 pid=13292 Bắt đầu
[2026-08-24T19:51:09] [AUTO_START] START_CLICKED attempt=1 pass=0 pid=3564 Bắt đầu
[2026-08-24T19:51:10] [AUTO_START] START_CLICKED attempt=1 pass=0 pid=16308 Bắt đầu
[2026-08-24T19:51:10] [AUTO_START] START_CLICKED attempt=1 pass=0 pid=16324 Bắt đầu
[2026-08-24T19:51:12] [AUTO_START] RETRY_START attempt=1 pass=0 pid=4148 chua thay chon kenh, bam lai Bat dau
[2026-08-24T19:51:12] [AUTO_START] RETRY_START attempt=1 pass=0 pid=13292 chua thay chon kenh, bam lai Bat dau
[2026-08-24T19:51:14] [AUTO_START] RETRY_START attempt=1 pass=0 pid=3564 chua thay chon kenh, bam lai Bat dau
[2026-08-24T19:51:15] [AUTO_START] RETRY_START attempt=1 pass=0 pid=16324 chua thay chon kenh, bam lai Bat dau
[2026-08-24T19:51:15] [AUTO_START] CHANNEL_SELECTED attempt=1 pass=0 pid=16308 channel=(449, 308) choices=1
[2026-08-24T19:51:18] [AUTO_START] START_CLICKED attempt=1 pass=0 pid=13292 Bắt đầu
[2026-08-24T19:51:19] [AUTO_START] START_CLICKED attempt=1 pass=0 pid=16324 Bắt đầu
[2026-08-24T19:51:20] [AUTO_START] START_CLICKED attempt=1 pass=0 pid=3564 Bắt đầu
[2026-08-24T19:51:21] [AUTO_START] ENTER_GAME_CLICKED attempt=1 pass=0 pid=16308 character_slot=1 slot_verified=True
[2026-08-24T19:51:22] [AUTO_START] CHANNEL_SELECTED attempt=1 pass=0 pid=13292 channel=(449, 308) choices=1
[2026-08-24T19:51:25] [AUTO_START] CHANNEL_SELECTED attempt=1 pass=0 pid=16324 channel=(449, 308) choices=1
[2026-08-24T19:51:25] [AUTO_START] CHANNEL_SELECTED attempt=1 pass=0 pid=3564 channel=(449, 308) choices=1
[2026-08-24T19:51:26] [AUTO_START] START_CLICKED attempt=1 pass=0 pid=4148 Bắt đầu
[2026-08-24T19:51:30] [AUTO_START] ENTER_GAME_CLICKED attempt=1 pass=0 pid=13292 character_slot=1 slot_verified=True
[2026-08-24T19:51:30] [AUTO_START] MAP_READY_OPEN attempt=1 pass=0 pid=16308 Player=0x109850a0 Core=0xb6520d0 world=(1728,490)
[2026-08-24T19:51:33] [AUTO_START] CHANNEL_SELECTED attempt=1 pass=0 pid=4148 channel=(449, 308) choices=1
[2026-08-24T19:51:33] [AUTO_START] ENTER_GAME_CLICKED attempt=1 pass=0 pid=16324 character_slot=1 slot_verified=True
[2026-08-24T19:51:34] [AUTO_START] ENTER_GAME_CLICKED attempt=1 pass=0 pid=3564 character_slot=1 slot_verified=True
[2026-08-24T19:51:37] [AUTO_START] MAP_READY_OPEN attempt=1 pass=0 pid=13292 Player=0x110080a0 Core=0x15da00d0 world=(1728,490)
[2026-08-24T19:51:41] [AUTO_START] ENTER_GAME_CLICKED attempt=1 pass=0 pid=4148 character_slot=1 slot_verified=True
[2026-08-24T19:51:42] [AUTO_START] MAP_READY_OPEN attempt=1 pass=0 pid=16324 Player=0x1d58b0a0 Core=0x15d0d0d0 world=(1728,490)
[2026-08-24T19:51:44] [AUTO_START] MAP_READY_OPEN attempt=1 pass=0 pid=3564 Player=0x1e0670a0 Core=0x164f50d0 world=(1728,490)
[2026-08-24T19:51:49] [AUTO_START] MAP_READY_OPEN attempt=1 pass=0 pid=4148 Player=0x1b7190a0 Core=0x15f610d0 world=(1728,490)
[2026-08-24T19:51:52] [POPUP] đã đóng cache_notice
[2026-08-24T19:51:53] [AUTO_TRAIN] TSk đóng popup: cache_notice
[2026-08-24T19:51:55] [POPUP] đã đóng cache_notice
[2026-08-24T19:51:56] [AUTO_TRAIN] CB đóng popup: cache_notice
[2026-08-24T19:51:59] [POPUP] đã đóng cache_notice
[2026-08-24T19:52:00] [AUTO_TRAIN] pepsi đóng popup: cache_notice
[2026-08-24T19:52:02] [POPUP] đã đóng cache_notice
[2026-08-24T19:52:03] [AUTO_TRAIN] hshehe đóng popup: cache_notice
[2026-08-24T19:52:06] [POPUP] đã đóng cache_notice
[2026-08-24T19:52:07] [AUTO_TRAIN] luvy đóng popup: cache_notice
[2026-08-24T19:52:22] [AUTO_TRAIN] PARTY_FORMING: key TSk moi 4 member
[2026-08-24T19:52:31] [AUTO_TRAIN] member 3564 cid=3220 joined=True key_in_party=True (x1)
[2026-08-24T19:52:31] [AUTO_TRAIN] member 13292 cid=53 joined=True key_in_party=True (x1)
[2026-08-24T19:52:31] [AUTO_TRAIN] member 16324 cid=4159 joined=True key_in_party=True (x1)
[2026-08-24T19:52:31] [AUTO_TRAIN] member 4148 cid=12 joined=True key_in_party=True (x1)
[2026-08-24T19:52:31] [AUTO_TRAIN] PARTY_DONE: 4/4 member vao nhom
[2026-08-24T19:52:31] [AUTO_TRAIN] TRAVEL_GROUP: TSk keo ca doi -> Liêu Vân Tộc
[2026-08-24T19:52:43] [AUTO_TRAIN] TRAVEL_GROUP_OK: ca 5 acc da o Liêu Vân Tộc
[2026-08-24T19:52:46] [AUTO_TRAIN] PARTY_FORMING: key TSk moi 4 member
[2026-08-24T19:52:46] [AUTO_TRAIN] member 3564 cid=3220 already in party
[2026-08-24T19:52:46] [AUTO_TRAIN] member 13292 cid=53 already in party
[2026-08-24T19:52:46] [AUTO_TRAIN] member 16324 cid=4159 already in party
[2026-08-24T19:52:46] [AUTO_TRAIN] member 4148 cid=12 already in party
[2026-08-24T19:52:46] [AUTO_TRAIN] member 3564 cid=3220 joined=True key_in_party=True (x0)
[2026-08-24T19:52:46] [AUTO_TRAIN] member 13292 cid=53 joined=True key_in_party=True (x0)
[2026-08-24T19:52:46] [AUTO_TRAIN] member 16324 cid=4159 joined=True key_in_party=True (x0)
[2026-08-24T19:52:46] [AUTO_TRAIN] member 4148 cid=12 joined=True key_in_party=True (x0)
[2026-08-24T19:52:46] [AUTO_TRAIN] PARTY_DONE: 4/4 member vao nhom
[2026-08-24T19:52:49] [AUTO_BOSS_TEAM] kiem tra key TSk: auto=AUTO_ON
[2026-08-24T19:52:56] [AUTO_BOSS] Start selected-monster NPCView.clickNpc runner generation=1
[2026-08-24T19:52:56] [AUTO_TRAIN] HUNTING: Liêu Vân Tộc: 3 loai boss, 1 acc san
[2026-08-24T19:52:56] [AUTO_TRAIN] HUNTING: Liêu Vân Tộc: TSk 0 con [ATTACHING]
[2026-08-24T19:52:58] [AUTO_BOSS] reject nDict mismatch id=15308 base=0x19fc35c0 returned=0x0
[2026-08-24T19:52:59] [AUTO_BOSS] selected Phát Tài id=15887 type=3060100000051 resource=2060100000051 base=0x1bfbbae0 distance=864
[2026-08-24T19:52:59] [AUTO_BOSS] NPCView session fingerprint native=0x7c7cb8 avm=0xc49c0a0 method_info=0x8cf79e0 slot322_method_id=18293
[2026-08-24T19:53:00] [AUTO_BOSS] id=15887 distance=864 receiver=0x1bfba940 method=18293 stage=1
[2026-08-24T19:53:00] [AUTO_TRAIN] HUNTING: Liêu Vân Tộc: TSk 0 con [GAME_CLICK_NPC]
[2026-08-24T19:53:02] [AUTO_TRAIN] HUNTING: Liêu Vân Tộc: TSk 0 con [GAME_CLOSE_TO]
[2026-08-24T19:53:06] [AUTO_BOSS] REJECT_ROUTE_TIMEOUT id=15887 base=0x1bfbbae0
[2026-08-24T19:53:06] [AUTO_TRAIN] HUNTING: Liêu Vân Tộc: TSk 0 con [REJECT_ROUTE_TIMEOUT]
[2026-08-24T19:53:08] [AUTO_BOSS] selected Phát Tài id=15177 type=3060100000051 resource=2060100000051 base=0xdc80d70 distance=873
[2026-08-24T19:53:09] [AUTO_BOSS] id=15177 distance=873 receiver=0x1064daf0 method=18293 stage=1
[2026-08-24T19:53:09] [AUTO_TRAIN] HUNTING: Liêu Vân Tộc: TSk 0 con [GAME_CLICK_NPC]
[2026-08-24T19:53:11] [AUTO_TRAIN] HUNTING: Liêu Vân Tộc: TSk 0 con [GAME_CLOSE_TO]
[2026-08-24T19:53:16] [AUTO_BOSS] REJECT_ROUTE_TIMEOUT id=15177 base=0xdc80d70
[2026-08-24T19:53:19] [AUTO_BOSS] selected Phát Tài id=13140 type=3060100000051 resource=2060100000051 base=0x1bfbb5c0 distance=934
[2026-08-24T19:53:19] [AUTO_TRAIN] HUNTING: Liêu Vân Tộc: TSk 0 con [REJECT_ROUTE_TIMEOUT]
[2026-08-24T19:53:20] [AUTO_BOSS] REJECT_CLICKNPC_TIMEOUT id=13140 base=0x1bfbb5c0
[2026-08-24T19:53:21] [AUTO_TRAIN] HUNTING: Liêu Vân Tộc: TSk 0 con [REJECT_CLICKNPC_TIMEOUT]
[2026-08-24T19:53:23] [AUTO_BOSS] selected Đấu Sĩ Ác Ma id=17852 type=3060100001180 resource=2060100001211 base=0x1cea60a0 distance=512
[2026-08-24T19:53:24] [AUTO_BOSS] id=17852 distance=512 receiver=0x10878280 method=18293 stage=1
[2026-08-24T19:53:24] [AUTO_TRAIN] HUNTING: Liêu Vân Tộc: TSk 0 con [GAME_CLICK_NPC]
[2026-08-24T19:53:27] [AUTO_TRAIN] HUNTING: Liêu Vân Tộc: TSk 0 con [GAME_CLOSE_TO]
[2026-08-24T19:53:27] [AUTO_BOSS] battle edge false->true id=17852
[2026-08-24T19:53:28] [AUTO_TRAIN] HUNTING: Liêu Vân Tộc: TSk 0 con [IN_BATTLE]
[2026-08-24T19:53:33] [AUTO_BOSS] battle edge true->false clear=1
[2026-08-24T19:53:34] [AUTO_BOSS_TEAM] TSk ha 1 con tai Liêu Vân Tộc
[2026-08-24T19:53:34] [AUTO_TRAIN] HUNTING: Liêu Vân Tộc: TSk 1 con [IN_BATTLE]
[2026-08-24T19:53:34] [AUTO_BOSS] selected Đấu Sĩ Ác Ma id=16048 type=3060100001180 resource=2060100001211 base=0x1d537d70 distance=55
[2026-08-24T19:53:35] [AUTO_BOSS] id=16048 distance=55 receiver=0x10878940 method=18293 stage=2
[2026-08-24T19:53:36] [AUTO_TRAIN] HUNTING: Liêu Vân Tộc: TSk 1 con [GAME_CLICK_NPC]
[2026-08-24T19:53:37] [AUTO_BOSS] battle edge false->true id=16048
[2026-08-24T19:53:37] [AUTO_TRAIN] HUNTING: Liêu Vân Tộc: TSk 1 con [IN_BATTLE]
[2026-08-24T19:53:43] [AUTO_BOSS] battle edge true->false clear=2
[2026-08-24T19:53:47] [AUTO_BOSS] selected Đấu Sĩ Ác Ma id=16592 type=3060100001180 resource=2060100001211 base=0x19fc3d70 distance=451
[2026-08-24T19:53:47] [POPUP] đã đóng cache_notice
[2026-08-24T19:53:47] [AUTO_BOSS] id=16592 distance=451 receiver=0x1bfba0d0 method=18293 stage=1
[2026-08-24T19:53:48] [AUTO_TRAIN] TSk đóng popup: cache_notice
[2026-08-24T19:53:49] [AUTO_BOSS] battle edge false->true id=16592
[2026-08-24T19:53:51] [AUTO_TRAIN] TSk Auto=AUTO_UNKNOWN (button not readable (covered, blank or ambiguous))
[2026-08-24T19:53:56] [AUTO_BOSS] battle edge true->false clear=3
[2026-08-24T19:53:56] [AUTO_BOSS] selected Đấu Sĩ Ác Ma id=10890 type=3060100001180 resource=2060100001211 base=0x19fc30a0 distance=333
[2026-08-24T19:53:57] [AUTO_BOSS] id=10890 distance=333 receiver=0x19635790 method=18293 stage=1
[2026-08-24T19:54:00] [AUTO_BOSS_TEAM] kiem tra key TSk: auto=AUTO_UNKNOWN
[2026-08-24T19:54:00] [AUTO_TRAIN] HUNTING: Liêu Vân Tộc: TSk 1 con [GAME_CLOSE_TO]
[2026-08-24T19:54:01] [AUTO_BOSS_TEAM] TSk ha 3 con tai Liêu Vân Tộc
[2026-08-24T19:54:01] [AUTO_TRAIN] HUNTING: Liêu Vân Tộc: TSk 3 con [GAME_CLOSE_TO]
[2026-08-24T19:54:09] [AUTO_BOSS] REJECT_ROUTE_TIMEOUT id=10890 base=0x19fc30a0
[2026-08-24T19:54:12] [AUTO_BOSS] selected Đấu Sĩ Ác Ma id=11136 type=3060100001180 resource=2060100001211 base=0x1bfc0d70 distance=515
[2026-08-24T19:54:12] [AUTO_TRAIN] HUNTING: Liêu Vân Tộc: TSk 3 con [REJECT_ROUTE_TIMEOUT]
[2026-08-24T19:54:12] [AUTO_BOSS] id=11136 distance=515 receiver=0x4fc6280 method=18293 stage=1
[2026-08-24T19:54:14] [AUTO_TRAIN] HUNTING: Liêu Vân Tộc: TSk 3 con [GAME_CLICK_NPC]
[2026-08-24T19:54:15] [AUTO_TRAIN] HUNTING: Liêu Vân Tộc: TSk 3 con [GAME_CLOSE_TO]
[2026-08-24T19:54:20] [AUTO_BOSS] REJECT_ROUTE_TIMEOUT id=11136 base=0x1bfc0d70
[2026-08-24T19:54:21] [AUTO_TRAIN] HUNTING: Liêu Vân Tộc: TSk 3 con [REJECT_ROUTE_TIMEOUT]
[2026-08-24T19:54:23] [AUTO_BOSS] selected Đấu Sĩ Ác Ma id=15643 type=3060100001180 resource=2060100001211 base=0x10c240a0 distance=542
[2026-08-24T19:54:24] [AUTO_BOSS] id=15643 distance=542 receiver=0xe3e2790 method=18293 stage=1
[2026-08-24T19:54:24] [AUTO_TRAIN] HUNTING: Liêu Vân Tộc: TSk 3 con [GAME_CLICK_NPC]
[2026-08-24T19:54:26] [AUTO_TRAIN] HUNTING: Liêu Vân Tộc: TSk 3 con [GAME_CLOSE_TO]
[2026-08-24T19:54:36] [AUTO_BOSS] REJECT_ROUTE_TIMEOUT id=15643 base=0x10c240a0
[2026-08-24T19:54:36] [AUTO_TRAIN] HUNTING: Liêu Vân Tộc: TSk 3 con [REJECT_ROUTE_TIMEOUT]
[2026-08-24T19:54:39] [AUTO_BOSS] selected Đấu Sĩ Ác Ma id=13273 type=3060100001180 resource=2060100001211 base=0xbf160a0 distance=349
[2026-08-24T19:54:40] [AUTO_BOSS] id=13273 distance=349 receiver=0x1bfbaca0 method=18293 stage=1
[2026-08-24T19:54:41] [AUTO_TRAIN] HUNTING: Liêu Vân Tộc: TSk 3 con [GAME_CLICK_NPC]
[2026-08-24T19:54:42] [AUTO_TRAIN] HUNTING: Liêu Vân Tộc: TSk 3 con [GAME_CLOSE_TO]
[2026-08-24T19:54:47] [AUTO_BOSS] REJECT_ROUTE_TIMEOUT id=13273 base=0xbf160a0
[2026-08-24T19:54:50] [AUTO_BOSS_TEAM] kiem tra key TSk: auto=AUTO_ON
[2026-08-24T19:54:50] [AUTO_TRAIN] HUNTING: Liêu Vân Tộc: TSk 3 con [REJECT_ROUTE_TIMEOUT]
[2026-08-24T19:54:50] [AUTO_BOSS] selected Đấu Sĩ Ác Ma id=16949 type=3060100001180 resource=2060100001211 base=0x10c24ae0 distance=356
[2026-08-24T19:54:51] [AUTO_BOSS] id=16949 distance=356 receiver=0xe3e2e50 method=18293 stage=1
[2026-08-24T19:54:52] [AUTO_TRAIN] HUNTING: Liêu Vân Tộc: TSk 3 con [GAME_CLICK_NPC]
[2026-08-24T19:54:53] [AUTO_TRAIN] HUNTING: Liêu Vân Tộc: TSk 3 con [GAME_CLOSE_TO]
[2026-08-24T19:54:59] [AUTO_BOSS] REJECT_ROUTE_TIMEOUT id=16949 base=0x10c24ae0
[2026-08-24T19:54:59] [AUTO_TRAIN] HUNTING: Liêu Vân Tộc: TSk 3 con [REJECT_ROUTE_TIMEOUT]
[2026-08-24T19:55:01] [AUTO_BOSS] selected Đấu Sĩ Ác Ma id=15247 type=3060100001180 resource=2060100001211 base=0x19fc3ae0 distance=455
[2026-08-24T19:55:02] [AUTO_BOSS] id=15247 distance=455 receiver=0x196350d0 method=18293 stage=1
[2026-08-24T19:55:04] [AUTO_TRAIN] HUNTING: Liêu Vân Tộc: TSk 3 con [GAME_CLICK_NPC]
[2026-08-24T19:55:05] [AUTO_TRAIN] HUNTING: Liêu Vân Tộc: TSk 3 con [GAME_CLOSE_TO]
[2026-08-24T19:55:10] [AUTO_BOSS] REJECT_ROUTE_TIMEOUT id=15247 base=0x19fc3ae0
[2026-08-24T19:55:11] [AUTO_TRAIN] HUNTING: Liêu Vân Tộc: TSk 3 con [REJECT_ROUTE_TIMEOUT]
[2026-08-24T19:55:12] [AUTO_BOSS] selected Đấu Sĩ Ác Ma id=10779 type=3060100001180 resource=2060100001211 base=0xbf16330 distance=453
[2026-08-24T19:55:13] [AUTO_BOSS] id=10779 distance=453 receiver=0x1bfbae50 method=18293 stage=1
[2026-08-24T19:55:14] [AUTO_TRAIN] HUNTING: Liêu Vân Tộc: TSk 3 con [GAME_CLICK_NPC]
[2026-08-24T19:55:16] [AUTO_TRAIN] HUNTING: Liêu Vân Tộc: TSk 3 con [GAME_CLOSE_TO]
[2026-08-24T19:55:21] [AUTO_BOSS] REJECT_ROUTE_TIMEOUT id=10779 base=0xbf16330
[2026-08-24T19:55:23] [AUTO_TRAIN] HUNTING: Liêu Vân Tộc: TSk 3 con [REJECT_ROUTE_TIMEOUT]
[2026-08-24T19:55:24] [AUTO_BOSS] selected Đấu Sĩ Ác Ma id=12734 type=3060100001180 resource=2060100001211 base=0x1cea6330 distance=450
[2026-08-24T19:55:25] [AUTO_BOSS] id=12734 distance=450 receiver=0x10878430 method=18293 stage=1
[2026-08-24T19:55:26] [AUTO_TRAIN] HUNTING: Liêu Vân Tộc: TSk 3 con [GAME_CLICK_NPC]
[2026-08-24T19:55:28] [AUTO_TRAIN] HUNTING: Liêu Vân Tộc: TSk 3 con [GAME_CLOSE_TO]
[2026-08-24T19:55:32] [AUTO_BOSS] REJECT_ROUTE_TIMEOUT id=12734 base=0x1cea6330
[2026-08-24T19:55:34] [AUTO_TRAIN] HUNTING: Liêu Vân Tộc: TSk 3 con [REJECT_ROUTE_TIMEOUT]
[2026-08-24T19:55:35] [AUTO_BOSS] selected Cai Ngục Ác Ma id=11021 type=3060100001180 resource=2060100001208 base=0x19fc3850 distance=243
[2026-08-24T19:55:36] [AUTO_BOSS] id=11021 distance=243 receiver=0x19635af0 method=18293 stage=2
[2026-08-24T19:55:36] [AUTO_TRAIN] ERROR: OSError: screen grab failed
[2026-08-24T21:07:44] [AUTO_START] WAIT_WINDOW attempt=1 pass=0 pid=2760 Flash launched at original size
[2026-08-24T21:07:44] [AUTO_START] WAIT_WINDOW attempt=1 pass=0 pid=3464 Flash launched at original size
[2026-08-24T21:07:44] [AUTO_START] WAIT_WINDOW attempt=1 pass=0 pid=14548 Flash launched at original size
[2026-08-24T21:07:45] [AUTO_START] WAIT_WINDOW attempt=1 pass=0 pid=14832 Flash launched at original size
[2026-08-24T21:07:45] [AUTO_START] WAIT_WINDOW attempt=1 pass=0 pid=16164 Flash launched at original size
[2026-08-24T21:07:45] Đang đăng nhập 5 acc...
[2026-08-24T21:07:50] Đã dừng tất cả
[2026-08-24T21:07:54] [AUTO_START] FAILED_CLOSED attempt=1 pass=0 pid=16164 Flash window closed before map
[2026-08-24T21:07:54] [AUTO_START] START_CLICKED attempt=1 pass=0 pid=14548 Bắt đầu
[2026-08-24T21:07:54] [AUTO_START] START_CLICKED attempt=1 pass=0 pid=3464 Bắt đầu
[2026-08-24T21:07:54] [AUTO_START] FAILED_CLOSED attempt=1 pass=0 pid=14832 Flash window closed before map
[2026-08-24T21:07:54] [AUTO_START] FAILED_CLOSED attempt=1 pass=0 pid=2760 Flash window closed before map
[2026-08-24T21:07:56] [AUTO_START] RETRY_START attempt=1 pass=0 pid=14548 chua thay chon kenh, bam lai Bat dau
[2026-08-24T21:07:56] [AUTO_START] FAILED_CLOSED attempt=1 pass=0 pid=14548 Flash window closed before map
[2026-08-24T21:07:56] [AUTO_START] RETRY_START attempt=1 pass=0 pid=3464 chua thay chon kenh, bam lai Bat dau
[2026-08-24T21:07:57] [AUTO_START] FAILED_CLOSED attempt=1 pass=0 pid=3464 Flash window closed before map
[2026-08-24T21:07:58] [AUTO_START] WAIT_WINDOW attempt=1 pass=0 pid=10700 Flash launched at original size
[2026-08-24T21:07:58] Đang đăng nhập 1 acc...
[2026-08-24T21:08:03] [AUTO_START] START_CLICKED attempt=1 pass=0 pid=10700 Bắt đầu
[2026-08-24T21:08:08] [AUTO_START] RETRY_START attempt=1 pass=0 pid=10700 chua thay chon kenh, bam lai Bat dau
[2026-08-24T21:08:24] [AUTO_START] START_CLICKED attempt=1 pass=0 pid=10700 Bắt đầu
[2026-08-24T21:08:27] [AUTO_START] CHANNEL_SELECTED attempt=1 pass=0 pid=10700 channel=(449, 308) choices=1
[2026-08-24T21:08:32] [AUTO_START] ENTER_GAME_CLICKED attempt=1 pass=0 pid=10700 character_slot=1 slot_verified=True
[2026-08-24T21:08:37] [AUTO_START] MAP_READY_OPEN attempt=1 pass=0 pid=10700 Player=0x1469d0a0 Core=0xcaf00d0 world=(1038,921)
[2026-08-24T21:39:01] Đã bắt đầu Daily theo cấu hình riêng: acc_1
[2026-08-24T21:39:01] Daily CB: client chưa mở, đang đăng nhập trước bước PHỤ BẢN...
[2026-08-24T21:39:01] [AUTO_START] WAIT_WINDOW attempt=1 pass=0 pid=4512 Flash launched at original size
[2026-08-24T21:39:06] [AUTO_START] START_CLICKED attempt=1 pass=0 pid=4512 Bắt đầu
[2026-08-24T21:39:11] [AUTO_START] RETRY_START attempt=1 pass=0 pid=4512 chua thay chon kenh, bam lai Bat dau
[2026-08-24T21:39:28] [AUTO_START] START_CLICKED attempt=1 pass=0 pid=4512 Bắt đầu
[2026-08-24T21:39:30] [AUTO_START] CHANNEL_SELECTED attempt=1 pass=0 pid=4512 channel=(449, 308) choices=1
[2026-08-24T21:39:35] [AUTO_START] ENTER_GAME_CLICKED attempt=1 pass=0 pid=4512 character_slot=1 slot_verified=True
[2026-08-24T21:39:40] [AUTO_START] MAP_READY_OPEN attempt=1 pass=0 pid=4512 Player=0x1270e0a0 Core=0xc6640d0 world=(1038,921)
[2026-08-24T21:39:48] [POPUP] đã đóng cache_notice
[2026-08-24T21:40:38] Daily PHỤ BẢN lượt đầu: Liệt Diễm Thâm Uyên: catalog có nhiều row exact đồng hạng; không click
[2026-08-24T21:40:38] Daily dừng tại PHỤ BẢN: Liệt Diễm Thâm Uyên: catalog có nhiều row exact đồng hạng; không click
[2026-08-24T21:56:03] Đã bắt đầu Daily theo cấu hình riêng: acc_1
[2026-08-24T21:56:03] Daily CB: client chưa mở, đang đăng nhập trước bước VIP...
[2026-08-24T21:56:03] [AUTO_START] WAIT_WINDOW attempt=1 pass=0 pid=14528 Flash launched at original size
[2026-08-24T21:56:08] [AUTO_START] START_CLICKED attempt=1 pass=0 pid=14528 Bắt đầu
[2026-08-24T21:56:14] [AUTO_START] RETRY_START attempt=1 pass=0 pid=14528 chua thay chon kenh, bam lai Bat dau
[2026-08-24T21:56:30] [AUTO_START] START_CLICKED attempt=1 pass=0 pid=14528 Bắt đầu
[2026-08-24T21:56:33] [AUTO_START] CHANNEL_SELECTED attempt=1 pass=0 pid=14528 channel=(449, 308) choices=1
[2026-08-24T21:56:37] [AUTO_START] ENTER_GAME_CLICKED attempt=1 pass=0 pid=14528 character_slot=1 slot_verified=True
[2026-08-24T21:56:43] [AUTO_START] MAP_READY_OPEN attempt=1 pass=0 pid=14528 Player=0x10ebc0a0 Core=0xc3e00d0 world=(3099,1585)
[2026-08-24T21:56:51] [POPUP] đã đóng cache_notice
[2026-08-24T21:56:59] Daily xong bước VIP: đã thử claim 5/5 dòng VIP
[2026-08-24T21:57:11] Daily xong bước NHẬN THỜI TRANG: đã bấm Rút thưởng nhưng không thấy popup Chúc mừng — có thể lượt miễn phí hôm nay đã dùng, không tính là đã nhận
[2026-08-24T21:57:55] Daily xong bước MẬT BẢO: đã chọn công thức cấp 6 và bấm Chế tạo Mật Bảo 20 lần
[2026-08-24T21:58:08] Daily xong bước ĐIÊU KHẮC: đã bấm Đổi miễn phí và xác nhận Có trong KGĐK
[2026-08-24T21:58:11] Daily dừng tại LẬT THẺ BÀI: không thấy icon Thẻ bài ma thuật trên toolbar
[2026-08-24T22:04:41] Đã bắt đầu Daily theo cấu hình riêng: acc_1
[2026-08-24T22:04:47] Daily dừng tại LẬT THẺ BÀI: không tìm thấy icon/panel Thẻ bài ma thuật qua các trang toolbar
[2026-08-24T22:09:57] Đã bắt đầu Daily theo cấu hình riêng: acc_1
[2026-08-24T22:09:57] [POPUP] chặn popup/panel chưa nhận diện có X tại (322, 98); không đóng
[2026-08-24T22:09:57] Daily dừng tại LẬT THẺ BÀI: popup guard trước Thẻ bài: unknown_modal_blocked
[2026-08-24T22:12:09] Đã bắt đầu Daily theo cấu hình riêng: acc_1
[2026-08-24T22:12:09] Daily CB: client chưa mở, đang đăng nhập trước bước LẬT THẺ BÀI...
[2026-08-24T22:12:09] [AUTO_START] WAIT_WINDOW attempt=1 pass=0 pid=19948 Flash launched at original size
[2026-08-24T22:12:14] [AUTO_START] START_CLICKED attempt=1 pass=0 pid=19948 Bắt đầu
[2026-08-24T22:12:20] [AUTO_START] RETRY_START attempt=1 pass=0 pid=19948 chua thay chon kenh, bam lai Bat dau
[2026-08-24T22:12:37] [AUTO_START] START_CLICKED attempt=1 pass=0 pid=19948 Bắt đầu
[2026-08-24T22:12:41] [AUTO_START] CHANNEL_SELECTED attempt=1 pass=0 pid=19948 channel=(449, 308) choices=1
[2026-08-24T22:12:45] [AUTO_START] ENTER_GAME_CLICKED attempt=1 pass=0 pid=19948 character_slot=1 slot_verified=True
[2026-08-24T22:12:51] [AUTO_START] MAP_READY_OPEN attempt=1 pass=0 pid=19948 Player=0xec810a0 Core=0x149120d0 world=(2791,1355)
[2026-08-24T22:13:00] [POPUP] đã đóng cache_notice
[2026-08-24T22:13:08] Daily dừng tại LẬT THẺ BÀI: không tìm thấy icon/panel Thẻ bài ma thuật qua các trang toolbar
[2026-08-24T22:18:13] Đã bắt đầu Daily theo cấu hình riêng: acc_1
[2026-08-24T22:18:19] Daily xong bước LẬT THẺ BÀI: đã phát bài, nhận thưởng và xác nhận Có 1/1 lượt
[2026-08-24T22:19:36] [DUNGEON] Auto PB toolbar scan arrow=NutXuong.png score=0.990 box=(363, 28, 21, 23)
[2026-08-24T22:19:37] [DUNGEON] Auto PB panel visible after guarded toolbar click
[2026-08-24T22:19:38] [DUNGEON] Claim Liệt Diễm Thâm Uyên: button score=0.940 box=(202, 280, 60, 19) evidence=C:\Users\Administrator\Desktop\New folder\fbh_v2_ttt_fixed-20260709T181609Z-2-001\fbh_multi_account_infinite_auto\dev_supervisor_target_a_v2_20260814\logs\auto_pb_claim_19948_Liệt Diễm Thâm Uyên_1787584778.png
[2026-08-24T22:19:39] [DUNGEON] Claim Liệt Diễm Thâm Uyên: readback start PASS
[2026-08-24T22:19:43] [DUNGEON] Claim Thám Hiểm: button score=1.000 box=(428, 177, 60, 19) evidence=C:\Users\Administrator\Desktop\New folder\fbh_v2_ttt_fixed-20260709T181609Z-2-001\fbh_multi_account_infinite_auto\dev_supervisor_target_a_v2_20260814\logs\auto_pb_claim_19948_Thám Hiểm_1787584783.png
[2026-08-24T22:19:43] [DUNGEON] Claim Thám Hiểm: readback start PASS
[2026-08-24T22:19:45] Daily PHỤ BẢN lượt đầu: Liệt Diễm Thâm Uyên:claim; Thám Hiểm:claim
[2026-08-24T22:19:45] Daily xong bước PHỤ BẢN: Liệt Diễm Thâm Uyên:claim; Thám Hiểm:claim
[2026-08-24T22:19:45] [POPUP] chặn popup/panel chưa nhận diện có X tại (798, 78); không đóng
[2026-08-24T22:19:45] Daily dừng tại HÀNH LANG: không tới Quyến Cố Thành: popup guard trước chuyển map: unknown_modal_blocked
[2026-08-24T22:24:36] Đã bắt đầu Daily theo cấu hình riêng: acc_1
[2026-08-24T22:24:37] [POPUP] chặn popup/panel chưa nhận diện có X tại (798, 78); không đóng
[2026-08-24T22:24:37] Daily dừng tại LẬT THẺ BÀI: popup guard trước Thẻ bài: unknown_modal_blocked
[2026-08-24T22:26:49] Đã bắt đầu Daily theo cấu hình riêng: acc_1
[2026-08-24T22:26:49] Daily CB: client chưa mở, đang đăng nhập trước bước LẬT THẺ BÀI...
[2026-08-24T22:26:49] [AUTO_START] WAIT_WINDOW attempt=1 pass=0 pid=3748 Flash launched at original size
[2026-08-24T22:26:54] [AUTO_START] START_CLICKED attempt=1 pass=0 pid=3748 Bắt đầu
[2026-08-24T22:26:59] [AUTO_START] RETRY_START attempt=1 pass=0 pid=3748 chua thay chon kenh, bam lai Bat dau
[2026-08-24T22:27:16] [AUTO_START] START_CLICKED attempt=1 pass=0 pid=3748 Bắt đầu
[2026-08-24T22:27:19] [AUTO_START] CHANNEL_SELECTED attempt=1 pass=0 pid=3748 channel=(449, 308) choices=1
[2026-08-24T22:27:23] [AUTO_START] ENTER_GAME_CLICKED attempt=1 pass=0 pid=3748 character_slot=1 slot_verified=True
[2026-08-24T22:27:30] [AUTO_START] MAP_READY_OPEN attempt=1 pass=0 pid=3748 Player=0x14b120a0 Core=0xb6700d0 world=(3089,1500)
[2026-08-24T22:27:39] [POPUP] đã đóng cache_notice
[2026-08-24T22:27:43] [POPUP] đã đóng cache_notice
[2026-08-24T22:27:48] [POPUP] đã đóng cache_notice
[2026-08-24T22:27:54] Daily xong bước LẬT THẺ BÀI: đã phát bài, nhận thưởng và xác nhận Có 1/1 lượt
[2026-08-24T22:27:55] Daily PHỤ BẢN lượt đầu: đã đủ lượt
[2026-08-24T22:27:55] Daily xong bước PHỤ BẢN: đã đủ lượt
[2026-08-24T22:28:19] Daily xong bước HÀNH LANG: đã bấm Nhận Quà Hàng Ngày tại Hành Lang
[2026-08-24T22:28:34] Daily xong bước THẦN TU: đã bấm đúng Bắt đầu → Có cho THẦN TU
[2026-08-24T22:28:34] Daily: đã đóng Flash sau Thần Tu; chờ 25 phút.
[2026-08-24T22:53:34] Daily CB: client chưa mở, đang đăng nhập trước bước mở lại sau Thần Tu...
[2026-08-24T22:53:34] [AUTO_START] WAIT_WINDOW attempt=1 pass=0 pid=18496 Flash launched at original size
[2026-08-24T22:53:40] [AUTO_START] START_CLICKED attempt=1 pass=0 pid=18496 Bắt đầu
[2026-08-24T22:53:45] [AUTO_START] RETRY_START attempt=1 pass=0 pid=18496 chua thay chon kenh, bam lai Bat dau
[2026-08-24T22:54:02] [AUTO_START] START_CLICKED attempt=1 pass=0 pid=18496 Bắt đầu
[2026-08-24T22:54:05] [AUTO_START] CHANNEL_SELECTED attempt=1 pass=0 pid=18496 channel=(449, 308) choices=1
[2026-08-24T22:54:09] [AUTO_START] ENTER_GAME_CLICKED attempt=1 pass=0 pid=18496 character_slot=1 slot_verified=True
[2026-08-24T22:54:15] [AUTO_START] MAP_READY_OPEN attempt=1 pass=0 pid=18496 Player=0x117580a0 Core=0x5adb0d0 world=(2217,398)
[2026-08-24T22:54:23] [POPUP] đã đóng cache_notice
[2026-08-24T22:54:24] Daily PHỤ BẢN checkpoint 25 phút (mốc 1): đã đủ lượt
[2026-08-24T22:54:36] Daily xong bước TU HÀNH: đã bấm đúng Bắt đầu → Có cho TU HÀNH
[2026-08-24T22:54:36] Daily: đã đóng Flash sau Tu Hành; chờ 31 phút.
[2026-08-24T23:25:36] Daily CB: client chưa mở, đang đăng nhập trước bước mở lại sau Tu Hành...
[2026-08-24T23:25:36] [AUTO_START] WAIT_WINDOW attempt=1 pass=0 pid=18288 Flash launched at original size
[2026-08-24T23:25:41] [AUTO_START] START_CLICKED attempt=1 pass=0 pid=18288 Bắt đầu
[2026-08-24T23:25:46] [AUTO_START] RETRY_START attempt=1 pass=0 pid=18288 chua thay chon kenh, bam lai Bat dau
[2026-08-24T23:26:03] [AUTO_START] START_CLICKED attempt=1 pass=0 pid=18288 Bắt đầu
[2026-08-24T23:26:06] [AUTO_START] CHANNEL_SELECTED attempt=1 pass=0 pid=18288 channel=(449, 308) choices=1
[2026-08-24T23:26:10] [AUTO_START] ENTER_GAME_CLICKED attempt=1 pass=0 pid=18288 character_slot=1 slot_verified=True
[2026-08-24T23:26:16] [AUTO_START] MAP_READY_OPEN attempt=1 pass=0 pid=18288 Player=0x104b90a0 Core=0x161060d0 world=(2217,398)
[2026-08-24T23:26:25] [POPUP] đã đóng cache_notice
[2026-08-24T23:26:26] Daily PHỤ BẢN checkpoint 31 phút (mốc 2): đã đủ lượt
[2026-08-24T23:26:26] Daily hoàn tất đúng plan snapshot: LẬT THẺ BÀI, PHỤ BẢN, HÀNH LANG, THẦN TU, TU HÀNH
[2026-08-24T23:40:18] Đã bắt đầu Daily theo cấu hình riêng: acc_1
[2026-08-24T23:40:18] Daily CB: client chưa mở, đang đăng nhập trước bước PHỤ BẢN...
[2026-08-24T23:40:18] [AUTO_START] WAIT_WINDOW attempt=1 pass=0 pid=15700 Flash launched at original size
[2026-08-24T23:40:22] [AUTO_START] START_CLICKED attempt=1 pass=0 pid=15700 Bắt đầu
[2026-08-24T23:40:27] [AUTO_START] RETRY_START attempt=1 pass=0 pid=15700 chua thay chon kenh, bam lai Bat dau
[2026-08-24T23:40:47] [AUTO_START] START_CLICKED attempt=1 pass=0 pid=15700 Bắt đầu
[2026-08-24T23:40:50] [AUTO_START] CHANNEL_SELECTED attempt=1 pass=0 pid=15700 channel=(449, 308) choices=1
[2026-08-24T23:40:54] [AUTO_START] ENTER_GAME_CLICKED attempt=1 pass=0 pid=15700 character_slot=1 slot_verified=True
[2026-08-24T23:41:00] [AUTO_START] MAP_READY_OPEN attempt=1 pass=0 pid=15700 Player=0xfd850a0 Core=0x165bf0d0 world=(3030,1386)
[2026-08-24T23:41:29] [DUNGEON] NPC open attempt 1: invoke xong nhưng dialog chưa hiện
[2026-08-24T23:41:29] [POPUP] đã đóng npc_dialog
[2026-08-24T23:41:30] [DUNGEON] NPC open attempt 2: dismissed=['npc_dialog']
[2026-08-24T23:41:49] [DUNGEON] NPC open attempt 2: invoke xong nhưng dialog chưa hiện
[2026-08-24T23:41:49] [POPUP] đã đóng npc_dialog
[2026-08-24T23:41:50] [DUNGEON] NPC open attempt 3: dismissed=['npc_dialog']
[2026-08-24T23:42:09] [DUNGEON] NPC open attempt 3: invoke xong nhưng dialog chưa hiện
[2026-08-24T23:42:09] Daily PHỤ BẢN lượt đầu: không mở được NPC Sử Giả Mở Phụ Bản bằng memory
[2026-08-24T23:42:09] Daily dừng tại PHỤ BẢN: không mở được NPC Sử Giả Mở Phụ Bản bằng memory
[2026-08-25T01:15:31] Đã bắt đầu Daily theo cấu hình riêng: acc_1, acc_3, acc_5
[2026-08-25T01:15:31] Daily CB: client chưa mở, đang đăng nhập trước bước VIP...
[2026-08-25T01:15:31] Daily luvy: client chưa mở, đang đăng nhập trước bước VIP...
[2026-08-25T01:15:31] Daily TSk: client chưa mở, đang đăng nhập trước bước VIP...
[2026-08-25T01:15:31] [AUTO_START] WAIT_WINDOW attempt=1 pass=0 pid=7148 Flash launched at original size
[2026-08-25T01:15:31] [AUTO_START] WAIT_WINDOW attempt=1 pass=0 pid=17620 Flash launched at original size
[2026-08-25T01:15:31] [AUTO_START] WAIT_WINDOW attempt=1 pass=0 pid=7396 Flash launched at original size
[2026-08-25T01:15:35] [AUTO_START] START_CLICKED attempt=1 pass=0 pid=7148 Bắt đầu
[2026-08-25T01:15:35] [AUTO_START] START_CLICKED attempt=1 pass=0 pid=7396 Bắt đầu
[2026-08-25T01:15:35] [AUTO_START] START_CLICKED attempt=1 pass=0 pid=17620 Bắt đầu
[2026-08-25T01:15:39] [AUTO_START] RETRY_START attempt=1 pass=0 pid=17620 chua thay chon kenh, bam lai Bat dau
[2026-08-25T01:15:42] [AUTO_START] RETRY_START attempt=1 pass=0 pid=7396 chua thay chon kenh, bam lai Bat dau
[2026-08-25T01:15:43] [AUTO_START] RETRY_START attempt=1 pass=0 pid=7148 chua thay chon kenh, bam lai Bat dau
[2026-08-25T01:16:00] [AUTO_START] START_CLICKED attempt=1 pass=0 pid=7396 Bắt đầu
[2026-08-25T01:16:00] [AUTO_START] START_CLICKED attempt=1 pass=0 pid=17620 Bắt đầu
[2026-08-25T01:16:01] [AUTO_START] START_CLICKED attempt=1 pass=0 pid=7148 Bắt đầu
[2026-08-25T01:16:04] [AUTO_START] CHANNEL_SELECTED attempt=1 pass=0 pid=17620 channel=(449, 308) choices=1
[2026-08-25T01:16:04] [AUTO_START] CHANNEL_SELECTED attempt=1 pass=0 pid=7396 channel=(449, 308) choices=1
[2026-08-25T01:16:05] [AUTO_START] CHANNEL_SELECTED attempt=1 pass=0 pid=7148 channel=(449, 308) choices=1
[2026-08-25T01:16:09] [AUTO_START] ENTER_GAME_CLICKED attempt=1 pass=0 pid=17620 character_slot=1 slot_verified=True
[2026-08-25T01:16:10] [AUTO_START] ENTER_GAME_CLICKED attempt=1 pass=0 pid=7396 character_slot=1 slot_verified=True
[2026-08-25T01:16:10] [AUTO_START] ENTER_GAME_CLICKED attempt=1 pass=0 pid=7148 character_slot=1 slot_verified=True
[2026-08-25T01:16:17] [AUTO_START] MAP_READY_OPEN attempt=1 pass=0 pid=7396 Player=0xfd4e0a0 Core=0x12e320d0 world=(1038,921)
[2026-08-25T01:16:19] [AUTO_START] MAP_READY_OPEN attempt=1 pass=0 pid=17620 Player=0xc8700a0 Core=0x1572b0d0 world=(3187,1154)
[2026-08-25T01:16:21] [AUTO_START] MAP_READY_OPEN attempt=1 pass=0 pid=7148 Player=0x1afac0a0 Core=0x18c640d0 world=(3030,1386)
[2026-08-25T01:16:24] [POPUP] đã đóng cache_notice
[2026-08-25T01:16:27] [POPUP] đã đóng cache_notice
[2026-08-25T01:16:31] [POPUP] đã đóng cache_notice
[2026-08-25T01:16:34] Daily xong bước VIP: đã thử claim 5/5 dòng VIP
[2026-08-25T01:16:35] Daily xong bước VIP: đã thử claim 5/5 dòng VIP
[2026-08-25T01:16:37] Daily xong bước VIP: đã thử claim 5/5 dòng VIP
[2026-08-25T01:16:43] Daily xong bước NHẬN THỜI TRANG: đã Rút Bộ thường, bấm Xác nhận và đọc lại popup đã đóng
[2026-08-25T01:16:45] Daily xong bước NHẬN THỜI TRANG: đã Rút Bộ thường, bấm Xác nhận và đọc lại popup đã đóng
[2026-08-25T01:16:45] Daily xong bước NHẬN THỜI TRANG: đã Rút Bộ thường, bấm Xác nhận và đọc lại popup đã đóng
[2026-08-25T01:17:26] Daily xong bước MẬT BẢO: đã chọn công thức cấp 6 và bấm Chế tạo Mật Bảo 20 lần
[2026-08-25T01:17:28] Daily xong bước MẬT BẢO: đã chọn công thức cấp 6 và bấm Chế tạo Mật Bảo 20 lần
[2026-08-25T01:17:30] Daily xong bước MẬT BẢO: đã chọn công thức cấp 6 và bấm Chế tạo Mật Bảo 20 lần
[2026-08-25T01:17:37] Daily xong bước ĐIÊU KHẮC: đã bấm Đổi miễn phí và xác nhận Có trong KGĐK
[2026-08-25T01:17:39] Daily xong bước ĐIÊU KHẮC: đã bấm Đổi miễn phí và xác nhận Có trong KGĐK
[2026-08-25T01:17:41] Daily xong bước ĐIÊU KHẮC: đã bấm Đổi miễn phí và xác nhận Có trong KGĐK
[2026-08-25T01:18:28] Daily xong bước LẬT THẺ BÀI: đã phát bài, nhận thưởng và xác nhận Có 10/10 lượt
[2026-08-25T01:18:29] Daily xong bước LẬT THẺ BÀI: đã phát bài, nhận thưởng và xác nhận Có 10/10 lượt
[2026-08-25T01:18:37] Daily xong bước LẬT THẺ BÀI: đã phát bài, nhận thưởng và xác nhận Có 10/10 lượt
[2026-08-25T01:19:37] [DUNGEON] NPC open attempt 1: exact NPC count=0
[2026-08-25T01:19:48] [DUNGEON] NPC open attempt 2: exact NPC count=0
[2026-08-25T01:20:05] [DUNGEON] NPC open attempt 3: exact NPC count=0
[2026-08-25T01:20:05] Daily PHỤ BẢN lượt đầu: không mở được NPC Sử Giả Mở Phụ Bản bằng memory
[2026-08-25T01:20:05] Daily dừng tại PHỤ BẢN: không mở được NPC Sử Giả Mở Phụ Bản bằng memory
[2026-08-25T01:20:31] Daily PHỤ BẢN lượt đầu: Mê Huyễn Động: catalog lỗi: questViewList unavailable
[2026-08-25T01:20:31] Daily dừng tại PHỤ BẢN: Mê Huyễn Động: catalog lỗi: questViewList unavailable
[2026-08-25T01:20:53] Daily PHỤ BẢN lượt đầu: Liệt Diễm Thâm Uyên: questViewList getter returned null panel=0x24a470a0 slot=606 entry=0x3611120a call={'completed': False, 'skipped': True, 'detail': 'khong co thoi diem an toan de inject'}
[2026-08-25T01:20:53] Daily dừng tại PHỤ BẢN: Liệt Diễm Thâm Uyên: questViewList getter returned null panel=0x24a470a0 slot=606 entry=0x3611120a call={'completed': False, 'skipped': True, 'detail': 'khong co thoi diem an toan de inject'}
[2026-08-25T08:05:42] Daily TSk: client chưa mở, đang đăng nhập trước bước VIP...
[2026-08-25T08:05:42] [AUTO_START] WAIT_WINDOW attempt=1 pass=0 pid=11372 Flash launched at original size
[2026-08-25T08:05:46] [AUTO_START] START_CLICKED attempt=1 pass=0 pid=11372 Bắt đầu
[2026-08-25T08:05:48] Đã bắt đầu Daily theo cấu hình riêng: acc_3, acc_5
[2026-08-25T08:05:48] Daily luvy: client chưa mở, đang đăng nhập trước bước VIP...
[2026-08-25T08:05:48] [AUTO_START] WAIT_WINDOW attempt=1 pass=0 pid=13944 Flash launched at original size
[2026-08-25T08:05:51] [AUTO_START] START_CLICKED attempt=1 pass=0 pid=13944 Bắt đầu
[2026-08-25T08:05:52] [AUTO_START] RETRY_START attempt=1 pass=0 pid=11372 chua thay chon kenh, bam lai Bat dau
[2026-08-25T08:05:57] [AUTO_START] RETRY_START attempt=1 pass=0 pid=13944 chua thay chon kenh, bam lai Bat dau
[2026-08-25T08:05:58] [AUTO_START] START_CLICKED attempt=1 pass=0 pid=11372 Bắt đầu
[2026-08-25T08:06:00] [AUTO_START] START_CLICKED attempt=1 pass=0 pid=13944 Bắt đầu
[2026-08-25T08:06:04] [AUTO_START] RETRY_START attempt=1 pass=0 pid=11372 chua thay chon kenh, bam lai Bat dau
[2026-08-25T08:06:06] [AUTO_START] RETRY_START attempt=1 pass=0 pid=13944 chua thay chon kenh, bam lai Bat dau
[2026-08-25T08:06:11] [AUTO_START] START_CLICKED attempt=1 pass=0 pid=11372 Bắt đầu
[2026-08-25T08:06:14] [AUTO_START] CHANNEL_SELECTED attempt=1 pass=0 pid=11372 channel=(449, 308) choices=1
[2026-08-25T08:06:16] [AUTO_START] START_CLICKED attempt=1 pass=0 pid=13944 Bắt đầu
[2026-08-25T08:06:19] [AUTO_START] CHANNEL_SELECTED attempt=1 pass=0 pid=13944 channel=(449, 308) choices=1
[2026-08-25T08:06:19] [AUTO_START] ENTER_GAME_CLICKED attempt=1 pass=0 pid=11372 character_slot=1 slot_verified=True
[2026-08-25T08:06:24] [AUTO_START] ENTER_GAME_CLICKED attempt=1 pass=0 pid=13944 character_slot=1 slot_verified=True
[2026-08-25T08:06:26] [AUTO_START] MAP_READY_OPEN attempt=1 pass=0 pid=11372 Player=0x1b7860a0 Core=0x9f4b0d0 world=(3045,1401)
[2026-08-25T08:06:31] [AUTO_START] MAP_READY_OPEN attempt=1 pass=0 pid=13944 Player=0x1b0770a0 Core=0x13a830d0 world=(3100,1583)
[2026-08-25T08:06:34] [POPUP] đã đóng cache_notice
[2026-08-25T08:06:39] [POPUP] đã đóng cache_notice
[2026-08-25T08:06:42] Daily xong bước VIP: đã thử claim 5/5 dòng VIP
[2026-08-25T08:06:45] Daily xong bước VIP: đã thử claim 5/5 dòng VIP
[2026-08-25T08:06:53] Daily xong bước NHẬN THỜI TRANG: đã bấm Rút thưởng nhưng không thấy popup Chúc mừng — có thể lượt miễn phí hôm nay đã dùng, không tính là đã nhận
[2026-08-25T08:06:56] Daily xong bước NHẬN THỜI TRANG: đã bấm Rút thưởng nhưng không thấy popup Chúc mừng — có thể lượt miễn phí hôm nay đã dùng, không tính là đã nhận
[2026-08-25T08:07:36] Daily xong bước MẬT BẢO: đã chọn công thức cấp 6 và bấm Chế tạo Mật Bảo 20 lần
[2026-08-25T08:07:40] Daily xong bước MẬT BẢO: đã chọn công thức cấp 6 và bấm Chế tạo Mật Bảo 20 lần
[2026-08-25T08:07:47] Daily xong bước ĐIÊU KHẮC: đã bấm Đổi miễn phí và xác nhận Có trong KGĐK
[2026-08-25T08:07:50] Daily xong bước ĐIÊU KHẮC: đã bấm Đổi miễn phí và xác nhận Có trong KGĐK
[2026-08-25T08:07:55] Daily xong bước LẬT THẺ BÀI: panel Thẻ bài đã mở nhưng không thấy nút Bắt đầu phát bài (có thể đã hết lượt phát bài hôm nay)
[2026-08-25T08:07:56] [POPUP] chặn popup/panel chưa nhận diện có X tại (691, 103); không đóng
[2026-08-25T08:08:00] Daily xong bước LẬT THẺ BÀI: panel Thẻ bài đã mở nhưng không thấy nút Bắt đầu phát bài (có thể đã hết lượt phát bài hôm nay)
[2026-08-25T08:08:01] [POPUP] chặn popup/panel chưa nhận diện có X tại (691, 103); không đóng
[2026-08-25T08:08:26] [DUNGEON] NPC open attempt 1: invoke xong nhưng dialog chưa hiện
[2026-08-25T08:08:28] [POPUP] đã đóng npc_dialog
[2026-08-25T08:08:29] [DUNGEON] NPC open attempt 2: dismissed=['npc_dialog']
[2026-08-25T08:09:04] [POPUP] chặn popup/panel chưa nhận diện có X tại (691, 103); không đóng
[2026-08-25T08:09:05] [POPUP] chặn popup/panel chưa nhận diện có X tại (691, 103); không đóng
[2026-08-25T08:09:07] [POPUP] chặn popup/panel chưa nhận diện có X tại (691, 103); không đóng
[2026-08-25T08:09:20] [POPUP] chặn popup/panel chưa nhận diện có X tại (691, 103); không đóng
[2026-08-25T08:09:21] [POPUP] chặn popup/panel chưa nhận diện có X tại (691, 103); không đóng
[2026-08-25T08:09:23] [POPUP] chặn popup/panel chưa nhận diện có X tại (691, 103); không đóng
[2026-08-25T08:09:38] [POPUP] chặn popup/panel chưa nhận diện có X tại (691, 102); không đóng
[2026-08-25T08:09:39] [POPUP] chặn popup/panel chưa nhận diện có X tại (691, 102); không đóng
[2026-08-25T08:09:41] [POPUP] chặn popup/panel chưa nhận diện có X tại (691, 102); không đóng
[2026-08-25T08:09:55] [POPUP] chặn popup/panel chưa nhận diện có X tại (691, 103); không đóng
[2026-08-25T08:09:55] [POPUP] chặn popup/panel chưa nhận diện có X tại (691, 103); không đóng
[2026-08-25T08:09:58] [POPUP] chặn popup/panel chưa nhận diện có X tại (691, 103); không đóng
[2026-08-25T08:10:13] [POPUP] chặn popup/panel chưa nhận diện có X tại (691, 103); không đóng
[2026-08-25T08:10:14] [POPUP] chặn popup/panel chưa nhận diện có X tại (691, 103); không đóng
[2026-08-25T08:10:17] [POPUP] chặn popup/panel chưa nhận diện có X tại (691, 103); không đóng
[2026-08-25T08:10:47] Daily PHỤ BẢN lượt đầu: Kho Báu Đại Mạc: Nhận handler did not complete
[2026-08-25T08:10:47] Daily dừng tại PHỤ BẢN: Kho Báu Đại Mạc: Nhận handler did not complete
[2026-08-25T08:10:55] [POPUP] chặn popup/panel chưa nhận diện có X tại (691, 103); không đóng
[2026-08-25T08:10:55] [POPUP] chặn popup/panel chưa nhận diện có X tại (691, 103); không đóng
[2026-08-25T08:10:57] [POPUP] chặn popup/panel chưa nhận diện có X tại (691, 103); không đóng
[2026-08-25T08:11:20] [POPUP] chặn popup/panel chưa nhận diện có X tại (691, 103); không đóng
[2026-08-25T08:11:21] [POPUP] chặn popup/panel chưa nhận diện có X tại (691, 103); không đóng
[2026-08-25T08:11:23] [POPUP] chặn popup/panel chưa nhận diện có X tại (691, 103); không đóng
[2026-08-25T08:12:01] [POPUP] chặn popup/panel chưa nhận diện có X tại (691, 103); không đóng
[2026-08-25T08:12:02] [POPUP] chặn popup/panel chưa nhận diện có X tại (691, 103); không đóng
[2026-08-25T08:12:04] [POPUP] chặn popup/panel chưa nhận diện có X tại (691, 103); không đóng
[2026-08-25T08:12:27] [POPUP] chặn popup/panel chưa nhận diện có X tại (691, 103); không đóng
[2026-08-25T08:12:27] [POPUP] chặn popup/panel chưa nhận diện có X tại (691, 103); không đóng
[2026-08-25T08:12:29] [POPUP] chặn popup/panel chưa nhận diện có X tại (691, 103); không đóng
[2026-08-25T08:12:46] Daily PHỤ BẢN lượt đầu: Lục Tiên Cảnh: invalid quest list length atom=0x0
[2026-08-25T08:12:46] Daily dừng tại PHỤ BẢN: Lục Tiên Cảnh: invalid quest list length atom=0x0
[2026-08-25T09:05:29] Daily TSk: client chưa mở, đang đăng nhập trước bước VIP...
[2026-08-25T09:05:29] [AUTO_START] WAIT_WINDOW attempt=1 pass=0 pid=10512 Flash launched at original size
[2026-08-25T09:05:33] [AUTO_START] START_CLICKED attempt=1 pass=0 pid=10512 Bắt đầu
[2026-08-25T09:05:35] Đã bắt đầu Daily theo cấu hình riêng: acc_3, acc_5
[2026-08-25T09:05:35] Daily luvy: client chưa mở, đang đăng nhập trước bước VIP...
[2026-08-25T09:05:35] [AUTO_START] WAIT_WINDOW attempt=1 pass=0 pid=7160 Flash launched at original size
[2026-08-25T09:05:38] [AUTO_START] RETRY_START attempt=1 pass=0 pid=10512 chua thay chon kenh, bam lai Bat dau
[2026-08-25T09:05:39] [AUTO_START] START_CLICKED attempt=1 pass=0 pid=7160 Bắt đầu
[2026-08-25T09:05:45] [AUTO_START] START_CLICKED attempt=1 pass=0 pid=10512 Bắt đầu
[2026-08-25T09:05:45] [AUTO_START] RETRY_START attempt=1 pass=0 pid=7160 chua thay chon kenh, bam lai Bat dau
[2026-08-25T09:05:51] [AUTO_START] RETRY_START attempt=1 pass=0 pid=10512 chua thay chon kenh, bam lai Bat dau
[2026-08-25T09:05:57] [AUTO_START] START_CLICKED attempt=1 pass=0 pid=7160 Bắt đầu
[2026-08-25T09:06:00] [AUTO_START] START_CLICKED attempt=1 pass=0 pid=10512 Bắt đầu
[2026-08-25T09:06:03] [AUTO_START] CHANNEL_SELECTED attempt=1 pass=0 pid=10512 channel=(449, 308) choices=1
[2026-08-25T09:06:04] [AUTO_START] RETRY_START attempt=1 pass=0 pid=7160 chua thay chon kenh, bam lai Bat dau
[2026-08-25T09:06:07] [AUTO_START] START_CLICKED attempt=1 pass=0 pid=7160 Bắt đầu
[2026-08-25T09:06:08] [AUTO_START] ENTER_GAME_CLICKED attempt=1 pass=0 pid=10512 character_slot=1 slot_verified=True
[2026-08-25T09:06:10] [AUTO_START] CHANNEL_SELECTED attempt=1 pass=0 pid=7160 channel=(449, 308) choices=1
[2026-08-25T09:06:14] [AUTO_START] MAP_READY_OPEN attempt=1 pass=0 pid=10512 Player=0x1b5620a0 Core=0xfc940d0 world=(3045,1401)
[2026-08-25T09:06:17] [AUTO_START] ENTER_GAME_CLICKED attempt=1 pass=0 pid=7160 character_slot=1 slot_verified=True
[2026-08-25T09:06:23] [POPUP] đã đóng cache_notice
[2026-08-25T09:06:25] [AUTO_START] MAP_READY_OPEN attempt=1 pass=0 pid=7160 Player=0x1c3480a0 Core=0x164490d0 world=(3100,1583)
[2026-08-25T09:06:29] Daily xong bước VIP: đã thử claim 5/5 dòng VIP
[2026-08-25T09:06:34] [POPUP] đã đóng cache_notice
[2026-08-25T09:06:40] Daily xong bước VIP: đã thử claim 5/5 dòng VIP
[2026-08-25T09:06:41] Daily xong bước NHẬN THỜI TRANG: đã bấm Rút thưởng nhưng không thấy popup Chúc mừng — có thể lượt miễn phí hôm nay đã dùng, không tính là đã nhận
[2026-08-25T09:06:51] Daily xong bước NHẬN THỜI TRANG: đã bấm Rút thưởng nhưng không thấy popup Chúc mừng — có thể lượt miễn phí hôm nay đã dùng, không tính là đã nhận
[2026-08-25T09:07:24] Daily xong bước MẬT BẢO: đã chọn công thức cấp 6 và bấm Chế tạo Mật Bảo 20 lần
[2026-08-25T09:07:34] Daily xong bước MẬT BẢO: đã chọn công thức cấp 6 và bấm Chế tạo Mật Bảo 20 lần
[2026-08-25T09:07:34] Daily xong bước ĐIÊU KHẮC: đã bấm Đổi miễn phí và xác nhận Có trong KGĐK
[2026-08-25T09:07:43] Daily xong bước LẬT THẺ BÀI: panel Thẻ bài đã mở nhưng không thấy nút Bắt đầu phát bài (có thể đã hết lượt phát bài hôm nay)
[2026-08-25T09:07:44] Daily xong bước ĐIÊU KHẮC: đã bấm Đổi miễn phí và xác nhận Có trong KGĐK
[2026-08-25T09:07:57] Daily xong bước LẬT THẺ BÀI: panel Thẻ bài đã mở nhưng không thấy nút Bắt đầu phát bài (có thể đã hết lượt phát bài hôm nay)
[2026-08-25T09:08:25] [DUNGEON] NPC open attempt 1: exact NPC count=0
[2026-08-25T09:08:36] [DUNGEON] NPC open attempt 2: exact NPC count=0
[2026-08-25T09:08:52] [DUNGEON] NPC open attempt 3: exact NPC count=0
[2026-08-25T09:09:10] [DUNGEON] NPC open attempt 4: exact NPC count=0
[2026-08-25T09:09:22] [DUNGEON] NPC open attempt 5: exact NPC count=0
[2026-08-25T09:09:34] [DUNGEON] NPC open attempt 6: exact NPC count=0
[2026-08-25T09:09:49] [DUNGEON] NPC open attempt 7: exact NPC count=0
[2026-08-25T09:10:06] [DUNGEON] NPC open attempt 8: exact NPC count=0
[2026-08-25T09:10:08] Daily PHỤ BẢN lượt đầu: không mở được NPC Sử Giả Mở Phụ Bản bằng memory
[2026-08-25T09:10:08] Daily dừng tại PHỤ BẢN: không mở được NPC Sử Giả Mở Phụ Bản bằng memory
[2026-08-25T09:12:23] Daily PHỤ BẢN lượt đầu: Trở Lại Lang Huyệt: Nhận handler did not complete
[2026-08-25T09:12:23] Daily dừng tại PHỤ BẢN: Trở Lại Lang Huyệt: Nhận handler did not complete
[2026-08-25T09:15:39] [POPUP] chặn popup/panel chưa nhận diện có X tại (658, 108); không đóng
[2026-08-25T09:15:39] Daily dừng tại VIP: popup guard: unknown_modal_blocked
[2026-08-25T09:15:44] Đã bắt đầu Daily theo cấu hình riêng: acc_3, acc_5
[2026-08-25T09:15:50] Daily xong bước VIP: đã thử claim 5/5 dòng VIP
[2026-08-25T09:16:02] Daily xong bước NHẬN THỜI TRANG: đã bấm Rút thưởng nhưng không thấy popup Chúc mừng — có thể lượt miễn phí hôm nay đã dùng, không tính là đã nhận
[2026-08-25T09:16:16] Daily dừng tại MẬT BẢO: đã bấm công thức nhưng cột nguyên liệu chưa đổi; không được bấm Chế tạo
[2026-08-25T09:36:29] [AUTO_START] WAIT_WINDOW attempt=1 pass=0 pid=380 Flash launched at original size
[2026-08-25T09:36:32] [AUTO_START] START_CLICKED attempt=1 pass=0 pid=380 Bắt đầu
[2026-08-25T09:36:37] [AUTO_START] RETRY_START attempt=1 pass=0 pid=380 chua thay chon kenh, bam lai Bat dau
[2026-08-25T09:36:40] [AUTO_START] START_CLICKED attempt=1 pass=0 pid=380 Bắt đầu
[2026-08-25T09:36:45] [AUTO_START] RETRY_START attempt=1 pass=0 pid=380 chua thay chon kenh, bam lai Bat dau
[2026-08-25T09:36:56] [AUTO_START] START_CLICKED attempt=1 pass=0 pid=380 Bắt đầu
[2026-08-25T09:36:59] [AUTO_START] CHANNEL_SELECTED attempt=1 pass=0 pid=380 channel=(449, 308) choices=1
[2026-08-25T09:37:02] [AUTO_START] ENTER_GAME_CLICKED attempt=1 pass=0 pid=380 character_slot=1 slot_verified=True
[2026-08-25T09:37:08] [AUTO_START] MAP_READY_OPEN attempt=1 pass=0 pid=380 Player=0x126900a0 Core=0xad650d0 world=(3045,1401)
[2026-08-25T09:37:17] [POPUP] đã đóng cache_notice
[2026-08-25T09:39:12] Daily CB: client chưa mở, đang đăng nhập trước bước VIP...
[2026-08-25T09:39:12] [AUTO_START] WAIT_WINDOW attempt=1 pass=0 pid=15188 Flash launched at original size
[2026-08-25T09:39:17] [AUTO_START] START_CLICKED attempt=1 pass=0 pid=15188 Bắt đầu
[2026-08-25T09:39:18] Daily pepsi: client chưa mở, đang đăng nhập trước bước VIP...
[2026-08-25T09:39:18] [AUTO_START] WAIT_WINDOW attempt=1 pass=0 pid=13288 Flash launched at original size
[2026-08-25T09:39:22] [AUTO_START] RETRY_START attempt=1 pass=0 pid=15188 chua thay chon kenh, bam lai Bat dau
[2026-08-25T09:39:23] [AUTO_START] START_CLICKED attempt=1 pass=0 pid=13288 Bắt đầu
[2026-08-25T09:39:26] [AUTO_START] START_CLICKED attempt=1 pass=0 pid=15188 Bắt đầu
[2026-08-25T09:39:29] Daily xong bước VIP: đã thử claim 5/5 dòng VIP
[2026-08-25T09:39:29] [AUTO_START] RETRY_START attempt=1 pass=0 pid=13288 chua thay chon kenh, bam lai Bat dau
[2026-08-25T09:39:30] Đã bắt đầu Daily theo cấu hình riêng: acc_1, acc_2, acc_3, acc_5
[2026-08-25T09:39:30] Daily luvy: client chưa mở, đang đăng nhập trước bước VIP...
[2026-08-25T09:39:30] [AUTO_START] WAIT_WINDOW attempt=1 pass=0 pid=14428 Flash launched at original size
[2026-08-25T09:39:32] [AUTO_START] CHANNEL_SELECTED attempt=1 pass=0 pid=15188 channel=(552, 307) choices=2
[2026-08-25T09:39:33] [AUTO_START] START_CLICKED attempt=1 pass=0 pid=13288 Bắt đầu
[2026-08-25T09:39:34] [AUTO_START] START_CLICKED attempt=1 pass=0 pid=14428 Bắt đầu
[2026-08-25T09:39:40] [AUTO_START] RETRY_START attempt=1 pass=0 pid=13288 chua thay chon kenh, bam lai Bat dau
[2026-08-25T09:39:40] Daily xong bước NHẬN THỜI TRANG: đã bấm Rút thưởng nhưng không thấy popup Chúc mừng — có thể lượt miễn phí hôm nay đã dùng, không tính là đã nhận
[2026-08-25T09:39:41] [AUTO_START] RETRY_START attempt=1 pass=0 pid=14428 chua thay chon kenh, bam lai Bat dau
[2026-08-25T09:39:48] [AUTO_START] START_CLICKED attempt=1 pass=0 pid=13288 Bắt đầu
[2026-08-25T09:39:52] [AUTO_START] CHANNEL_SELECTED attempt=1 pass=0 pid=13288 channel=(449, 308) choices=1
[2026-08-25T09:39:58] [AUTO_START] ENTER_GAME_CLICKED attempt=1 pass=0 pid=13288 character_slot=1 slot_verified=True
[2026-08-25T09:39:59] [AUTO_START] START_CLICKED attempt=1 pass=0 pid=14428 Bắt đầu
[2026-08-25T09:40:05] [AUTO_START] MAP_READY_OPEN attempt=1 pass=0 pid=13288 Player=0x116b10a0 Core=0x167d20d0 world=(675,211)
[2026-08-25T09:40:05] [AUTO_START] CHANNEL_SELECTED attempt=1 pass=0 pid=14428 channel=(449, 308) choices=1
[2026-08-25T09:40:10] [AUTO_START] ENTER_GAME_CLICKED attempt=1 pass=0 pid=14428 character_slot=1 slot_verified=True
[2026-08-25T09:40:12] [POPUP] đã đóng cache_notice
[2026-08-25T09:40:18] [AUTO_START] MAP_READY_OPEN attempt=1 pass=0 pid=14428 Player=0x1bdcd0a0 Core=0xb9040d0 world=(3100,1583)
[2026-08-25T09:40:19] Daily xong bước VIP: đã thử claim 5/5 dòng VIP
[2026-08-25T09:40:25] Daily xong bước MẬT BẢO: đã chọn công thức cấp 6 và bấm Chế tạo Mật Bảo 20 lần
[2026-08-25T09:40:28] [POPUP] đã đóng cache_notice
[2026-08-25T09:40:29] Daily xong bước NHẬN THỜI TRANG: đã Rút Bộ thường, bấm Xác nhận và đọc lại popup đã đóng
[2026-08-25T09:40:34] Daily xong bước VIP: đã thử claim 5/5 dòng VIP
[2026-08-25T09:40:37] Daily xong bước ĐIÊU KHẮC: đã bấm Đổi miễn phí và xác nhận Có trong KGĐK
[2026-08-25T09:40:45] Daily xong bước NHẬN THỜI TRANG: đã bấm Rút thưởng nhưng không thấy popup Chúc mừng — có thể lượt miễn phí hôm nay đã dùng, không tính là đã nhận
[2026-08-25T09:40:46] Daily xong bước LẬT THẺ BÀI: panel Thẻ bài đã mở nhưng không thấy nút Bắt đầu phát bài (có thể đã hết lượt phát bài hôm nay)
[2026-08-25T09:41:14] Daily xong bước MẬT BẢO: đã chọn công thức cấp 6 và bấm Chế tạo Mật Bảo 20 lần
[2026-08-25T09:41:25] Daily xong bước ĐIÊU KHẮC: đã bấm Đổi miễn phí và xác nhận Có trong KGĐK
[2026-08-25T09:41:31] Daily xong bước MẬT BẢO: đã chọn công thức cấp 5 và bấm Chế tạo Mật Bảo 20 lần
[2026-08-25T09:41:36] Daily PHỤ BẢN lượt đầu: Trở Lại Lang Huyệt: Xong qua memory chưa có readback
[2026-08-25T09:41:36] Daily dừng tại PHỤ BẢN: Trở Lại Lang Huyệt: Xong qua memory chưa có readback
[2026-08-25T09:41:43] Daily xong bước ĐIÊU KHẮC: đã bấm Đổi miễn phí và xác nhận Có trong KGĐK
[2026-08-25T09:41:47] [AUTO_START] FAILED_CLOSED attempt=1 pass=0 pid=15188 timeout before rooted map
[2026-08-25T09:41:47] Daily CB: đăng nhập lần 1 chưa vào map; thử lại.
[2026-08-25T09:41:50] [AUTO_START] WAIT_WINDOW attempt=1 pass=0 pid=10312 Flash launched at original size
[2026-08-25T09:41:52] [AUTO_START] START_CLICKED attempt=1 pass=0 pid=10312 Bắt đầu
[2026-08-25T09:41:54] Daily xong bước LẬT THẺ BÀI: panel Thẻ bài đã mở nhưng không thấy nút Bắt đầu phát bài (có thể đã hết lượt phát bài hôm nay)
[2026-08-25T09:42:07] [AUTO_START] RETRY_START attempt=1 pass=0 pid=10312 chua thay chon kenh, bam lai Bat dau
[2026-08-25T09:42:11] [DUNGEON] NPC open attempt 1: exact NPC count=0
[2026-08-25T09:42:11] [AUTO_START] START_CLICKED attempt=1 pass=0 pid=10312 Bắt đầu
[2026-08-25T09:42:19] [AUTO_START] RETRY_START attempt=1 pass=0 pid=10312 chua thay chon kenh, bam lai Bat dau
[2026-08-25T09:42:21] Daily xong bước LẬT THẺ BÀI: đã phát bài, nhận thưởng và xác nhận Có 10/10 lượt
[2026-08-25T09:42:29] [DUNGEON] NPC open attempt 2: exact NPC count=0
[2026-08-25T09:42:30] [AUTO_START] START_CLICKED attempt=1 pass=0 pid=10312 Bắt đầu
[2026-08-25T09:42:59] [AUTO_START] CHANNEL_SELECTED attempt=1 pass=0 pid=10312 channel=(449, 308) choices=1
[2026-08-25T09:43:06] [DUNGEON] NPC open attempt 1: exact NPC count=0
[2026-08-25T09:43:28] [DUNGEON] NPC open attempt 2: exact NPC count=0
[2026-08-25T09:43:30] [AUTO_START] ENTER_GAME_CLICKED attempt=1 pass=0 pid=10312 character_slot=1 slot_verified=True
[2026-08-25T09:43:44] Daily PHỤ BẢN lượt đầu: Kho Báu Đại Mạc: Xong qua memory chưa có readback
[2026-08-25T09:43:44] Daily dừng tại PHỤ BẢN: Kho Báu Đại Mạc: Xong qua memory chưa có readback
[2026-08-25T09:43:51] [AUTO_START] MAP_READY_OPEN attempt=1 pass=0 pid=10312 Player=0x1d5610a0 Core=0x15d930d0 world=(3030,1386)
[2026-08-25T09:44:01] [POPUP] đã đóng cache_notice
[2026-08-25T09:44:07] Daily xong bước VIP: đã thử claim 5/5 dòng VIP
[2026-08-25T09:44:18] Daily xong bước NHẬN THỜI TRANG: đã bấm Rút thưởng nhưng không thấy popup Chúc mừng — có thể lượt miễn phí hôm nay đã dùng, không tính là đã nhận
[2026-08-25T09:45:06] Daily xong bước MẬT BẢO: đã chọn công thức cấp 6 và bấm Chế tạo Mật Bảo 20 lần
[2026-08-25T09:45:17] Daily xong bước ĐIÊU KHẮC: đã bấm Đổi miễn phí và xác nhận Có trong KGĐK
[2026-08-25T09:45:23] Daily xong bước LẬT THẺ BÀI: panel Thẻ bài đã mở nhưng không thấy nút Bắt đầu phát bài (có thể đã hết lượt phát bài hôm nay)
[2026-08-25T09:48:51] [DUNGEON] Auto PB toolbar scan arrow=NutXuong.png score=0.990 box=(363, 28, 21, 23)
[2026-08-25T09:48:51] [DUNGEON] Auto PB panel visible after guarded toolbar click
[2026-08-25T09:48:54] [DUNGEON] Claim Liệt Diễm Thâm Uyên: button score=0.940 box=(202, 280, 60, 19) evidence=C:\Users\Administrator\Desktop\New folder\fbh_v2_ttt_fixed-20260709T181609Z-2-001\fbh_multi_account_infinite_auto\dev_supervisor_target_a_v2_20260814\logs\auto_pb_claim_10312_Liệt Diễm Thâm Uyên_1787626134.png
[2026-08-25T09:48:55] [DUNGEON] Claim Liệt Diễm Thâm Uyên: readback start PASS
[2026-08-25T09:49:08] [POPUP] chặn popup/panel chưa nhận diện có X tại (798, 78); không đóng
[2026-08-25T09:49:19] [POPUP] chặn popup/panel chưa nhận diện có X tại (798, 78); không đóng
[2026-08-25T09:49:24] Daily PHỤ BẢN lượt đầu: Liệt Diễm Thâm Uyên:claim; Liệt Diễm Thâm Uyên:start; Thám Hiểm:start
[2026-08-25T09:49:24] Daily xong bước PHỤ BẢN: Liệt Diễm Thâm Uyên:claim; Liệt Diễm Thâm Uyên:start; Thám Hiểm:start
[2026-08-25T09:50:01] Daily xong bước HÀNH LANG: đã bấm Nhận Quà Hàng Ngày tại Hành Lang
[2026-08-25T09:50:48] Đã bắt đầu Daily theo cấu hình riêng: acc_2
[2026-08-25T09:50:56] Daily xong bước VIP: đã thử claim 5/5 dòng VIP
[2026-08-25T09:51:09] Daily xong bước NHẬN THỜI TRANG: đã bấm Rút thưởng nhưng không thấy popup Chúc mừng — có thể lượt miễn phí hôm nay đã dùng, không tính là đã nhận
[2026-08-25T09:51:25] Daily dừng tại MẬT BẢO: đã bấm công thức cấp 6 nhưng cột nguyên liệu chưa đổi; không được bấm Chế tạo
[2026-08-25T09:52:35] Đã bắt đầu Daily theo cấu hình riêng: acc_2
[2026-08-25T09:52:35] [POPUP] chặn popup/panel chưa nhận diện có X tại (678, 58); không đóng
[2026-08-25T09:52:35] Daily dừng tại VIP: popup guard: unknown_modal_blocked
[2026-08-25T09:55:13] Đã bắt đầu Daily theo cấu hình riêng: acc_2
[2026-08-25T09:55:21] Daily xong bước VIP: đã thử claim 5/5 dòng VIP
[2026-08-25T09:55:34] Daily xong bước NHẬN THỜI TRANG: đã bấm Rút thưởng nhưng không thấy popup Chúc mừng — có thể lượt miễn phí hôm nay đã dùng, không tính là đã nhận
[2026-08-25T09:56:19] Daily xong bước MẬT BẢO: đã chọn công thức cấp 5 và bấm Chế tạo Mật Bảo 20 lần
[2026-08-25T09:56:32] Daily xong bước ĐIÊU KHẮC: đã bấm Đổi miễn phí và xác nhận Có trong KGĐK
[2026-08-25T09:56:44] Daily xong bước LẬT THẺ BÀI: panel Thẻ bài đã mở nhưng không thấy nút Bắt đầu phát bài (có thể đã hết lượt phát bài hôm nay)
[2026-08-25T09:59:18] [DUNGEON] Auto PB toolbar scan arrow=NutXuong.png score=0.990 box=(313, 28, 21, 23)
[2026-08-25T09:59:21] [DUNGEON] Auto PB panel visible after guarded toolbar click
[2026-08-25T09:59:26] [POPUP] chặn popup/panel chưa nhận diện có X tại (798, 78); không đóng
[2026-08-25T09:59:35] [POPUP] chặn popup/panel chưa nhận diện có X tại (798, 78); không đóng
[2026-08-25T09:59:47] [POPUP] chặn popup/panel chưa nhận diện có X tại (798, 78); không đóng
[2026-08-25T09:59:58] [POPUP] chặn popup/panel chưa nhận diện có X tại (798, 78); không đóng
[2026-08-25T10:00:10] [POPUP] chặn popup/panel chưa nhận diện có X tại (798, 78); không đóng
[2026-08-25T10:00:15] [DUNGEON] Claim Thám Hiểm: button score=1.000 box=(428, 177, 60, 19) evidence=C:\Users\Administrator\Desktop\New folder\fbh_v2_ttt_fixed-20260709T181609Z-2-001\fbh_multi_account_infinite_auto\dev_supervisor_target_a_v2_20260814\logs\auto_pb_claim_13288_Thám Hiểm_1787626815.png
[2026-08-25T10:00:16] [DUNGEON] Claim Thám Hiểm: readback start PASS
[2026-08-25T10:00:21] [POPUP] chặn popup/panel chưa nhận diện có X tại (798, 78); không đóng
[2026-08-25T10:00:29] Daily PHỤ BẢN lượt đầu: Mê Huyễn Động:start; Kho Báu Đại Mạc:start; Lục Tiên Cảnh:start; Liệt Diễm Thâm Uyên:start; Thế Giới Số:start; Thám Hiểm:claim; Thám Hiểm:start
[2026-08-25T10:00:29] Daily xong bước PHỤ BẢN: Mê Huyễn Động:start; Kho Báu Đại Mạc:start; Lục Tiên Cảnh:start; Liệt Diễm Thâm Uyên:start; Thế Giới Số:start; Thám Hiểm:claim; Thám Hiểm:start
[2026-08-25T10:00:44] Daily dừng tại HÀNH LANG: không tới Quyến Cố Thành: world map did not open
[2026-08-25T10:01:18] Đã bắt đầu Daily theo cấu hình riêng: acc_2
[2026-08-25T10:01:25] Daily xong bước VIP: đã thử claim 5/5 dòng VIP
[2026-08-25T10:01:38] Daily xong bước NHẬN THỜI TRANG: đã bấm Rút thưởng nhưng không thấy popup Chúc mừng — có thể lượt miễn phí hôm nay đã dùng, không tính là đã nhận
[2026-08-25T10:01:55] Daily dừng tại MẬT BẢO: đã bấm công thức cấp 5 nhưng cột nguyên liệu chưa đổi; không được bấm Chế tạo
[2026-08-25T10:11:17] Đã bắt đầu Daily theo cấu hình riêng: acc_1
[2026-08-25T10:11:17] Daily CB: client chưa mở, đang đăng nhập trước bước VIP...
[2026-08-25T10:11:17] [AUTO_START] WAIT_WINDOW attempt=1 pass=0 pid=14960 Flash launched at original size
[2026-08-25T10:11:21] [AUTO_START] START_CLICKED attempt=1 pass=0 pid=14960 Bắt đầu
[2026-08-25T10:11:26] [AUTO_START] RETRY_START attempt=1 pass=0 pid=14960 chua thay chon kenh, bam lai Bat dau
[2026-08-25T10:11:28] [AUTO_START] START_CLICKED attempt=1 pass=0 pid=14960 Bắt đầu
[2026-08-25T10:11:33] [AUTO_START] RETRY_START attempt=1 pass=0 pid=14960 chua thay chon kenh, bam lai Bat dau
[2026-08-25T10:11:44] [AUTO_START] START_CLICKED attempt=1 pass=0 pid=14960 Bắt đầu
[2026-08-25T10:11:47] [AUTO_START] CHANNEL_SELECTED attempt=1 pass=0 pid=14960 channel=(449, 308) choices=1
[2026-08-25T10:11:51] [AUTO_START] ENTER_GAME_CLICKED attempt=1 pass=0 pid=14960 character_slot=1 slot_verified=True
[2026-08-25T10:11:56] [AUTO_START] MAP_READY_OPEN attempt=1 pass=0 pid=14960 Player=0x14ca70a0 Core=0x80580d0 world=(1225,522)
[2026-08-25T10:12:03] [POPUP] đã đóng cache_notice
[2026-08-25T10:12:09] Daily xong bước VIP: đã thử claim 5/5 dòng VIP
[2026-08-25T10:12:20] Daily xong bước NHẬN THỜI TRANG: đã bấm Rút thưởng nhưng không thấy popup Chúc mừng — có thể lượt miễn phí hôm nay đã dùng, không tính là đã nhận
[2026-08-25T10:13:03] Daily xong bước MẬT BẢO: đã chọn công thức cấp 6 và bấm Chế tạo Mật Bảo 20 lần
[2026-08-25T10:13:13] Daily xong bước ĐIÊU KHẮC: đã bấm Đổi miễn phí và xác nhận Có trong KGĐK
[2026-08-25T10:13:19] Daily xong bước LẬT THẺ BÀI: panel Thẻ bài đã mở nhưng không thấy nút Bắt đầu phát bài (có thể đã hết lượt phát bài hôm nay)
[2026-08-25T10:13:19] [DUNGEON] Auto PB toolbar scan arrow=NutXuong.png score=0.990 box=(363, 28, 21, 23)
[2026-08-25T10:13:20] [DUNGEON] Auto PB panel visible after guarded toolbar click
[2026-08-25T10:13:24] [DUNGEON] Claim Liệt Diễm Thâm Uyên: panel/page gate failed
[2026-08-25T10:13:24] Daily PHỤ BẢN lượt đầu: Liệt Diễm Thâm Uyên: claim không có readback
[2026-08-25T10:13:24] Daily dừng tại PHỤ BẢN: Liệt Diễm Thâm Uyên: claim không có readback
[2026-08-25T10:17:51] Đã bắt đầu Daily theo cấu hình riêng: acc_1
[2026-08-25T10:17:56] Daily xong bước VIP: đã thử claim 5/5 dòng VIP
[2026-08-25T10:18:07] Daily xong bước NHẬN THỜI TRANG: đã bấm Rút thưởng nhưng không thấy popup Chúc mừng — có thể lượt miễn phí hôm nay đã dùng, không tính là đã nhận
[2026-08-25T10:18:20] Daily dừng tại MẬT BẢO: đã bấm công thức cấp 6 nhưng cột nguyên liệu chưa đổi; không được bấm Chế tạo
[2026-08-25T10:20:29] Đã bắt đầu Daily theo cấu hình riêng: acc_1
[2026-08-25T10:20:35] Daily xong bước VIP: đã thử claim 5/5 dòng VIP
[2026-08-25T10:20:45] Daily xong bước NHẬN THỜI TRANG: đã bấm Rút thưởng nhưng không thấy popup Chúc mừng — có thể lượt miễn phí hôm nay đã dùng, không tính là đã nhận
[2026-08-25T10:20:56] Daily xong bước ĐIÊU KHẮC: đã bấm Đổi miễn phí và xác nhận Có trong KGĐK
[2026-08-25T10:20:56] [DUNGEON] Auto PB toolbar scan arrow=NutXuong.png score=0.474 box=(314, 25, 21, 23)
[2026-08-25T10:20:57] [DUNGEON] Auto PB toolbar scan arrow=NutLen.png score=0.474 box=(314, 25, 21, 23)
[2026-08-25T10:20:58] [DUNGEON] Auto PB toolbar scan arrow=NutLen.png score=0.478 box=(409, 35, 21, 23)
[2026-08-25T10:20:59] [DUNGEON] Auto PB toolbar scan arrow=NutLen.png score=0.990 box=(363, 28, 21, 23)
[2026-08-25T10:21:00] [DUNGEON] Auto PB panel visible after guarded toolbar click
[2026-08-25T10:21:01] [DUNGEON] Claim Liệt Diễm Thâm Uyên: button score=0.940 box=(202, 280, 60, 19) evidence=C:\Users\Administrator\Desktop\New folder\fbh_v2_ttt_fixed-20260709T181609Z-2-001\fbh_multi_account_infinite_auto\dev_supervisor_target_a_v2_20260814\logs\auto_pb_claim_14960_Liệt Diễm Thâm Uyên_1787628061.png
[2026-08-25T10:21:02] [DUNGEON] Claim Liệt Diễm Thâm Uyên: readback start PASS
[2026-08-25T10:21:05] [DUNGEON] Claim Thám Hiểm: button score=1.000 box=(428, 177, 60, 19) evidence=C:\Users\Administrator\Desktop\New folder\fbh_v2_ttt_fixed-20260709T181609Z-2-001\fbh_multi_account_infinite_auto\dev_supervisor_target_a_v2_20260814\logs\auto_pb_claim_14960_Thám Hiểm_1787628065.png
[2026-08-25T10:21:06] [DUNGEON] Claim Thám Hiểm: readback start PASS
[2026-08-25T10:21:11] [POPUP] chặn popup/panel chưa nhận diện có X tại (798, 78); không đóng
[2026-08-25T10:21:16] Daily PHỤ BẢN lượt đầu: Liệt Diễm Thâm Uyên:claim; Thám Hiểm:claim; Thám Hiểm:start
[2026-08-25T10:21:16] Daily xong bước PHỤ BẢN: Liệt Diễm Thâm Uyên:claim; Thám Hiểm:claim; Thám Hiểm:start
[2026-08-25T10:21:29] Daily xong bước HÀNH LANG: đã bấm Nhận Quà Hàng Ngày tại Hành Lang
[2026-08-25T10:21:44] Daily xong bước TU HÀNH: đã bấm đúng Bắt đầu → Có cho TU HÀNH
[2026-08-25T10:21:44] Daily: đã đóng Flash sau Auto phụ bản checkpoint 1; chờ 20 phút.
[2026-08-25T10:35:21] Daily luvy: client chưa mở, đang đăng nhập trước bước ĐIÊU KHẮC...
[2026-08-25T10:35:21] [AUTO_START] WAIT_WINDOW attempt=1 pass=0 pid=12412 Flash launched at original size
[2026-08-25T10:35:25] [AUTO_START] START_CLICKED attempt=1 pass=0 pid=12412 Bắt đầu
[2026-08-25T10:35:27] Đã bắt đầu Daily theo cấu hình riêng: acc_5, acc_2
[2026-08-25T10:35:33] [AUTO_START] RETRY_START attempt=1 pass=0 pid=12412 chua thay chon kenh, bam lai Bat dau
[2026-08-25T10:35:36] [AUTO_START] START_CLICKED attempt=1 pass=0 pid=12412 Bắt đầu
[2026-08-25T10:35:38] [AUTO_START] CHANNEL_SELECTED attempt=1 pass=0 pid=12412 channel=(465, 291) choices=2
[2026-08-25T10:35:40] Daily xong bước ĐIÊU KHẮC: đã bấm Đổi miễn phí và xác nhận Có trong KGĐK
[2026-08-25T10:35:53] Daily xong bước LẬT THẺ BÀI: panel Thẻ bài đã mở nhưng không thấy nút Bắt đầu phát bài (có thể đã hết lượt phát bài hôm nay)
[2026-08-25T10:35:59] [DUNGEON] Auto PB toolbar scan arrow=NutXuong.png score=0.990 box=(313, 28, 21, 23)
[2026-08-25T10:36:03] [DUNGEON] Auto PB panel visible after guarded toolbar click
[2026-08-25T10:36:06] [DUNGEON] Claim Mê Huyễn Động: button score=0.940 box=(202, 177, 60, 19) evidence=C:\Users\Administrator\Desktop\New folder\fbh_v2_ttt_fixed-20260709T181609Z-2-001\fbh_multi_account_infinite_auto\dev_supervisor_target_a_v2_20260814\logs\auto_pb_claim_13288_Mê Huyễn Động_1787628965.png
[2026-08-25T10:36:06] [DUNGEON] Claim Mê Huyễn Động: readback start PASS
[2026-08-25T10:36:09] [DUNGEON] Claim Kho Báu Đại Mạc: button score=1.000 box=(428, 177, 60, 19) evidence=C:\Users\Administrator\Desktop\New folder\fbh_v2_ttt_fixed-20260709T181609Z-2-001\fbh_multi_account_infinite_auto\dev_supervisor_target_a_v2_20260814\logs\auto_pb_claim_13288_Kho Báu Đại Mạc_1787628969.png
[2026-08-25T10:36:10] [DUNGEON] Claim Kho Báu Đại Mạc: readback start PASS
[2026-08-25T10:36:13] [DUNGEON] Claim Lục Tiên Cảnh: button score=1.000 box=(654, 177, 60, 19) evidence=C:\Users\Administrator\Desktop\New folder\fbh_v2_ttt_fixed-20260709T181609Z-2-001\fbh_multi_account_infinite_auto\dev_supervisor_target_a_v2_20260814\logs\auto_pb_claim_13288_Lục Tiên Cảnh_1787628973.png
[2026-08-25T10:36:14] [DUNGEON] Claim Lục Tiên Cảnh: readback start PASS
[2026-08-25T10:36:19] Daily PHỤ BẢN lượt đầu: Lục Tiên Cảnh: không mở được đúng page Auto PB
[2026-08-25T10:36:19] Daily dừng tại PHỤ BẢN: Lục Tiên Cảnh: không mở được đúng page Auto PB
[2026-08-25T10:37:53] [AUTO_START] FAILED_CLOSED attempt=1 pass=0 pid=12412 timeout before rooted map
[2026-08-25T10:37:53] Daily luvy: đăng nhập lần 1 chưa vào map; thử lại.
[2026-08-25T10:37:56] [AUTO_START] WAIT_WINDOW attempt=1 pass=0 pid=15072 Flash launched at original size
[2026-08-25T10:38:01] [AUTO_START] START_CLICKED attempt=1 pass=0 pid=15072 Bắt đầu
[2026-08-25T10:38:06] [AUTO_START] RETRY_START attempt=1 pass=0 pid=15072 chua thay chon kenh, bam lai Bat dau
[2026-08-25T10:38:09] [AUTO_START] START_CLICKED attempt=1 pass=0 pid=15072 Bắt đầu
[2026-08-25T10:38:12] [AUTO_START] RETRY_AFTER_ALERT attempt=1 pass=0 pid=15072 lan 1/5: nut=0.305 hthoai=0.117
[2026-08-25T10:38:15] [AUTO_START] START_CLICKED attempt=1 pass=0 pid=15072 Bắt đầu
[2026-08-25T10:38:18] [AUTO_START] RETRY_AFTER_ALERT attempt=1 pass=0 pid=15072 lan 2/5: nut=0.305 hthoai=0.117
[2026-08-25T10:38:21] [AUTO_START] START_CLICKED attempt=1 pass=0 pid=15072 Bắt đầu
[2026-08-25T10:38:26] [AUTO_START] RETRY_START attempt=1 pass=0 pid=15072 chua thay chon kenh, bam lai Bat dau
[2026-08-25T10:38:29] [AUTO_START] START_CLICKED attempt=1 pass=0 pid=15072 Bắt đầu
[2026-08-25T10:38:32] [AUTO_START] CHANNEL_SELECTED attempt=1 pass=0 pid=15072 channel=(449, 308) choices=1
[2026-08-25T10:38:36] [AUTO_START] ENTER_GAME_CLICKED attempt=1 pass=0 pid=15072 character_slot=1 slot_verified=True
[2026-08-25T10:38:42] [AUTO_START] MAP_READY_OPEN attempt=1 pass=0 pid=15072 Player=0x1cba20a0 Core=0x158900d0 world=(3100,1583)
[2026-08-25T10:38:50] [POPUP] đã đóng cache_notice
[2026-08-25T10:39:01] Daily xong bước ĐIÊU KHẮC: đã bấm Đổi miễn phí và xác nhận Có trong KGĐK
[2026-08-25T10:39:04] [POPUP] đã đóng cache_notice
[2026-08-25T10:39:14] Daily xong bước LẬT THẺ BÀI: panel Thẻ bài đã mở nhưng không thấy nút Bắt đầu phát bài (có thể đã hết lượt phát bài hôm nay)
[2026-08-25T10:39:26] [DUNGEON] NPC open attempt 1: exact NPC count=0
[2026-08-25T10:39:34] [DUNGEON] NPC open attempt 2: exact NPC count=0
[2026-08-25T10:40:11] Daily PHỤ BẢN lượt đầu: Kho Báu Đại Mạc: Xong qua memory chưa có readback
[2026-08-25T10:40:11] Daily dừng tại PHỤ BẢN: Kho Báu Đại Mạc: Xong qua memory chưa có readback
[2026-08-25T10:41:45] Daily CB: client chưa mở, đang đăng nhập trước bước mở lại sau Auto phụ bản checkpoint 1...
[2026-08-25T10:41:45] [AUTO_START] WAIT_WINDOW attempt=1 pass=0 pid=2600 Flash launched at original size
[2026-08-25T10:41:50] [AUTO_START] START_CLICKED attempt=1 pass=0 pid=2600 Bắt đầu
[2026-08-25T10:41:55] [AUTO_START] RETRY_START attempt=1 pass=0 pid=2600 chua thay chon kenh, bam lai Bat dau
[2026-08-25T10:42:11] [AUTO_START] START_CLICKED attempt=1 pass=0 pid=2600 Bắt đầu
[2026-08-25T10:42:14] [AUTO_START] CHANNEL_SELECTED attempt=1 pass=0 pid=2600 channel=(449, 308) choices=1
[2026-08-25T10:42:18] [AUTO_START] ENTER_GAME_CLICKED attempt=1 pass=0 pid=2600 character_slot=1 slot_verified=True
[2026-08-25T10:42:23] [AUTO_START] MAP_READY_OPEN attempt=1 pass=0 pid=2600 Player=0x1ad220a0 Core=0xbdd10d0 world=(2213,401)
[2026-08-25T10:42:31] [POPUP] đã đóng cache_notice
[2026-08-25T10:42:32] [DUNGEON] Auto PB toolbar scan arrow=NutXuong.png score=0.990 box=(363, 28, 21, 23)
[2026-08-25T10:42:33] [DUNGEON] Auto PB panel visible after guarded toolbar click
[2026-08-25T10:42:36] Daily PHỤ BẢN checkpoint độc lập 1 (20 phút): đang chờ: Thám Hiểm
[2026-08-25T10:43:07] [DUNGEON] Auto PB toolbar scan arrow=NutXuong.png score=0.990 box=(363, 28, 21, 23)
[2026-08-25T10:43:08] [DUNGEON] Auto PB panel visible after guarded toolbar click
[2026-08-25T10:43:10] Daily PHỤ BẢN checkpoint độc lập 1 (20 phút): đang chờ: Thám Hiểm
[2026-08-25T10:43:40] [DUNGEON] Auto PB toolbar scan arrow=NutXuong.png score=0.981 box=(363, 28, 21, 23)
[2026-08-25T10:43:41] [DUNGEON] Auto PB panel visible after guarded toolbar click
[2026-08-25T10:43:43] Daily PHỤ BẢN checkpoint độc lập 1 (20 phút): đang chờ: Thám Hiểm
[2026-08-25T10:44:14] [DUNGEON] Auto PB toolbar scan arrow=NutXuong.png score=0.990 box=(363, 28, 21, 23)
[2026-08-25T10:44:15] [DUNGEON] Auto PB panel visible after guarded toolbar click
[2026-08-25T10:44:17] Daily PHỤ BẢN checkpoint độc lập 1 (20 phút): đang chờ: Thám Hiểm
[2026-08-25T10:44:47] [DUNGEON] Auto PB toolbar scan arrow=NutXuong.png score=0.990 box=(363, 28, 21, 23)
[2026-08-25T10:44:49] [DUNGEON] Auto PB panel visible after guarded toolbar click
[2026-08-25T10:44:51] Daily PHỤ BẢN checkpoint độc lập 1 (20 phút): đang chờ: Thám Hiểm
[2026-08-25T10:45:21] [DUNGEON] Auto PB toolbar scan arrow=NutXuong.png score=0.990 box=(363, 28, 21, 23)
[2026-08-25T10:45:23] [DUNGEON] Auto PB panel visible after guarded toolbar click
[2026-08-25T10:45:24] [DUNGEON] Claim Thám Hiểm: button score=1.000 box=(428, 177, 60, 19) evidence=C:\Users\Administrator\Desktop\New folder\fbh_v2_ttt_fixed-20260709T181609Z-2-001\fbh_multi_account_infinite_auto\dev_supervisor_target_a_v2_20260814\logs\auto_pb_claim_2600_Thám Hiểm_1787629524.png
[2026-08-25T10:45:25] [DUNGEON] Claim Thám Hiểm: readback start PASS
[2026-08-25T10:45:27] Daily PHỤ BẢN checkpoint độc lập 1 (20 phút): Thám Hiểm:claim
[2026-08-25T10:45:27] Daily hoàn tất đúng plan snapshot: VIP, NHẬN THỜI TRANG, ĐIÊU KHẮC, PHỤ BẢN, HÀNH LANG, TU HÀNH
[2026-08-25T10:47:23] Daily dừng tại ĐIÊU KHẮC: không tìm thấy icon/panel Không Gian Điêu Khắc qua các trang
[2026-08-25T10:47:29] Đã bắt đầu Daily theo cấu hình riêng: acc_5, acc_2
[2026-08-25T10:47:29] [POPUP] chặn popup/panel chưa nhận diện có X tại (798, 78); không đóng
[2026-08-25T10:47:29] Daily dừng tại ĐIÊU KHẮC: popup guard: unknown_modal_blocked
[2026-08-25T10:51:14] Đã bắt đầu Daily theo cấu hình riêng: acc_5, acc_2
[2026-08-25T10:51:18] Daily xong bước ĐIÊU KHẮC: đã bấm Đổi miễn phí và xác nhận Có trong KGĐK
[2026-08-25T10:51:24] Daily xong bước ĐIÊU KHẮC: đã bấm Đổi miễn phí và xác nhận Có trong KGĐK
[2026-08-25T10:51:27] Daily xong bước LẬT THẺ BÀI: panel Thẻ bài đã mở nhưng không thấy nút Bắt đầu phát bài (có thể đã hết lượt phát bài hôm nay)
[2026-08-25T10:51:33] Daily xong bước LẬT THẺ BÀI: panel Thẻ bài đã mở nhưng không thấy nút Bắt đầu phát bài (có thể đã hết lượt phát bài hôm nay)
[2026-08-25T10:51:58] Daily xong bước HÀNH LANG: đã bấm Nhận Quà Hàng Ngày tại Hành Lang
[2026-08-25T10:52:25] Daily xong bước HÀNH LANG: đã bấm Nhận Quà Hàng Ngày tại Hành Lang
[2026-08-25T10:52:25] Daily xong bước THẦN TU: đã bấm đúng Bắt đầu → Có cho THẦN TU
[2026-08-25T10:52:25] Daily: đã đóng Flash sau Thần Tu; chờ 25 phút.
[2026-08-25T10:52:39] Daily dừng tại THẦN TU: clear
[2026-08-25T10:55:31] [POPUP] chặn popup/panel chưa nhận diện có X tại (778, 108); không đóng
[2026-08-25T11:15:20] Đã bắt đầu Daily theo cấu hình riêng: acc_2
[2026-08-25T11:15:21] [POPUP] chặn popup/panel chưa nhận diện có X tại (778, 108); không đóng
[2026-08-25T11:15:21] Daily pepsi: bỏ qua MẬT BẢO (lỗi): popup guard: unknown_modal_blocked — evidence: C:\Users\Administrator\Desktop\New folder\fbh_v2_ttt_fixed-20260709T181609Z-2-001\fbh_multi_account_infinite_auto\dev_supervisor_target_a_v2_20260814\logs\daily_errors\acc_2\20260825_111521_MẬT_BẢO.png
[2026-08-25T11:15:21] [POPUP] chặn popup/panel chưa nhận diện có X tại (778, 108); không đóng
[2026-08-25T11:15:22] Daily pepsi: bỏ qua ĐIÊU KHẮC (lỗi): popup guard: unknown_modal_blocked — evidence: C:\Users\Administrator\Desktop\New folder\fbh_v2_ttt_fixed-20260709T181609Z-2-001\fbh_multi_account_infinite_auto\dev_supervisor_target_a_v2_20260814\logs\daily_errors\acc_2\20260825_111521_ĐIÊU_KHẮC.png
[2026-08-25T11:15:22] [POPUP] chặn popup/panel chưa nhận diện có X tại (778, 108); không đóng
[2026-08-25T11:15:22] Daily pepsi: bỏ qua HÀNH LANG (lỗi): không tới Quyến Cố Thành: popup guard trước chuyển map: unknown_modal_blocked — evidence: C:\Users\Administrator\Desktop\New folder\fbh_v2_ttt_fixed-20260709T181609Z-2-001\fbh_multi_account_infinite_auto\dev_supervisor_target_a_v2_20260814\logs\daily_errors\acc_2\20260825_111522_HÀNH_LANG.png
[2026-08-25T11:15:22] Daily hoàn tất đúng plan snapshot: MẬT BẢO, ĐIÊU KHẮC, HÀNH LANG
[2026-08-25T11:17:25] Daily luvy: client chưa mở, đang đăng nhập trước bước mở lại sau Thần Tu...
[2026-08-25T11:17:25] [AUTO_START] WAIT_WINDOW attempt=1 pass=0 pid=9928 Flash launched at original size
[2026-08-25T11:17:29] [AUTO_START] START_CLICKED attempt=1 pass=0 pid=9928 Bắt đầu
[2026-08-25T11:17:34] [AUTO_START] RETRY_START attempt=1 pass=0 pid=9928 chua thay chon kenh, bam lai Bat dau
[2026-08-25T11:17:37] [AUTO_START] START_CLICKED attempt=1 pass=0 pid=9928 Bắt đầu
[2026-08-25T11:17:42] [AUTO_START] RETRY_START attempt=1 pass=0 pid=9928 chua thay chon kenh, bam lai Bat dau
[2026-08-25T11:17:52] [AUTO_START] START_CLICKED attempt=1 pass=0 pid=9928 Bắt đầu
[2026-08-25T11:17:55] [AUTO_START] CHANNEL_SELECTED attempt=1 pass=0 pid=9928 channel=(449, 308) choices=1
[2026-08-25T11:17:59] [AUTO_START] ENTER_GAME_CLICKED attempt=1 pass=0 pid=9928 character_slot=1 slot_verified=True
[2026-08-25T11:18:04] [AUTO_START] MAP_READY_OPEN attempt=1 pass=0 pid=9928 Player=0x1c80e0a0 Core=0xb5c70d0 world=(2223,414)
[2026-08-25T11:18:13] [POPUP] đã đóng cache_notice
[2026-08-25T11:18:25] Daily xong bước TU HÀNH: đã bấm đúng Bắt đầu → Có cho TU HÀNH
[2026-08-25T11:18:25] Daily: đã đóng Flash sau Tu Hành; chờ 31 phút.
[2026-08-25T11:29:49] Đã bắt đầu Daily theo cấu hình riêng: acc_2
[2026-08-25T11:30:32] Daily xong bước MẬT BẢO: đã chọn công thức cấp 6 và bấm Chế tạo Mật Bảo 20 lần
[2026-08-25T11:30:42] Daily xong bước ĐIÊU KHẮC: đã bấm Đổi miễn phí và xác nhận Có trong KGĐK
[2026-08-25T11:30:42] Daily PHỤ BẢN lượt đầu: chưa chọn phụ bản hoặc số lượt
[2026-08-25T11:30:42] Daily pepsi: bỏ qua PHỤ BẢN (lỗi): chưa chọn phụ bản hoặc số lượt — evidence: C:\Users\Administrator\Desktop\New folder\fbh_v2_ttt_fixed-20260709T181609Z-2-001\fbh_multi_account_infinite_auto\dev_supervisor_target_a_v2_20260814\logs\daily_errors\acc_2\20260825_113042_PHỤ_BẢN.png
[2026-08-25T11:30:42] Daily: đã đóng Flash sau Auto phụ bản checkpoint 1; chờ 20 phút.
[2026-08-25T11:33:06] Đã bắt đầu Daily theo cấu hình riêng: acc_2
[2026-08-25T11:33:06] Daily pepsi: client chưa mở, đang đăng nhập trước bước FAKE_TASK_ONE...
[2026-08-25T11:33:06] [AUTO_START] WAIT_WINDOW attempt=1 pass=0 pid=1540 Flash launched at original size
[2026-08-25T11:33:12] [AUTO_START] START_CLICKED attempt=1 pass=0 pid=1540 Bắt đầu
[2026-08-25T11:33:17] [AUTO_START] RETRY_START attempt=1 pass=0 pid=1540 chua thay chon kenh, bam lai Bat dau
[2026-08-25T11:33:34] [AUTO_START] START_CLICKED attempt=1 pass=0 pid=1540 Bắt đầu
[2026-08-25T11:33:37] [AUTO_START] CHANNEL_SELECTED attempt=1 pass=0 pid=1540 channel=(449, 308) choices=1
[2026-08-25T11:33:41] [AUTO_START] ENTER_GAME_CLICKED attempt=1 pass=0 pid=1540 character_slot=1 slot_verified=True
[2026-08-25T11:33:47] [AUTO_START] MAP_READY_OPEN attempt=1 pass=0 pid=1540 Player=0x1c67d0a0 Core=0xae3c0d0 world=(2127,418)
[2026-08-25T11:33:52] Daily pepsi: bỏ qua FAKE_TASK_ONE (lỗi): FAKE_TASK_ONE: chưa có route live/evidence đủ chắc, không click đoán — evidence: C:\Users\Administrator\Desktop\New folder\fbh_v2_ttt_fixed-20260709T181609Z-2-001\fbh_multi_account_infinite_auto\dev_supervisor_target_a_v2_20260814\logs\daily_errors\acc_2\20260825_113352_FAKE_TASK_ONE.png
[2026-08-25T11:33:52] Daily pepsi: bỏ qua FAKE_TASK_TWO (lỗi): FAKE_TASK_TWO: chưa có route live/evidence đủ chắc, không click đoán — evidence: C:\Users\Administrator\Desktop\New folder\fbh_v2_ttt_fixed-20260709T181609Z-2-001\fbh_multi_account_infinite_auto\dev_supervisor_target_a_v2_20260814\logs\daily_errors\acc_2\20260825_113352_FAKE_TASK_TWO.png
[2026-08-25T11:33:52] Daily pepsi: bỏ qua FAKE_TASK_THREE (lỗi): FAKE_TASK_THREE: chưa có route live/evidence đủ chắc, không click đoán — evidence: C:\Users\Administrator\Desktop\New folder\fbh_v2_ttt_fixed-20260709T181609Z-2-001\fbh_multi_account_infinite_auto\dev_supervisor_target_a_v2_20260814\logs\daily_errors\acc_2\20260825_113352_FAKE_TASK_THREE.png
[2026-08-25T11:33:52] Daily pepsi: 3 tác vụ lỗi liên tiếp — đã reset Flash, tác vụ kế tiếp sẽ tự đăng nhập lại.
[2026-08-25T11:33:52] Daily hoàn tất đúng plan snapshot: FAKE_TASK_ONE, FAKE_TASK_TWO, FAKE_TASK_THREE
[2026-08-25T11:49:25] Daily luvy: client chưa mở, đang đăng nhập trước bước mở lại sau Tu Hành...
[2026-08-25T11:49:25] [AUTO_START] WAIT_WINDOW attempt=1 pass=0 pid=13092 Flash launched at original size
[2026-08-25T11:49:28] [AUTO_START] START_CLICKED attempt=1 pass=0 pid=13092 Bắt đầu
[2026-08-25T11:49:33] [AUTO_START] RETRY_START attempt=1 pass=0 pid=13092 chua thay chon kenh, bam lai Bat dau
[2026-08-25T11:49:35] [AUTO_START] START_CLICKED attempt=1 pass=0 pid=13092 Bắt đầu
[2026-08-25T11:49:41] [AUTO_START] RETRY_START attempt=1 pass=0 pid=13092 chua thay chon kenh, bam lai Bat dau
[2026-08-25T11:49:43] [AUTO_START] START_CLICKED attempt=1 pass=0 pid=13092 Bắt đầu
[2026-08-25T11:49:48] [AUTO_START] RETRY_START attempt=1 pass=0 pid=13092 chua thay chon kenh, bam lai Bat dau
[2026-08-25T11:49:51] [AUTO_START] START_CLICKED attempt=1 pass=0 pid=13092 Bắt đầu
[2026-08-25T11:49:54] [AUTO_START] CHANNEL_SELECTED attempt=1 pass=0 pid=13092 channel=(449, 308) choices=1
[2026-08-25T11:49:58] [AUTO_START] ENTER_GAME_CLICKED attempt=1 pass=0 pid=13092 character_slot=1 slot_verified=True
[2026-08-25T11:50:03] [AUTO_START] MAP_READY_OPEN attempt=1 pass=0 pid=13092 Player=0x10eb60a0 Core=0x157a60d0 world=(2223,414)
[2026-08-25T11:50:08] Daily hoàn tất đúng plan snapshot: ĐIÊU KHẮC, LẬT THẺ BÀI, HÀNH LANG, THẦN TU, TU HÀNH
[2026-08-25T14:30:42] Đã bắt đầu TRỪ MA (10 lượt/acc): acc_1
[2026-08-25T14:31:06] [TRU_MA] TRỪ MA CB: nhận diện qua chat: Phi Ma Tập Kích (id=7668, margin=5)
[2026-08-25T14:31:28] [TRU_MA] TRỪ MA CB: mục tiêu: Thủ Lĩnh Phi Ma id=1114 type=3060100001114 resource=2060090100114
[2026-08-25T14:31:35] [AUTO_BOSS] Start selected-monster NPCView.clickNpc runner generation=1
[2026-08-25T14:31:38] [AUTO_BOSS] selected Thủ Lĩnh Phi Ma id=1173 type=3060100001114 resource=2060090100114 base=0x1309a330 distance=644
[2026-08-25T14:31:38] [AUTO_BOSS] NPCView session fingerprint native=0xa17cb8 avm=0x193230a0 method_info=0xac487b0 slot322_method_id=18293
[2026-08-25T14:31:38] [AUTO_BOSS] id=1173 distance=644 receiver=0x1eb3c5e0 method=18293 stage=1
[2026-08-25T14:31:43] [AUTO_BOSS] id=1173 distance=148 receiver=0x1eb3c5e0 method=18293 stage=2
[2026-08-25T14:31:47] [AUTO_BOSS] battle edge false->true id=1173
[2026-08-25T14:32:04] [AUTO_BOSS] battle edge true->false clear=1
[2026-08-25T14:32:37] [TRU_MA] TRỪ MA CB: xong lượt 1/10 (Phi Ma Tập Kích)
[2026-08-25T14:32:53] Không có Daily đang chạy trong phạm vi đã chọn.
[2026-08-25T14:32:53] Đã yêu cầu dừng TRỪ MA: acc_1
[2026-08-25T14:32:53] Không có TRỊ AN đang chạy trong phạm vi đã chọn.
[2026-08-25T14:32:53] TRỪ MA CB: STOPPED — 1/10 lượt; xong lượt 1/10 (Phi Ma Tập Kích)
[2026-08-25T14:32:59] [TRU_MA] TRỪ MA CB: dừng ở lượt 2: đã chọn dòng nhưng chat KHÔNG cho thấy 1 id tăng RÕ RỆT trong [7669, 7670, 7668] sau 3s (không đoán khi mập mờ) — xem mục 14 spec FEAT-021.
[2026-08-25T15:19:27] Đã bắt đầu TRỊ AN (1 lượt/acc): acc_1
[2026-08-25T15:19:27] TRỊ AN CB: client chưa mở, đang đăng nhập...
[2026-08-25T15:19:28] [AUTO_START] WAIT_WINDOW attempt=1 pass=0 pid=8408 Flash launched at original size
[2026-08-25T15:19:31] [AUTO_START] START_CLICKED attempt=1 pass=0 pid=8408 Bắt đầu
[2026-08-25T15:19:36] [AUTO_START] RETRY_START attempt=1 pass=0 pid=8408 chua thay chon kenh, bam lai Bat dau
[2026-08-25T15:19:39] [AUTO_START] START_CLICKED attempt=1 pass=0 pid=8408 Bắt đầu
[2026-08-25T15:19:44] [AUTO_START] RETRY_START attempt=1 pass=0 pid=8408 chua thay chon kenh, bam lai Bat dau
[2026-08-25T15:19:55] [AUTO_START] START_CLICKED attempt=1 pass=0 pid=8408 Bắt đầu
[2026-08-25T15:19:58] [AUTO_START] CHANNEL_SELECTED attempt=1 pass=0 pid=8408 channel=(449, 308) choices=1
[2026-08-25T15:20:02] [AUTO_START] ENTER_GAME_CLICKED attempt=1 pass=0 pid=8408 character_slot=1 slot_verified=True
[2026-08-25T15:20:08] [AUTO_START] MAP_READY_OPEN attempt=1 pass=0 pid=8408 Player=0x125d40a0 Core=0x162540d0 world=(2265,1337)
[2026-08-25T15:20:23] [POPUP] đã đóng cache_notice
[2026-08-25T15:21:47] [TRI_AN] TRỊ AN CB: dừng ở lượt 1: bấm Nhận lỗi: QuestPanel.questData không khớp id nào trong (4, 4671, 7667) sau 8 khung
[2026-08-25T15:21:47] TRỊ AN CB: FAILED — 0/1 lượt; dừng ở lượt 1: bấm Nhận lỗi: QuestPanel.questData không khớp id nào trong (4, 4671, 7667) sau 8 khung
[2026-08-25T15:25:15] Đã bắt đầu TRỊ AN (1 lượt/acc): acc_1
[2026-08-25T15:25:51] [TRI_AN] TRỊ AN CB: đã nhận nhiệm vụ id=không đọc được (id ?)
[2026-08-25T15:26:01] [TRI_AN] TRỊ AN CB: Lệnh Truy Bắt không dịch chuyển được (Core.useItem không hoàn tất: {'completed': False, 'wedged': True, 'detail': 'client wedged by an earlier injection; relaunch it'})
[2026-08-25T15:26:01] [TRI_AN] TRỊ AN CB: Mật Lệnh Hải Tặc không dịch chuyển được (mất client)
[2026-08-25T15:26:01] [TRI_AN] TRỊ AN CB: dừng ở lượt 1: dùng vật phẩm chỉ đường: mất client
[2026-08-25T15:26:02] TRỊ AN CB: FAILED — 0/1 lượt; dừng ở lượt 1: dùng vật phẩm chỉ đường: mất client
[2026-08-25T15:28:38] [AUTO_START] WAIT_WINDOW attempt=1 pass=0 pid=3704 Flash launched at original size
[2026-08-25T15:28:42] [AUTO_START] START_CLICKED attempt=1 pass=0 pid=3704 Bắt đầu
[2026-08-25T15:28:47] [AUTO_START] RETRY_START attempt=1 pass=0 pid=3704 chua thay chon kenh, bam lai Bat dau
[2026-08-25T15:28:50] [AUTO_START] START_CLICKED attempt=1 pass=0 pid=3704 Bắt đầu
[2026-08-25T15:28:55] [AUTO_START] RETRY_START attempt=1 pass=0 pid=3704 chua thay chon kenh, bam lai Bat dau
[2026-08-25T15:29:05] [AUTO_START] START_CLICKED attempt=1 pass=0 pid=3704 Bắt đầu
[2026-08-25T15:29:08] [AUTO_START] CHANNEL_SELECTED attempt=1 pass=0 pid=3704 channel=(449, 308) choices=1
[2026-08-25T15:29:12] [AUTO_START] ENTER_GAME_CLICKED attempt=1 pass=0 pid=3704 character_slot=1 slot_verified=True
[2026-08-25T15:29:18] [AUTO_START] MAP_READY_OPEN attempt=1 pass=0 pid=3704 Player=0x100ed0a0 Core=0x15d3e0d0 world=(2927,890)
[2026-08-25T15:31:29] [AUTO_START] WAIT_WINDOW attempt=1 pass=0 pid=1780 Flash launched at original size
[2026-08-25T15:31:34] [AUTO_START] START_CLICKED attempt=1 pass=0 pid=1780 Bắt đầu
[2026-08-25T15:31:39] [AUTO_START] RETRY_START attempt=1 pass=0 pid=1780 chua thay chon kenh, bam lai Bat dau
[2026-08-25T15:31:42] [AUTO_START] START_CLICKED attempt=1 pass=0 pid=1780 Bắt đầu
[2026-08-25T15:31:47] [AUTO_START] RETRY_START attempt=1 pass=0 pid=1780 chua thay chon kenh, bam lai Bat dau
[2026-08-25T15:31:58] [AUTO_START] START_CLICKED attempt=1 pass=0 pid=1780 Bắt đầu
[2026-08-25T15:32:00] [AUTO_START] CHANNEL_SELECTED attempt=1 pass=0 pid=1780 channel=(449, 308) choices=1
[2026-08-25T15:32:05] [AUTO_START] ENTER_GAME_CLICKED attempt=1 pass=0 pid=1780 character_slot=1 slot_verified=True
[2026-08-25T15:32:10] [AUTO_START] MAP_READY_OPEN attempt=1 pass=0 pid=1780 Player=0x1cb1d0a0 Core=0x81ff0d0 world=(2927,890)
[2026-08-25T15:33:13] [AUTO_START] WAIT_WINDOW attempt=1 pass=0 pid=5288 Flash launched at original size
[2026-08-25T15:33:17] [AUTO_START] START_CLICKED attempt=1 pass=0 pid=5288 Bắt đầu
[2026-08-25T15:33:22] [AUTO_START] RETRY_START attempt=1 pass=0 pid=5288 chua thay chon kenh, bam lai Bat dau
[2026-08-25T15:33:25] [AUTO_START] START_CLICKED attempt=1 pass=0 pid=5288 Bắt đầu
[2026-08-25T15:33:30] [AUTO_START] RETRY_START attempt=1 pass=0 pid=5288 chua thay chon kenh, bam lai Bat dau
[2026-08-25T15:33:40] [AUTO_START] START_CLICKED attempt=1 pass=0 pid=5288 Bắt đầu
[2026-08-25T15:33:43] [AUTO_START] CHANNEL_SELECTED attempt=1 pass=0 pid=5288 channel=(449, 308) choices=1
[2026-08-25T15:33:47] [AUTO_START] ENTER_GAME_CLICKED attempt=1 pass=0 pid=5288 character_slot=1 slot_verified=True
[2026-08-25T15:33:52] [AUTO_START] MAP_READY_OPEN attempt=1 pass=0 pid=5288 Player=0x1be9d0a0 Core=0x14b290d0 world=(2927,890)
[2026-08-25T15:38:35] [AUTO_START] WAIT_WINDOW attempt=1 pass=0 pid=13680 Flash launched at original size
[2026-08-25T15:38:39] [AUTO_START] START_CLICKED attempt=1 pass=0 pid=13680 Bắt đầu
[2026-08-25T15:38:44] [AUTO_START] RETRY_START attempt=1 pass=0 pid=13680 chua thay chon kenh, bam lai Bat dau
[2026-08-25T15:38:47] [AUTO_START] START_CLICKED attempt=1 pass=0 pid=13680 Bắt đầu
[2026-08-25T15:38:52] [AUTO_START] RETRY_START attempt=1 pass=0 pid=13680 chua thay chon kenh, bam lai Bat dau
[2026-08-25T15:39:03] [AUTO_START] START_CLICKED attempt=1 pass=0 pid=13680 Bắt đầu
[2026-08-25T15:39:06] [AUTO_START] CHANNEL_SELECTED attempt=1 pass=0 pid=13680 channel=(449, 308) choices=1
[2026-08-25T15:39:10] [AUTO_START] ENTER_GAME_CLICKED attempt=1 pass=0 pid=13680 character_slot=1 slot_verified=True
[2026-08-25T15:39:15] [AUTO_START] MAP_READY_OPEN attempt=1 pass=0 pid=13680 Player=0xf3350a0 Core=0x13f9f0d0 world=(2927,890)
[2026-08-25T17:11:41] Đã thêm "dyhihi"
[2026-08-25T17:25:10] Đã bắt đầu TRỊ AN (1 lượt/acc): acc_1
[2026-08-25T17:25:29] [TRI_AN] TRỊ AN CB: hết lượt Trị An hôm nay sau 0 lần (bảng NPC không còn dòng vòng) — dừng.
[2026-08-25T17:25:29] TRỊ AN CB: DONE_NO_QUEST — 0/1 lượt; hết lượt Trị An hôm nay sau 0 lần (bảng NPC không còn dòng vòng) — dừng.
[2026-08-25T17:47:56] Đã bắt đầu TRỊ AN (1 lượt/acc): acc_1
[2026-08-25T17:48:29] [TRI_AN] TRỊ AN CB: hết lượt Trị An hôm nay sau 0 lần (bảng NPC không còn dòng vòng) — dừng.
[2026-08-25T17:48:30] TRỊ AN CB: DONE_NO_QUEST — 0/1 lượt; hết lượt Trị An hôm nay sau 0 lần (bảng NPC không còn dòng vòng) — dừng.
[2026-08-25T17:49:36] Đã bắt đầu TRỊ AN (1 lượt/acc): acc_1
[2026-08-25T17:50:10] [TRI_AN] TRỊ AN CB: hết lượt Trị An hôm nay sau 0 lần (bảng NPC không còn dòng vòng) — dừng.
[2026-08-25T17:50:10] TRỊ AN CB: DONE_NO_QUEST — 0/1 lượt; hết lượt Trị An hôm nay sau 0 lần (bảng NPC không còn dòng vòng) — dừng.
[2026-08-25T17:55:27] Đã bắt đầu TRỊ AN (1 lượt/acc): acc_1
[2026-08-25T17:56:03] [TRI_AN] TRỊ AN CB: đã nhận nhiệm vụ id=7667 (Phản Quân Hải Tặc)
[2026-08-25T17:56:16] [TRI_AN] TRỊ AN CB: ô túi đổi: tab 2 ô None (nhất 0.38, nhì 0.37)
[2026-08-25T17:56:16] [TRI_AN] TRỊ AN CB: dừng ở lượt 1: dùng vật phẩm chỉ đường: không xác định được ô vật phẩm mới: không tách bạch (nhất 0.4, nhì 0.4)
[2026-08-25T17:56:17] TRỊ AN CB: FAILED — 0/1 lượt; dừng ở lượt 1: dùng vật phẩm chỉ đường: không xác định được ô vật phẩm mới: không tách bạch (nhất 0.4, nhì 0.4)
[2026-08-25T18:21:02] Đã bắt đầu TRỊ AN (1 lượt/acc): acc_1
[2026-08-25T18:21:34] [TRI_AN] TRỊ AN CB: đã nhận nhiệm vụ id=7667 (Phản Quân Hải Tặc)
[2026-08-25T18:21:37] [TRI_AN] TRỊ AN CB: vật phẩm mã 4843 ở trang 2 ô 22 (sid 2183)
[2026-08-25T18:22:10] [TRI_AN] TRỊ AN CB: dừng ở lượt 1: dùng vật phẩm chỉ đường: gọi useItem xong nhưng map vẫn là 9 sau 25s — nhiều khả năng túi không có Mật Lệnh Hải Tặc (id 4843)
[2026-08-25T18:22:11] TRỊ AN CB: FAILED — 0/1 lượt; dừng ở lượt 1: dùng vật phẩm chỉ đường: gọi useItem xong nhưng map vẫn là 9 sau 25s — nhiều khả năng túi không có Mật Lệnh Hải Tặc (id 4843)
[2026-08-25T18:30:58] Đã bắt đầu TRỊ AN (2 lượt/acc): acc_1
[2026-08-25T18:31:40] [TRI_AN] TRỊ AN CB: đã nhận nhiệm vụ id=không đọc được (id ?)
[2026-08-25T18:31:43] [TRI_AN] TRỊ AN CB: vật phẩm mã 4843 ở trang 2 ô 22 (sid 2183)
[2026-08-25T18:31:53] [TRI_AN] TRỊ AN CB: exception AttributeError: 'NoneType' object has no attribute 'item_name'
[2026-08-25T18:31:53] TRỊ AN CB: ERROR — 0/2 lượt; exception AttributeError: 'NoneType' object has no attribute 'item_name'
[2026-08-25T18:33:08] Đã bắt đầu TRỊ AN (2 lượt/acc): acc_1
[2026-08-25T18:33:16] [POPUP] đã đóng panel/popup lạ có X tại (556, 108)
[2026-08-25T18:34:10] [TRI_AN] TRỊ AN CB: đã nhận nhiệm vụ id=không đọc được (id ?)
[2026-08-25T18:34:13] [TRI_AN] TRỊ AN CB: dừng ở lượt 1: dùng vật phẩm chỉ đường: không thấy Lệnh Truy Bắt / Mật Lệnh Hải Tặc trong túi (đọc bộ nhớ, cả hai mã)
[2026-08-25T18:34:13] TRỊ AN CB: FAILED — 0/2 lượt; dừng ở lượt 1: dùng vật phẩm chỉ đường: không thấy Lệnh Truy Bắt / Mật Lệnh Hải Tặc trong túi (đọc bộ nhớ, cả hai mã)
[2026-08-25T18:34:38] Đã bắt đầu TRỊ AN (2 lượt/acc): acc_1
[2026-08-25T18:35:21] [TRI_AN] TRỊ AN CB: đã nhận nhiệm vụ id=không đọc được (id ?)
[2026-08-25T18:36:17] [TRI_AN] TRỊ AN CB: dừng ở lượt 1: dùng vật phẩm chỉ đường: không thấy Lệnh Truy Bắt / Mật Lệnh Hải Tặc trong túi (đọc bộ nhớ, cả hai mã)
[2026-08-25T18:36:17] TRỊ AN CB: FAILED — 0/2 lượt; dừng ở lượt 1: dùng vật phẩm chỉ đường: không thấy Lệnh Truy Bắt / Mật Lệnh Hải Tặc trong túi (đọc bộ nhớ, cả hai mã)
[2026-08-25T18:36:56] Đã bắt đầu TRỊ AN (2 lượt/acc): acc_1
[2026-08-25T18:37:21] [TRI_AN] TRỊ AN CB: đã nhận nhiệm vụ id=4671 (Truy Bắt Phi Tặc)
[2026-08-25T18:38:18] [TRI_AN] TRỊ AN CB: dừng ở lượt 1: dùng vật phẩm chỉ đường: không thấy Lệnh Truy Bắt trong túi (đọc bộ nhớ, mã 2263)
[2026-08-25T18:38:18] TRỊ AN CB: FAILED — 0/2 lượt; dừng ở lượt 1: dùng vật phẩm chỉ đường: không thấy Lệnh Truy Bắt trong túi (đọc bộ nhớ, mã 2263)
[2026-08-25T18:39:25] Đã bắt đầu TRỊ AN (2 lượt/acc): acc_1
[2026-08-25T18:39:49] [TRI_AN] TRỊ AN CB: đã nhận nhiệm vụ id=4671 (Truy Bắt Phi Tặc)
[2026-08-25T18:40:09] [TRI_AN] TRỊ AN CB: dừng ở lượt 1: dùng vật phẩm chỉ đường: không thấy Lệnh Truy Bắt trong túi (đọc bộ nhớ, mã 2263)
[2026-08-25T18:40:09] TRỊ AN CB: FAILED — 0/2 lượt; dừng ở lượt 1: dùng vật phẩm chỉ đường: không thấy Lệnh Truy Bắt trong túi (đọc bộ nhớ, mã 2263)
[2026-08-25T18:40:40] [AUTO_START] WAIT_WINDOW attempt=1 pass=0 pid=14156 Flash launched at original size
[2026-08-25T18:40:48] [AUTO_START] START_CLICKED attempt=1 pass=0 pid=14156 Bắt đầu
[2026-08-25T18:40:53] [AUTO_START] RETRY_START attempt=1 pass=0 pid=14156 chua thay chon kenh, bam lai Bat dau
[2026-08-25T18:40:56] [AUTO_START] START_CLICKED attempt=1 pass=0 pid=14156 Bắt đầu
[2026-08-25T18:41:01] [AUTO_START] RETRY_START attempt=1 pass=0 pid=14156 chua thay chon kenh, bam lai Bat dau
[2026-08-25T18:41:11] [AUTO_START] START_CLICKED attempt=1 pass=0 pid=14156 Bắt đầu
[2026-08-25T18:41:14] [AUTO_START] CHANNEL_SELECTED attempt=1 pass=0 pid=14156 channel=(449, 308) choices=1
[2026-08-25T18:41:18] [AUTO_START] ENTER_GAME_CLICKED attempt=1 pass=0 pid=14156 character_slot=1 slot_verified=True
[2026-08-25T18:41:24] [AUTO_START] MAP_READY_OPEN attempt=1 pass=0 pid=14156 Player=0x101770a0 Core=0x1695f0d0 world=(2966,898)
[2026-08-25T18:42:16] Đã bắt đầu TRỊ AN (1 lượt/acc): acc_1
[2026-08-25T18:42:27] [POPUP] đã đóng cache_notice
[2026-08-25T18:42:43] [TRI_AN] TRỊ AN CB: đã nhận nhiệm vụ id=4671 (Truy Bắt Phi Tặc)
[2026-08-25T18:43:34] [TRI_AN] TRỊ AN CB: dừng ở lượt 1: dùng vật phẩm chỉ đường: không thấy Lệnh Truy Bắt trong túi (đọc bộ nhớ, mã 2263)
[2026-08-25T18:43:35] TRỊ AN CB: FAILED — 0/1 lượt; dừng ở lượt 1: dùng vật phẩm chỉ đường: không thấy Lệnh Truy Bắt trong túi (đọc bộ nhớ, mã 2263)
[2026-08-25T18:45:52] Đã bắt đầu TRỊ AN (2 lượt/acc): acc_1
[2026-08-25T18:46:15] [TRI_AN] TRỊ AN CB: đã nhận nhiệm vụ id=4671 (Truy Bắt Phi Tặc)
[2026-08-25T18:47:07] [TRI_AN] TRỊ AN CB: lượt này không có vật phẩm chỉ đường — quét mục tiêu tại chỗ
[2026-08-25T18:47:10] [TRI_AN] TRỊ AN CB: chờ Truy Bắt Phi Tặc xuất hiện (0s): không thấy mục tiêu Truy Bắt Phi Tặc (npc (1143,) / quái (775, 785)) quanh đây
[2026-08-25T18:47:22] [TRI_AN] TRỊ AN CB: chờ Truy Bắt Phi Tặc xuất hiện (10s): không thấy mục tiêu Truy Bắt Phi Tặc (npc (1143,) / quái (775, 785)) quanh đây
[2026-08-25T18:47:34] [TRI_AN] TRỊ AN CB: chờ Truy Bắt Phi Tặc xuất hiện (20s): không thấy mục tiêu Truy Bắt Phi Tặc (npc (1143,) / quái (775, 785)) quanh đây
[2026-08-25T18:47:52] [TRI_AN] TRỊ AN CB: dừng ở lượt 1: không huỷ được nhiệm vụ: đã mở hộp xác nhận Huỷ nhưng CHƯA đo được toạ độ nút 'Đồng ý' — ảnh đã lưu logs/trian_cancel_alert_43760.png. Đặt ALERT_YES_XY rồi chạy lại.
[2026-08-25T18:47:53] TRỊ AN CB: FAILED — 0/2 lượt; dừng ở lượt 1: không huỷ được nhiệm vụ: đã mở hộp xác nhận Huỷ nhưng CHƯA đo được toạ độ nút 'Đồng ý' — ảnh đã lưu logs/trian_cancel_alert_43760.png. Đặt ALERT_YES_XY rồi chạy lại.
[2026-08-25T18:48:48] Đã bắt đầu TRỊ AN (2 lượt/acc): acc_1
[2026-08-25T18:49:13] [TRI_AN] TRỊ AN CB: exception OSError: [WinError 87] The parameter is incorrect.
[2026-08-25T18:49:13] TRỊ AN CB: ERROR — 0/2 lượt; exception OSError: [WinError 87] The parameter is incorrect.
[2026-08-25T18:49:54] Đã bắt đầu TRỊ AN (2 lượt/acc): acc_1
[2026-08-25T18:49:54] TRỊ AN CB: client chưa mở, đang đăng nhập...
[2026-08-25T18:49:54] [AUTO_START] WAIT_WINDOW attempt=1 pass=0 pid=7076 Flash launched at original size
[2026-08-25T18:49:59] [AUTO_START] START_CLICKED attempt=1 pass=0 pid=7076 Bắt đầu
[2026-08-25T18:50:05] [AUTO_START] RETRY_START attempt=1 pass=0 pid=7076 chua thay chon kenh, bam lai Bat dau
[2026-08-25T18:50:20] [AUTO_START] START_CLICKED attempt=1 pass=0 pid=7076 Bắt đầu
[2026-08-25T18:50:23] [AUTO_START] CHANNEL_SELECTED attempt=1 pass=0 pid=7076 channel=(449, 308) choices=1
[2026-08-25T18:50:27] [AUTO_START] ENTER_GAME_CLICKED attempt=1 pass=0 pid=7076 character_slot=1 slot_verified=True
[2026-08-25T18:50:32] [AUTO_START] MAP_READY_OPEN attempt=1 pass=0 pid=7076 Player=0x140fc0a0 Core=0x17fd50d0 world=(2966,898)
[2026-08-25T18:50:41] [POPUP] đã đóng cache_notice
[2026-08-25T18:51:06] [TRI_AN] TRỊ AN CB: đã nhận nhiệm vụ id=4671 (Truy Bắt Phi Tặc)
[2026-08-25T18:51:57] [TRI_AN] TRỊ AN CB: lượt này không có vật phẩm chỉ đường — quét mục tiêu tại chỗ
[2026-08-25T18:51:59] [TRI_AN] TRỊ AN CB: chờ Truy Bắt Phi Tặc xuất hiện (0s): không thấy mục tiêu Truy Bắt Phi Tặc (npc (1143,) / quái (775, 785)) quanh đây
[2026-08-25T18:52:12] [TRI_AN] TRỊ AN CB: chờ Truy Bắt Phi Tặc xuất hiện (10s): không thấy mục tiêu Truy Bắt Phi Tặc (npc (1143,) / quái (775, 785)) quanh đây
[2026-08-25T18:52:24] [TRI_AN] TRỊ AN CB: chờ Truy Bắt Phi Tặc xuất hiện (20s): không thấy mục tiêu Truy Bắt Phi Tặc (npc (1143,) / quái (775, 785)) quanh đây
[2026-08-25T18:52:44] [TRI_AN] TRỊ AN CB: lượt thất bại thứ 1 (chờ 30s không thấy mục tiêu Truy Bắt Phi Tặc (không thấy mục tiêu Truy Bắt Phi Tặc (npc (1143,) / quái (775, 785)) quanh đây)) — đã huỷ, nhận lại.
[2026-08-25T18:53:27] [TRI_AN] TRỊ AN CB: đã nhận nhiệm vụ id=không đọc được (id ?)
[2026-08-25T18:53:30] [TRI_AN] TRỊ AN CB: vật phẩm mã 4843 ở trang 6 ô 9 (sid 2290)
[2026-08-25T18:53:40] [TRI_AN] TRỊ AN CB: đã dịch chuyển tới map 35 bằng Mật Lệnh Hải Tặc
[2026-08-25T18:53:42] [TRI_AN] TRỊ AN CB: chờ Phản Quân Hải Tặc xuất hiện (0s): không thấy mục tiêu Phản Quân Hải Tặc (npc (2167,) / quái ()) quanh đây
[2026-08-25T18:53:55] [TRI_AN] TRỊ AN CB: chờ Phản Quân Hải Tặc xuất hiện (10s): không thấy mục tiêu Phản Quân Hải Tặc (npc (2167,) / quái ()) quanh đây
[2026-08-25T18:54:07] [TRI_AN] TRỊ AN CB: chờ Phản Quân Hải Tặc xuất hiện (20s): không thấy mục tiêu Phản Quân Hải Tặc (npc (2167,) / quái ()) quanh đây
[2026-08-25T18:54:22] [POPUP] đã đóng panel/popup lạ có X tại (556, 108)
[2026-08-25T18:55:29] [AUTO_START] WAIT_WINDOW attempt=1 pass=0 pid=12748 Flash launched at original size
[2026-08-25T18:55:29] [AUTO_START] WAIT_WINDOW attempt=1 pass=0 pid=12056 Flash launched at original size
[2026-08-25T18:55:30] [AUTO_START] WAIT_WINDOW attempt=1 pass=0 pid=14436 Flash launched at original size
[2026-08-25T18:55:30] [AUTO_START] WAIT_WINDOW attempt=1 pass=0 pid=1652 Flash launched at original size
[2026-08-25T18:55:30] [AUTO_START] WAIT_WINDOW attempt=1 pass=0 pid=15220 Flash launched at original size
[2026-08-25T18:55:30] Đang đăng nhập 5 acc...
[2026-08-25T18:55:34] [AUTO_START] START_CLICKED attempt=1 pass=0 pid=12056 Bắt đầu
[2026-08-25T18:55:34] [AUTO_START] START_CLICKED attempt=1 pass=0 pid=14436 Bắt đầu
[2026-08-25T18:55:34] [AUTO_START] START_CLICKED attempt=1 pass=0 pid=1652 Bắt đầu
[2026-08-25T18:55:36] [AUTO_START] START_CLICKED attempt=1 pass=0 pid=15220 Bắt đầu
[2026-08-25T18:55:39] [AUTO_START] RETRY_START attempt=1 pass=0 pid=12056 chua thay chon kenh, bam lai Bat dau
[2026-08-25T18:55:39] [AUTO_START] RETRY_START attempt=1 pass=0 pid=14436 chua thay chon kenh, bam lai Bat dau
[2026-08-25T18:55:39] [AUTO_START] RETRY_START attempt=1 pass=0 pid=1652 chua thay chon kenh, bam lai Bat dau
[2026-08-25T18:55:41] [AUTO_START] RETRY_START attempt=1 pass=0 pid=15220 chua thay chon kenh, bam lai Bat dau
[2026-08-25T18:55:44] [AUTO_START] START_CLICKED attempt=1 pass=0 pid=12056 Bắt đầu
[2026-08-25T18:55:44] [AUTO_START] START_CLICKED attempt=1 pass=0 pid=14436 Bắt đầu
[2026-08-25T18:55:45] [AUTO_START] START_CLICKED attempt=1 pass=0 pid=1652 Bắt đầu
[2026-08-25T18:55:49] [AUTO_START] RETRY_START attempt=1 pass=0 pid=12056 chua thay chon kenh, bam lai Bat dau
[2026-08-25T18:55:49] [AUTO_START] RETRY_START attempt=1 pass=0 pid=14436 chua thay chon kenh, bam lai Bat dau
[2026-08-25T18:55:49] [AUTO_START] RETRY_START attempt=1 pass=0 pid=1652 chua thay chon kenh, bam lai Bat dau
[2026-08-25T18:55:59] [AUTO_START] START_CLICKED attempt=1 pass=0 pid=12056 Bắt đầu
[2026-08-25T18:55:59] [AUTO_START] START_CLICKED attempt=1 pass=0 pid=14436 Bắt đầu
[2026-08-25T18:55:59] [AUTO_START] START_CLICKED attempt=1 pass=0 pid=1652 Bắt đầu
[2026-08-25T18:56:01] [AUTO_START] START_CLICKED attempt=1 pass=0 pid=15220 Bắt đầu
[2026-08-25T18:56:02] [AUTO_START] START_CLICKED attempt=1 pass=0 pid=12748 Bắt đầu
[2026-08-25T18:56:05] [AUTO_START] CHANNEL_SELECTED attempt=1 pass=0 pid=12056 channel=(449, 308) choices=1
[2026-08-25T18:56:05] [AUTO_START] CHANNEL_SELECTED attempt=1 pass=0 pid=14436 channel=(449, 308) choices=1
[2026-08-25T18:56:05] [AUTO_START] CHANNEL_SELECTED attempt=1 pass=0 pid=1652 channel=(449, 308) choices=1
[2026-08-25T18:56:06] [AUTO_START] CHANNEL_SELECTED attempt=1 pass=0 pid=15220 channel=(449, 308) choices=1
[2026-08-25T18:56:08] [AUTO_START] CHANNEL_SELECTED attempt=1 pass=0 pid=12748 channel=(449, 308) choices=1
[2026-08-25T18:56:12] [AUTO_START] ENTER_GAME_CLICKED attempt=1 pass=0 pid=12056 character_slot=1 slot_verified=True
[2026-08-25T18:56:12] [AUTO_START] ENTER_GAME_CLICKED attempt=1 pass=0 pid=14436 character_slot=1 slot_verified=True
[2026-08-25T18:56:12] [AUTO_START] ENTER_GAME_CLICKED attempt=1 pass=0 pid=1652 character_slot=1 slot_verified=True
[2026-08-25T18:56:13] [AUTO_START] ENTER_GAME_CLICKED attempt=1 pass=0 pid=15220 character_slot=1 slot_verified=True
[2026-08-25T18:56:14] [AUTO_START] ENTER_GAME_CLICKED attempt=1 pass=0 pid=12748 character_slot=1 slot_verified=True
[2026-08-25T18:56:20] [AUTO_START] MAP_READY_OPEN attempt=1 pass=0 pid=12056 Player=0xfa1f0a0 Core=0x1469a0d0 world=(2033,406)
[2026-08-25T18:56:23] [AUTO_START] MAP_READY_OPEN attempt=1 pass=0 pid=14436 Player=0x1db500a0 Core=0x166c70d0 world=(3105,1572)
[2026-08-25T18:56:30] [AUTO_START] MAP_READY_OPEN attempt=1 pass=0 pid=1652 Player=0x1baf40a0 Core=0xb8830d0 world=(2878,1376)
[2026-08-25T18:56:33] [AUTO_START] MAP_READY_OPEN attempt=1 pass=0 pid=15220 Player=0x106e10a0 Core=0xa7ed0d0 world=(2222,1239)
[2026-08-25T18:56:36] [AUTO_START] MAP_READY_OPEN attempt=1 pass=0 pid=12748 Player=0x1bc110a0 Core=0x167270d0 world=(2057,1309)
[2026-08-25T22:37:18] [AUTO_START] WAIT_WINDOW attempt=1 pass=0 pid=9680 Flash launched at original size
[2026-08-25T22:37:18] Đang đăng nhập 1 acc...
[2026-08-25T22:37:23] [AUTO_START] START_CLICKED attempt=1 pass=0 pid=9680 Bắt đầu
[2026-08-25T22:37:28] [AUTO_START] RETRY_START attempt=1 pass=0 pid=9680 chua thay chon kenh, bam lai Bat dau
[2026-08-25T22:37:31] [AUTO_START] START_CLICKED attempt=1 pass=0 pid=9680 Bắt đầu
[2026-08-25T22:37:36] [AUTO_START] RETRY_START attempt=1 pass=0 pid=9680 chua thay chon kenh, bam lai Bat dau
[2026-08-25T22:37:41] [AUTO_START] START_CLICKED_CAPTURE_FALLBACK attempt=1 pass=0 pid=9680 bounded Flash-stage action
[2026-08-25T22:37:46] [AUTO_START] RETRY_START attempt=1 pass=0 pid=9680 chua thay chon kenh, bam lai Bat dau
[2026-08-25T22:37:49] [AUTO_START] START_CLICKED attempt=1 pass=0 pid=9680 Bắt đầu
[2026-08-25T22:37:52] [AUTO_START] CHANNEL_SELECTED attempt=1 pass=0 pid=9680 channel=(449, 308) choices=1
[2026-08-25T22:37:56] [AUTO_START] ENTER_GAME_CLICKED attempt=1 pass=0 pid=9680 character_slot=1 slot_verified=True
[2026-08-25T22:38:03] [AUTO_START] MAP_READY_OPEN attempt=1 pass=0 pid=9680 Player=0xe2180a0 Core=0x143110d0 world=(1566,1303)
[2026-08-25T22:39:50] Đã bắt đầu TRỊ AN (2 lượt/acc): acc_1
[2026-08-25T22:39:50] TRỊ AN CB: client chưa mở, đang đăng nhập...
[2026-08-25T22:39:50] [AUTO_START] WAIT_WINDOW attempt=1 pass=0 pid=16536 Flash launched at original size
[2026-08-25T22:39:55] [AUTO_START] START_CLICKED attempt=1 pass=0 pid=16536 Bắt đầu
[2026-08-25T22:40:01] [AUTO_START] RETRY_START attempt=1 pass=0 pid=16536 chua thay chon kenh, bam lai Bat dau
[2026-08-25T22:40:19] [AUTO_START] START_CLICKED attempt=1 pass=0 pid=16536 Bắt đầu
[2026-08-25T22:40:22] [AUTO_START] CHANNEL_SELECTED attempt=1 pass=0 pid=16536 channel=(449, 308) choices=1
[2026-08-25T22:40:27] [AUTO_START] ENTER_GAME_CLICKED attempt=1 pass=0 pid=16536 character_slot=1 slot_verified=True
[2026-08-25T22:40:32] [AUTO_START] MAP_READY_OPEN attempt=1 pass=0 pid=16536 Player=0x1294a0a0 Core=0xbf280d0 world=(691,536)
[2026-08-25T22:40:41] [POPUP] đã đóng cache_notice
[2026-08-25T22:42:43] [TRI_AN] TRỊ AN CB: dừng ở lượt 1: không mở được hộp thoại NPC Trưởng Cận Vệ Đông Huyền
[2026-08-25T22:42:43] TRỊ AN CB: FAILED — 0/2 lượt; dừng ở lượt 1: không mở được hộp thoại NPC Trưởng Cận Vệ Đông Huyền
[2026-08-25T22:43:37] Đã bắt đầu TRỊ AN (2 lượt/acc): acc_1
[2026-08-25T22:44:00] [TRI_AN] TRỊ AN CB: đã nhận nhiệm vụ id=4671 (Truy Bắt Phi Tặc)
[2026-08-25T22:44:52] [TRI_AN] TRỊ AN CB: lượt này không có vật phẩm chỉ đường — quét mục tiêu tại chỗ
[2026-08-25T22:44:55] [TRI_AN] TRỊ AN CB: chờ Truy Bắt Phi Tặc xuất hiện (0s): không thấy mục tiêu nào trong ['Bang Hung Phi Tặc', 'Phi Tặc', 'Phản Quân', 'Phản Quân Đại Tướng'] (npc (1143, 2167) / quái (775, 785)) quanh đây
[2026-08-25T22:45:05] [AUTO_START] WAIT_WINDOW attempt=1 pass=0 pid=2708 Flash launched at original size
[2026-08-25T22:45:06] Đang đăng nhập 1 acc...
[2026-08-25T22:45:08] [TRI_AN] TRỊ AN CB: chờ Truy Bắt Phi Tặc xuất hiện (10s): không thấy mục tiêu nào trong ['Bang Hung Phi Tặc', 'Phi Tặc', 'Phản Quân', 'Phản Quân Đại Tướng'] (npc (1143, 2167) / quái (775, 785)) quanh đây
[2026-08-25T22:45:10] [AUTO_START] START_CLICKED attempt=1 pass=0 pid=2708 Bắt đầu
[2026-08-25T22:45:16] [AUTO_START] RETRY_START attempt=1 pass=0 pid=2708 chua thay chon kenh, bam lai Bat dau
[2026-08-25T22:45:20] [TRI_AN] TRỊ AN CB: chờ Truy Bắt Phi Tặc xuất hiện (20s): không thấy mục tiêu nào trong ['Bang Hung Phi Tặc', 'Phi Tặc', 'Phản Quân', 'Phản Quân Đại Tướng'] (npc (1143, 2167) / quái (775, 785)) quanh đây
[2026-08-25T22:45:22] [AUTO_START] START_CLICKED_CAPTURE_FALLBACK attempt=1 pass=0 pid=2708 bounded Flash-stage action
[2026-08-25T22:45:27] [AUTO_START] RETRY_START attempt=1 pass=0 pid=2708 chua thay chon kenh, bam lai Bat dau
[2026-08-25T22:45:32] [AUTO_START] START_CLICKED attempt=1 pass=0 pid=2708 Bắt đầu
[2026-08-25T22:45:35] [AUTO_START] CHANNEL_SELECTED attempt=1 pass=0 pid=2708 channel=(449, 308) choices=1
[2026-08-25T22:45:39] [AUTO_START] ENTER_GAME_CLICKED attempt=1 pass=0 pid=2708 character_slot=1 slot_verified=True
[2026-08-25T22:45:41] [TRI_AN] TRỊ AN CB: lượt thất bại thứ 1 (chờ 30s không thấy mục tiêu Truy Bắt Phi Tặc (không thấy mục tiêu nào trong ['Bang Hung Phi Tặc', 'Phi Tặc', 'Phản Quân', 'Phản Quân Đại Tướng'] (npc (1143, 2167) / quái (775, 785)) quanh đây)) — đã huỷ, nhận lại.
[2026-08-25T22:45:44] [AUTO_START] MAP_READY_OPEN attempt=1 pass=0 pid=2708 Player=0x140280a0 Core=0x179650d0 world=(691,536)
[2026-08-25T22:46:26] [TRI_AN] TRỊ AN CB: đã nhận nhiệm vụ id=không đọc được (id ?)
[2026-08-25T22:46:28] [TRI_AN] TRỊ AN CB: vật phẩm mã 4843 ở trang 10 ô 24 (sid 2425)
[2026-08-25T22:46:28] [TRI_AN] TRỊ AN CB: dừng ở lượt 2: dùng vật phẩm chỉ đường: vật phẩm ở trang 10, ngoài 9 tab đang biết — cần đo thêm
[2026-08-25T22:46:29] TRỊ AN CB: FAILED — 0/2 lượt; dừng ở lượt 2: dùng vật phẩm chỉ đường: vật phẩm ở trang 10, ngoài 9 tab đang biết — cần đo thêm
[2026-08-25T22:48:43] Đã bắt đầu TRỊ AN (2 lượt/acc): acc_1
[2026-08-25T22:49:07] [TRI_AN] TRỊ AN CB: đã nhận nhiệm vụ id=4671 (Truy Bắt Phi Tặc)
[2026-08-25T22:49:10] [TRI_AN] TRỊ AN CB: vật phẩm mã 4843 ở trang 10 ô 24 (sid 2425)
[2026-08-25T22:49:43] [TRI_AN] TRỊ AN CB: dừng ở lượt 1: dùng vật phẩm chỉ đường: đã nhấp đôi ô 24 trang 10 nhưng map vẫn là 9 sau 25s — vật phẩm mã 4843 chưa dùng được
[2026-08-25T22:49:44] TRỊ AN CB: FAILED — 0/2 lượt; dừng ở lượt 1: dùng vật phẩm chỉ đường: đã nhấp đôi ô 24 trang 10 nhưng map vẫn là 9 sau 25s — vật phẩm mã 4843 chưa dùng được
[2026-08-25T22:50:29] Đã bắt đầu TRỊ AN (3 lượt/acc): acc_1
[2026-08-25T22:50:52] [TRI_AN] TRỊ AN CB: đã nhận nhiệm vụ id=4671 (Truy Bắt Phi Tặc)
[2026-08-25T22:51:47] [TRI_AN] TRỊ AN CB: lượt này không có vật phẩm chỉ đường — quét mục tiêu tại chỗ
[2026-08-25T22:51:50] [TRI_AN] TRỊ AN CB: chờ Truy Bắt Phi Tặc xuất hiện (0s): không thấy mục tiêu nào trong ['Bang Hung Phi Tặc', 'Phi Tặc', 'Phản Quân', 'Phản Quân Đại Tướng'] (npc (1143, 2167) / quái (775, 785)) quanh đây
[2026-08-25T22:52:02] [TRI_AN] TRỊ AN CB: chờ Truy Bắt Phi Tặc xuất hiện (10s): không thấy mục tiêu nào trong ['Bang Hung Phi Tặc', 'Phi Tặc', 'Phản Quân', 'Phản Quân Đại Tướng'] (npc (1143, 2167) / quái (775, 785)) quanh đây
[2026-08-25T22:52:15] [TRI_AN] TRỊ AN CB: chờ Truy Bắt Phi Tặc xuất hiện (20s): không thấy mục tiêu nào trong ['Bang Hung Phi Tặc', 'Phi Tặc', 'Phản Quân', 'Phản Quân Đại Tướng'] (npc (1143, 2167) / quái (775, 785)) quanh đây
[2026-08-25T22:52:35] [TRI_AN] TRỊ AN CB: lượt thất bại thứ 1 (chờ 30s không thấy mục tiêu Truy Bắt Phi Tặc (không thấy mục tiêu nào trong ['Bang Hung Phi Tặc', 'Phi Tặc', 'Phản Quân', 'Phản Quân Đại Tướng'] (npc (1143, 2167) / quái (775, 785)) quanh đây)) — đã huỷ, nhận lại.
[2026-08-25T22:53:02] [TRI_AN] TRỊ AN CB: exception OSError: [WinError 87] The parameter is incorrect.
[2026-08-25T22:53:03] TRỊ AN CB: ERROR — 0/3 lượt; exception OSError: [WinError 87] The parameter is incorrect.
[2026-08-25T22:59:59] Đã bắt đầu TRỊ AN (3 lượt/acc): acc_1
[2026-08-25T22:59:59] TRỊ AN CB: client chưa mở, đang đăng nhập...
[2026-08-25T22:59:59] [AUTO_START] WAIT_WINDOW attempt=1 pass=0 pid=3268 Flash launched at original size
[2026-08-25T23:00:04] [AUTO_START] START_CLICKED attempt=1 pass=0 pid=3268 Bắt đầu
[2026-08-25T23:00:10] [AUTO_START] RETRY_START attempt=1 pass=0 pid=3268 chua thay chon kenh, bam lai Bat dau
[2026-08-25T23:00:26] [AUTO_START] START_CLICKED attempt=1 pass=0 pid=3268 Bắt đầu
[2026-08-25T23:00:29] [AUTO_START] CHANNEL_SELECTED attempt=1 pass=0 pid=3268 channel=(449, 308) choices=1
[2026-08-25T23:00:33] [AUTO_START] ENTER_GAME_CLICKED attempt=1 pass=0 pid=3268 character_slot=1 slot_verified=True
[2026-08-25T23:00:39] [AUTO_START] MAP_READY_OPEN attempt=1 pass=0 pid=3268 Player=0x152870a0 Core=0x17c0a0d0 world=(2913,888)
[2026-08-25T23:00:49] [POPUP] đã đóng cache_notice
[2026-08-25T23:01:12] [TRI_AN] TRỊ AN CB: đã nhận nhiệm vụ id=7667 (Phản Quân Hải Tặc)
[2026-08-25T23:01:15] [TRI_AN] TRỊ AN CB: vật phẩm mã 4843 ở trang 10 ô 24 (sid 2425)
[2026-08-25T23:12:54] [AUTO_START] WAIT_WINDOW attempt=1 pass=0 pid=11764 Flash launched at original size
[2026-08-25T23:12:54] Đang đăng nhập 1 acc...
[2026-08-25T23:12:58] [AUTO_START] START_CLICKED attempt=1 pass=0 pid=11764 Bắt đầu
[2026-08-25T23:13:03] [AUTO_START] RETRY_START attempt=1 pass=0 pid=11764 chua thay chon kenh, bam lai Bat dau
[2026-08-25T23:13:22] [AUTO_START] START_CLICKED attempt=1 pass=0 pid=11764 Bắt đầu
[2026-08-25T23:13:30] [AUTO_START] MAP_READY_OPEN attempt=1 pass=0 pid=11764 Player=0x12e030a0 Core=0x977b0d0 world=(2913,888)
[2026-08-25T23:17:52] Đã bắt đầu TRỊ AN (2 lượt/acc): acc_1
[2026-08-25T23:18:23] [TRI_AN] TRỊ AN CB: đã nhận nhiệm vụ id=7667 (Phản Quân Hải Tặc)
[2026-08-25T23:18:26] [TRI_AN] TRỊ AN CB: vật phẩm mã 4843 ở trang 2 ô 23 (sid 2184)
[2026-08-25T23:19:00] [TRI_AN] TRỊ AN CB: dừng ở lượt 1: dùng vật phẩm chỉ đường: đã nhấp đôi ô 23 trang 2 nhưng map vẫn là 9 sau 25s — vật phẩm mã 4843 chưa dùng được
[2026-08-25T23:19:00] TRỊ AN CB: FAILED — 0/2 lượt; dừng ở lượt 1: dùng vật phẩm chỉ đường: đã nhấp đôi ô 23 trang 2 nhưng map vẫn là 9 sau 25s — vật phẩm mã 4843 chưa dùng được
[2026-08-25T23:20:52] Đã bắt đầu TRỊ AN (2 lượt/acc): acc_1
[2026-08-25T23:21:15] [TRI_AN] TRỊ AN CB: đã nhận nhiệm vụ id=7667 (Phản Quân Hải Tặc)
[2026-08-25T23:21:18] [TRI_AN] TRỊ AN CB: vật phẩm mã 4843 ở trang 2 ô 23 (sid 2184)
[2026-08-25T23:21:51] [TRI_AN] TRỊ AN CB: dừng ở lượt 1: dùng vật phẩm chỉ đường: đã nhấp đôi ô 23 trang 2 nhưng map vẫn là 9 sau 25s — vật phẩm mã 4843 chưa dùng được
[2026-08-25T23:21:51] TRỊ AN CB: FAILED — 0/2 lượt; dừng ở lượt 1: dùng vật phẩm chỉ đường: đã nhấp đôi ô 23 trang 2 nhưng map vẫn là 9 sau 25s — vật phẩm mã 4843 chưa dùng được
[2026-08-25T23:29:02] Đã bắt đầu TRỊ AN (2 lượt/acc): acc_1
[2026-08-25T23:29:33] [TRI_AN] TRỊ AN CB: đã nhận nhiệm vụ id=7667 (Phản Quân Hải Tặc)
[2026-08-25T23:29:36] [TRI_AN] TRỊ AN CB: vật phẩm mã 4843 ở trang 10 ô 21 (sid 2422)
[2026-08-25T23:29:52] [TRI_AN] TRỊ AN CB: đã dịch chuyển tới map 18 bằng Mật Lệnh Hải Tặc
[2026-08-25T23:29:54] [TRI_AN] TRỊ AN CB: mục tiêu: Phản Quân Đại Tướng family=306010 id=1071 (khớp theo name)
[2026-08-25T23:30:01] [AUTO_BOSS] Start selected-monster NPCView.clickNpc runner generation=1
[2026-08-25T23:30:03] [AUTO_BOSS] selected Monster 2060090100071 id=12044 type=3060100001071 resource=2060090100071 base=0x243b1ae0 distance=0
[2026-08-25T23:30:04] [AUTO_BOSS] NPCView session fingerprint native=0xa17cb8 avm=0x125940a0 method_info=0xc254b30 slot322_method_id=18293
[2026-08-25T23:30:04] [AUTO_BOSS] id=12044 distance=0 receiver=0x27b10280 method=18293 stage=2
[2026-08-25T23:30:06] [AUTO_BOSS] battle edge false->true id=12044
[2026-08-25T23:31:28] [AUTO_BOSS] battle edge true->false clear=1
[2026-08-25T23:32:49] [TRI_AN] TRỊ AN CB: dừng ở lượt 1: không mở được hộp thoại NPC Trưởng Cận Vệ Đông Huyền để trả
[2026-08-25T23:32:50] TRỊ AN CB: FAILED — 0/2 lượt; dừng ở lượt 1: không mở được hộp thoại NPC Trưởng Cận Vệ Đông Huyền để trả
[2026-08-25T23:34:38] Đã bắt đầu TRỊ AN (2 lượt/acc): acc_1
[2026-08-25T23:35:09] [TRI_AN] TRỊ AN CB: đã nhận nhiệm vụ id=7667 (Phản Quân Hải Tặc)
[2026-08-25T23:35:12] [TRI_AN] TRỊ AN CB: vật phẩm mã 4843 ở trang 10 ô 21 (sid 2422)
[2026-08-25T23:35:28] [TRI_AN] TRỊ AN CB: đã dịch chuyển tới map 4 bằng Mật Lệnh Hải Tặc
[2026-08-25T23:35:30] [TRI_AN] TRỊ AN CB: mục tiêu: Phản Quân Đại Tướng family=306010 id=1071 (khớp theo name)
[2026-08-25T23:35:36] [AUTO_BOSS] Start selected-monster NPCView.clickNpc runner generation=1
[2026-08-25T23:35:39] [AUTO_BOSS] selected Monster 2060090100071 id=15836 type=3060100001071 resource=2060090100071 base=0x14dad0a0 distance=0
[2026-08-25T23:35:39] [AUTO_BOSS] NPCView session fingerprint native=0xa17cb8 avm=0x125940a0 method_info=0xc254b30 slot322_method_id=18293
[2026-08-25T23:35:40] [AUTO_BOSS] id=15836 distance=0 receiver=0x27b10430 method=18293 stage=2
[2026-08-25T23:35:42] [AUTO_BOSS] battle edge false->true id=15836
[2026-08-25T23:35:46] [AUTO_BOSS] battle edge true->false clear=1
[2026-08-25T23:37:34] [TRI_AN] TRỊ AN CB: xong lượt 1/2 (Phản Quân Hải Tặc)
[2026-08-25T23:38:00] [TRI_AN] TRỊ AN CB: đã nhận nhiệm vụ id=7667 (Phản Quân Hải Tặc)
[2026-08-25T23:38:03] [TRI_AN] TRỊ AN CB: vật phẩm mã 4843 ở trang 10 ô 21 (sid 2422)
[2026-08-25T23:38:19] [TRI_AN] TRỊ AN CB: đã dịch chuyển tới map 23 bằng Mật Lệnh Hải Tặc
[2026-08-25T23:38:21] [TRI_AN] TRỊ AN CB: mục tiêu: Phản Quân Đại Tướng family=306010 id=1071 (khớp theo name)
[2026-08-25T23:38:27] [AUTO_BOSS] Start selected-monster NPCView.clickNpc runner generation=1
[2026-08-25T23:38:30] [AUTO_BOSS] selected Monster 2060090100071 id=12603 type=3060100001071 resource=2060090100071 base=0xbbdfd70 distance=0
[2026-08-25T23:38:31] [AUTO_BOSS] NPCView session fingerprint native=0xa17cb8 avm=0x125940a0 method_info=0xc254b30 slot322_method_id=18293
[2026-08-25T23:38:31] [AUTO_BOSS] id=12603 distance=0 receiver=0x1dcd8430 method=18293 stage=2
[2026-08-25T23:38:33] [AUTO_BOSS] battle edge false->true id=12603
[2026-08-25T23:38:37] [AUTO_BOSS] battle edge true->false clear=1
[2026-08-25T23:40:26] [TRI_AN] TRỊ AN CB: xong lượt 2/2 (Phản Quân Hải Tặc)
[2026-08-25T23:40:26] [TRI_AN] TRỊ AN CB: hoàn tất 2 lượt thành công (0 lượt thất bại).
[2026-08-25T23:40:26] TRỊ AN CB: DONE — 2/2 lượt; hoàn tất 2 lượt thành công (0 lượt thất bại).
[2026-08-25T23:43:47] Đã bắt đầu TRỪ MA (10 lượt/acc): acc_5
[2026-08-25T23:43:47] TRỪ MA luvy: client chưa mở, đang đăng nhập...
[2026-08-25T23:43:47] [AUTO_START] WAIT_WINDOW attempt=1 pass=0 pid=13072 Flash launched at original size
[2026-08-25T23:43:52] [AUTO_START] START_CLICKED attempt=1 pass=0 pid=13072 Bắt đầu
[2026-08-25T23:43:58] [AUTO_START] RETRY_START attempt=1 pass=0 pid=13072 chua thay chon kenh, bam lai Bat dau
[2026-08-25T23:44:14] [AUTO_START] START_CLICKED attempt=1 pass=0 pid=13072 Bắt đầu
[2026-08-25T23:44:17] [AUTO_START] CHANNEL_SELECTED attempt=1 pass=0 pid=13072 channel=(449, 308) choices=1
[2026-08-25T23:44:21] [AUTO_START] ENTER_GAME_CLICKED attempt=1 pass=0 pid=13072 character_slot=1 slot_verified=True
[2026-08-25T23:44:27] [AUTO_START] MAP_READY_OPEN attempt=1 pass=0 pid=13072 Player=0x121f20a0 Core=0x17d690d0 world=(1703,1275)
[2026-08-25T23:44:38] [POPUP] đã đóng cache_notice
[2026-08-25T23:45:22] [TRU_MA] TRỪ MA luvy: nhận diện: Phong Ấn Cự Thú (id=7669, margin=6)
[2026-08-25T23:45:44] [TRU_MA] TRỪ MA luvy: mục tiêu: Viễn Cổ Cự Thú id=1161 type=3060100001161 resource=2060100001161
[2026-08-25T23:45:52] [AUTO_BOSS] Start selected-monster NPCView.clickNpc runner generation=1
[2026-08-25T23:45:55] [AUTO_BOSS] selected Monster 2060100001161 id=2169 type=3060100001161 resource=2060100001161 base=0x324ef0a0 distance=429
[2026-08-25T23:45:56] [AUTO_BOSS] NPCView session fingerprint native=0xa17cb8 avm=0x120000a0 method_info=0xb07a900 slot322_method_id=18293
[2026-08-25T23:45:56] [AUTO_BOSS] id=2169 distance=429 receiver=0x324e5280 method=18293 stage=1
[2026-08-25T23:45:59] [AUTO_BOSS] id=2169 distance=228 receiver=0x324e5280 method=18293 stage=2
[2026-08-25T23:46:03] [AUTO_BOSS] battle edge false->true id=2169
[2026-08-25T23:46:05] [AUTO_BOSS] battle edge true->false clear=1
[2026-08-25T23:46:43] [TRU_MA] TRỪ MA luvy: xong lượt 1/10 (Phong Ấn Cự Thú)
[2026-08-25T23:47:03] [TRU_MA] TRỪ MA luvy: nhận diện: Phi Ma Tập Kích (id=7668, margin=6)
[2026-08-25T23:47:42] [TRU_MA] TRỪ MA luvy: mục tiêu: Thủ Lĩnh Phi Ma id=1114 type=3060100001114 resource=2060090100114
[2026-08-25T23:47:50] [AUTO_BOSS] Start selected-monster NPCView.clickNpc runner generation=1
[2026-08-25T23:47:53] [AUTO_BOSS] selected Thủ Lĩnh Phi Ma id=1173 type=3060100001114 resource=2060090100114 base=0x23a98330 distance=644
[2026-08-25T23:47:53] [AUTO_BOSS] NPCView session fingerprint native=0xa17cb8 avm=0x120000a0 method_info=0xb07a900 slot322_method_id=18293
[2026-08-25T23:47:53] [AUTO_BOSS] id=1173 distance=644 receiver=0x10253940 method=18293 stage=1
[2026-08-25T23:47:59] [AUTO_BOSS] id=1173 distance=120 receiver=0x10253940 method=18293 stage=2
[2026-08-25T23:48:03] [AUTO_BOSS] battle edge false->true id=1173
[2026-08-25T23:48:05] [AUTO_BOSS] battle edge true->false clear=1
[2026-08-25T23:48:23] Không có Daily đang chạy trong phạm vi đã chọn.
[2026-08-25T23:48:23] Đã yêu cầu dừng TRỪ MA: acc_5
[2026-08-25T23:48:23] Không có TRỊ AN đang chạy trong phạm vi đã chọn.
[2026-08-25T23:48:23] TRỪ MA luvy: STOPPED — 1/10 lượt; mục tiêu: Thủ Lĩnh Phi Ma id=1114 type=3060100001114 resource=2060090100114
[2026-08-25T23:48:25] [TRU_MA] TRỪ MA luvy: dừng ở lượt 2: không mở được hộp thoại NPC Quan Quân Nhu để trả
[2026-08-25T23:54:52] [AUTO_START] WAIT_WINDOW attempt=1 pass=0 pid=12548 Flash launched at original size
[2026-08-25T23:54:52] Đang đăng nhập 1 acc...
[2026-08-25T23:54:57] [AUTO_START] START_CLICKED attempt=1 pass=0 pid=12548 Bắt đầu
[2026-08-25T23:55:03] [AUTO_START] RETRY_START attempt=1 pass=0 pid=12548 chua thay chon kenh, bam lai Bat dau
[2026-08-25T23:55:09] [AUTO_START] START_CLICKED_CAPTURE_FALLBACK attempt=1 pass=0 pid=12548 bounded Flash-stage action
[2026-08-25T23:55:14] [AUTO_START] RETRY_START attempt=1 pass=0 pid=12548 chua thay chon kenh, bam lai Bat dau
[2026-08-25T23:55:19] [AUTO_START] START_CLICKED attempt=1 pass=0 pid=12548 Bắt đầu
[2026-08-25T23:55:25] [AUTO_START] RETRY_START attempt=1 pass=0 pid=12548 chua thay chon kenh, bam lai Bat dau
[2026-08-25T23:55:30] [AUTO_START] MAP_READY_OPEN attempt=1 pass=0 pid=12548 Player=0x112160a0 Core=0x17f640d0 world=(691,536)
[2026-08-26T00:18:51] [AUTO_START] WAIT_WINDOW attempt=1 pass=0 pid=3488 Flash launched at original size
[2026-08-26T00:18:51] [AUTO_START] WAIT_WINDOW attempt=1 pass=0 pid=14884 Flash launched at original size
[2026-08-26T00:18:52] [AUTO_START] WAIT_WINDOW attempt=1 pass=0 pid=10036 Flash launched at original size
[2026-08-26T00:18:52] [AUTO_START] WAIT_WINDOW attempt=1 pass=0 pid=11460 Flash launched at original size
[2026-08-26T00:18:52] [AUTO_START] WAIT_WINDOW attempt=1 pass=0 pid=12084 Flash launched at original size
[2026-08-26T00:18:52] [AUTO_START] WAIT_WINDOW attempt=1 pass=0 pid=10088 Flash launched at original size
[2026-08-26T00:18:52] Đang đăng nhập 6 acc...
[2026-08-26T00:18:56] [AUTO_START] START_CLICKED attempt=1 pass=0 pid=3488 Bắt đầu
[2026-08-26T00:18:56] [AUTO_START] RETRY_START attempt=1 pass=0 pid=3488 chua thay chon kenh, bam lai Bat dau
[2026-08-26T00:18:57] [AUTO_START] START_CLICKED attempt=1 pass=0 pid=14884 Bắt đầu
[2026-08-26T00:18:57] [AUTO_START] START_CLICKED attempt=1 pass=0 pid=10036 Bắt đầu
[2026-08-26T00:18:57] [AUTO_START] RETRY_START attempt=1 pass=0 pid=14884 chua thay chon kenh, bam lai Bat dau
[2026-08-26T00:18:58] [AUTO_START] START_CLICKED attempt=1 pass=0 pid=3488 Bắt đầu
[2026-08-26T00:18:58] [AUTO_START] START_CLICKED attempt=1 pass=0 pid=12084 Bắt đầu
[2026-08-26T00:18:58] [AUTO_START] FAILED_CLOSED attempt=1 pass=0 pid=10036 Flash window closed before map
[2026-08-26T00:18:58] [AUTO_START] START_CLICKED attempt=1 pass=0 pid=11460 Bắt đầu
[2026-08-26T00:18:58] [AUTO_START] RETRY_START attempt=1 pass=0 pid=12084 chua thay chon kenh, bam lai Bat dau
[2026-08-26T00:18:58] [AUTO_START] FAILED_CLOSED attempt=1 pass=0 pid=11460 Flash window closed before map
[2026-08-26T00:18:59] [AUTO_START] FAILED_CLOSED attempt=1 pass=0 pid=10088 Flash window closed before map
[2026-08-26T00:18:59] [AUTO_START] START_CLICKED attempt=1 pass=0 pid=14884 Bắt đầu
[2026-08-26T00:19:00] [AUTO_START] START_CLICKED attempt=1 pass=0 pid=12084 Bắt đầu
[2026-08-26T00:19:02] [AUTO_START] RETRY_START attempt=1 pass=0 pid=3488 chua thay chon kenh, bam lai Bat dau
[2026-08-26T00:19:03] [AUTO_START] RETRY_START attempt=1 pass=0 pid=14884 chua thay chon kenh, bam lai Bat dau
[2026-08-26T00:19:03] [AUTO_START] START_CLICKED attempt=1 pass=0 pid=3488 Bắt đầu
[2026-08-26T00:19:03] [AUTO_START] RETRY_START attempt=1 pass=0 pid=12084 chua thay chon kenh, bam lai Bat dau
[2026-08-26T00:19:04] [AUTO_START] START_CLICKED attempt=1 pass=0 pid=14884 Bắt đầu
[2026-08-26T00:19:05] [AUTO_START] START_CLICKED attempt=1 pass=0 pid=12084 Bắt đầu
[2026-08-26T00:19:07] [AUTO_START] RETRY_START attempt=1 pass=0 pid=3488 chua thay chon kenh, bam lai Bat dau
[2026-08-26T00:19:08] Không có Daily đang chạy trong phạm vi đã chọn.
[2026-08-26T00:19:08] Không có TRỪ MA đang chạy trong phạm vi đã chọn.
[2026-08-26T00:19:08] Không có TRỊ AN đang chạy trong phạm vi đã chọn.
[2026-08-26T00:19:08] [AUTO_START] RETRY_START attempt=1 pass=0 pid=14884 chua thay chon kenh, bam lai Bat dau
[2026-08-26T00:19:09] [AUTO_START] START_CLICKED attempt=1 pass=0 pid=3488 Bắt đầu
[2026-08-26T00:19:09] [AUTO_START] RETRY_START attempt=1 pass=0 pid=12084 chua thay chon kenh, bam lai Bat dau
[2026-08-26T00:19:10] [AUTO_START] START_CLICKED attempt=1 pass=0 pid=14884 Bắt đầu
[2026-08-26T00:19:11] [AUTO_START] START_CLICKED attempt=1 pass=0 pid=12084 Bắt đầu
[2026-08-26T00:19:13] [AUTO_START] RETRY_START attempt=1 pass=0 pid=3488 chua thay chon kenh, bam lai Bat dau
[2026-08-26T00:19:14] [AUTO_START] RETRY_START attempt=1 pass=0 pid=14884 chua thay chon kenh, bam lai Bat dau
[2026-08-26T00:19:14] [AUTO_START] START_CLICKED attempt=1 pass=0 pid=3488 Bắt đầu
[2026-08-26T00:19:15] [AUTO_START] RETRY_START attempt=1 pass=0 pid=12084 chua thay chon kenh, bam lai Bat dau
[2026-08-26T00:19:15] [AUTO_START] START_CLICKED attempt=1 pass=0 pid=14884 Bắt đầu
[2026-08-26T00:19:17] [AUTO_START] START_CLICKED attempt=1 pass=0 pid=12084 Bắt đầu
[2026-08-26T00:19:18] [AUTO_START] RETRY_START attempt=1 pass=0 pid=3488 chua thay chon kenh, bam lai Bat dau
[2026-08-26T00:19:19] [AUTO_START] RETRY_START attempt=1 pass=0 pid=14884 chua thay chon kenh, bam lai Bat dau
[2026-08-26T00:19:19] [AUTO_START] START_CLICKED attempt=1 pass=0 pid=3488 Bắt đầu
[2026-08-26T00:19:20] [AUTO_START] FAILED_CLOSED attempt=1 pass=0 pid=3488 Flash window closed before map
[2026-08-26T00:19:21] [AUTO_START] FAILED_CLOSED attempt=1 pass=0 pid=12084 Flash window closed before map
[2026-08-26T00:19:21] [AUTO_START] START_CLICKED attempt=1 pass=0 pid=14884 Bắt đầu
[2026-08-26T00:19:24] Không có Daily đang chạy trong phạm vi đã chọn.
[2026-08-26T00:19:24] Không có TRỪ MA đang chạy trong phạm vi đã chọn.
[2026-08-26T00:19:24] Không có TRỊ AN đang chạy trong phạm vi đã chọn.
[2026-08-26T00:19:25] [AUTO_START] RETRY_START attempt=1 pass=0 pid=14884 chua thay chon kenh, bam lai Bat dau
[2026-08-26T00:19:27] [AUTO_START] START_CLICKED attempt=1 pass=0 pid=14884 Bắt đầu
[2026-08-26T00:19:31] [AUTO_START] RETRY_START attempt=1 pass=0 pid=14884 chua thay chon kenh, bam lai Bat dau
[2026-08-26T00:19:32] [AUTO_START] START_CLICKED attempt=1 pass=0 pid=14884 Bắt đầu
[2026-08-26T00:19:32] [AUTO_START] WAIT_WINDOW attempt=1 pass=0 pid=1536 Flash launched at original size
[2026-08-26T00:19:33] [AUTO_START] WAIT_WINDOW attempt=1 pass=0 pid=15488 Flash launched at original size
[2026-08-26T00:19:33] Đang đăng nhập 2 acc...
[2026-08-26T00:19:36] [AUTO_START] RETRY_START attempt=1 pass=0 pid=14884 chua thay chon kenh, bam lai Bat dau
[2026-08-26T00:19:36] [AUTO_START] START_CLICKED attempt=1 pass=0 pid=1536 Bắt đầu
[2026-08-26T00:19:38] [AUTO_START] START_CLICKED attempt=1 pass=0 pid=14884 Bắt đầu
[2026-08-26T00:19:38] [AUTO_START] START_CLICKED attempt=1 pass=0 pid=15488 Bắt đầu
[2026-08-26T00:19:42] [AUTO_START] RETRY_START attempt=1 pass=0 pid=14884 chua thay chon kenh, bam lai Bat dau
[2026-08-26T00:19:42] [AUTO_START] RETRY_START attempt=1 pass=0 pid=1536 chua thay chon kenh, bam lai Bat dau
[2026-08-26T00:19:43] [AUTO_START] START_CLICKED attempt=1 pass=0 pid=14884 Bắt đầu
[2026-08-26T00:19:45] [AUTO_START] RETRY_START attempt=1 pass=0 pid=15488 chua thay chon kenh, bam lai Bat dau
[2026-08-26T00:19:47] [AUTO_START] RETRY_START attempt=1 pass=0 pid=14884 chua thay chon kenh, bam lai Bat dau
[2026-08-26T00:19:49] [AUTO_START] START_CLICKED attempt=1 pass=0 pid=14884 Bắt đầu
[2026-08-26T00:19:53] [AUTO_START] RETRY_START attempt=1 pass=0 pid=14884 chua thay chon kenh, bam lai Bat dau
[2026-08-26T00:19:54] [AUTO_START] START_CLICKED attempt=1 pass=0 pid=14884 Bắt đầu
[2026-08-26T00:19:58] [AUTO_START] RETRY_START attempt=1 pass=0 pid=14884 chua thay chon kenh, bam lai Bat dau
[2026-08-26T00:20:00] [AUTO_START] START_CLICKED attempt=1 pass=0 pid=14884 Bắt đầu
[2026-08-26T00:20:01] [AUTO_START] START_CLICKED attempt=1 pass=0 pid=15488 Bắt đầu
[2026-08-26T00:20:01] [AUTO_START] START_CLICKED attempt=1 pass=0 pid=1536 Bắt đầu
[2026-08-26T00:20:04] [AUTO_START] RETRY_START attempt=1 pass=0 pid=14884 chua thay chon kenh, bam lai Bat dau
[2026-08-26T00:20:04] [AUTO_START] CHANNEL_SELECTED attempt=1 pass=0 pid=15488 channel=(449, 308) choices=1
[2026-08-26T00:20:05] [AUTO_START] CHANNEL_SELECTED attempt=1 pass=0 pid=1536 channel=(449, 308) choices=1
[2026-08-26T00:20:05] [AUTO_START] START_CLICKED attempt=1 pass=0 pid=14884 Bắt đầu
[2026-08-26T00:20:09] [AUTO_START] ENTER_GAME_CLICKED attempt=1 pass=0 pid=15488 character_slot=1 slot_verified=True
[2026-08-26T00:20:10] [AUTO_START] RETRY_START attempt=1 pass=0 pid=14884 chua thay chon kenh, bam lai Bat dau
[2026-08-26T00:20:10] [AUTO_START] ENTER_GAME_CLICKED attempt=1 pass=0 pid=1536 character_slot=1 slot_verified=True
[2026-08-26T00:20:11] [AUTO_START] START_CLICKED attempt=1 pass=0 pid=14884 Bắt đầu
[2026-08-26T00:20:15] [AUTO_START] MAP_READY_OPEN attempt=1 pass=0 pid=15488 Player=0x16aeb0a0 Core=0xa4670d0 world=(721,605)
[2026-08-26T00:20:15] [AUTO_START] RETRY_START attempt=1 pass=0 pid=14884 chua thay chon kenh, bam lai Bat dau
[2026-08-26T00:20:17] [AUTO_START] START_CLICKED attempt=1 pass=0 pid=14884 Bắt đầu
[2026-08-26T00:20:18] [AUTO_START] MAP_READY_OPEN attempt=1 pass=0 pid=1536 Player=0x1bda10a0 Core=0x64b30d0 world=(2220,1566)
[2026-08-26T00:20:21] [AUTO_START] RETRY_START attempt=1 pass=0 pid=14884 chua thay chon kenh, bam lai Bat dau
[2026-08-26T00:20:22] [AUTO_START] START_CLICKED attempt=1 pass=0 pid=14884 Bắt đầu
[2026-08-26T00:20:26] [AUTO_START] RETRY_START attempt=1 pass=0 pid=14884 chua thay chon kenh, bam lai Bat dau
[2026-08-26T00:20:27] [AUTO_START] START_CLICKED attempt=1 pass=0 pid=14884 Bắt đầu
[2026-08-26T00:20:32] [AUTO_START] RETRY_START attempt=1 pass=0 pid=14884 chua thay chon kenh, bam lai Bat dau
[2026-08-26T00:20:33] [AUTO_START] START_CLICKED attempt=1 pass=0 pid=14884 Bắt đầu
[2026-08-26T00:20:37] [AUTO_START] RETRY_START attempt=1 pass=0 pid=14884 chua thay chon kenh, bam lai Bat dau
[2026-08-26T00:20:39] [AUTO_START] START_CLICKED attempt=1 pass=0 pid=14884 Bắt đầu
[2026-08-26T00:20:43] [AUTO_START] RETRY_START attempt=1 pass=0 pid=14884 chua thay chon kenh, bam lai Bat dau
[2026-08-26T00:20:45] [AUTO_START] START_CLICKED attempt=1 pass=0 pid=14884 Bắt đầu
[2026-08-26T00:20:49] [AUTO_START] RETRY_START attempt=1 pass=0 pid=14884 chua thay chon kenh, bam lai Bat dau
[2026-08-26T00:20:50] [AUTO_START] START_CLICKED attempt=1 pass=0 pid=14884 Bắt đầu
[2026-08-26T00:20:54] [AUTO_START] RETRY_START attempt=1 pass=0 pid=14884 chua thay chon kenh, bam lai Bat dau
[2026-08-26T00:20:56] [AUTO_START] START_CLICKED attempt=1 pass=0 pid=14884 Bắt đầu
[2026-08-26T00:21:00] [AUTO_START] RETRY_START attempt=1 pass=0 pid=14884 chua thay chon kenh, bam lai Bat dau
[2026-08-26T00:21:01] [AUTO_START] START_CLICKED attempt=1 pass=0 pid=14884 Bắt đầu
[2026-08-26T00:21:06] [AUTO_START] RETRY_START attempt=1 pass=0 pid=14884 chua thay chon kenh, bam lai Bat dau
[2026-08-26T00:21:07] [AUTO_START] START_CLICKED attempt=1 pass=0 pid=14884 Bắt đầu
[2026-08-26T00:21:11] [AUTO_START] RETRY_START attempt=1 pass=0 pid=14884 chua thay chon kenh, bam lai Bat dau
[2026-08-26T00:21:13] [AUTO_START] START_CLICKED attempt=1 pass=0 pid=14884 Bắt đầu
[2026-08-26T00:21:17] [AUTO_START] RETRY_START attempt=1 pass=0 pid=14884 chua thay chon kenh, bam lai Bat dau
[2026-08-26T00:21:18] [AUTO_START] START_CLICKED attempt=1 pass=0 pid=14884 Bắt đầu
[2026-08-26T00:21:22] [AUTO_START] FAILED_CLOSED attempt=1 pass=0 pid=14884 timeout before rooted map
[2026-08-26T00:45:24] Daily CB: client chưa mở, đang đăng nhập trước bước VIP...
[2026-08-26T00:45:24] [AUTO_START] WAIT_WINDOW attempt=1 pass=0 pid=14832 Flash launched at original size
[2026-08-26T00:45:28] [AUTO_START] START_CLICKED attempt=1 pass=0 pid=14832 Bắt đầu
[2026-08-26T00:45:30] Daily pepsi: client chưa mở, đang đăng nhập trước bước VIP...
[2026-08-26T00:45:30] [AUTO_START] WAIT_WINDOW attempt=1 pass=0 pid=3596 Flash launched at original size
[2026-08-26T00:45:33] [AUTO_START] RETRY_START attempt=1 pass=0 pid=14832 chua thay chon kenh, bam lai Bat dau
[2026-08-26T00:45:35] [AUTO_START] START_CLICKED attempt=1 pass=0 pid=3596 Bắt đầu
[2026-08-26T00:45:36] Daily TSk: client chưa mở, đang đăng nhập trước bước VIP...
[2026-08-26T00:45:36] [AUTO_START] WAIT_WINDOW attempt=1 pass=0 pid=13656 Flash launched at original size
[2026-08-26T00:45:40] [AUTO_START] START_CLICKED attempt=1 pass=0 pid=14832 Bắt đầu
[2026-08-26T00:45:42] Daily luvy: client chưa mở, đang đăng nhập trước bước VIP...
[2026-08-26T00:45:42] [AUTO_START] WAIT_WINDOW attempt=1 pass=0 pid=5520 Flash launched at original size
[2026-08-26T00:45:42] [AUTO_START] START_CLICKED attempt=1 pass=0 pid=13656 Bắt đầu
[2026-08-26T00:45:43] [AUTO_START] RETRY_START attempt=1 pass=0 pid=3596 chua thay chon kenh, bam lai Bat dau
[2026-08-26T00:45:47] [AUTO_START] START_CLICKED attempt=1 pass=0 pid=5520 Bắt đầu
[2026-08-26T00:45:47] [AUTO_START] START_CLICKED attempt=1 pass=0 pid=3596 Bắt đầu
[2026-08-26T00:45:48] [AUTO_START] RETRY_START attempt=1 pass=0 pid=14832 chua thay chon kenh, bam lai Bat dau
[2026-08-26T00:45:48] Đã bắt đầu Daily theo cấu hình riêng: acc_1, acc_2, acc_3, acc_5, acc_6
[2026-08-26T00:45:48] Daily dyhihi: client chưa mở, đang đăng nhập trước bước VIP...
[2026-08-26T00:45:48] [AUTO_START] WAIT_WINDOW attempt=1 pass=0 pid=4280 Flash launched at original size
[2026-08-26T00:45:51] [AUTO_START] RETRY_START attempt=1 pass=0 pid=13656 chua thay chon kenh, bam lai Bat dau
[2026-08-26T00:45:52] [AUTO_START] RETRY_START attempt=1 pass=0 pid=5520 chua thay chon kenh, bam lai Bat dau
[2026-08-26T00:45:52] [AUTO_START] RETRY_START attempt=1 pass=0 pid=3596 chua thay chon kenh, bam lai Bat dau
[2026-08-26T00:45:53] [AUTO_START] START_CLICKED attempt=1 pass=0 pid=14832 Bắt đầu
[2026-08-26T00:45:53] [AUTO_START] START_CLICKED attempt=1 pass=0 pid=4280 Bắt đầu
[2026-08-26T00:45:57] [AUTO_START] START_CLICKED attempt=1 pass=0 pid=5520 Bắt đầu
[2026-08-26T00:45:57] [AUTO_START] START_CLICKED attempt=1 pass=0 pid=3596 Bắt đầu
[2026-08-26T00:45:58] [AUTO_START] RETRY_START attempt=1 pass=0 pid=4280 chua thay chon kenh, bam lai Bat dau
[2026-08-26T00:45:58] [AUTO_START] CHANNEL_SELECTED attempt=1 pass=0 pid=14832 channel=(449, 308) choices=1
[2026-08-26T00:46:01] [AUTO_START] START_CLICKED attempt=1 pass=0 pid=13656 Bắt đầu
[2026-08-26T00:46:02] [AUTO_START] RETRY_START attempt=1 pass=0 pid=5520 chua thay chon kenh, bam lai Bat dau
[2026-08-26T00:46:02] [AUTO_START] RETRY_START attempt=1 pass=0 pid=3596 chua thay chon kenh, bam lai Bat dau
[2026-08-26T00:46:05] [AUTO_START] ENTER_GAME_CLICKED attempt=1 pass=0 pid=14832 character_slot=1 slot_verified=True
[2026-08-26T00:46:06] [AUTO_START] RETRY_START attempt=1 pass=0 pid=13656 chua thay chon kenh, bam lai Bat dau
[2026-08-26T00:46:08] [AUTO_START] START_CLICKED attempt=1 pass=0 pid=3596 Bắt đầu
[2026-08-26T00:46:12] [AUTO_START] START_CLICKED attempt=1 pass=0 pid=13656 Bắt đầu
[2026-08-26T00:46:12] [AUTO_START] START_CLICKED attempt=1 pass=0 pid=5520 Bắt đầu
[2026-08-26T00:46:15] [AUTO_START] MAP_READY_OPEN attempt=1 pass=0 pid=14832 Player=0x1b85e0a0 Core=0xc6b90d0 world=(2148,1274)
[2026-08-26T00:46:16] [AUTO_START] CHANNEL_SELECTED attempt=1 pass=0 pid=3596 channel=(449, 308) choices=1
[2026-08-26T00:46:19] [AUTO_START] START_CLICKED attempt=1 pass=0 pid=4280 Bắt đầu
[2026-08-26T00:46:19] [AUTO_START] CHANNEL_SELECTED attempt=1 pass=0 pid=5520 channel=(449, 308) choices=1
[2026-08-26T00:46:19] [AUTO_START] CHANNEL_SELECTED attempt=1 pass=0 pid=13656 channel=(449, 308) choices=1
[2026-08-26T00:46:24] [POPUP] đã đóng cache_notice
[2026-08-26T00:46:25] [AUTO_START] ENTER_GAME_CLICKED attempt=1 pass=0 pid=3596 character_slot=1 slot_verified=True
[2026-08-26T00:46:25] [POPUP] đã đóng panel/popup lạ có X tại (480, 83)
[2026-08-26T00:46:31] [POPUP] đã đóng panel/popup lạ có X tại (480, 83)
[2026-08-26T00:46:32] [AUTO_START] CHANNEL_SELECTED attempt=1 pass=0 pid=4280 channel=(449, 308) choices=1
[2026-08-26T00:46:35] [AUTO_START] ENTER_GAME_CLICKED attempt=1 pass=0 pid=5520 character_slot=1 slot_verified=True
[2026-08-26T00:46:35] [AUTO_START] ENTER_GAME_CLICKED attempt=1 pass=0 pid=13656 character_slot=1 slot_verified=True
[2026-08-26T00:46:37] [POPUP] đã đóng panel/popup lạ có X tại (480, 83)
[2026-08-26T00:46:43] [POPUP] panel/popup lạ có X tại (480, 83) vẫn còn sau 3 lần đóng; dừng thử để tránh vòng lặp
[2026-08-26T00:46:43] Daily CB: bỏ qua VIP (lỗi): popup guard: unknown_modal_persistent — evidence: C:\Users\Administrator\Desktop\New folder\fbh_v2_ttt_fixed-20260709T181609Z-2-001\fbh_multi_account_infinite_auto\dev_supervisor_target_a_v2_20260814\logs\daily_errors\acc_1\20260826_004643_VIP.png
[2026-08-26T00:46:48] [POPUP] đã đóng panel/popup lạ có X tại (480, 83)
[2026-08-26T00:46:51] [AUTO_START] MAP_READY_OPEN attempt=1 pass=0 pid=3596 Player=0x12ae50a0 Core=0x154280d0 world=(914,831)
[2026-08-26T00:46:55] [POPUP] đã đóng panel/popup lạ có X tại (480, 83)
[2026-08-26T00:46:59] [AUTO_START] ENTER_GAME_CLICKED attempt=1 pass=0 pid=4280 character_slot=1 slot_verified=True
[2026-08-26T00:47:02] [POPUP] đã đóng panel/popup lạ có X tại (480, 83)
[2026-08-26T00:47:02] [POPUP] đã đóng cache_notice
[2026-08-26T00:47:07] [POPUP] panel/popup lạ có X tại (480, 83) vẫn còn sau 3 lần đóng; dừng thử để tránh vòng lặp
[2026-08-26T00:47:07] Daily CB: bỏ qua NHẬN THỜI TRANG (lỗi): popup guard trước Thời trang: unknown_modal_persistent — evidence: C:\Users\Administrator\Desktop\New folder\fbh_v2_ttt_fixed-20260709T181609Z-2-001\fbh_multi_account_infinite_auto\dev_supervisor_target_a_v2_20260814\logs\daily_errors\acc_1\20260826_004707_NHẬN_THỜI_TRANG.png
[2026-08-26T00:47:10] [AUTO_START] MAP_READY_OPEN attempt=1 pass=0 pid=13656 Player=0x1c39c0a0 Core=0x16e690d0 world=(3173,1664)
[2026-08-26T00:47:12] Daily xong bước VIP: đã thử claim 5/5 dòng VIP
[2026-08-26T00:47:14] [POPUP] đã đóng panel/popup lạ có X tại (480, 83)
[2026-08-26T00:47:16] [AUTO_START] MAP_READY_OPEN attempt=1 pass=0 pid=5520 Player=0x1bc030a0 Core=0x136f40d0 world=(2301,2041)
[2026-08-26T00:47:23] [POPUP] đã đóng panel/popup lạ có X tại (480, 83)
[2026-08-26T00:47:24] [POPUP] đã đóng cache_notice
[2026-08-26T00:47:26] [POPUP] đã đóng cache_notice
[2026-08-26T00:47:30] [POPUP] đã đóng panel/popup lạ có X tại (480, 83)
[2026-08-26T00:47:31] Daily xong bước NHẬN THỜI TRANG: đã Rút Bộ thường, bấm Xác nhận và đọc lại popup đã đóng
[2026-08-26T00:47:35] [POPUP] panel/popup lạ có X tại (480, 83) vẫn còn sau 3 lần đóng; dừng thử để tránh vòng lặp
[2026-08-26T00:47:35] Daily CB: bỏ qua MẬT BẢO (lỗi): popup guard: unknown_modal_persistent — evidence: C:\Users\Administrator\Desktop\New folder\fbh_v2_ttt_fixed-20260709T181609Z-2-001\fbh_multi_account_infinite_auto\dev_supervisor_target_a_v2_20260814\logs\daily_errors\acc_1\20260826_004735_MẬT_BẢO.png
[2026-08-26T00:47:35] Daily CB: 3 tác vụ lỗi liên tiếp — đã reset Flash, tác vụ kế tiếp sẽ tự đăng nhập lại.
[2026-08-26T00:47:35] Daily CB: client chưa mở, đang đăng nhập trước bước ĐIÊU KHẮC...
[2026-08-26T00:47:35] [AUTO_START] WAIT_WINDOW attempt=1 pass=0 pid=8920 Flash launched at original size
[2026-08-26T00:47:38] [AUTO_START] MAP_READY_OPEN attempt=1 pass=0 pid=4280 Player=0x1e0a20a0 Core=0x15c300d0 world=(1566,1303)
[2026-08-26T00:47:38] Daily xong bước VIP: đã thử claim 5/5 dòng VIP
[2026-08-26T00:47:38] Daily xong bước VIP: đã thử claim 5/5 dòng VIP
[2026-08-26T00:47:40] [AUTO_START] START_CLICKED attempt=1 pass=0 pid=8920 Bắt đầu
[2026-08-26T00:47:42] [AUTO_START] RETRY_START attempt=1 pass=0 pid=8920 chua thay chon kenh, bam lai Bat dau
[2026-08-26T00:47:46] [POPUP] đã đóng cache_notice
[2026-08-26T00:47:49] Daily xong bước NHẬN THỜI TRANG: đã Rút Bộ thường, bấm Xác nhận và đọc lại popup đã đóng
[2026-08-26T00:47:49] Daily xong bước NHẬN THỜI TRANG: đã Rút Bộ thường, bấm Xác nhận và đọc lại popup đã đóng
[2026-08-26T00:47:52] Daily xong bước VIP: đã thử claim 5/5 dòng VIP
[2026-08-26T00:48:00] Daily xong bước NHẬN THỜI TRANG: đã Rút Bộ thường, bấm Xác nhận và đọc lại popup đã đóng
[2026-08-26T00:48:04] [AUTO_START] START_CLICKED attempt=1 pass=0 pid=8920 Bắt đầu
[2026-08-26T00:48:06] Daily pepsi: bỏ qua MẬT BẢO (lỗi): panel đổi trước lần Chế tạo 14/20 — evidence: C:\Users\Administrator\Desktop\New folder\fbh_v2_ttt_fixed-20260709T181609Z-2-001\fbh_multi_account_infinite_auto\dev_supervisor_target_a_v2_20260814\logs\daily_errors\acc_2\20260826_004806_MẬT_BẢO.png
[2026-08-26T00:48:06] [POPUP] đã đóng panel/popup lạ có X tại (678, 58)
[2026-08-26T00:48:07] [AUTO_START] CHANNEL_SELECTED attempt=1 pass=0 pid=8920 channel=(449, 308) choices=1
[2026-08-26T00:48:07] Daily pepsi: bỏ qua ĐIÊU KHẮC (lỗi): không tìm thấy icon/panel Không Gian Điêu Khắc qua các trang — evidence: C:\Users\Administrator\Desktop\New folder\fbh_v2_ttt_fixed-20260709T181609Z-2-001\fbh_multi_account_infinite_auto\dev_supervisor_target_a_v2_20260814\logs\daily_errors\acc_2\20260826_004807_ĐIÊU_KHẮC.png
[2026-08-26T00:48:11] [AUTO_START] ENTER_GAME_CLICKED attempt=1 pass=0 pid=8920 character_slot=1 slot_verified=True
[2026-08-26T00:48:17] [AUTO_START] MAP_READY_OPEN attempt=1 pass=0 pid=8920 Player=0x12b9f0a0 Core=0x163100d0 world=(2148,1274)
[2026-08-26T00:48:26] [POPUP] đã đóng cache_notice
[2026-08-26T00:48:27] [POPUP] đã đóng panel/popup lạ có X tại (480, 83)
[2026-08-26T00:48:33] [POPUP] đã đóng panel/popup lạ có X tại (480, 83)
[2026-08-26T00:48:38] [POPUP] đã đóng panel/popup lạ có X tại (480, 83)
[2026-08-26T00:48:42] Daily xong bước MẬT BẢO: đã chọn công thức cấp 6 và bấm Chế tạo Mật Bảo 20 lần
[2026-08-26T00:48:42] Daily xong bước MẬT BẢO: đã chọn công thức cấp 6 và bấm Chế tạo Mật Bảo 20 lần
[2026-08-26T00:48:43] [POPUP] panel/popup lạ có X tại (480, 83) vẫn còn sau 3 lần đóng; dừng thử để tránh vòng lặp
[2026-08-26T00:48:43] Daily CB: bỏ qua ĐIÊU KHẮC (lỗi): popup guard: unknown_modal_persistent — evidence: C:\Users\Administrator\Desktop\New folder\fbh_v2_ttt_fixed-20260709T181609Z-2-001\fbh_multi_account_infinite_auto\dev_supervisor_target_a_v2_20260814\logs\daily_errors\acc_1\20260826_004843_ĐIÊU_KHẮC.png
[2026-08-26T00:48:47] [POPUP] đã đóng panel/popup lạ có X tại (480, 83)
[2026-08-26T00:48:52] [POPUP] đã đóng panel/popup lạ có X tại (480, 83)
[2026-08-26T00:48:57] [POPUP] đã đóng panel/popup lạ có X tại (480, 83)
[2026-08-26T00:49:02] [POPUP] panel/popup lạ có X tại (480, 83) vẫn còn sau 3 lần đóng; dừng thử để tránh vòng lặp
[2026-08-26T00:49:02] Daily CB: bỏ qua LẬT THẺ BÀI (lỗi): popup guard trước Thẻ bài: unknown_modal_persistent — evidence: C:\Users\Administrator\Desktop\New folder\fbh_v2_ttt_fixed-20260709T181609Z-2-001\fbh_multi_account_infinite_auto\dev_supervisor_target_a_v2_20260814\logs\daily_errors\acc_1\20260826_004902_LẬT_THẺ_BÀI.png
[2026-08-26T00:49:06] Daily xong bước ĐIÊU KHẮC: đã bấm Đổi miễn phí và xác nhận Có trong KGĐK
[2026-08-26T00:49:07] [POPUP] đã đóng panel/popup lạ có X tại (480, 83)
[2026-08-26T00:49:07] Daily xong bước ĐIÊU KHẮC: đã bấm Đổi miễn phí và xác nhận Có trong KGĐK
[2026-08-26T00:49:12] Daily xong bước LẬT THẺ BÀI: đã phát bài, nhận thưởng và xác nhận Có 10/10 lượt
[2026-08-26T00:49:12] [POPUP] đã đóng panel/popup lạ có X tại (480, 83)
[2026-08-26T00:49:22] [POPUP] đã đóng panel/popup lạ có X tại (480, 83)
[2026-08-26T00:49:23] Daily xong bước LẬT THẺ BÀI: đã phát bài, nhận thưởng và xác nhận Có 10/10 lượt
[2026-08-26T00:49:29] [POPUP] panel/popup lạ có X tại (480, 83) vẫn còn sau 3 lần đóng; dừng thử để tránh vòng lặp
[2026-08-26T00:49:44] [POPUP] đã đóng panel/popup lạ có X tại (480, 83)
[2026-08-26T00:50:02] [POPUP] đã đóng panel/popup lạ có X tại (480, 83)
[2026-08-26T00:50:09] [POPUP] đã đóng panel/popup lạ có X tại (480, 83)
[2026-08-26T00:50:15] [POPUP] panel/popup lạ có X tại (480, 83) vẫn còn sau 3 lần đóng; dừng thử để tránh vòng lặp
[2026-08-26T00:50:24] [POPUP] đã đóng panel/popup lạ có X tại (480, 83)
[2026-08-26T00:50:31] [POPUP] đã đóng panel/popup lạ có X tại (480, 83)
[2026-08-26T00:50:38] [POPUP] đã đóng panel/popup lạ có X tại (480, 83)
[2026-08-26T00:50:40] Daily xong bước LẬT THẺ BÀI: đã phát bài, nhận thưởng và xác nhận Có 10/10 lượt
[2026-08-26T00:50:41] Daily xong bước LẬT THẺ BÀI: đã phát bài, nhận thưởng và xác nhận Có 10/10 lượt
[2026-08-26T00:50:45] [POPUP] panel/popup lạ có X tại (480, 83) vẫn còn sau 3 lần đóng; dừng thử để tránh vòng lặp
[2026-08-26T00:50:57] [POPUP] đã đóng panel/popup lạ có X tại (480, 83)
[2026-08-26T00:51:04] [POPUP] đã đóng panel/popup lạ có X tại (480, 83)
[2026-08-26T00:51:11] [POPUP] đã đóng panel/popup lạ có X tại (480, 83)
[2026-08-26T00:51:21] [POPUP] panel/popup lạ có X tại (480, 83) vẫn còn sau 3 lần đóng; dừng thử để tránh vòng lặp
[2026-08-26T00:51:22] Daily PHỤ BẢN lượt đầu: không tới Tiên Lạp nhận Q Liệt Diễm Thâm Uyên: popup guard: unknown_modal_persistent
[2026-08-26T00:51:22] Daily CB: bỏ qua PHỤ BẢN (lỗi): không tới Tiên Lạp nhận Q Liệt Diễm Thâm Uyên: popup guard: unknown_modal_persistent — evidence: C:\Users\Administrator\Desktop\New folder\fbh_v2_ttt_fixed-20260709T181609Z-2-001\fbh_multi_account_infinite_auto\dev_supervisor_target_a_v2_20260814\logs\daily_errors\acc_1\20260826_005122_PHỤ_BẢN.png
[2026-08-26T00:51:22] Daily CB: 3 tác vụ lỗi liên tiếp — đã reset Flash, tác vụ kế tiếp sẽ tự đăng nhập lại.
[2026-08-26T00:51:23] Daily CB: client chưa mở, đang đăng nhập trước bước HÀNH LANG...
[2026-08-26T00:51:23] [AUTO_START] WAIT_WINDOW attempt=1 pass=0 pid=3716 Flash launched at original size
[2026-08-26T00:51:35] [DUNGEON] NPC open attempt 1: exact NPC count=0
[2026-08-26T00:52:08] [AUTO_START] START_CLICKED attempt=1 pass=0 pid=3716 Bắt đầu
[2026-08-26T00:52:23] [DUNGEON] NPC open attempt 2: exact NPC count=0
[2026-08-26T00:52:33] [AUTO_START] CHANNEL_SELECTED attempt=1 pass=0 pid=3716 channel=(449, 308) choices=1
[2026-08-26T00:53:04] [AUTO_START] ENTER_GAME_CLICKED attempt=1 pass=0 pid=3716 character_slot=1 slot_verified=True
[2026-08-26T00:53:46] [AUTO_START] MAP_READY_OPEN attempt=1 pass=0 pid=3716 Player=0xe7970a0 Core=0x16a620d0 world=(2148,1274)
[2026-08-26T00:53:54] [POPUP] đã đóng cache_notice
[2026-08-26T00:53:57] [POPUP] đã đóng panel/popup lạ có X tại (480, 83)
[2026-08-26T00:54:05] [POPUP] đã đóng panel/popup lạ có X tại (480, 83)
[2026-08-26T00:54:21] [POPUP] đã đóng panel/popup lạ có X tại (480, 83)
[2026-08-26T00:54:27] [POPUP] panel/popup lạ có X tại (480, 83) vẫn còn sau 3 lần đóng; dừng thử để tránh vòng lặp
[2026-08-26T00:54:27] Daily CB: bỏ qua HÀNH LANG (lỗi): không tới Quyến Cố Thành: popup guard trước chuyển map: unknown_modal_persistent — evidence: C:\Users\Administrator\Desktop\New folder\fbh_v2_ttt_fixed-20260709T181609Z-2-001\fbh_multi_account_infinite_auto\dev_supervisor_target_a_v2_20260814\logs\daily_errors\acc_1\20260826_005427_HÀNH_LANG.png
[2026-08-26T00:54:33] [POPUP] đã đóng panel/popup lạ có X tại (480, 83)
[2026-08-26T00:54:40] [POPUP] đã đóng panel/popup lạ có X tại (480, 83)
[2026-08-26T00:54:46] [POPUP] đã đóng panel/popup lạ có X tại (480, 83)
[2026-08-26T00:54:53] [POPUP] panel/popup lạ có X tại (480, 83) vẫn còn sau 3 lần đóng; dừng thử để tránh vòng lặp
[2026-08-26T00:54:53] Daily CB: bỏ qua THẦN TU (lỗi): không tới được Quyến Cố Thành: popup guard trước chuyển map: unknown_modal_persistent — evidence: C:\Users\Administrator\Desktop\New folder\fbh_v2_ttt_fixed-20260709T181609Z-2-001\fbh_multi_account_infinite_auto\dev_supervisor_target_a_v2_20260814\logs\daily_errors\acc_1\20260826_005453_THẦN_TU.png
[2026-08-26T00:55:01] [POPUP] đã đóng panel/popup lạ có X tại (480, 83)
[2026-08-26T00:55:12] [POPUP] đã đóng panel/popup lạ có X tại (480, 83)
[2026-08-26T00:55:20] [POPUP] đã đóng panel/popup lạ có X tại (480, 83)
[2026-08-26T00:55:28] [POPUP] panel/popup lạ có X tại (480, 83) vẫn còn sau 3 lần đóng; dừng thử để tránh vòng lặp
[2026-08-26T00:55:28] Daily CB: bỏ qua TU HÀNH (lỗi): không tới được Quyến Cố Thành: popup guard trước chuyển map: unknown_modal_persistent — evidence: C:\Users\Administrator\Desktop\New folder\fbh_v2_ttt_fixed-20260709T181609Z-2-001\fbh_multi_account_infinite_auto\dev_supervisor_target_a_v2_20260814\logs\daily_errors\acc_1\20260826_005528_TU_HÀNH.png
[2026-08-26T00:55:29] Daily CB: 3 tác vụ lỗi liên tiếp — đã reset Flash, tác vụ kế tiếp sẽ tự đăng nhập lại.
[2026-08-26T00:55:29] Daily PHỤ BẢN lượt đầu: Trở Lại Lang Huyệt: không có trong list account/level hiện tại
[2026-08-26T00:55:29] Daily CB: client chưa mở, đang đăng nhập trước bước checkpoint Auto phụ bản...
[2026-08-26T00:55:29] [AUTO_START] WAIT_WINDOW attempt=1 pass=0 pid=6952 Flash launched at original size
[2026-08-26T00:55:29] Daily dyhihi: bỏ qua PHỤ BẢN (lỗi): Trở Lại Lang Huyệt: không có trong list account/level hiện tại — evidence: C:\Users\Administrator\Desktop\New folder\fbh_v2_ttt_fixed-20260709T181609Z-2-001\fbh_multi_account_infinite_auto\dev_supervisor_target_a_v2_20260814\logs\daily_errors\acc_6\20260826_005529_PHỤ_BẢN.png
[2026-08-26T00:55:29] [POPUP] đã đóng npc_dialog
[2026-08-26T00:55:57] [AUTO_START] START_CLICKED attempt=1 pass=0 pid=6952 Bắt đầu
[2026-08-26T00:56:03] Daily xong bước HÀNH LANG: đã bấm Nhận Quà Hàng Ngày tại Hành Lang
[2026-08-26T00:56:34] [AUTO_START] CHANNEL_SELECTED attempt=1 pass=0 pid=6952 channel=(449, 308) choices=1
[2026-08-26T00:56:35] Daily dyhihi: bỏ qua THẦN TU (lỗi): không xác minh hội thoại NPC: clear — evidence: C:\Users\Administrator\Desktop\New folder\fbh_v2_ttt_fixed-20260709T181609Z-2-001\fbh_multi_account_infinite_auto\dev_supervisor_target_a_v2_20260814\logs\daily_errors\acc_6\20260826_005635_THẦN_TU.png
[2026-08-26T00:56:35] Daily dyhihi: client chưa mở, đang đăng nhập trước bước TU HÀNH...
[2026-08-26T00:56:35] [AUTO_START] WAIT_WINDOW attempt=1 pass=0 pid=14624 Flash launched at original size
[2026-08-26T00:57:03] [AUTO_START] ENTER_GAME_CLICKED attempt=1 pass=0 pid=6952 character_slot=1 slot_verified=True
[2026-08-26T00:57:18] [AUTO_START] START_CLICKED attempt=1 pass=0 pid=14624 Bắt đầu
[2026-08-26T00:57:44] [AUTO_START] MAP_READY_OPEN attempt=1 pass=0 pid=6952 Player=0xd9af0a0 Core=0x162ae0d0 world=(2148,1274)
[2026-08-26T00:57:49] Daily: đã đóng Flash sau Auto phụ bản checkpoint 1; chờ 20 phút.
[2026-08-26T00:57:52] [AUTO_START] CHANNEL_SELECTED attempt=1 pass=0 pid=14624 channel=(449, 308) choices=1
[2026-08-26T00:58:15] [AUTO_START] ENTER_GAME_CLICKED attempt=1 pass=0 pid=14624 character_slot=1 slot_verified=True
[2026-08-26T00:58:30] [AUTO_START] MAP_READY_OPEN attempt=1 pass=0 pid=14624 Player=0x126110a0 Core=0x168380d0 world=(1224,522)
[2026-08-26T00:58:42] [POPUP] đã đóng cache_notice
[2026-08-26T00:58:54] [POPUP] đã đóng panel/popup lạ có X tại (480, 83)
[2026-08-26T00:59:08] [POPUP] đã đóng npc_dialog
[2026-08-26T00:59:15] [POPUP] đã đóng npc_dialog
[2026-08-26T00:59:25] [POPUP] đã đóng npc_dialog
[2026-08-26T00:59:30] [POPUP] đã đóng npc_dialog
[2026-08-26T00:59:34] [POPUP] đã đóng npc_dialog
[2026-08-26T00:59:39] [POPUP] đã đóng npc_dialog
[2026-08-26T00:59:44] [POPUP] đã đóng npc_dialog
[2026-08-26T00:59:49] [POPUP] đã đóng npc_dialog
[2026-08-26T00:59:54] [POPUP] đã đóng npc_dialog
[2026-08-26T01:00:00] [POPUP] đã đóng npc_dialog
[2026-08-26T01:00:06] [POPUP] đã đóng npc_dialog
[2026-08-26T01:00:14] [POPUP] đã đóng npc_dialog
[2026-08-26T01:00:18] [POPUP] đã đóng npc_dialog
[2026-08-26T01:00:23] [POPUP] đã đóng npc_dialog
[2026-08-26T01:00:28] [POPUP] đã đóng npc_dialog
[2026-08-26T01:00:32] [POPUP] đã đóng npc_dialog
[2026-08-26T01:00:37] [POPUP] đã đóng npc_dialog
[2026-08-26T01:00:42] [POPUP] đã đóng npc_dialog
[2026-08-26T01:00:46] [POPUP] đã đóng npc_dialog
[2026-08-26T01:00:50] [POPUP] đã đóng npc_dialog
[2026-08-26T01:00:56] [POPUP] đã đóng npc_dialog
[2026-08-26T01:01:01] [POPUP] đã đóng npc_dialog
[2026-08-26T01:01:02] [DUNGEON] Auto PB toolbar scan arrow=NutXuong.png score=0.990 box=(313, 28, 21, 23)
[2026-08-26T01:01:04] [DUNGEON] Auto PB panel visible after guarded toolbar click
[2026-08-26T01:01:09] [POPUP] đã đóng npc_dialog
[2026-08-26T01:01:10] [DUNGEON] Claim Thế Giới Số: button score=0.940 box=(202, 177, 60, 19) evidence=C:\Users\Administrator\Desktop\New folder\fbh_v2_ttt_fixed-20260709T181609Z-2-001\fbh_multi_account_infinite_auto\dev_supervisor_target_a_v2_20260814\logs\auto_pb_claim_3596_Thế Giới Số_1787680870.png
[2026-08-26T01:01:14] [DUNGEON] Claim Thế Giới Số: readback start PASS
[2026-08-26T01:01:14] [POPUP] đã đóng npc_dialog
[2026-08-26T01:01:23] [POPUP] đã đóng npc_dialog
[2026-08-26T01:01:30] [POPUP] đã đóng npc_dialog
[2026-08-26T01:01:34] [POPUP] đã đóng panel/popup lạ có X tại (798, 78)
[2026-08-26T01:01:35] [POPUP] đã đóng npc_dialog
[2026-08-26T01:01:44] [POPUP] đã đóng npc_dialog
[2026-08-26T01:01:51] [POPUP] đã đóng npc_dialog
[2026-08-26T01:01:52] [DUNGEON] Auto PB toolbar scan arrow=NutXuong.png score=0.990 box=(313, 28, 21, 23)
[2026-08-26T01:01:57] [DUNGEON] Auto PB panel visible after guarded toolbar click
[2026-08-26T01:01:57] [POPUP] đã đóng npc_dialog
[2026-08-26T01:01:59] [DUNGEON] Claim Thám Hiểm: button score=1.000 box=(428, 177, 60, 19) evidence=C:\Users\Administrator\Desktop\New folder\fbh_v2_ttt_fixed-20260709T181609Z-2-001\fbh_multi_account_infinite_auto\dev_supervisor_target_a_v2_20260814\logs\auto_pb_claim_3596_Thám Hiểm_1787680919.png
[2026-08-26T01:02:00] [DUNGEON] Claim Thám Hiểm: readback start PASS
[2026-08-26T01:02:04] [POPUP] đã đóng npc_dialog
[2026-08-26T01:02:09] [POPUP] đã đóng npc_dialog
[2026-08-26T01:02:14] [POPUP] đã đóng npc_dialog
[2026-08-26T01:02:16] [POPUP] đã đóng panel/popup lạ có X tại (798, 78)
[2026-08-26T01:02:21] [POPUP] đã đóng npc_dialog
[2026-08-26T01:02:29] [POPUP] đã đóng npc_dialog
[2026-08-26T01:02:34] [POPUP] đã đóng npc_dialog
[2026-08-26T01:02:34] Daily PHỤ BẢN lượt đầu: Thế Giới Số:claim; Thế Giới Số:start; Thám Hiểm:claim; Thám Hiểm:start
[2026-08-26T01:02:34] Daily xong bước PHỤ BẢN: Thế Giới Số:claim; Thế Giới Số:start; Thám Hiểm:claim; Thám Hiểm:start
[2026-08-26T01:02:42] [POPUP] đã đóng npc_dialog
[2026-08-26T01:02:49] [POPUP] đã đóng npc_dialog
[2026-08-26T01:02:55] [POPUP] đã đóng npc_dialog
[2026-08-26T01:03:00] [POPUP] đã đóng npc_dialog
[2026-08-26T01:03:09] [POPUP] đã đóng npc_dialog
[2026-08-26T01:03:14] [POPUP] đã đóng npc_dialog
[2026-08-26T01:03:19] [POPUP] đã đóng npc_dialog
[2026-08-26T01:03:21] Daily xong bước HÀNH LANG: đã bấm Nhận Quà Hàng Ngày tại Hành Lang
[2026-08-26T01:03:24] [POPUP] đã đóng npc_dialog
[2026-08-26T01:03:33] [POPUP] đã đóng npc_dialog
[2026-08-26T01:03:38] [POPUP] đã đóng npc_dialog
[2026-08-26T01:03:42] [POPUP] đã đóng npc_dialog
[2026-08-26T01:03:47] [POPUP] đã đóng npc_dialog
[2026-08-26T01:03:47] Daily xong bước THẦN TU: đã bấm đúng Bắt đầu → Có cho THẦN TU
[2026-08-26T01:03:48] Daily: đã đóng Flash sau Thần Tu; chờ 25 phút.
[2026-08-26T01:03:52] [POPUP] đã đóng npc_dialog
[2026-08-26T01:03:57] [POPUP] đã đóng npc_dialog
[2026-08-26T01:04:01] [POPUP] đã đóng npc_dialog
[2026-08-26T01:04:10] [POPUP] đã đóng npc_dialog
[2026-08-26T01:04:15] [POPUP] đã đóng npc_dialog
[2026-08-26T01:04:21] [POPUP] đã đóng npc_dialog
[2026-08-26T01:04:27] [POPUP] đã đóng npc_dialog
[2026-08-26T01:04:33] [POPUP] đã đóng npc_dialog
[2026-08-26T01:04:43] [POPUP] đã đóng npc_dialog
[2026-08-26T01:04:49] [POPUP] đã đóng npc_dialog
[2026-08-26T01:04:54] [POPUP] đã đóng npc_dialog
[2026-08-26T01:04:59] [POPUP] đã đóng npc_dialog
[2026-08-26T01:05:04] [POPUP] đã đóng npc_dialog
[2026-08-26T01:05:08] [POPUP] đã đóng npc_dialog
[2026-08-26T01:05:13] [POPUP] đã đóng npc_dialog
[2026-08-26T01:05:17] [POPUP] đã đóng npc_dialog
[2026-08-26T01:05:23] [POPUP] đã đóng npc_dialog
[2026-08-26T01:05:30] [POPUP] đã đóng npc_dialog
[2026-08-26T01:05:35] [POPUP] đã đóng npc_dialog
[2026-08-26T01:05:40] [POPUP] đã đóng npc_dialog
[2026-08-26T01:05:47] [POPUP] đã đóng npc_dialog
[2026-08-26T01:05:52] [POPUP] đã đóng npc_dialog
[2026-08-26T01:05:57] [POPUP] đã đóng npc_dialog
[2026-08-26T01:06:02] [POPUP] đã đóng npc_dialog
[2026-08-26T01:06:06] [POPUP] đã đóng npc_dialog
[2026-08-26T01:06:11] [POPUP] đã đóng npc_dialog
[2026-08-26T01:06:17] [POPUP] đã đóng npc_dialog
[2026-08-26T01:06:22] [POPUP] đã đóng npc_dialog
[2026-08-26T01:06:28] [POPUP] đã đóng npc_dialog
[2026-08-26T01:06:33] [POPUP] đã đóng npc_dialog
[2026-08-26T01:06:37] [POPUP] đã đóng npc_dialog
[2026-08-26T01:06:42] [POPUP] đã đóng npc_dialog
[2026-08-26T01:06:46] [POPUP] đã đóng npc_dialog
[2026-08-26T01:06:50] [POPUP] đã đóng npc_dialog
[2026-08-26T01:06:54] [POPUP] đã đóng npc_dialog
[2026-08-26T01:06:58] [POPUP] đã đóng npc_dialog
[2026-08-26T01:07:05] [POPUP] đã đóng npc_dialog
[2026-08-26T01:07:10] [POPUP] đã đóng npc_dialog
[2026-08-26T01:07:19] [POPUP] đã đóng npc_dialog
[2026-08-26T01:07:25] [POPUP] đã đóng npc_dialog
[2026-08-26T01:07:31] [POPUP] đã đóng npc_dialog
[2026-08-26T01:07:38] [POPUP] đã đóng npc_dialog
[2026-08-26T01:07:44] [POPUP] đã đóng npc_dialog
[2026-08-26T01:07:50] [POPUP] đã đóng npc_dialog
[2026-08-26T01:07:55] [POPUP] đã đóng npc_dialog
[2026-08-26T01:08:00] [POPUP] đã đóng npc_dialog
[2026-08-26T01:08:05] [POPUP] đã đóng npc_dialog
[2026-08-26T01:08:10] [POPUP] đã đóng npc_dialog
[2026-08-26T01:08:15] [POPUP] đã đóng npc_dialog
[2026-08-26T01:08:21] [POPUP] đã đóng npc_dialog
[2026-08-26T01:08:27] [POPUP] đã đóng npc_dialog
[2026-08-26T01:08:32] [POPUP] đã đóng npc_dialog
[2026-08-26T01:08:36] [POPUP] đã đóng npc_dialog
[2026-08-26T01:08:42] [POPUP] đã đóng npc_dialog
[2026-08-26T01:08:46] [POPUP] đã đóng npc_dialog
[2026-08-26T01:08:54] [POPUP] đã đóng npc_dialog
[2026-08-26T01:08:58] [POPUP] đã đóng npc_dialog
[2026-08-26T01:09:03] [POPUP] đã đóng npc_dialog
[2026-08-26T01:09:08] [POPUP] đã đóng npc_dialog
[2026-08-26T01:09:13] [POPUP] đã đóng npc_dialog
[2026-08-26T01:09:19] [POPUP] đã đóng npc_dialog
[2026-08-26T01:09:24] [POPUP] đã đóng npc_dialog
[2026-08-26T01:09:29] [POPUP] đã đóng npc_dialog
[2026-08-26T01:09:34] [POPUP] đã đóng npc_dialog
[2026-08-26T01:09:39] [POPUP] đã đóng npc_dialog
[2026-08-26T01:09:43] [POPUP] đã đóng npc_dialog
[2026-08-26T01:09:48] [POPUP] đã đóng npc_dialog
[2026-08-26T01:09:52] [POPUP] đã đóng npc_dialog
[2026-08-26T01:09:58] [POPUP] đã đóng npc_dialog
[2026-08-26T01:10:03] [POPUP] đã đóng npc_dialog
[2026-08-26T01:10:09] [POPUP] đã đóng npc_dialog
[2026-08-26T01:10:17] [POPUP] đã đóng npc_dialog
[2026-08-26T01:10:22] [POPUP] đã đóng npc_dialog
[2026-08-26T01:10:28] [POPUP] đã đóng npc_dialog
[2026-08-26T01:10:39] [POPUP] đã đóng npc_dialog
[2026-08-26T01:10:44] [POPUP] đã đóng npc_dialog
[2026-08-26T01:10:49] [POPUP] đã đóng npc_dialog
[2026-08-26T01:10:54] [POPUP] đã đóng npc_dialog
[2026-08-26T01:10:59] [POPUP] đã đóng npc_dialog
[2026-08-26T01:11:04] [POPUP] đã đóng npc_dialog
[2026-08-26T01:11:09] [POPUP] đã đóng npc_dialog
[2026-08-26T01:11:13] [POPUP] đã đóng npc_dialog
[2026-08-26T01:11:19] [POPUP] đã đóng npc_dialog
[2026-08-26T01:11:27] [POPUP] đã đóng npc_dialog
[2026-08-26T01:11:32] [POPUP] đã đóng npc_dialog
[2026-08-26T01:11:36] [POPUP] đã đóng npc_dialog
[2026-08-26T01:11:44] [POPUP] đã đóng npc_dialog
[2026-08-26T01:11:49] [POPUP] đã đóng npc_dialog
[2026-08-26T01:11:54] [POPUP] đã đóng npc_dialog
[2026-08-26T01:11:59] [POPUP] đã đóng npc_dialog
[2026-08-26T01:12:04] [POPUP] đã đóng npc_dialog
[2026-08-26T01:12:09] [POPUP] đã đóng npc_dialog
[2026-08-26T01:12:16] [POPUP] đã đóng npc_dialog
[2026-08-26T01:12:20] [POPUP] đã đóng npc_dialog
[2026-08-26T01:12:25] [POPUP] đã đóng npc_dialog
[2026-08-26T01:12:29] [POPUP] đã đóng npc_dialog
[2026-08-26T01:12:34] [POPUP] đã đóng npc_dialog
[2026-08-26T01:12:38] [POPUP] đã đóng npc_dialog
[2026-08-26T01:12:43] [POPUP] đã đóng npc_dialog
[2026-08-26T01:12:47] [POPUP] đã đóng npc_dialog
[2026-08-26T01:12:51] [POPUP] đã đóng npc_dialog
[2026-08-26T01:12:58] [POPUP] đã đóng npc_dialog
[2026-08-26T01:13:03] [POPUP] đã đóng npc_dialog
[2026-08-26T01:13:12] [POPUP] đã đóng npc_dialog
[2026-08-26T01:13:18] [POPUP] đã đóng npc_dialog
[2026-08-26T01:13:23] [POPUP] đã đóng npc_dialog
[2026-08-26T01:13:31] [POPUP] đã đóng npc_dialog
[2026-08-26T01:13:36] [POPUP] đã đóng npc_dialog
[2026-08-26T01:13:42] [POPUP] đã đóng npc_dialog
[2026-08-26T01:13:47] [POPUP] đã đóng npc_dialog
[2026-08-26T01:13:52] [POPUP] đã đóng npc_dialog
[2026-08-26T01:13:56] [POPUP] đã đóng npc_dialog
[2026-08-26T01:14:01] [POPUP] đã đóng npc_dialog
[2026-08-26T01:14:06] [POPUP] đã đóng npc_dialog
[2026-08-26T01:14:10] [POPUP] đã đóng npc_dialog
[2026-08-26T01:14:16] [POPUP] đã đóng npc_dialog
[2026-08-26T01:14:22] [POPUP] đã đóng npc_dialog
[2026-08-26T01:14:28] [POPUP] đã đóng npc_dialog
[2026-08-26T01:14:32] [POPUP] đã đóng npc_dialog
[2026-08-26T01:14:40] [POPUP] đã đóng npc_dialog
[2026-08-26T01:14:45] [POPUP] đã đóng npc_dialog
[2026-08-26T01:14:51] [POPUP] đã đóng npc_dialog
[2026-08-26T01:14:55] [POPUP] đã đóng npc_dialog
[2026-08-26T01:15:01] [POPUP] đã đóng npc_dialog
[2026-08-26T01:15:05] [POPUP] đã đóng npc_dialog
[2026-08-26T01:15:11] [POPUP] đã đóng npc_dialog
[2026-08-26T01:15:16] Daily luvy: bỏ qua PHỤ BẢN (lỗi): engine exception OSError: [WinError 87] The parameter is incorrect. — evidence: C:\Users\Administrator\Desktop\New folder\fbh_v2_ttt_fixed-20260709T181609Z-2-001\fbh_multi_account_infinite_auto\dev_supervisor_target_a_v2_20260814\logs\daily_errors\acc_5\20260826_011515_PHỤ_BẢN.png
[2026-08-26T01:15:16] Daily luvy: client chưa mở, đang đăng nhập trước bước HÀNH LANG...
[2026-08-26T01:15:16] [AUTO_START] WAIT_WINDOW attempt=1 pass=0 pid=11196 Flash launched at original size
[2026-08-26T01:15:16] [POPUP] đã đóng npc_dialog
[2026-08-26T01:15:20] [POPUP] đã đóng npc_dialog
[2026-08-26T01:15:26] [POPUP] đã đóng npc_dialog
[2026-08-26T01:15:30] [POPUP] đã đóng npc_dialog
[2026-08-26T01:15:35] [POPUP] đã đóng npc_dialog
[2026-08-26T01:15:40] [POPUP] đã đóng npc_dialog
[2026-08-26T01:15:44] [POPUP] đã đóng npc_dialog
[2026-08-26T01:15:48] [POPUP] đã đóng npc_dialog
[2026-08-26T01:15:52] [POPUP] đã đóng npc_dialog
[2026-08-26T01:15:53] [AUTO_START] START_CLICKED attempt=1 pass=0 pid=11196 Bắt đầu
[2026-08-26T01:15:58] [POPUP] đã đóng npc_dialog
[2026-08-26T01:16:02] [POPUP] đã đóng npc_dialog
[2026-08-26T01:16:07] [POPUP] đã đóng npc_dialog
[2026-08-26T01:16:14] [POPUP] đã đóng npc_dialog
[2026-08-26T01:16:15] [AUTO_START] CHANNEL_SELECTED attempt=1 pass=0 pid=11196 channel=(449, 308) choices=1
[2026-08-26T01:16:19] [POPUP] đã đóng npc_dialog
[2026-08-26T01:16:24] [POPUP] đã đóng npc_dialog
[2026-08-26T01:16:31] [POPUP] đã đóng npc_dialog
[2026-08-26T01:16:36] [POPUP] đã đóng npc_dialog
[2026-08-26T01:16:41] [POPUP] đã đóng npc_dialog
[2026-08-26T01:16:46] [POPUP] đã đóng npc_dialog
[2026-08-26T01:16:51] [POPUP] đã đóng npc_dialog
[2026-08-26T01:16:55] [AUTO_START] ENTER_GAME_CLICKED attempt=1 pass=0 pid=11196 character_slot=1 slot_verified=True
[2026-08-26T01:16:55] [POPUP] đã đóng npc_dialog
[2026-08-26T01:17:00] [POPUP] đã đóng npc_dialog
[2026-08-26T01:17:04] [POPUP] đã đóng npc_dialog
[2026-08-26T01:17:09] [POPUP] đã đóng npc_dialog
[2026-08-26T01:17:14] [POPUP] đã đóng npc_dialog
[2026-08-26T01:17:18] [POPUP] đã đóng npc_dialog
[2026-08-26T01:17:27] [POPUP] đã đóng npc_dialog
[2026-08-26T01:17:28] [AUTO_START] MAP_READY_OPEN attempt=1 pass=0 pid=11196 Player=0x110140a0 Core=0x8e2d0d0 world=(3109,1562)
[2026-08-26T01:17:32] [POPUP] đã đóng npc_dialog
[2026-08-26T01:17:37] [POPUP] đã đóng npc_dialog
[2026-08-26T01:17:44] [POPUP] đã đóng npc_dialog
[2026-08-26T01:17:47] [POPUP] đã đóng cache_notice
[2026-08-26T01:17:50] Daily CB: client chưa mở, đang đăng nhập trước bước mở lại sau Auto phụ bản checkpoint 1...
[2026-08-26T01:17:50] [AUTO_START] WAIT_WINDOW attempt=1 pass=0 pid=11612 Flash launched at original size
[2026-08-26T01:17:50] [POPUP] đã đóng npc_dialog
[2026-08-26T01:17:54] [POPUP] đã đóng cache_notice
[2026-08-26T01:17:58] [POPUP] đã đóng npc_dialog
[2026-08-26T01:18:05] [POPUP] đã đóng npc_dialog
[2026-08-26T01:18:10] [POPUP] đã đóng npc_dialog
[2026-08-26T01:18:16] [POPUP] đã đóng npc_dialog
[2026-08-26T01:18:22] [POPUP] đã đóng npc_dialog
[2026-08-26T01:18:32] [POPUP] đã đóng npc_dialog
[2026-08-26T01:18:37] [POPUP] đã đóng npc_dialog
[2026-08-26T01:18:39] Daily xong bước HÀNH LANG: đã bấm Nhận Quà Hàng Ngày tại Hành Lang
[2026-08-26T01:18:42] [POPUP] đã đóng npc_dialog
[2026-08-26T01:18:51] [POPUP] đã đóng npc_dialog
[2026-08-26T01:18:53] [AUTO_START] START_CLICKED attempt=1 pass=0 pid=11612 Bắt đầu
[2026-08-26T01:18:57] [POPUP] đã đóng npc_dialog
[2026-08-26T01:19:01] [POPUP] đã đóng npc_dialog
[2026-08-26T01:19:05] [POPUP] đã đóng npc_dialog
[2026-08-26T01:19:10] [POPUP] đã đóng npc_dialog
[2026-08-26T01:19:10] [AUTO_START] CHANNEL_SELECTED attempt=1 pass=0 pid=11612 channel=(449, 308) choices=1
[2026-08-26T01:19:11] Daily xong bước THẦN TU: đã bấm đúng Bắt đầu → Có cho THẦN TU
[2026-08-26T01:19:11] Daily: đã đóng Flash sau Thần Tu; chờ 25 phút.
[2026-08-26T01:19:14] [POPUP] đã đóng npc_dialog
[2026-08-26T01:19:19] [POPUP] đã đóng npc_dialog
[2026-08-26T01:19:24] [POPUP] đã đóng npc_dialog
[2026-08-26T01:19:31] [POPUP] đã đóng npc_dialog
[2026-08-26T01:19:36] [POPUP] đã đóng npc_dialog
[2026-08-26T01:19:38] [AUTO_START] ENTER_GAME_CLICKED attempt=1 pass=0 pid=11612 character_slot=1 slot_verified=True
[2026-08-26T01:19:42] [POPUP] đã đóng npc_dialog
[2026-08-26T01:19:48] [POPUP] đã đóng npc_dialog
[2026-08-26T01:19:53] [POPUP] đã đóng npc_dialog
[2026-08-26T01:19:59] [POPUP] đã đóng npc_dialog
[2026-08-26T01:20:04] [POPUP] đã đóng npc_dialog
[2026-08-26T01:20:09] [POPUP] đã đóng npc_dialog
[2026-08-26T01:20:14] [POPUP] đã đóng npc_dialog
[2026-08-26T01:20:18] [POPUP] đã đóng npc_dialog
[2026-08-26T01:20:22] [POPUP] đã đóng npc_dialog
[2026-08-26T01:20:24] [AUTO_START] MAP_READY_OPEN attempt=1 pass=0 pid=11612 Player=0x1255a0a0 Core=0xafb70d0 world=(2148,1274)
[2026-08-26T01:20:27] [POPUP] đã đóng npc_dialog
[2026-08-26T01:20:31] [POPUP] đã đóng npc_dialog
[2026-08-26T01:20:37] [POPUP] đã đóng cache_notice
[2026-08-26T01:20:40] [POPUP] đã đóng npc_dialog
[2026-08-26T01:20:41] [POPUP] đã đóng panel/popup lạ có X tại (480, 83)
[2026-08-26T01:20:44] [POPUP] đã đóng npc_dialog
[2026-08-26T01:20:52] [POPUP] đã đóng panel/popup lạ có X tại (480, 83)
[2026-08-26T01:20:57] [POPUP] đã đóng npc_dialog
[2026-08-26T01:21:01] [POPUP] đã đóng panel/popup lạ có X tại (480, 83)
[2026-08-26T01:21:04] [POPUP] đã đóng npc_dialog
[2026-08-26T01:21:08] [POPUP] panel/popup lạ có X tại (480, 83) vẫn còn sau 3 lần đóng; dừng thử để tránh vòng lặp
[2026-08-26T01:21:13] [POPUP] đã đóng npc_dialog
[2026-08-26T01:21:18] [POPUP] đã đóng panel/popup lạ có X tại (480, 83)
[2026-08-26T01:21:21] [POPUP] đã đóng npc_dialog
[2026-08-26T01:21:31] [POPUP] đã đóng panel/popup lạ có X tại (480, 83)
[2026-08-26T01:21:31] [POPUP] đã đóng npc_dialog
[2026-08-26T01:21:38] [POPUP] đã đóng npc_dialog
[2026-08-26T01:21:41] [POPUP] đã đóng panel/popup lạ có X tại (480, 83)
[2026-08-26T01:21:45] [POPUP] đã đóng npc_dialog
[2026-08-26T01:21:50] [POPUP] panel/popup lạ có X tại (480, 83) vẫn còn sau 3 lần đóng; dừng thử để tránh vòng lặp
[2026-08-26T01:21:53] [POPUP] đã đóng npc_dialog
[2026-08-26T01:21:58] [POPUP] đã đóng panel/popup lạ có X tại (480, 83)
[2026-08-26T01:22:02] [POPUP] đã đóng npc_dialog
[2026-08-26T01:22:07] [POPUP] đã đóng panel/popup lạ có X tại (480, 83)
[2026-08-26T01:22:10] [POPUP] đã đóng npc_dialog
[2026-08-26T01:22:15] [POPUP] đã đóng panel/popup lạ có X tại (480, 83)
[2026-08-26T01:22:18] [POPUP] đã đóng npc_dialog
[2026-08-26T01:22:23] [POPUP] panel/popup lạ có X tại (480, 83) vẫn còn sau 3 lần đóng; dừng thử để tránh vòng lặp
[2026-08-26T01:22:26] [POPUP] đã đóng npc_dialog
[2026-08-26T01:22:32] [POPUP] đã đóng panel/popup lạ có X tại (480, 83)
[2026-08-26T01:22:35] [POPUP] đã đóng npc_dialog
[2026-08-26T01:22:39] [POPUP] đã đóng panel/popup lạ có X tại (480, 83)
[2026-08-26T01:22:42] [POPUP] đã đóng npc_dialog
[2026-08-26T01:22:47] [POPUP] đã đóng panel/popup lạ có X tại (480, 83)
[2026-08-26T01:22:50] [POPUP] đã đóng npc_dialog
[2026-08-26T01:22:55] [POPUP] panel/popup lạ có X tại (480, 83) vẫn còn sau 3 lần đóng; dừng thử để tránh vòng lặp
[2026-08-26T01:22:55] Daily PHỤ BẢN checkpoint độc lập 1 (20 phút): không tới Tiên Lạp nhận Q Liệt Diễm Thâm Uyên: popup guard: unknown_modal_persistent
[2026-08-26T01:22:56] Daily CB: bỏ qua PHỤ BẢN (lỗi): checkpoint độc lập: không tới Tiên Lạp nhận Q Liệt Diễm Thâm Uyên: popup guard: unknown_modal_persistent — evidence: C:\Users\Administrator\Desktop\New folder\fbh_v2_ttt_fixed-20260709T181609Z-2-001\fbh_multi_account_infinite_auto\dev_supervisor_target_a_v2_20260814\logs\daily_errors\acc_1\20260826_012255_PHỤ_BẢN.png
[2026-08-26T01:22:56] Daily CB: bỏ qua PHỤ BẢN (lỗi): hết ba checkpoint nhưng card chưa hoàn tất
[2026-08-26T01:22:56] Daily hoàn tất đúng plan snapshot: VIP, NHẬN THỜI TRANG, MẬT BẢO, ĐIÊU KHẮC, LẬT THẺ BÀI, PHỤ BẢN, HÀNH LANG, THẦN TU, TU HÀNH
[2026-08-26T01:22:57] [POPUP] đã đóng npc_dialog
[2026-08-26T01:23:03] [POPUP] đã đóng npc_dialog
[2026-08-26T01:23:07] [POPUP] đã đóng npc_dialog
[2026-08-26T01:23:14] [POPUP] đã đóng npc_dialog
[2026-08-26T01:23:18] [POPUP] đã đóng npc_dialog
[2026-08-26T01:23:23] [POPUP] đã đóng npc_dialog
[2026-08-26T01:23:29] [POPUP] đã đóng npc_dialog
[2026-08-26T01:23:33] [POPUP] đã đóng npc_dialog
[2026-08-26T01:23:37] [POPUP] đã đóng npc_dialog
[2026-08-26T01:23:41] [POPUP] đã đóng npc_dialog
[2026-08-26T01:23:45] [POPUP] đã đóng npc_dialog
[2026-08-26T01:23:49] [POPUP] đã đóng npc_dialog
[2026-08-26T01:23:53] [POPUP] đã đóng npc_dialog
[2026-08-26T01:23:57] [POPUP] đã đóng npc_dialog
[2026-08-26T01:24:02] [POPUP] đã đóng npc_dialog
[2026-08-26T01:24:07] [POPUP] đã đóng npc_dialog
[2026-08-26T01:24:11] [POPUP] đã đóng npc_dialog
[2026-08-26T01:24:19] [POPUP] đã đóng npc_dialog
[2026-08-26T01:24:23] [POPUP] đã đóng npc_dialog
[2026-08-26T01:24:28] [POPUP] đã đóng npc_dialog
[2026-08-26T01:24:33] [POPUP] đã đóng npc_dialog
[2026-08-26T01:24:37] [POPUP] đã đóng npc_dialog
[2026-08-26T01:24:41] [POPUP] đã đóng npc_dialog
[2026-08-26T01:24:45] [POPUP] đã đóng npc_dialog
[2026-08-26T01:24:49] [POPUP] đã đóng npc_dialog
[2026-08-26T01:24:54] [POPUP] đã đóng npc_dialog
[2026-08-26T01:24:58] [POPUP] đã đóng npc_dialog
[2026-08-26T01:25:02] [POPUP] đã đóng npc_dialog
[2026-08-26T01:25:06] [POPUP] đã đóng npc_dialog
[2026-08-26T01:25:11] [POPUP] đã đóng npc_dialog
[2026-08-26T01:25:15] [POPUP] đã đóng npc_dialog
[2026-08-26T01:25:23] [POPUP] đã đóng npc_dialog
[2026-08-26T01:25:27] [POPUP] đã đóng npc_dialog
[2026-08-26T01:25:32] [POPUP] đã đóng npc_dialog
[2026-08-26T01:25:38] [POPUP] đã đóng npc_dialog
[2026-08-26T01:25:42] [POPUP] đã đóng npc_dialog
[2026-08-26T01:25:46] [POPUP] đã đóng npc_dialog
[2026-08-26T01:25:51] [POPUP] đã đóng npc_dialog
[2026-08-26T01:25:55] [POPUP] đã đóng npc_dialog
[2026-08-26T01:25:59] [POPUP] đã đóng npc_dialog
[2026-08-26T01:26:03] [POPUP] đã đóng npc_dialog
[2026-08-26T01:26:08] [POPUP] đã đóng npc_dialog
[2026-08-26T01:26:12] [POPUP] đã đóng npc_dialog
[2026-08-26T01:26:17] [POPUP] đã đóng npc_dialog
[2026-08-26T01:26:21] [POPUP] đã đóng npc_dialog
[2026-08-26T01:26:28] [POPUP] đã đóng npc_dialog
[2026-08-26T01:26:32] [POPUP] đã đóng npc_dialog
[2026-08-26T01:26:37] [POPUP] đã đóng npc_dialog
[2026-08-26T01:26:43] [POPUP] đã đóng npc_dialog
[2026-08-26T01:26:47] [POPUP] đã đóng npc_dialog
[2026-08-26T01:26:51] [POPUP] đã đóng npc_dialog
[2026-08-26T01:26:55] [POPUP] đã đóng npc_dialog
[2026-08-26T01:26:59] [POPUP] đã đóng npc_dialog
[2026-08-26T01:27:04] [POPUP] đã đóng npc_dialog
[2026-08-26T01:27:08] [POPUP] đã đóng npc_dialog
[2026-08-26T01:27:12] [POPUP] đã đóng npc_dialog
[2026-08-26T01:27:16] [POPUP] đã đóng npc_dialog
[2026-08-26T01:27:21] [POPUP] đã đóng npc_dialog
[2026-08-26T01:27:25] [POPUP] đã đóng npc_dialog
[2026-08-26T01:27:32] [POPUP] đã đóng npc_dialog
[2026-08-26T01:27:36] [POPUP] đã đóng npc_dialog
[2026-08-26T01:27:42] [POPUP] đã đóng npc_dialog
[2026-08-26T01:27:48] [POPUP] đã đóng npc_dialog
[2026-08-26T01:27:52] [POPUP] đã đóng npc_dialog
[2026-08-26T01:27:57] [POPUP] đã đóng npc_dialog
[2026-08-26T01:28:01] [POPUP] đã đóng npc_dialog
[2026-08-26T01:28:06] [POPUP] đã đóng npc_dialog
[2026-08-26T01:28:11] [POPUP] đã đóng npc_dialog
[2026-08-26T01:28:15] [POPUP] đã đóng npc_dialog
[2026-08-26T01:28:20] [POPUP] đã đóng npc_dialog
[2026-08-26T01:28:24] [POPUP] đã đóng npc_dialog
[2026-08-26T01:28:29] [POPUP] đã đóng npc_dialog
[2026-08-26T01:28:33] [POPUP] đã đóng npc_dialog
[2026-08-26T01:28:40] [POPUP] đã đóng npc_dialog
[2026-08-26T01:28:44] [POPUP] đã đóng npc_dialog
[2026-08-26T01:28:49] Daily pepsi: client chưa mở, đang đăng nhập trước bước mở lại sau Thần Tu...
[2026-08-26T01:28:49] [AUTO_START] WAIT_WINDOW attempt=1 pass=0 pid=16344 Flash launched at original size
[2026-08-26T01:28:49] [POPUP] đã đóng npc_dialog
[2026-08-26T01:28:55] [POPUP] đã đóng npc_dialog
[2026-08-26T01:29:00] [POPUP] đã đóng npc_dialog
[2026-08-26T01:29:05] [POPUP] đã đóng npc_dialog
[2026-08-26T01:29:10] [POPUP] đã đóng npc_dialog
[2026-08-26T01:29:15] [POPUP] đã đóng npc_dialog
[2026-08-26T01:29:16] [AUTO_START] START_CLICKED attempt=1 pass=0 pid=16344 Bắt đầu
[2026-08-26T01:29:20] [POPUP] đã đóng npc_dialog
[2026-08-26T01:29:25] [POPUP] đã đóng npc_dialog
[2026-08-26T01:29:29] [POPUP] đã đóng npc_dialog
[2026-08-26T01:29:33] [POPUP] đã đóng npc_dialog
[2026-08-26T01:29:34] [AUTO_START] CHANNEL_SELECTED attempt=1 pass=0 pid=16344 channel=(449, 308) choices=1
[2026-08-26T01:29:38] [POPUP] đã đóng npc_dialog
[2026-08-26T01:29:43] [POPUP] đã đóng npc_dialog
[2026-08-26T01:29:48] [POPUP] đã đóng npc_dialog
[2026-08-26T01:29:56] [POPUP] đã đóng npc_dialog
[2026-08-26T01:29:59] [AUTO_START] ENTER_GAME_CLICKED attempt=1 pass=0 pid=16344 character_slot=1 slot_verified=True
[2026-08-26T01:30:00] [POPUP] đã đóng npc_dialog
[2026-08-26T01:30:06] [POPUP] đã đóng npc_dialog
[2026-08-26T01:30:13] [POPUP] đã đóng npc_dialog
[2026-08-26T01:30:18] [POPUP] đã đóng npc_dialog
[2026-08-26T01:30:22] [POPUP] đã đóng npc_dialog
[2026-08-26T01:30:27] [POPUP] đã đóng npc_dialog
[2026-08-26T01:30:32] [POPUP] đã đóng npc_dialog
[2026-08-26T01:30:37] [POPUP] đã đóng npc_dialog
[2026-08-26T01:30:42] [POPUP] đã đóng npc_dialog
[2026-08-26T01:30:44] [AUTO_START] MAP_READY_OPEN attempt=1 pass=0 pid=16344 Player=0x129c20a0 Core=0x141c90d0 world=(2211,418)
[2026-08-26T01:30:48] [POPUP] đã đóng npc_dialog
[2026-08-26T01:30:52] [POPUP] đã đóng npc_dialog
[2026-08-26T01:30:56] [POPUP] đã đóng cache_notice
[2026-08-26T01:30:59] [POPUP] đã đóng npc_dialog
[2026-08-26T01:31:05] [POPUP] đã đóng npc_dialog
[2026-08-26T01:31:09] [POPUP] đã đóng npc_dialog
[2026-08-26T01:31:09] [DUNGEON] Auto PB toolbar scan arrow=NutXuong.png score=0.990 box=(313, 28, 21, 23)
[2026-08-26T01:31:10] [DUNGEON] Auto PB toolbar scan arrow=NutXuong.png score=0.990 box=(313, 28, 21, 23)
[2026-08-26T01:31:14] [POPUP] đã đóng npc_dialog
[2026-08-26T01:31:14] [DUNGEON] Auto PB panel visible after guarded toolbar click
[2026-08-26T01:31:14] [DUNGEON] Auto PB panel visible after guarded toolbar click
[2026-08-26T01:31:18] [POPUP] đã đóng npc_dialog
[2026-08-26T01:31:19] Daily PHỤ BẢN lượt đầu: Mê Huyễn Động: không mở được card/page
[2026-08-26T01:31:19] Daily TSk: bỏ qua PHỤ BẢN (lỗi): Mê Huyễn Động: không mở được card/page — evidence: C:\Users\Administrator\Desktop\New folder\fbh_v2_ttt_fixed-20260709T181609Z-2-001\fbh_multi_account_infinite_auto\dev_supervisor_target_a_v2_20260814\logs\daily_errors\acc_3\20260826_013119_PHỤ_BẢN.png
[2026-08-26T01:31:22] [POPUP] đã đóng npc_dialog
[2026-08-26T01:31:24] Daily PHỤ BẢN checkpoint 25 phút (mốc 1): Thế Giới Số: không mở được card/page
[2026-08-26T01:31:24] Daily pepsi: bỏ qua TU HÀNH (lỗi): checkpoint 25 phút (mốc 1): Thế Giới Số: không mở được card/page — evidence: C:\Users\Administrator\Desktop\New folder\fbh_v2_ttt_fixed-20260709T181609Z-2-001\fbh_multi_account_infinite_auto\dev_supervisor_target_a_v2_20260814\logs\daily_errors\acc_2\20260826_013124_TU_HÀNH.png
[2026-08-26T01:31:24] Daily hoàn tất đúng plan snapshot: VIP, NHẬN THỜI TRANG, MẬT BẢO, ĐIÊU KHẮC, LẬT THẺ BÀI, PHỤ BẢN, HÀNH LANG, THẦN TU, TU HÀNH
[2026-08-26T01:31:30] [POPUP] đã đóng npc_dialog
[2026-08-26T01:31:36] [POPUP] đã đóng npc_dialog
[2026-08-26T01:31:41] [POPUP] đã đóng npc_dialog
[2026-08-26T01:31:47] [POPUP] đã đóng npc_dialog
[2026-08-26T01:31:56] [POPUP] đã đóng npc_dialog
[2026-08-26T01:32:00] [POPUP] đã đóng npc_dialog
[2026-08-26T01:32:04] [POPUP] đã đóng npc_dialog
[2026-08-26T01:32:05] Daily xong bước HÀNH LANG: đã bấm Nhận Quà Hàng Ngày tại Hành Lang
[2026-08-26T01:32:10] [POPUP] đã đóng npc_dialog
[2026-08-26T01:32:16] [POPUP] đã đóng npc_dialog
[2026-08-26T01:32:21] [POPUP] đã đóng npc_dialog
[2026-08-26T01:32:25] [POPUP] đã đóng npc_dialog
[2026-08-26T01:32:30] [POPUP] đã đóng npc_dialog
[2026-08-26T01:32:34] [POPUP] đã đóng npc_dialog
[2026-08-26T01:32:36] Daily xong bước THẦN TU: đã bấm đúng Bắt đầu → Có cho THẦN TU
[2026-08-26T01:32:37] Daily: đã đóng Flash sau Thần Tu; chờ 25 phút.
[2026-08-26T01:32:38] [POPUP] đã đóng npc_dialog
[2026-08-26T01:32:41] [POPUP] đã đóng npc_dialog
[2026-08-26T01:32:45] [POPUP] đã đóng npc_dialog
[2026-08-26T01:32:49] [POPUP] đã đóng npc_dialog
[2026-08-26T01:32:52] [POPUP] đã đóng npc_dialog
[2026-08-26T01:32:56] [POPUP] đã đóng npc_dialog
[2026-08-26T01:33:00] [POPUP] đã đóng npc_dialog
[2026-08-26T01:33:04] [POPUP] đã đóng npc_dialog
[2026-08-26T01:33:08] [POPUP] đã đóng npc_dialog
[2026-08-26T01:33:12] [POPUP] đã đóng npc_dialog
[2026-08-26T01:33:16] [POPUP] đã đóng npc_dialog
[2026-08-26T01:33:19] [POPUP] đã đóng npc_dialog
[2026-08-26T01:33:23] [POPUP] đã đóng npc_dialog
[2026-08-26T01:33:27] [POPUP] đã đóng npc_dialog
[2026-08-26T01:33:31] [POPUP] đã đóng npc_dialog
[2026-08-26T01:33:35] [POPUP] đã đóng npc_dialog
[2026-08-26T01:33:39] [POPUP] đã đóng npc_dialog
[2026-08-26T01:33:43] [POPUP] đã đóng npc_dialog
[2026-08-26T01:33:46] [POPUP] đã đóng npc_dialog
[2026-08-26T01:33:50] [POPUP] đã đóng npc_dialog
[2026-08-26T01:33:54] [POPUP] đã đóng npc_dialog
[2026-08-26T01:33:58] [POPUP] đã đóng npc_dialog
[2026-08-26T01:34:01] [POPUP] đã đóng npc_dialog
[2026-08-26T01:34:05] [POPUP] đã đóng npc_dialog
[2026-08-26T01:34:08] [POPUP] đã đóng npc_dialog
[2026-08-26T01:34:12] [POPUP] đã đóng npc_dialog
[2026-08-26T01:34:16] [POPUP] đã đóng npc_dialog
[2026-08-26T01:34:19] [POPUP] đã đóng npc_dialog
[2026-08-26T01:34:23] [POPUP] đã đóng npc_dialog
[2026-08-26T01:34:27] [POPUP] đã đóng npc_dialog
[2026-08-26T01:34:30] [POPUP] đã đóng npc_dialog
[2026-08-26T01:34:34] [POPUP] đã đóng npc_dialog
[2026-08-26T01:34:38] [POPUP] đã đóng npc_dialog
[2026-08-26T01:34:41] [POPUP] đã đóng npc_dialog
[2026-08-26T01:34:45] [POPUP] đã đóng npc_dialog
[2026-08-26T01:34:49] [POPUP] đã đóng npc_dialog
[2026-08-26T01:34:52] [POPUP] đã đóng npc_dialog
[2026-08-26T01:34:56] [POPUP] đã đóng npc_dialog
[2026-08-26T01:35:00] [POPUP] đã đóng npc_dialog
[2026-08-26T01:35:03] [POPUP] đã đóng npc_dialog
[2026-08-26T01:35:07] [POPUP] đã đóng npc_dialog
[2026-08-26T01:35:11] [POPUP] đã đóng npc_dialog
[2026-08-26T01:35:15] [POPUP] đã đóng npc_dialog
[2026-08-26T01:35:18] [POPUP] đã đóng npc_dialog
[2026-08-26T01:35:22] [POPUP] đã đóng npc_dialog
[2026-08-26T01:35:26] [POPUP] đã đóng npc_dialog
[2026-08-26T01:35:30] [POPUP] đã đóng npc_dialog
[2026-08-26T01:35:34] [POPUP] đã đóng npc_dialog
[2026-08-26T01:35:38] [POPUP] đã đóng npc_dialog
[2026-08-26T01:35:41] [POPUP] đã đóng npc_dialog
[2026-08-26T01:35:45] [POPUP] đã đóng npc_dialog
[2026-08-26T01:35:48] [POPUP] đã đóng npc_dialog
[2026-08-26T01:35:52] [POPUP] đã đóng npc_dialog
[2026-08-26T01:35:55] [POPUP] đã đóng npc_dialog
[2026-08-26T01:35:59] [POPUP] đã đóng npc_dialog
[2026-08-26T01:36:03] [POPUP] đã đóng npc_dialog
[2026-08-26T01:36:06] [POPUP] đã đóng npc_dialog
[2026-08-26T01:36:10] [POPUP] đã đóng npc_dialog
[2026-08-26T01:36:14] [POPUP] đã đóng npc_dialog
[2026-08-26T01:36:17] [POPUP] đã đóng npc_dialog
[2026-08-26T01:36:21] [POPUP] đã đóng npc_dialog
[2026-08-26T01:36:25] [POPUP] đã đóng npc_dialog
[2026-08-26T01:36:28] [POPUP] đã đóng npc_dialog
[2026-08-26T01:36:32] [POPUP] đã đóng npc_dialog
[2026-08-26T01:36:36] [POPUP] đã đóng npc_dialog
[2026-08-26T01:36:39] [POPUP] đã đóng npc_dialog
[2026-08-26T01:36:43] [POPUP] đã đóng npc_dialog
[2026-08-26T01:36:47] [POPUP] đã đóng npc_dialog
[2026-08-26T01:36:51] [POPUP] đã đóng npc_dialog
[2026-08-26T01:36:54] [POPUP] đã đóng npc_dialog
[2026-08-26T01:36:58] [POPUP] đã đóng npc_dialog
[2026-08-26T01:37:01] [POPUP] đã đóng npc_dialog
[2026-08-26T01:37:05] [POPUP] đã đóng npc_dialog
[2026-08-26T01:37:09] [POPUP] đã đóng npc_dialog
[2026-08-26T01:37:12] [POPUP] đã đóng npc_dialog
[2026-08-26T01:37:16] [POPUP] đã đóng npc_dialog
[2026-08-26T01:37:20] [POPUP] đã đóng npc_dialog
[2026-08-26T01:37:23] [POPUP] đã đóng npc_dialog
[2026-08-26T01:37:27] [POPUP] đã đóng npc_dialog
[2026-08-26T01:37:31] [POPUP] đã đóng npc_dialog
[2026-08-26T01:37:34] [POPUP] đã đóng npc_dialog
[2026-08-26T01:37:38] [POPUP] đã đóng npc_dialog
[2026-08-26T01:37:41] [POPUP] đã đóng npc_dialog
[2026-08-26T01:37:45] [POPUP] đã đóng npc_dialog
[2026-08-26T01:37:49] [POPUP] đã đóng npc_dialog
[2026-08-26T01:37:52] [POPUP] đã đóng npc_dialog
[2026-08-26T01:37:56] [POPUP] đã đóng npc_dialog
[2026-08-26T01:38:00] [POPUP] đã đóng npc_dialog
[2026-08-26T01:38:03] [POPUP] đã đóng npc_dialog
[2026-08-26T01:38:07] [POPUP] đã đóng npc_dialog
[2026-08-26T01:38:11] [POPUP] đã đóng npc_dialog
[2026-08-26T01:38:14] [POPUP] đã đóng npc_dialog
[2026-08-26T01:38:18] [POPUP] đã đóng npc_dialog
[2026-08-26T01:38:22] [POPUP] đã đóng npc_dialog
[2026-08-26T01:38:25] [POPUP] đã đóng npc_dialog
[2026-08-26T01:38:29] [POPUP] đã đóng npc_dialog
[2026-08-26T01:38:33] [POPUP] đã đóng npc_dialog
[2026-08-26T01:38:36] [POPUP] đã đóng npc_dialog
[2026-08-26T01:38:40] [POPUP] đã đóng npc_dialog
[2026-08-26T01:38:44] [POPUP] đã đóng npc_dialog
[2026-08-26T01:38:48] [POPUP] đã đóng npc_dialog
[2026-08-26T01:38:52] [POPUP] đã đóng npc_dialog
[2026-08-26T01:38:56] [POPUP] đã đóng npc_dialog
[2026-08-26T01:39:00] [POPUP] đã đóng npc_dialog
[2026-08-26T01:39:03] [POPUP] đã đóng npc_dialog
[2026-08-26T01:39:07] [POPUP] đã đóng npc_dialog
[2026-08-26T01:39:11] [POPUP] đã đóng npc_dialog
[2026-08-26T01:39:15] [POPUP] đã đóng npc_dialog
[2026-08-26T01:39:19] [POPUP] đã đóng npc_dialog
[2026-08-26T01:39:23] [POPUP] đã đóng npc_dialog
[2026-08-26T01:39:27] [POPUP] đã đóng npc_dialog
[2026-08-26T01:39:30] [POPUP] đã đóng npc_dialog
[2026-08-26T01:39:34] [POPUP] đã đóng npc_dialog
[2026-08-26T01:39:38] [POPUP] đã đóng npc_dialog
[2026-08-26T01:39:42] [POPUP] đã đóng npc_dialog
[2026-08-26T01:39:45] [POPUP] đã đóng npc_dialog
[2026-08-26T01:39:49] [POPUP] đã đóng npc_dialog
[2026-08-26T01:39:53] [POPUP] đã đóng npc_dialog
[2026-08-26T01:39:57] [POPUP] đã đóng npc_dialog
[2026-08-26T01:40:01] [POPUP] đã đóng npc_dialog
[2026-08-26T01:40:04] [POPUP] đã đóng npc_dialog
[2026-08-26T01:40:08] [POPUP] đã đóng npc_dialog
[2026-08-26T01:40:12] [POPUP] đã đóng npc_dialog
[2026-08-26T01:40:16] [POPUP] đã đóng npc_dialog
[2026-08-26T01:40:20] [POPUP] đã đóng npc_dialog
[2026-08-26T01:40:24] [POPUP] đã đóng npc_dialog
[2026-08-26T01:40:27] [POPUP] đã đóng npc_dialog
[2026-08-26T01:40:31] [POPUP] đã đóng npc_dialog
[2026-08-26T01:40:35] [POPUP] đã đóng npc_dialog
[2026-08-26T01:40:39] [POPUP] đã đóng npc_dialog
[2026-08-26T01:40:43] [POPUP] đã đóng npc_dialog
[2026-08-26T01:40:47] [POPUP] đã đóng npc_dialog
[2026-08-26T01:40:51] [POPUP] đã đóng npc_dialog
[2026-08-26T01:40:54] [POPUP] đã đóng npc_dialog
[2026-08-26T01:40:58] [POPUP] đã đóng npc_dialog
[2026-08-26T01:41:02] [POPUP] đã đóng npc_dialog
[2026-08-26T01:41:06] [POPUP] đã đóng npc_dialog
[2026-08-26T01:41:10] [POPUP] đã đóng npc_dialog
[2026-08-26T01:41:14] [POPUP] đã đóng npc_dialog
[2026-08-26T01:41:18] [POPUP] đã đóng npc_dialog
[2026-08-26T01:41:21] [POPUP] đã đóng npc_dialog
[2026-08-26T01:41:25] [POPUP] đã đóng npc_dialog
[2026-08-26T01:41:29] [POPUP] đã đóng npc_dialog
[2026-08-26T01:41:32] [POPUP] đã đóng npc_dialog
[2026-08-26T01:41:36] [POPUP] đã đóng npc_dialog
[2026-08-26T01:41:40] [POPUP] đã đóng npc_dialog
[2026-08-26T01:41:43] [POPUP] đã đóng npc_dialog
[2026-08-26T01:41:47] [POPUP] đã đóng npc_dialog
[2026-08-26T01:41:51] [POPUP] đã đóng npc_dialog
[2026-08-26T01:41:55] [POPUP] đã đóng npc_dialog
[2026-08-26T01:41:58] [POPUP] đã đóng npc_dialog
[2026-08-26T01:42:02] [POPUP] đã đóng npc_dialog
[2026-08-26T01:42:06] [POPUP] đã đóng npc_dialog
[2026-08-26T01:42:09] [POPUP] đã đóng npc_dialog
[2026-08-26T01:42:13] [POPUP] đã đóng npc_dialog
[2026-08-26T01:42:17] [POPUP] đã đóng npc_dialog
[2026-08-26T01:42:20] [POPUP] đã đóng npc_dialog
[2026-08-26T01:42:24] [POPUP] đã đóng npc_dialog
[2026-08-26T01:42:28] [POPUP] đã đóng npc_dialog
[2026-08-26T01:42:31] [POPUP] đã đóng npc_dialog
[2026-08-26T01:42:35] [POPUP] đã đóng npc_dialog
[2026-08-26T01:42:38] [POPUP] đã đóng npc_dialog
[2026-08-26T01:42:42] [POPUP] đã đóng npc_dialog
[2026-08-26T01:42:46] [POPUP] đã đóng npc_dialog
[2026-08-26T01:42:50] [POPUP] đã đóng npc_dialog
[2026-08-26T01:42:53] [POPUP] đã đóng npc_dialog
[2026-08-26T01:42:57] [POPUP] đã đóng npc_dialog
[2026-08-26T01:43:01] [POPUP] đã đóng npc_dialog
[2026-08-26T01:43:04] [POPUP] đã đóng npc_dialog
[2026-08-26T01:43:08] [POPUP] đã đóng npc_dialog
[2026-08-26T01:43:12] [POPUP] đã đóng npc_dialog
[2026-08-26T01:43:16] [POPUP] đã đóng npc_dialog
[2026-08-26T01:43:19] [POPUP] đã đóng npc_dialog
[2026-08-26T01:43:23] [POPUP] đã đóng npc_dialog
[2026-08-26T01:43:27] [POPUP] đã đóng npc_dialog
[2026-08-26T01:43:31] [POPUP] đã đóng npc_dialog
[2026-08-26T01:43:35] [POPUP] đã đóng npc_dialog
[2026-08-26T01:43:39] [POPUP] đã đóng npc_dialog
[2026-08-26T01:43:43] [POPUP] đã đóng npc_dialog
[2026-08-26T01:43:46] [POPUP] đã đóng npc_dialog
[2026-08-26T01:43:50] [POPUP] đã đóng npc_dialog
[2026-08-26T01:43:54] [POPUP] đã đóng npc_dialog
[2026-08-26T01:43:58] [POPUP] đã đóng npc_dialog
[2026-08-26T01:44:02] [POPUP] đã đóng npc_dialog
[2026-08-26T01:44:06] [POPUP] đã đóng npc_dialog
[2026-08-26T01:44:10] [POPUP] đã đóng npc_dialog
[2026-08-26T01:44:13] Daily luvy: client chưa mở, đang đăng nhập trước bước mở lại sau Thần Tu...
[2026-08-26T01:44:13] [AUTO_START] WAIT_WINDOW attempt=1 pass=0 pid=5636 Flash launched at original size
[2026-08-26T01:44:14] [POPUP] đã đóng npc_dialog
[2026-08-26T01:44:18] [POPUP] đã đóng npc_dialog
[2026-08-26T01:44:22] [POPUP] đã đóng npc_dialog
[2026-08-26T01:44:22] [AUTO_START] START_CLICKED attempt=1 pass=0 pid=5636 Bắt đầu
[2026-08-26T01:44:26] [POPUP] đã đóng npc_dialog
[2026-08-26T01:44:30] [POPUP] đã đóng npc_dialog
[2026-08-26T01:44:30] [AUTO_START] RETRY_START attempt=1 pass=0 pid=5636 chua thay chon kenh, bam lai Bat dau
[2026-08-26T01:44:34] [POPUP] đã đóng npc_dialog
[2026-08-26T01:44:38] [POPUP] đã đóng npc_dialog
[2026-08-26T01:44:39] [AUTO_START] START_CLICKED attempt=1 pass=0 pid=5636 Bắt đầu
[2026-08-26T01:44:42] [POPUP] đã đóng npc_dialog
[2026-08-26T01:44:46] [POPUP] đã đóng npc_dialog
[2026-08-26T01:44:50] [POPUP] đã đóng npc_dialog
[2026-08-26T01:44:50] [AUTO_START] CHANNEL_SELECTED attempt=1 pass=0 pid=5636 channel=(449, 308) choices=1
[2026-08-26T01:44:54] [POPUP] đã đóng npc_dialog
[2026-08-26T01:44:58] [POPUP] đã đóng npc_dialog
[2026-08-26T01:45:02] [POPUP] đã đóng npc_dialog
[2026-08-26T01:45:03] [AUTO_START] ENTER_GAME_CLICKED attempt=1 pass=0 pid=5636 character_slot=1 slot_verified=True
[2026-08-26T01:45:05] [POPUP] đã đóng npc_dialog
[2026-08-26T01:45:09] [POPUP] đã đóng npc_dialog
[2026-08-26T01:45:13] [POPUP] đã đóng npc_dialog
[2026-08-26T01:45:16] [AUTO_START] MAP_READY_OPEN attempt=1 pass=0 pid=5636 Player=0x1d1830a0 Core=0xb7780d0 world=(2213,402)
[2026-08-26T01:45:18] [POPUP] đã đóng npc_dialog
[2026-08-26T01:45:22] [POPUP] đã đóng npc_dialog
[2026-08-26T01:45:25] [POPUP] đã đóng cache_notice
[2026-08-26T01:45:28] [POPUP] đã đóng npc_dialog
[2026-08-26T01:45:33] [POPUP] đã đóng npc_dialog
[2026-08-26T01:45:39] [POPUP] đã đóng npc_dialog
[2026-08-26T01:45:44] [POPUP] đã đóng npc_dialog
[2026-08-26T01:45:49] [POPUP] đã đóng npc_dialog
[2026-08-26T01:45:53] [POPUP] đã đóng npc_dialog
[2026-08-26T01:46:03] [POPUP] đã đóng npc_dialog
[2026-08-26T01:46:07] [POPUP] đã đóng npc_dialog
[2026-08-26T01:46:13] [POPUP] đã đóng npc_dialog
[2026-08-26T01:46:17] [POPUP] đã đóng npc_dialog
[2026-08-26T01:46:21] [POPUP] đã đóng npc_dialog
[2026-08-26T01:46:25] [POPUP] đã đóng npc_dialog
[2026-08-26T01:46:26] [DUNGEON] NPC open attempt 1: exact NPC count=0
[2026-08-26T01:46:29] [POPUP] đã đóng npc_dialog
[2026-08-26T01:46:35] [POPUP] đã đóng npc_dialog
[2026-08-26T01:46:40] [POPUP] đã đóng npc_dialog
[2026-08-26T01:46:44] [POPUP] đã đóng npc_dialog
[2026-08-26T01:46:48] [POPUP] đã đóng npc_dialog
[2026-08-26T01:46:49] [DUNGEON] NPC open attempt 2: exact NPC count=0
[2026-08-26T01:46:52] [POPUP] đã đóng npc_dialog
[2026-08-26T01:46:59] [POPUP] đã đóng npc_dialog
[2026-08-26T01:47:03] [POPUP] đã đóng npc_dialog
[2026-08-26T01:47:07] [POPUP] đã đóng npc_dialog
[2026-08-26T01:47:11] [POPUP] đã đóng npc_dialog
[2026-08-26T01:47:16] [POPUP] đã đóng npc_dialog
[2026-08-26T01:47:20] [POPUP] đã đóng npc_dialog
[2026-08-26T01:47:25] [POPUP] đã đóng npc_dialog
[2026-08-26T01:47:31] [POPUP] đã đóng npc_dialog
[2026-08-26T01:47:36] [POPUP] đã đóng npc_dialog
[2026-08-26T01:47:40] [POPUP] đã đóng npc_dialog
[2026-08-26T01:47:44] [POPUP] đã đóng npc_dialog
[2026-08-26T01:47:49] [POPUP] đã đóng npc_dialog
[2026-08-26T01:47:53] [POPUP] đã đóng npc_dialog
[2026-08-26T01:47:57] [POPUP] đã đóng npc_dialog
[2026-08-26T01:48:01] [POPUP] đã đóng npc_dialog
[2026-08-26T01:48:05] [POPUP] đã đóng npc_dialog
[2026-08-26T01:48:09] [POPUP] đã đóng npc_dialog
[2026-08-26T01:48:14] [POPUP] đã đóng npc_dialog
[2026-08-26T01:48:18] [POPUP] đã đóng npc_dialog
[2026-08-26T01:48:25] [POPUP] đã đóng npc_dialog
[2026-08-26T01:48:25] [POPUP] đã đóng cache_notice
[2026-08-26T01:48:29] [POPUP] đã đóng npc_dialog
[2026-08-26T01:48:33] [POPUP] đã đóng npc_dialog
[2026-08-26T01:48:39] [POPUP] đã đóng npc_dialog
[2026-08-26T01:48:44] [POPUP] đã đóng npc_dialog
[2026-08-26T01:48:49] [POPUP] đã đóng npc_dialog
[2026-08-26T01:48:54] [POPUP] đã đóng npc_dialog
[2026-08-26T01:48:58] [POPUP] đã đóng npc_dialog
[2026-08-26T01:49:02] [POPUP] đã đóng npc_dialog
[2026-08-26T01:49:06] [POPUP] đã đóng npc_dialog
[2026-08-26T01:49:11] [POPUP] đã đóng npc_dialog
[2026-08-26T01:49:15] [POPUP] đã đóng npc_dialog
[2026-08-26T01:49:19] [POPUP] đã đóng npc_dialog
[2026-08-26T01:49:22] [POPUP] đã đóng npc_dialog
[2026-08-26T01:49:26] [POPUP] đã đóng npc_dialog
[2026-08-26T01:49:30] [POPUP] đã đóng npc_dialog
[2026-08-26T01:49:35] [POPUP] đã đóng npc_dialog
[2026-08-26T01:49:39] [POPUP] đã đóng npc_dialog
[2026-08-26T01:49:46] [POPUP] đã đóng npc_dialog
[2026-08-26T01:49:50] [POPUP] đã đóng npc_dialog
[2026-08-26T01:49:55] [POPUP] đã đóng npc_dialog
[2026-08-26T01:50:00] [POPUP] đã đóng npc_dialog
[2026-08-26T01:50:04] [POPUP] đã đóng npc_dialog
[2026-08-26T01:50:09] [POPUP] đã đóng npc_dialog
[2026-08-26T01:50:13] [POPUP] đã đóng npc_dialog
[2026-08-26T01:50:17] [POPUP] đã đóng npc_dialog
[2026-08-26T01:50:21] [POPUP] đã đóng npc_dialog
[2026-08-26T01:50:25] [POPUP] đã đóng npc_dialog
[2026-08-26T01:50:29] [POPUP] đã đóng npc_dialog
[2026-08-26T01:50:35] [POPUP] đã đóng npc_dialog
[2026-08-26T01:50:39] [POPUP] đã đóng npc_dialog
[2026-08-26T01:50:46] [POPUP] đã đóng npc_dialog
[2026-08-26T01:50:50] [POPUP] đã đóng npc_dialog
[2026-08-26T01:50:55] [POPUP] đã đóng npc_dialog
[2026-08-26T01:51:01] [POPUP] đã đóng npc_dialog
[2026-08-26T01:51:05] [POPUP] đã đóng npc_dialog
[2026-08-26T01:51:10] [POPUP] đã đóng npc_dialog
[2026-08-26T01:51:14] [POPUP] đã đóng npc_dialog
[2026-08-26T01:51:18] [POPUP] đã đóng npc_dialog
[2026-08-26T01:51:22] [POPUP] đã đóng npc_dialog
[2026-08-26T01:51:26] [POPUP] đã đóng npc_dialog
[2026-08-26T01:51:30] [POPUP] đã đóng npc_dialog
[2026-08-26T01:51:35] [POPUP] đã đóng npc_dialog
[2026-08-26T01:51:39] [POPUP] đã đóng npc_dialog
[2026-08-26T01:51:45] [POPUP] đã đóng npc_dialog
[2026-08-26T01:51:49] [POPUP] đã đóng npc_dialog
[2026-08-26T01:51:53] [POPUP] đã đóng npc_dialog
[2026-08-26T01:51:59] [POPUP] đã đóng npc_dialog
[2026-08-26T01:52:03] [POPUP] đã đóng npc_dialog
[2026-08-26T01:52:07] [POPUP] đã đóng npc_dialog
[2026-08-26T01:52:11] [POPUP] đã đóng npc_dialog
[2026-08-26T01:52:15] [POPUP] đã đóng npc_dialog
[2026-08-26T01:52:19] [POPUP] đã đóng npc_dialog
[2026-08-26T01:52:23] [POPUP] đã đóng npc_dialog
[2026-08-26T01:52:27] [POPUP] đã đóng npc_dialog
[2026-08-26T01:52:32] [POPUP] đã đóng npc_dialog
[2026-08-26T01:52:35] [POPUP] đã đóng npc_dialog
[2026-08-26T01:52:42] [POPUP] đã đóng npc_dialog
[2026-08-26T01:52:46] [POPUP] đã đóng npc_dialog
[2026-08-26T01:52:51] [POPUP] đã đóng npc_dialog
[2026-08-26T01:52:57] [POPUP] đã đóng npc_dialog
[2026-08-26T01:53:01] [POPUP] đã đóng npc_dialog
[2026-08-26T01:53:05] [POPUP] đã đóng npc_dialog
[2026-08-26T01:53:10] [POPUP] đã đóng npc_dialog
[2026-08-26T01:53:14] [POPUP] đã đóng npc_dialog
[2026-08-26T01:53:18] [POPUP] đã đóng npc_dialog
[2026-08-26T01:53:22] [POPUP] đã đóng npc_dialog
[2026-08-26T01:53:25] [POPUP] đã đóng npc_dialog
[2026-08-26T01:53:29] [POPUP] đã đóng npc_dialog
[2026-08-26T01:53:34] [POPUP] đã đóng npc_dialog
[2026-08-26T01:53:38] [POPUP] đã đóng npc_dialog
[2026-08-26T01:53:45] [POPUP] đã đóng npc_dialog
[2026-08-26T01:53:49] [POPUP] đã đóng npc_dialog
[2026-08-26T01:53:54] [POPUP] đã đóng npc_dialog
[2026-08-26T01:53:59] [POPUP] đã đóng npc_dialog
[2026-08-26T01:54:04] [POPUP] đã đóng npc_dialog
[2026-08-26T01:54:08] [POPUP] đã đóng npc_dialog
[2026-08-26T01:54:12] [POPUP] đã đóng npc_dialog
[2026-08-26T01:54:17] [POPUP] đã đóng npc_dialog
[2026-08-26T01:54:20] [POPUP] đã đóng npc_dialog
[2026-08-26T01:54:24] [POPUP] đã đóng npc_dialog
[2026-08-26T01:54:28] [POPUP] đã đóng npc_dialog
[2026-08-26T01:54:33] [POPUP] đã đóng npc_dialog
[2026-08-26T01:54:37] [POPUP] đã đóng npc_dialog
[2026-08-26T01:54:44] [POPUP] đã đóng npc_dialog
[2026-08-26T01:54:48] [POPUP] đã đóng npc_dialog
[2026-08-26T01:54:53] [POPUP] đã đóng npc_dialog
[2026-08-26T01:54:59] [POPUP] đã đóng npc_dialog
[2026-08-26T01:55:03] [POPUP] đã đóng npc_dialog
[2026-08-26T01:55:08] [POPUP] đã đóng npc_dialog
[2026-08-26T01:55:12] [POPUP] đã đóng npc_dialog
[2026-08-26T01:55:16] [POPUP] đã đóng npc_dialog
[2026-08-26T01:55:20] [POPUP] đã đóng npc_dialog
[2026-08-26T01:55:24] [POPUP] đã đóng npc_dialog
[2026-08-26T01:55:27] [POPUP] đã đóng npc_dialog
[2026-08-26T01:55:32] [POPUP] đã đóng npc_dialog
[2026-08-26T01:55:36] [POPUP] đã đóng npc_dialog
[2026-08-26T01:55:43] [POPUP] đã đóng npc_dialog
[2026-08-26T01:55:47] [POPUP] đã đóng npc_dialog
[2026-08-26T01:55:51] [POPUP] đã đóng npc_dialog
[2026-08-26T01:55:56] [POPUP] đã đóng npc_dialog
[2026-08-26T01:56:01] [POPUP] đã đóng npc_dialog
[2026-08-26T01:56:05] [POPUP] đã đóng npc_dialog
[2026-08-26T01:56:09] [POPUP] đã đóng npc_dialog
[2026-08-26T01:56:13] [POPUP] đã đóng npc_dialog
[2026-08-26T01:56:17] [POPUP] đã đóng npc_dialog
[2026-08-26T01:56:20] [POPUP] đã đóng npc_dialog
[2026-08-26T01:56:24] [POPUP] đã đóng npc_dialog
[2026-08-26T01:56:29] [POPUP] đã đóng npc_dialog
[2026-08-26T01:56:33] [POPUP] đã đóng npc_dialog
[2026-08-26T01:56:40] [POPUP] đã đóng npc_dialog
[2026-08-26T01:56:43] [POPUP] đã đóng npc_dialog
[2026-08-26T01:56:48] [POPUP] đã đóng npc_dialog
[2026-08-26T01:56:53] [POPUP] đã đóng npc_dialog
[2026-08-26T01:56:58] [POPUP] đã đóng npc_dialog
[2026-08-26T01:57:02] [POPUP] đã đóng npc_dialog
[2026-08-26T01:57:06] [POPUP] đã đóng npc_dialog
[2026-08-26T01:57:10] [POPUP] đã đóng npc_dialog
[2026-08-26T01:57:14] [POPUP] đã đóng npc_dialog
[2026-08-26T01:57:18] [POPUP] đã đóng npc_dialog
[2026-08-26T01:57:22] [POPUP] đã đóng npc_dialog
[2026-08-26T01:57:27] [POPUP] đã đóng npc_dialog
[2026-08-26T01:57:31] [POPUP] đã đóng npc_dialog
[2026-08-26T01:57:37] Daily TSk: client chưa mở, đang đăng nhập trước bước mở lại sau Thần Tu...
[2026-08-26T01:57:38] [AUTO_START] WAIT_WINDOW attempt=1 pass=0 pid=13056 Flash launched at original size
[2026-08-26T01:57:38] [POPUP] đã đóng npc_dialog
[2026-08-26T01:57:42] [POPUP] đã đóng npc_dialog
[2026-08-26T01:57:49] [POPUP] đã đóng npc_dialog
[2026-08-26T01:57:56] [POPUP] đã đóng npc_dialog
[2026-08-26T01:58:01] [POPUP] đã đóng npc_dialog
[2026-08-26T01:58:07] [POPUP] đã đóng npc_dialog
[2026-08-26T01:58:12] [POPUP] đã đóng npc_dialog
[2026-08-26T01:58:17] [POPUP] đã đóng npc_dialog
[2026-08-26T01:58:18] [AUTO_START] START_CLICKED attempt=1 pass=0 pid=13056 Bắt đầu
[2026-08-26T01:58:22] [POPUP] đã đóng npc_dialog
[2026-08-26T01:58:26] [POPUP] đã đóng npc_dialog
[2026-08-26T01:58:31] [POPUP] đã đóng npc_dialog
[2026-08-26T01:58:31] [AUTO_START] CHANNEL_SELECTED attempt=1 pass=0 pid=13056 channel=(449, 308) choices=1
[2026-08-26T01:58:35] [POPUP] đã đóng npc_dialog
[2026-08-26T01:58:41] [POPUP] đã đóng npc_dialog
[2026-08-26T01:58:46] [POPUP] đã đóng npc_dialog
[2026-08-26T01:58:54] [POPUP] đã đóng npc_dialog
[2026-08-26T01:58:58] [AUTO_START] ENTER_GAME_CLICKED attempt=1 pass=0 pid=13056 character_slot=1 slot_verified=True
[2026-08-26T01:58:58] [POPUP] đã đóng npc_dialog
[2026-08-26T01:59:04] [POPUP] đã đóng npc_dialog
[2026-08-26T01:59:11] [POPUP] đã đóng npc_dialog
[2026-08-26T01:59:16] [POPUP] đã đóng npc_dialog
[2026-08-26T01:59:20] [POPUP] đã đóng npc_dialog
[2026-08-26T01:59:25] [POPUP] đã đóng npc_dialog
[2026-08-26T01:59:30] [POPUP] đã đóng npc_dialog
[2026-08-26T01:59:33] [AUTO_START] MAP_READY_OPEN attempt=1 pass=0 pid=13056 Player=0xedc70a0 Core=0x134f60d0 world=(2216,416)
[2026-08-26T01:59:36] [POPUP] đã đóng npc_dialog
[2026-08-26T01:59:40] [POPUP] đã đóng npc_dialog
[2026-08-26T01:59:43] [POPUP] đã đóng cache_notice
[2026-08-26T01:59:47] [POPUP] đã đóng npc_dialog
[2026-08-26T01:59:48] [DUNGEON] Auto PB toolbar scan arrow=NutXuong.png score=0.990 box=(313, 28, 21, 23)
[2026-08-26T01:59:49] [DUNGEON] Auto PB panel visible after guarded toolbar click
[2026-08-26T01:59:52] [POPUP] đã đóng npc_dialog
[2026-08-26T01:59:57] [DUNGEON] Claim Mê Huyễn Động: button score=0.940 box=(202, 177, 60, 19) evidence=C:\Users\Administrator\Desktop\New folder\fbh_v2_ttt_fixed-20260709T181609Z-2-001\fbh_multi_account_infinite_auto\dev_supervisor_target_a_v2_20260814\logs\auto_pb_claim_13056_Mê Huyễn Động_1787684397.png
[2026-08-26T01:59:57] [POPUP] đã đóng npc_dialog
[2026-08-26T01:59:58] [DUNGEON] Claim Mê Huyễn Động: readback start PASS
[2026-08-26T02:00:04] [POPUP] đã đóng npc_dialog
[2026-08-26T02:00:09] [POPUP] đã đóng npc_dialog
[2026-08-26T02:00:15] [POPUP] đã đóng panel/popup lạ có X tại (798, 78)
[2026-08-26T02:00:16] [POPUP] đã đóng npc_dialog
[2026-08-26T02:00:23] [POPUP] đã đóng npc_dialog
[2026-08-26T02:00:28] [POPUP] đã đóng npc_dialog
[2026-08-26T02:00:28] [DUNGEON] Auto PB toolbar scan arrow=NutXuong.png score=0.990 box=(313, 28, 21, 23)
[2026-08-26T02:00:31] [DUNGEON] Auto PB panel visible after guarded toolbar click
[2026-08-26T02:00:32] [POPUP] đã đóng npc_dialog
[2026-08-26T02:00:34] [DUNGEON] Claim Kho Báu Đại Mạc: button score=1.000 box=(428, 177, 60, 19) evidence=C:\Users\Administrator\Desktop\New folder\fbh_v2_ttt_fixed-20260709T181609Z-2-001\fbh_multi_account_infinite_auto\dev_supervisor_target_a_v2_20260814\logs\auto_pb_claim_13056_Kho Báu Đại Mạc_1787684434.png
[2026-08-26T02:00:37] [DUNGEON] Claim Kho Báu Đại Mạc: readback start PASS
[2026-08-26T02:00:37] [POPUP] đã đóng npc_dialog
[2026-08-26T02:00:42] [POPUP] đã đóng npc_dialog
[2026-08-26T02:00:47] [POPUP] đã đóng npc_dialog
[2026-08-26T02:00:49] [POPUP] đã đóng panel/popup lạ có X tại (798, 78)
[2026-08-26T02:00:52] [POPUP] đã đóng npc_dialog
[2026-08-26T02:00:58] [POPUP] đã đóng npc_dialog
[2026-08-26T02:01:01] [POPUP] đã đóng npc_dialog
[2026-08-26T02:01:02] [DUNGEON] Auto PB toolbar scan arrow=NutXuong.png score=0.990 box=(313, 28, 21, 23)
[2026-08-26T02:01:05] [DUNGEON] Auto PB panel visible after guarded toolbar click
[2026-08-26T02:01:05] [POPUP] đã đóng npc_dialog
[2026-08-26T02:01:09] [POPUP] đã đóng npc_dialog
[2026-08-26T02:01:10] Daily PHỤ BẢN checkpoint 25 phút (mốc 1): Lục Tiên Cảnh: không mở được card/page
[2026-08-26T02:01:10] Daily TSk: bỏ qua TU HÀNH (lỗi): checkpoint 25 phút (mốc 1): Lục Tiên Cảnh: không mở được card/page — evidence: C:\Users\Administrator\Desktop\New folder\fbh_v2_ttt_fixed-20260709T181609Z-2-001\fbh_multi_account_infinite_auto\dev_supervisor_target_a_v2_20260814\logs\daily_errors\acc_3\20260826_020110_TU_HÀNH.png
[2026-08-26T02:01:10] Daily hoàn tất đúng plan snapshot: VIP, NHẬN THỜI TRANG, MẬT BẢO, ĐIÊU KHẮC, LẬT THẺ BÀI, PHỤ BẢN, HÀNH LANG, THẦN TU, TU HÀNH
[2026-08-26T02:01:12] Daily PHỤ BẢN checkpoint 25 phút (mốc 1): Thế Giới Số: quest dataProvider returned null
[2026-08-26T02:01:13] Daily luvy: bỏ qua TU HÀNH (lỗi): checkpoint 25 phút (mốc 1): Thế Giới Số: quest dataProvider returned null — evidence: C:\Users\Administrator\Desktop\New folder\fbh_v2_ttt_fixed-20260709T181609Z-2-001\fbh_multi_account_infinite_auto\dev_supervisor_target_a_v2_20260814\logs\daily_errors\acc_5\20260826_020112_TU_HÀNH.png
[2026-08-26T02:01:13] Daily hoàn tất đúng plan snapshot: VIP, NHẬN THỜI TRANG, MẬT BẢO, ĐIÊU KHẮC, LẬT THẺ BÀI, PHỤ BẢN, HÀNH LANG, THẦN TU, TU HÀNH
[2026-08-26T02:01:13] [POPUP] đã đóng npc_dialog
[2026-08-26T02:01:17] [POPUP] đã đóng npc_dialog
[2026-08-26T02:01:21] [POPUP] đã đóng npc_dialog
[2026-08-26T02:01:24] [POPUP] đã đóng npc_dialog
[2026-08-26T02:01:28] [POPUP] đã đóng npc_dialog
[2026-08-26T02:01:32] [POPUP] đã đóng npc_dialog
[2026-08-26T02:01:36] [POPUP] đã đóng npc_dialog
[2026-08-26T02:01:39] [POPUP] đã đóng npc_dialog
[2026-08-26T02:01:43] [POPUP] đã đóng npc_dialog
[2026-08-26T02:01:46] [POPUP] đã đóng npc_dialog
[2026-08-26T02:01:50] [POPUP] đã đóng npc_dialog
[2026-08-26T02:01:54] [POPUP] đã đóng npc_dialog
[2026-08-26T02:01:58] [POPUP] đã đóng npc_dialog
[2026-08-26T02:02:01] [POPUP] đã đóng npc_dialog
[2026-08-26T02:02:05] [POPUP] đã đóng npc_dialog
[2026-08-26T02:02:09] [POPUP] đã đóng npc_dialog
[2026-08-26T02:02:13] [POPUP] đã đóng npc_dialog
[2026-08-26T02:02:17] [POPUP] đã đóng npc_dialog
[2026-08-26T02:02:20] [POPUP] đã đóng npc_dialog
[2026-08-26T02:02:24] [POPUP] đã đóng npc_dialog
[2026-08-26T02:02:28] [POPUP] đã đóng npc_dialog
[2026-08-26T02:02:32] [POPUP] đã đóng npc_dialog
[2026-08-26T02:02:35] [POPUP] đã đóng npc_dialog
[2026-08-26T02:02:39] [POPUP] đã đóng npc_dialog
[2026-08-26T02:02:43] [POPUP] đã đóng npc_dialog
[2026-08-26T02:02:46] [POPUP] đã đóng npc_dialog
[2026-08-26T02:02:50] [POPUP] đã đóng npc_dialog
[2026-08-26T02:02:54] [POPUP] đã đóng npc_dialog
[2026-08-26T02:02:58] [POPUP] đã đóng npc_dialog
[2026-08-26T02:03:02] [POPUP] đã đóng npc_dialog
[2026-08-26T02:03:06] [POPUP] đã đóng npc_dialog
[2026-08-26T02:03:10] [POPUP] đã đóng npc_dialog
[2026-08-26T02:03:14] [POPUP] đã đóng npc_dialog
[2026-08-26T02:03:17] [POPUP] đã đóng npc_dialog
[2026-08-26T02:03:21] [POPUP] đã đóng npc_dialog
[2026-08-26T02:03:25] [POPUP] đã đóng npc_dialog
[2026-08-26T02:03:29] [POPUP] đã đóng npc_dialog
[2026-08-26T02:03:33] [POPUP] đã đóng npc_dialog
[2026-08-26T02:03:37] [POPUP] đã đóng npc_dialog
[2026-08-26T02:03:41] [POPUP] đã đóng npc_dialog
[2026-08-26T02:03:45] [POPUP] đã đóng npc_dialog
[2026-08-26T02:03:49] [POPUP] đã đóng npc_dialog
[2026-08-26T02:03:53] [POPUP] đã đóng npc_dialog
[2026-08-26T02:03:57] [POPUP] đã đóng npc_dialog
[2026-08-26T02:04:01] [POPUP] đã đóng npc_dialog
[2026-08-26T02:04:05] [POPUP] đã đóng npc_dialog
[2026-08-26T02:04:09] [POPUP] đã đóng npc_dialog
[2026-08-26T02:04:12] [POPUP] đã đóng npc_dialog
[2026-08-26T02:04:16] [POPUP] đã đóng npc_dialog
[2026-08-26T02:04:20] [POPUP] đã đóng npc_dialog
[2026-08-26T02:04:24] [POPUP] đã đóng npc_dialog
[2026-08-26T02:04:27] [POPUP] đã đóng npc_dialog
[2026-08-26T02:04:31] [POPUP] đã đóng npc_dialog
[2026-08-26T02:04:35] [POPUP] đã đóng npc_dialog
[2026-08-26T02:04:39] [POPUP] đã đóng npc_dialog
[2026-08-26T02:04:43] [POPUP] đã đóng npc_dialog
[2026-08-26T02:04:47] [POPUP] đã đóng npc_dialog
[2026-08-26T02:04:51] [POPUP] đã đóng npc_dialog
[2026-08-26T02:04:55] [POPUP] đã đóng npc_dialog
[2026-08-26T02:04:59] [POPUP] đã đóng npc_dialog
[2026-08-26T02:05:03] [POPUP] đã đóng npc_dialog
[2026-08-26T02:05:06] [POPUP] đã đóng npc_dialog
[2026-08-26T02:05:10] [POPUP] đã đóng npc_dialog
[2026-08-26T02:05:14] [POPUP] đã đóng npc_dialog
[2026-08-26T02:05:18] [POPUP] đã đóng npc_dialog
[2026-08-26T02:05:22] [POPUP] đã đóng npc_dialog
[2026-08-26T02:05:26] [POPUP] đã đóng npc_dialog
[2026-08-26T02:05:30] [POPUP] đã đóng npc_dialog
[2026-08-26T02:05:34] [POPUP] đã đóng npc_dialog
[2026-08-26T02:05:38] [POPUP] đã đóng npc_dialog
[2026-08-26T02:05:42] [POPUP] đã đóng npc_dialog
[2026-08-26T02:05:46] [POPUP] đã đóng npc_dialog
[2026-08-26T02:05:49] [POPUP] đã đóng npc_dialog
[2026-08-26T02:05:53] [POPUP] đã đóng npc_dialog
[2026-08-26T02:05:57] [POPUP] đã đóng npc_dialog
[2026-08-26T02:06:01] [POPUP] đã đóng npc_dialog
[2026-08-26T02:06:05] [POPUP] đã đóng npc_dialog
[2026-08-26T02:06:09] [POPUP] đã đóng npc_dialog
[2026-08-26T02:06:13] [POPUP] đã đóng npc_dialog
[2026-08-26T02:06:17] [POPUP] đã đóng npc_dialog
[2026-08-26T02:06:21] [POPUP] đã đóng npc_dialog
[2026-08-26T02:06:25] [POPUP] đã đóng npc_dialog
[2026-08-26T02:06:28] [POPUP] đã đóng npc_dialog
[2026-08-26T02:06:32] [POPUP] đã đóng npc_dialog
[2026-08-26T02:06:36] [POPUP] đã đóng npc_dialog
[2026-08-26T02:06:39] [POPUP] đã đóng npc_dialog
[2026-08-26T02:06:43] [POPUP] đã đóng npc_dialog
[2026-08-26T02:06:46] [POPUP] đã đóng npc_dialog
[2026-08-26T02:06:50] [POPUP] đã đóng npc_dialog
[2026-08-26T02:06:54] [POPUP] đã đóng npc_dialog
[2026-08-26T02:06:58] [POPUP] đã đóng npc_dialog
[2026-08-26T02:07:01] [POPUP] đã đóng npc_dialog
[2026-08-26T02:07:05] [POPUP] đã đóng npc_dialog
[2026-08-26T02:07:08] [POPUP] đã đóng npc_dialog
[2026-08-26T02:07:12] [POPUP] đã đóng npc_dialog
[2026-08-26T02:07:15] [POPUP] đã đóng npc_dialog
[2026-08-26T02:07:19] [POPUP] đã đóng npc_dialog
[2026-08-26T02:07:23] [POPUP] đã đóng npc_dialog
[2026-08-26T02:07:26] [POPUP] đã đóng npc_dialog
[2026-08-26T02:07:30] [POPUP] đã đóng npc_dialog
[2026-08-26T02:07:34] [POPUP] đã đóng npc_dialog
[2026-08-26T02:07:37] [POPUP] đã đóng npc_dialog
[2026-08-26T02:07:41] [POPUP] đã đóng npc_dialog
[2026-08-26T02:07:44] [POPUP] đã đóng npc_dialog
[2026-08-26T02:07:48] [POPUP] đã đóng npc_dialog
[2026-08-26T02:07:51] [POPUP] đã đóng npc_dialog
[2026-08-26T02:07:55] [POPUP] đã đóng npc_dialog
[2026-08-26T02:07:59] [POPUP] đã đóng npc_dialog
[2026-08-26T02:08:02] [POPUP] đã đóng npc_dialog
[2026-08-26T02:08:06] [POPUP] đã đóng npc_dialog
[2026-08-26T02:08:09] [POPUP] đã đóng npc_dialog
[2026-08-26T02:08:13] [POPUP] đã đóng npc_dialog
[2026-08-26T02:08:17] [POPUP] đã đóng npc_dialog
[2026-08-26T02:08:21] [POPUP] đã đóng npc_dialog
[2026-08-26T02:08:24] [POPUP] đã đóng npc_dialog
[2026-08-26T02:08:28] [POPUP] đã đóng npc_dialog
[2026-08-26T02:08:32] [POPUP] đã đóng npc_dialog
[2026-08-26T02:08:36] [POPUP] đã đóng npc_dialog
[2026-08-26T02:08:40] [POPUP] đã đóng npc_dialog
[2026-08-26T02:08:44] [POPUP] đã đóng npc_dialog
[2026-08-26T02:08:48] [POPUP] đã đóng npc_dialog
[2026-08-26T02:08:52] [POPUP] đã đóng npc_dialog
[2026-08-26T02:08:56] [POPUP] đã đóng npc_dialog
[2026-08-26T02:08:59] [POPUP] đã đóng npc_dialog
[2026-08-26T02:09:03] [POPUP] đã đóng npc_dialog
[2026-08-26T02:09:07] [POPUP] đã đóng npc_dialog
[2026-08-26T02:09:11] [POPUP] đã đóng npc_dialog
[2026-08-26T02:09:15] [POPUP] đã đóng npc_dialog
[2026-08-26T02:09:19] [POPUP] đã đóng npc_dialog
[2026-08-26T02:09:23] [POPUP] đã đóng npc_dialog
[2026-08-26T02:09:27] [POPUP] đã đóng npc_dialog
[2026-08-26T02:09:31] [POPUP] đã đóng npc_dialog
[2026-08-26T02:09:35] [POPUP] đã đóng npc_dialog
[2026-08-26T02:09:39] [POPUP] đã đóng npc_dialog
[2026-08-26T02:09:42] [POPUP] đã đóng npc_dialog
[2026-08-26T02:09:46] [POPUP] đã đóng npc_dialog
[2026-08-26T02:09:50] [POPUP] đã đóng npc_dialog
[2026-08-26T02:09:54] [POPUP] đã đóng npc_dialog
[2026-08-26T02:09:58] [POPUP] đã đóng npc_dialog
[2026-08-26T02:10:02] [POPUP] đã đóng npc_dialog
[2026-08-26T02:10:06] [POPUP] đã đóng npc_dialog
[2026-08-26T02:10:10] [POPUP] đã đóng npc_dialog
[2026-08-26T02:10:14] [POPUP] đã đóng npc_dialog
[2026-08-26T02:10:18] [POPUP] đã đóng npc_dialog
[2026-08-26T02:10:22] [POPUP] đã đóng npc_dialog
[2026-08-26T02:10:25] [POPUP] đã đóng npc_dialog
[2026-08-26T02:10:29] [POPUP] đã đóng npc_dialog
[2026-08-26T02:10:33] [POPUP] đã đóng npc_dialog
[2026-08-26T02:10:37] [POPUP] đã đóng npc_dialog
[2026-08-26T02:10:40] [POPUP] đã đóng npc_dialog
[2026-08-26T02:10:44] [POPUP] đã đóng npc_dialog
[2026-08-26T02:10:48] [POPUP] đã đóng npc_dialog
[2026-08-26T02:10:52] [POPUP] đã đóng npc_dialog
[2026-08-26T02:10:55] [POPUP] đã đóng npc_dialog
[2026-08-26T02:10:59] [POPUP] đã đóng npc_dialog
[2026-08-26T02:11:03] [POPUP] đã đóng npc_dialog
[2026-08-26T02:11:07] [POPUP] đã đóng npc_dialog
[2026-08-26T02:11:11] [POPUP] đã đóng npc_dialog
[2026-08-26T02:11:14] [POPUP] đã đóng npc_dialog
[2026-08-26T02:11:18] [POPUP] đã đóng npc_dialog
[2026-08-26T02:11:22] [POPUP] đã đóng npc_dialog
[2026-08-26T02:11:26] [POPUP] đã đóng npc_dialog
[2026-08-26T02:11:30] [POPUP] đã đóng npc_dialog
[2026-08-26T02:11:33] [POPUP] đã đóng npc_dialog
[2026-08-26T02:11:37] [POPUP] đã đóng npc_dialog
[2026-08-26T02:11:41] [POPUP] đã đóng npc_dialog
[2026-08-26T02:11:45] [POPUP] đã đóng npc_dialog
[2026-08-26T02:11:48] [POPUP] đã đóng npc_dialog
[2026-08-26T02:11:52] [POPUP] đã đóng npc_dialog
[2026-08-26T02:11:56] [POPUP] đã đóng npc_dialog
[2026-08-26T02:12:00] [POPUP] đã đóng npc_dialog
[2026-08-26T02:12:03] [POPUP] đã đóng npc_dialog
[2026-08-26T02:12:07] [POPUP] đã đóng npc_dialog
[2026-08-26T02:12:11] [POPUP] đã đóng npc_dialog
[2026-08-26T02:12:15] [POPUP] đã đóng npc_dialog
[2026-08-26T02:12:19] [POPUP] đã đóng npc_dialog
[2026-08-26T02:12:23] [POPUP] đã đóng npc_dialog
[2026-08-26T02:12:27] [POPUP] đã đóng npc_dialog
[2026-08-26T02:12:30] [POPUP] đã đóng npc_dialog
[2026-08-26T02:12:34] [POPUP] đã đóng npc_dialog
[2026-08-26T02:12:38] [POPUP] đã đóng npc_dialog
[2026-08-26T02:12:42] [POPUP] đã đóng npc_dialog
[2026-08-26T02:12:45] [POPUP] đã đóng npc_dialog
[2026-08-26T02:12:49] [POPUP] đã đóng npc_dialog
[2026-08-26T02:12:53] [POPUP] đã đóng npc_dialog
[2026-08-26T02:12:57] [POPUP] đã đóng npc_dialog
[2026-08-26T02:13:00] [POPUP] đã đóng npc_dialog
[2026-08-26T02:13:04] [POPUP] đã đóng npc_dialog
[2026-08-26T02:13:08] [POPUP] đã đóng npc_dialog
[2026-08-26T02:13:12] [POPUP] đã đóng npc_dialog
[2026-08-26T02:13:16] [POPUP] đã đóng npc_dialog
[2026-08-26T02:13:19] [POPUP] đã đóng npc_dialog
[2026-08-26T02:13:23] [POPUP] đã đóng npc_dialog
[2026-08-26T02:13:27] [POPUP] đã đóng npc_dialog
[2026-08-26T02:13:31] [POPUP] đã đóng npc_dialog
[2026-08-26T02:13:34] [POPUP] đã đóng npc_dialog
[2026-08-26T02:13:38] [POPUP] đã đóng npc_dialog
[2026-08-26T02:13:42] [POPUP] đã đóng npc_dialog
[2026-08-26T02:13:46] [POPUP] đã đóng npc_dialog
[2026-08-26T02:13:49] [POPUP] đã đóng npc_dialog
[2026-08-26T02:13:53] [POPUP] đã đóng npc_dialog
[2026-08-26T02:13:57] [POPUP] đã đóng npc_dialog
[2026-08-26T02:14:01] [POPUP] đã đóng npc_dialog
[2026-08-26T02:14:05] [POPUP] đã đóng npc_dialog
[2026-08-26T02:14:08] [POPUP] đã đóng npc_dialog
[2026-08-26T02:14:12] [POPUP] đã đóng npc_dialog
[2026-08-26T02:14:15] [POPUP] đã đóng npc_dialog
[2026-08-26T02:14:19] [POPUP] đã đóng npc_dialog
[2026-08-26T02:14:23] [POPUP] đã đóng npc_dialog
[2026-08-26T02:14:27] [POPUP] đã đóng npc_dialog
[2026-08-26T02:14:30] [POPUP] đã đóng npc_dialog
[2026-08-26T02:14:34] [POPUP] đã đóng npc_dialog
[2026-08-26T02:14:38] [POPUP] đã đóng npc_dialog
[2026-08-26T02:14:42] [POPUP] đã đóng npc_dialog
[2026-08-26T02:14:45] [POPUP] đã đóng npc_dialog
[2026-08-26T02:14:49] [POPUP] đã đóng npc_dialog
[2026-08-26T02:14:53] [POPUP] đã đóng npc_dialog
[2026-08-26T02:14:57] [POPUP] đã đóng npc_dialog
[2026-08-26T02:15:00] [POPUP] đã đóng npc_dialog
[2026-08-26T02:15:04] [POPUP] đã đóng npc_dialog
[2026-08-26T02:15:08] [POPUP] đã đóng npc_dialog
[2026-08-26T02:15:12] [POPUP] đã đóng npc_dialog
[2026-08-26T02:15:15] [POPUP] đã đóng npc_dialog
[2026-08-26T02:15:19] [POPUP] đã đóng npc_dialog
[2026-08-26T02:15:23] [POPUP] đã đóng npc_dialog
[2026-08-26T02:15:27] [POPUP] đã đóng npc_dialog
[2026-08-26T02:15:31] [POPUP] đã đóng npc_dialog
[2026-08-26T02:15:34] [POPUP] đã đóng npc_dialog
[2026-08-26T02:15:38] [POPUP] đã đóng npc_dialog
[2026-08-26T02:15:42] [POPUP] đã đóng npc_dialog
[2026-08-26T02:15:46] [POPUP] đã đóng npc_dialog
[2026-08-26T02:15:49] [POPUP] đã đóng npc_dialog
[2026-08-26T02:15:53] [POPUP] đã đóng npc_dialog
[2026-08-26T02:15:57] [POPUP] đã đóng npc_dialog
[2026-08-26T02:16:01] [POPUP] đã đóng npc_dialog
[2026-08-26T02:16:04] [POPUP] đã đóng npc_dialog
[2026-08-26T02:16:08] [POPUP] đã đóng npc_dialog
[2026-08-26T02:16:12] [POPUP] đã đóng npc_dialog
[2026-08-26T02:16:16] [POPUP] đã đóng npc_dialog
[2026-08-26T02:16:19] [POPUP] đã đóng npc_dialog
[2026-08-26T02:16:23] [POPUP] đã đóng npc_dialog
[2026-08-26T02:16:27] [POPUP] đã đóng npc_dialog
[2026-08-26T02:16:31] [POPUP] đã đóng npc_dialog
[2026-08-26T02:16:35] [POPUP] đã đóng npc_dialog
[2026-08-26T02:16:38] [POPUP] đã đóng npc_dialog
[2026-08-26T02:16:42] [POPUP] đã đóng npc_dialog
[2026-08-26T02:16:46] [POPUP] đã đóng npc_dialog
[2026-08-26T02:16:50] [POPUP] đã đóng npc_dialog
[2026-08-26T02:16:54] [POPUP] đã đóng npc_dialog
[2026-08-26T02:16:57] [POPUP] đã đóng npc_dialog
[2026-08-26T02:17:01] [POPUP] đã đóng npc_dialog
[2026-08-26T02:17:05] [POPUP] đã đóng npc_dialog
[2026-08-26T02:17:09] [POPUP] đã đóng npc_dialog
[2026-08-26T02:17:12] [POPUP] đã đóng npc_dialog
[2026-08-26T02:17:16] [POPUP] đã đóng npc_dialog
[2026-08-26T02:17:20] [POPUP] đã đóng npc_dialog
[2026-08-26T02:17:24] [POPUP] đã đóng npc_dialog
[2026-08-26T02:17:27] [POPUP] đã đóng npc_dialog
[2026-08-26T02:17:31] [POPUP] đã đóng npc_dialog
[2026-08-26T02:17:35] [POPUP] đã đóng npc_dialog
[2026-08-26T02:17:39] [POPUP] đã đóng npc_dialog
[2026-08-26T02:17:43] [POPUP] đã đóng npc_dialog
[2026-08-26T02:17:47] [POPUP] đã đóng npc_dialog
[2026-08-26T02:17:51] [POPUP] đã đóng npc_dialog
[2026-08-26T02:17:54] [POPUP] đã đóng npc_dialog
[2026-08-26T02:17:58] [POPUP] đã đóng npc_dialog
[2026-08-26T02:18:02] [POPUP] đã đóng npc_dialog
[2026-08-26T02:18:06] [POPUP] đã đóng npc_dialog
[2026-08-26T02:18:10] [POPUP] đã đóng npc_dialog
[2026-08-26T02:18:14] [POPUP] đã đóng npc_dialog
[2026-08-26T02:18:18] [POPUP] đã đóng npc_dialog
[2026-08-26T02:18:22] [POPUP] đã đóng npc_dialog
[2026-08-26T02:18:26] [POPUP] đã đóng npc_dialog
[2026-08-26T02:18:30] [POPUP] đã đóng npc_dialog
[2026-08-26T02:18:34] [POPUP] đã đóng npc_dialog
[2026-08-26T02:18:38] [POPUP] đã đóng npc_dialog
[2026-08-26T02:18:42] [POPUP] đã đóng npc_dialog
[2026-08-26T02:18:46] [POPUP] đã đóng npc_dialog
[2026-08-26T02:18:50] [POPUP] đã đóng npc_dialog
[2026-08-26T02:18:54] [POPUP] đã đóng npc_dialog
[2026-08-26T02:18:58] [POPUP] đã đóng npc_dialog
[2026-08-26T02:19:02] [POPUP] đã đóng npc_dialog
[2026-08-26T02:19:06] [POPUP] đã đóng npc_dialog
[2026-08-26T02:19:10] [POPUP] đã đóng npc_dialog
[2026-08-26T02:19:14] [POPUP] đã đóng npc_dialog
[2026-08-26T02:19:19] [POPUP] đã đóng npc_dialog
[2026-08-26T02:19:23] [POPUP] đã đóng npc_dialog
[2026-08-26T02:19:27] [POPUP] đã đóng npc_dialog
[2026-08-26T02:19:31] [POPUP] đã đóng npc_dialog
[2026-08-26T02:19:35] [POPUP] đã đóng npc_dialog
[2026-08-26T02:19:39] [POPUP] đã đóng npc_dialog
[2026-08-26T02:19:43] [POPUP] đã đóng npc_dialog
[2026-08-26T02:19:47] [POPUP] đã đóng npc_dialog
[2026-08-26T02:19:50] [POPUP] đã đóng npc_dialog
[2026-08-26T02:19:54] [POPUP] đã đóng npc_dialog
[2026-08-26T02:19:58] [POPUP] đã đóng npc_dialog
[2026-08-26T02:20:02] [POPUP] đã đóng npc_dialog
[2026-08-26T02:20:06] [POPUP] đã đóng npc_dialog
[2026-08-26T02:20:10] [POPUP] đã đóng npc_dialog
[2026-08-26T02:20:14] [POPUP] đã đóng npc_dialog
[2026-08-26T02:20:18] [POPUP] đã đóng npc_dialog
[2026-08-26T02:20:21] [POPUP] đã đóng npc_dialog
[2026-08-26T02:20:25] [POPUP] đã đóng npc_dialog
[2026-08-26T02:20:29] [POPUP] đã đóng npc_dialog
[2026-08-26T02:20:33] [POPUP] đã đóng npc_dialog
[2026-08-26T02:20:37] [POPUP] đã đóng npc_dialog
[2026-08-26T02:20:41] [POPUP] đã đóng npc_dialog
[2026-08-26T02:20:45] [POPUP] đã đóng npc_dialog
[2026-08-26T02:20:49] [POPUP] đã đóng npc_dialog
[2026-08-26T02:20:53] [POPUP] đã đóng npc_dialog
[2026-08-26T02:20:57] [POPUP] đã đóng npc_dialog
[2026-08-26T02:21:01] [POPUP] đã đóng npc_dialog
[2026-08-26T02:21:05] [POPUP] đã đóng npc_dialog
[2026-08-26T02:21:09] [POPUP] đã đóng npc_dialog
[2026-08-26T02:21:13] [POPUP] đã đóng npc_dialog
[2026-08-26T02:21:17] [POPUP] đã đóng npc_dialog
[2026-08-26T02:21:21] [POPUP] đã đóng npc_dialog
[2026-08-26T02:21:24] [POPUP] đã đóng npc_dialog
[2026-08-26T02:21:28] [POPUP] đã đóng npc_dialog
[2026-08-26T02:21:32] [POPUP] đã đóng npc_dialog
[2026-08-26T02:21:36] [POPUP] đã đóng npc_dialog
[2026-08-26T02:21:40] [POPUP] đã đóng npc_dialog
[2026-08-26T02:21:44] [POPUP] đã đóng npc_dialog
[2026-08-26T02:21:48] [POPUP] đã đóng npc_dialog
[2026-08-26T02:21:52] [POPUP] đã đóng npc_dialog
[2026-08-26T02:21:56] [POPUP] đã đóng npc_dialog
[2026-08-26T02:22:00] [POPUP] đã đóng npc_dialog
[2026-08-26T02:22:04] [POPUP] đã đóng npc_dialog
[2026-08-26T02:22:08] [POPUP] đã đóng npc_dialog
[2026-08-26T02:22:12] [POPUP] đã đóng npc_dialog
[2026-08-26T02:22:16] [POPUP] đã đóng npc_dialog
[2026-08-26T02:22:20] [POPUP] đã đóng npc_dialog
[2026-08-26T02:22:24] [POPUP] đã đóng npc_dialog
[2026-08-26T02:22:27] [POPUP] đã đóng npc_dialog
[2026-08-26T02:22:31] [POPUP] đã đóng npc_dialog
[2026-08-26T02:22:35] [POPUP] đã đóng npc_dialog
[2026-08-26T02:22:39] [POPUP] đã đóng npc_dialog
[2026-08-26T02:22:44] [POPUP] đã đóng npc_dialog
[2026-08-26T02:22:48] [POPUP] đã đóng npc_dialog
[2026-08-26T02:22:52] [POPUP] đã đóng npc_dialog
[2026-08-26T02:22:56] [POPUP] đã đóng npc_dialog
[2026-08-26T02:23:00] [POPUP] đã đóng npc_dialog
[2026-08-26T02:23:04] [POPUP] đã đóng npc_dialog
[2026-08-26T19:08:46] Đang đăng nhập 1 acc...
[2026-08-26T19:08:46] [AUTO_START] WAIT_WINDOW attempt=1 pass=0 pid=16920 Flash launched at original size
[2026-08-26T19:08:52] [AUTO_START] START_CLICKED attempt=1 pass=0 pid=16920 Bắt đầu
[2026-08-26T19:08:55] [AUTO_START] RETRY_START attempt=1 pass=0 pid=16920 chua thay chon kenh, bam lai Bat dau
[2026-08-26T19:08:57] [AUTO_START] START_CLICKED attempt=1 pass=0 pid=16920 Bắt đầu
[2026-08-26T19:09:02] [AUTO_START] RETRY_START attempt=1 pass=0 pid=16920 chua thay chon kenh, bam lai Bat dau
[2026-08-26T19:09:19] [AUTO_START] START_CLICKED attempt=1 pass=0 pid=16920 Bắt đầu
[2026-08-26T19:09:22] [AUTO_START] CHANNEL_SELECTED attempt=1 pass=0 pid=16920 channel=(449, 308) choices=1
[2026-08-26T19:09:26] [AUTO_START] ENTER_GAME_CLICKED attempt=1 pass=0 pid=16920 character_slot=1 slot_verified=True
[2026-08-26T19:09:31] [AUTO_START] MAP_READY_OPEN attempt=1 pass=0 pid=16920 Player=0x1b29c0a0 Core=0xa57e0d0 world=(2216,416)
[2026-08-26T19:11:06] Bắt đầu auto boss (full, key acc_3) — acc_1, acc_2, acc_3, acc_5, acc_6 tại Liêu Vân Tộc, 4 loại boss
[2026-08-26T19:11:06] [AUTO_TRAIN] LOGIN: dang nhap song song 5 acc
[2026-08-26T19:11:06] [AUTO_START] WAIT_WINDOW attempt=1 pass=0 pid=2564 Flash launched at original size
[2026-08-26T19:11:09] Đã dừng auto boss
[2026-08-26T19:11:09] Đã dừng đánh thử.
[2026-08-26T19:11:10] [AUTO_TRAIN] RESTARTING: login that bai; dong va bat lai (lan 1)
[2026-08-26T19:11:11] [AUTO_START] START_CLICKED attempt=1 pass=0 pid=2564 Bắt đầu
[2026-08-26T19:11:11] [AUTO_START] FAILED_CLOSED attempt=1 pass=0 pid=2564 Flash window closed before map
[2026-08-26T19:11:19] [AUTO_TRAIN] CYCLE: vong 1
[2026-08-26T19:11:19] Bắt đầu auto boss (full, key acc_3) — acc_1, acc_2, acc_3, acc_5, acc_6 tại Liêu Vân Tộc, 3 loại boss
[2026-08-26T19:11:19] [AUTO_TRAIN] LOGIN: dang nhap song song 5 acc
[2026-08-26T19:11:19] [AUTO_START] WAIT_WINDOW attempt=1 pass=0 pid=2852 Flash launched at original size
[2026-08-26T19:11:23] [AUTO_START] START_CLICKED attempt=1 pass=0 pid=2852 Bắt đầu
[2026-08-26T19:11:23] [AUTO_START] WAIT_WINDOW attempt=1 pass=0 pid=15428 Flash launched at original size
[2026-08-26T19:11:27] [AUTO_START] WAIT_WINDOW attempt=1 pass=0 pid=7468 Flash launched at original size
[2026-08-26T19:11:29] [AUTO_START] RETRY_START attempt=1 pass=0 pid=2852 chua thay chon kenh, bam lai Bat dau
[2026-08-26T19:11:29] [AUTO_START] START_CLICKED attempt=1 pass=0 pid=15428 Bắt đầu
[2026-08-26T19:11:31] [AUTO_START] START_CLICKED attempt=1 pass=0 pid=7468 Bắt đầu
[2026-08-26T19:11:31] [AUTO_START] WAIT_WINDOW attempt=1 pass=0 pid=16428 Flash launched at original size
[2026-08-26T19:11:34] [AUTO_START] START_CLICKED attempt=1 pass=0 pid=2852 Bắt đầu
[2026-08-26T19:11:35] [AUTO_START] START_CLICKED attempt=1 pass=0 pid=16428 Bắt đầu
[2026-08-26T19:11:35] [AUTO_START] WAIT_WINDOW attempt=1 pass=0 pid=17260 Flash launched at original size
[2026-08-26T19:11:39] [AUTO_START] RETRY_START attempt=1 pass=0 pid=15428 chua thay chon kenh, bam lai Bat dau
[2026-08-26T19:11:39] [AUTO_START] RETRY_START attempt=1 pass=0 pid=2852 chua thay chon kenh, bam lai Bat dau
[2026-08-26T19:11:40] [AUTO_START] RETRY_START attempt=1 pass=0 pid=7468 chua thay chon kenh, bam lai Bat dau
[2026-08-26T19:11:40] [AUTO_START] START_CLICKED attempt=1 pass=0 pid=17260 Bắt đầu
[2026-08-26T19:11:44] [AUTO_START] START_CLICKED attempt=1 pass=0 pid=15428 Bắt đầu
[2026-08-26T19:11:44] [AUTO_START] START_CLICKED attempt=1 pass=0 pid=2852 Bắt đầu
[2026-08-26T19:11:45] [AUTO_START] RETRY_START attempt=1 pass=0 pid=17260 chua thay chon kenh, bam lai Bat dau
[2026-08-26T19:11:45] [AUTO_START] RETRY_START attempt=1 pass=0 pid=16428 chua thay chon kenh, bam lai Bat dau
[2026-08-26T19:11:45] [AUTO_START] START_CLICKED attempt=1 pass=0 pid=7468 Bắt đầu
[2026-08-26T19:11:50] [AUTO_START] RETRY_START attempt=1 pass=0 pid=15428 chua thay chon kenh, bam lai Bat dau
[2026-08-26T19:11:51] [AUTO_START] RETRY_START attempt=1 pass=0 pid=7468 chua thay chon kenh, bam lai Bat dau
[2026-08-26T19:11:51] [AUTO_START] RETRY_START attempt=1 pass=0 pid=2852 chua thay chon kenh, bam lai Bat dau
[2026-08-26T19:11:56] [AUTO_START] START_CLICKED attempt=1 pass=0 pid=15428 Bắt đầu
[2026-08-26T19:11:56] [AUTO_START] START_CLICKED attempt=1 pass=0 pid=7468 Bắt đầu
[2026-08-26T19:11:57] [AUTO_START] START_CLICKED attempt=1 pass=0 pid=2852 Bắt đầu
[2026-08-26T19:12:02] [AUTO_START] CHANNEL_SELECTED attempt=1 pass=0 pid=7468 channel=(449, 308) choices=1
[2026-08-26T19:12:02] [AUTO_START] CHANNEL_SELECTED attempt=1 pass=0 pid=15428 channel=(449, 308) choices=1
[2026-08-26T19:12:02] [AUTO_START] START_CLICKED attempt=1 pass=0 pid=16428 Bắt đầu
[2026-08-26T19:12:03] [AUTO_START] CHANNEL_SELECTED attempt=1 pass=0 pid=2852 channel=(449, 308) choices=1
[2026-08-26T19:12:06] [AUTO_START] START_CLICKED attempt=1 pass=0 pid=17260 Bắt đầu
[2026-08-26T19:12:08] [AUTO_START] CHANNEL_SELECTED attempt=1 pass=0 pid=16428 channel=(449, 308) choices=1
[2026-08-26T19:12:09] [AUTO_START] ENTER_GAME_CLICKED attempt=1 pass=0 pid=7468 character_slot=1 slot_verified=True
[2026-08-26T19:12:10] [AUTO_START] ENTER_GAME_CLICKED attempt=1 pass=0 pid=15428 character_slot=1 slot_verified=True
[2026-08-26T19:12:10] [AUTO_START] ENTER_GAME_CLICKED attempt=1 pass=0 pid=2852 character_slot=1 slot_verified=True
[2026-08-26T19:12:10] [AUTO_START] CHANNEL_SELECTED attempt=1 pass=0 pid=17260 channel=(449, 308) choices=1
[2026-08-26T19:12:16] [AUTO_START] ENTER_GAME_CLICKED attempt=1 pass=0 pid=16428 character_slot=1 slot_verified=True
[2026-08-26T19:12:18] [AUTO_START] MAP_READY_OPEN attempt=1 pass=0 pid=7468 Player=0x1db9b0a0 Core=0x118940d0 world=(1377,1223)
[2026-08-26T19:12:18] [AUTO_START] ENTER_GAME_CLICKED attempt=1 pass=0 pid=17260 character_slot=1 slot_verified=True
[2026-08-26T19:12:22] [AUTO_START] MAP_READY_OPEN attempt=1 pass=0 pid=15428 Player=0x1dc7b0a0 Core=0x1837d0d0 world=(2211,418)
[2026-08-26T19:12:26] [AUTO_START] MAP_READY_OPEN attempt=1 pass=0 pid=2852 Player=0xed1c0a0 Core=0x101c60d0 world=(2148,1274)
[2026-08-26T19:12:30] [AUTO_START] MAP_READY_OPEN attempt=1 pass=0 pid=16428 Player=0x124310a0 Core=0x15b110d0 world=(2157,412)
[2026-08-26T19:12:34] [AUTO_START] MAP_READY_OPEN attempt=1 pass=0 pid=17260 Player=0x1da990a0 Core=0x17eaa0d0 world=(1647,1166)
[2026-08-26T19:12:38] [POPUP] đã đóng cache_notice
[2026-08-26T19:12:38] [AUTO_TRAIN] CB đóng popup: cache_notice
[2026-08-26T19:12:42] [POPUP] đã đóng cache_notice
[2026-08-26T19:12:44] [AUTO_TRAIN] pepsi đóng popup: cache_notice
[2026-08-26T19:12:47] [POPUP] đã đóng cache_notice
[2026-08-26T19:12:47] [AUTO_TRAIN] TSk đóng popup: cache_notice
[2026-08-26T19:12:50] [POPUP] đã đóng cache_notice
[2026-08-26T19:12:51] [AUTO_TRAIN] luvy đóng popup: cache_notice
[2026-08-26T19:12:55] [POPUP] đã đóng cache_notice
[2026-08-26T19:12:56] [AUTO_TRAIN] dyhihi đóng popup: cache_notice
[2026-08-26T19:13:10] [AUTO_TRAIN] PARTY_FORMING: key TSk moi 4 member
[2026-08-26T19:13:31] [AUTO_TRAIN] member 2852 cid=3220 joined=False key_in_party=True (x3)
[2026-08-26T19:13:31] [AUTO_TRAIN] member 15428 cid=53 joined=True key_in_party=True (x1)
[2026-08-26T19:13:31] [AUTO_TRAIN] member 16428 cid=12 joined=True key_in_party=True (x1)
[2026-08-26T19:13:31] [AUTO_TRAIN] member 17260 cid=2746 joined=False key_in_party=True (x3)
[2026-08-26T19:13:31] [AUTO_TRAIN] PARTY_PARTIAL: 2/4 member vao nhom
[2026-08-26T19:13:33] [AUTO_TRAIN] TRAVEL: CB -> Liêu Vân Tộc
[2026-08-26T19:14:15] [AUTO_TRAIN] PARTY_FORMING: key TSk moi 4 member
[2026-08-26T19:14:15] [AUTO_TRAIN] member 15428 cid=53 already in party
[2026-08-26T19:14:15] [AUTO_TRAIN] member 16428 cid=12 already in party
[2026-08-26T19:14:15] [AUTO_TRAIN] member 17260 cid=2746 already in party
[2026-08-26T19:14:21] [AUTO_TRAIN] member 2852 cid=3220 joined=True key_in_party=True (x1)
[2026-08-26T19:14:21] [AUTO_TRAIN] member 15428 cid=53 joined=True key_in_party=True (x0)
[2026-08-26T19:14:21] [AUTO_TRAIN] member 16428 cid=12 joined=True key_in_party=True (x0)
[2026-08-26T19:14:21] [AUTO_TRAIN] member 17260 cid=2746 joined=True key_in_party=True (x0)
[2026-08-26T19:14:21] [AUTO_TRAIN] PARTY_DONE: 4/4 member vao nhom
[2026-08-26T19:14:24] [AUTO_BOSS_TEAM] kiem tra key TSk: auto=AUTO_ON
[2026-08-26T19:14:32] [AUTO_BOSS] Start selected-monster NPCView.clickNpc runner generation=1
[2026-08-26T19:14:32] [AUTO_TRAIN] HUNTING: Liêu Vân Tộc: 3 loai boss, 1 acc san
[2026-08-26T19:14:32] [AUTO_TRAIN] HUNTING: Liêu Vân Tộc: TSk 0 con [ATTACHING]
[2026-08-26T19:14:35] [AUTO_BOSS] selected Phát Tài id=10667 type=3060100000051 resource=2060100000051 base=0x2307f0a0 distance=327
[2026-08-26T19:14:35] [AUTO_BOSS] NPCView session fingerprint native=0xe57cb8 avm=0x15cd20a0 method_info=0xa3900e8 slot322_method_id=18293
[2026-08-26T19:14:35] [AUTO_BOSS] id=10667 distance=327 receiver=0xc0c2af0 method=18293 stage=1
[2026-08-26T19:14:36] [AUTO_TRAIN] HUNTING: Liêu Vân Tộc: TSk 0 con [GAME_CLICK_NPC]
[2026-08-26T19:14:37] [AUTO_BOSS] battle edge false->true id=10667
[2026-08-26T19:14:38] [AUTO_TRAIN] HUNTING: Liêu Vân Tộc: TSk 0 con [IN_BATTLE]
[2026-08-26T19:14:50] [AUTO_BOSS_TEAM] TSk ha 1 con tai Liêu Vân Tộc
[2026-08-26T19:14:50] [AUTO_TRAIN] HUNTING: Liêu Vân Tộc: TSk 1 con [IN_BATTLE]
[2026-08-26T19:14:51] [AUTO_BOSS] selected Phát Tài id=10518 type=3060100000051 resource=2060100000051 base=0x2f187330 distance=73
[2026-08-26T19:14:52] [AUTO_BOSS] id=10518 distance=73 receiver=0xd2ee0d0 method=18293 stage=2
[2026-08-26T19:14:54] [AUTO_BOSS] battle edge false->true id=10518
[2026-08-26T19:15:01] [AUTO_BOSS] battle edge true->false clear=2
[2026-08-26T19:15:03] [AUTO_BOSS] selected Phát Tài id=13341 type=3060100000051 resource=2060100000051 base=0x232acae0 distance=316
[2026-08-26T19:15:05] [AUTO_BOSS] id=13341 distance=316 receiver=0x1a682ca0 method=18293 stage=1
[2026-08-26T19:15:07] [AUTO_BOSS] battle edge false->true id=13341
[2026-08-26T19:15:17] [AUTO_BOSS] battle edge true->false clear=3
[2026-08-26T19:15:20] [AUTO_BOSS] selected Phát Tài id=16169 type=3060100000051 resource=2060100000051 base=0xfd97d70 distance=1032
[2026-08-26T19:15:21] [AUTO_BOSS] id=16169 distance=1032 receiver=0xb4c6e50 method=18293 stage=1
[2026-08-26T19:15:24] [AUTO_BOSS_TEAM] kiem tra key TSk: auto=AUTO_ON
[2026-08-26T19:15:24] [AUTO_TRAIN] HUNTING: Liêu Vân Tộc: TSk 1 con [GAME_CLOSE_TO]
[2026-08-26T19:15:25] [AUTO_BOSS] battle edge false->true id=16169
[2026-08-26T19:15:26] [AUTO_BOSS_TEAM] TSk ha 3 con tai Liêu Vân Tộc
[2026-08-26T19:15:26] [AUTO_TRAIN] HUNTING: Liêu Vân Tộc: TSk 3 con [IN_BATTLE]
[2026-08-26T19:15:35] [AUTO_BOSS] battle edge true->false clear=4
[2026-08-26T19:15:36] [AUTO_BOSS] selected Phát Tài id=10934 type=3060100000051 resource=2060100000051 base=0x2127fd70 distance=144
[2026-08-26T19:15:37] [AUTO_BOSS_TEAM] TSk ha 4 con tai Liêu Vân Tộc
[2026-08-26T19:15:37] [AUTO_TRAIN] HUNTING: Liêu Vân Tộc: TSk 4 con [IN_BATTLE]
[2026-08-26T19:15:37] [AUTO_BOSS] id=10934 distance=144 receiver=0xc0c2af0 method=18293 stage=2
[2026-08-26T19:15:38] [AUTO_TRAIN] HUNTING: Liêu Vân Tộc: TSk 4 con [GAME_CLICK_NPC]
[2026-08-26T19:15:39] [AUTO_BOSS] battle edge false->true id=10934
[2026-08-26T19:15:40] [AUTO_TRAIN] HUNTING: Liêu Vân Tộc: TSk 4 con [IN_BATTLE]
[2026-08-26T19:15:48] [AUTO_BOSS] battle edge true->false clear=5
[2026-08-26T19:15:51] [AUTO_BOSS] selected Phát Tài id=14291 type=3060100000051 resource=2060100000051 base=0x2127fae0 distance=287
[2026-08-26T19:15:52] [AUTO_BOSS] id=14291 distance=287 receiver=0xb4c6ca0 method=18293 stage=1
[2026-08-26T19:15:53] [AUTO_BOSS_TEAM] TSk ha 5 con tai Liêu Vân Tộc
[2026-08-26T19:15:53] [AUTO_TRAIN] HUNTING: Liêu Vân Tộc: TSk 5 con [GAME_CLICK_NPC]
[2026-08-26T19:15:53] [AUTO_BOSS] battle edge false->true id=14291
[2026-08-26T19:15:55] [AUTO_TRAIN] HUNTING: Liêu Vân Tộc: TSk 5 con [IN_BATTLE]
[2026-08-26T19:16:01] [AUTO_BOSS] battle edge true->false clear=6
[2026-08-26T19:16:02] [AUTO_BOSS_TEAM] TSk ha 6 con tai Liêu Vân Tộc
[2026-08-26T19:16:02] [AUTO_TRAIN] HUNTING: Liêu Vân Tộc: TSk 6 con [IN_BATTLE]
[2026-08-26T19:16:02] [AUTO_BOSS] selected Phát Tài id=11685 type=3060100000051 resource=2060100000051 base=0x232acae0 distance=348
[2026-08-26T19:16:03] [AUTO_BOSS] id=11685 distance=348 receiver=0xed4de50 method=18293 stage=1
[2026-08-26T19:16:04] [AUTO_TRAIN] HUNTING: Liêu Vân Tộc: TSk 6 con [GAME_CLICK_NPC]
[2026-08-26T19:16:05] [AUTO_BOSS] battle edge false->true id=11685
[2026-08-26T19:16:05] [AUTO_TRAIN] HUNTING: Liêu Vân Tộc: TSk 6 con [IN_BATTLE]
[2026-08-26T19:16:11] [AUTO_TRAIN] CB Auto=AUTO_UNKNOWN (button not readable (covered, blank or ambiguous))
[2026-08-26T19:16:13] [AUTO_BOSS] battle edge true->false clear=7
[2026-08-26T19:16:14] [AUTO_BOSS] selected Phát Tài id=14939 type=3060100000051 resource=2060100000051 base=0x253e1d70 distance=332
[2026-08-26T19:16:14] [AUTO_BOSS_TEAM] kiem tra key TSk: auto=AUTO_ON
[2026-08-26T19:16:15] [AUTO_BOSS] id=14939 distance=332 receiver=0xb4c6ca0 method=18293 stage=1
[2026-08-26T19:16:16] [AUTO_BOSS_TEAM] TSk ha 7 con tai Liêu Vân Tộc
[2026-08-26T19:16:17] [AUTO_BOSS] battle edge false->true id=14939
[2026-08-26T19:16:26] [AUTO_BOSS] battle edge true->false clear=8
[2026-08-26T19:16:27] [AUTO_TRAIN] HUNTING: Liêu Vân Tộc: TSk 7 con [IN_BATTLE]
[2026-08-26T19:16:28] [AUTO_BOSS] selected Phát Tài id=10750 type=3060100000051 resource=2060100000051 base=0x2142cae0 distance=826
[2026-08-26T19:16:29] [AUTO_BOSS_TEAM] TSk ha 8 con tai Liêu Vân Tộc
[2026-08-26T19:16:29] [AUTO_TRAIN] HUNTING: Liêu Vân Tộc: TSk 8 con [IN_BATTLE]
[2026-08-26T19:16:29] [AUTO_BOSS] id=10750 distance=826 receiver=0x1590e790 method=18293 stage=1
[2026-08-26T19:16:30] [AUTO_TRAIN] HUNTING: Liêu Vân Tộc: TSk 8 con [GAME_CLICK_NPC]
[2026-08-26T19:16:32] [AUTO_BOSS] id=10750 distance=245 receiver=0x1590e790 method=18293 stage=2
[2026-08-26T19:16:34] [AUTO_BOSS] battle edge false->true id=10750
[2026-08-26T19:16:35] [AUTO_TRAIN] HUNTING: Liêu Vân Tộc: TSk 8 con [IN_BATTLE]
[2026-08-26T19:16:50] [AUTO_BOSS] battle edge true->false clear=9
[2026-08-26T19:16:53] [AUTO_BOSS] selected Phát Tài id=17038 type=3060100000051 resource=2060100000051 base=0x251b6d70 distance=916
[2026-08-26T19:16:55] [AUTO_BOSS] id=17038 distance=916 receiver=0xd3f5af0 method=18293 stage=1
[2026-08-26T19:16:55] [AUTO_TRAIN] HUNTING: Liêu Vân Tộc: TSk 8 con [GAME_CLICK_NPC]
[2026-08-26T19:16:57] [AUTO_BOSS_TEAM] TSk ha 9 con tai Liêu Vân Tộc
[2026-08-26T19:16:57] [AUTO_TRAIN] HUNTING: Liêu Vân Tộc: TSk 9 con [GAME_CLOSE_TO]
[2026-08-26T19:16:59] [AUTO_BOSS] battle edge false->true id=17038
[2026-08-26T19:17:01] [AUTO_TRAIN] CB Auto=AUTO_UNKNOWN (button not readable (covered, blank or ambiguous))
[2026-08-26T19:17:02] [AUTO_TRAIN] pepsi Auto=AUTO_UNKNOWN (button not readable (covered, blank or ambiguous))
[2026-08-26T19:17:03] [AUTO_TRAIN] TSk Auto=AUTO_UNKNOWN (button not readable (covered, blank or ambiguous))
[2026-08-26T19:17:03] [AUTO_TRAIN] luvy Auto=AUTO_UNKNOWN (button not readable (covered, blank or ambiguous))
[2026-08-26T19:17:04] [AUTO_TRAIN] dyhihi Auto=AUTO_UNKNOWN (button not readable (covered, blank or ambiguous))
[2026-08-26T19:17:04] [AUTO_BOSS_TEAM] kiem tra key TSk: auto=AUTO_UNKNOWN
[2026-08-26T19:17:05] [AUTO_TRAIN] HUNTING: Liêu Vân Tộc: TSk 9 con [IN_BATTLE]
[2026-08-26T19:17:07] [AUTO_BOSS] battle edge true->false clear=10
[2026-08-26T19:17:08] [AUTO_BOSS_TEAM] TSk ha 10 con tai Liêu Vân Tộc
[2026-08-26T19:17:08] [AUTO_TRAIN] HUNTING: Liêu Vân Tộc: TSk 10 con [IN_BATTLE]
[2026-08-26T19:17:08] [AUTO_BOSS] selected Phát Tài id=14155 type=3060100000051 resource=2060100000051 base=0x2127fd70 distance=393
[2026-08-26T19:17:09] [AUTO_BOSS] id=14155 distance=393 receiver=0xd3f55e0 method=18293 stage=1
[2026-08-26T19:17:09] [AUTO_TRAIN] HUNTING: Liêu Vân Tộc: TSk 10 con [GAME_CLICK_NPC]
[2026-08-26T19:17:11] [AUTO_BOSS] battle edge false->true id=14155
[2026-08-26T19:17:12] [AUTO_TRAIN] HUNTING: Liêu Vân Tộc: TSk 10 con [IN_BATTLE]
[2026-08-26T19:17:21] [AUTO_BOSS] battle edge true->false clear=11
[2026-08-26T19:17:24] [AUTO_BOSS] selected Phát Tài id=10393 type=3060100000051 resource=2060100000051 base=0x251b6330 distance=897
[2026-08-26T19:17:25] [AUTO_BOSS] id=10393 distance=897 receiver=0xb4c6ca0 method=18293 stage=1
[2026-08-26T19:17:25] [AUTO_TRAIN] HUNTING: Liêu Vân Tộc: TSk 10 con [GAME_CLICK_NPC]
[2026-08-26T19:17:27] [AUTO_BOSS_TEAM] TSk ha 11 con tai Liêu Vân Tộc
[2026-08-26T19:17:27] [AUTO_TRAIN] HUNTING: Liêu Vân Tộc: TSk 11 con [GAME_CLOSE_TO]
[2026-08-26T19:17:29] [AUTO_BOSS] battle edge false->true id=10393
[2026-08-26T19:17:30] [AUTO_TRAIN] HUNTING: Liêu Vân Tộc: TSk 11 con [IN_BATTLE]
[2026-08-26T19:17:37] [AUTO_BOSS] battle edge true->false clear=12
[2026-08-26T19:17:37] [AUTO_BOSS_TEAM] TSk ha 12 con tai Liêu Vân Tộc
[2026-08-26T19:17:37] [AUTO_TRAIN] HUNTING: Liêu Vân Tộc: TSk 12 con [IN_BATTLE]
[2026-08-26T19:17:37] [AUTO_BOSS] selected Phát Tài id=13067 type=3060100000051 resource=2060100000051 base=0x253e1d70 distance=272
[2026-08-26T19:17:38] [AUTO_BOSS] id=13067 distance=272 receiver=0xd3f5e50 method=18293 stage=1
[2026-08-26T19:17:39] [AUTO_TRAIN] HUNTING: Liêu Vân Tộc: TSk 12 con [GAME_CLICK_NPC]
[2026-08-26T19:17:41] [AUTO_BOSS] battle edge false->true id=13067
[2026-08-26T19:17:42] [AUTO_TRAIN] HUNTING: Liêu Vân Tộc: TSk 12 con [IN_BATTLE]
[2026-08-26T19:17:51] [AUTO_BOSS] battle edge true->false clear=13
[2026-08-26T19:17:54] [AUTO_BOSS] selected Phát Tài id=10376 type=3060100000051 resource=2060100000051 base=0x253e1ae0 distance=876
[2026-08-26T19:17:55] [AUTO_BOSS] id=10376 distance=876 receiver=0xb4c6ca0 method=18293 stage=1
[2026-08-26T19:17:59] [AUTO_TRAIN] TSk Auto=AUTO_UNKNOWN (button not readable (covered, blank or ambiguous))
[2026-08-26T19:17:59] [AUTO_BOSS] battle edge false->true id=10376
[2026-08-26T19:18:07] [AUTO_TRAIN] luvy Auto=AUTO_OFF (stable across samples)
[2026-08-26T19:18:08] [AUTO_TRAIN] dyhihi Auto=AUTO_UNKNOWN (button not readable (covered, blank or ambiguous))
[2026-08-26T19:18:08] [AUTO_BOSS_TEAM] kiem tra key TSk: auto=AUTO_UNKNOWN
[2026-08-26T19:18:09] [AUTO_BOSS] battle edge true->false clear=14
[2026-08-26T19:18:10] [AUTO_BOSS_TEAM] TSk ha 14 con tai Liêu Vân Tộc
[2026-08-26T19:18:10] [AUTO_TRAIN] HUNTING: Liêu Vân Tộc: TSk 14 con [IN_BATTLE]
[2026-08-26T19:18:10] [AUTO_BOSS] selected Phát Tài id=11275 type=3060100000051 resource=2060100000051 base=0x2127fd70 distance=787
[2026-08-26T19:18:11] [AUTO_BOSS] id=11275 distance=787 receiver=0xed4de50 method=18293 stage=1
[2026-08-26T19:18:11] [AUTO_TRAIN] HUNTING: Liêu Vân Tộc: TSk 14 con [GAME_CLICK_NPC]
[2026-08-26T19:18:14] [AUTO_BOSS] id=11275 distance=219 receiver=0xed4de50 method=18293 stage=2
[2026-08-26T19:18:16] [AUTO_BOSS] battle edge false->true id=11275
[2026-08-26T19:18:28] [AUTO_TRAIN] PARTY_LOST: rot nhom: TSk; moi lai
[2026-08-26T19:18:28] [AUTO_TRAIN] PARTY_FORMING: key TSk moi 4 member
[2026-08-26T19:18:44] [AUTO_TRAIN] member 2852 cid=3220 joined=False key_in_party=False (x3)
[2026-08-26T19:18:44] [AUTO_TRAIN] member 15428 cid=53 joined=False key_in_party=False (x3)
[2026-08-26T19:18:44] [AUTO_TRAIN] member 16428 cid=12 joined=False key_in_party=False (x3)
[2026-08-26T19:18:44] [AUTO_TRAIN] member 17260 cid=2746 joined=False key_in_party=False (x3)
[2026-08-26T19:18:44] [AUTO_TRAIN] PARTY_PARTIAL: 0/4 member vao nhom
[2026-08-26T19:18:44] [AUTO_TRAIN] HUNTING: Liêu Vân Tộc: TSk 14 con [WAIT_FLASH]
[2026-08-26T19:18:56] [AUTO_BOSS_TEAM] kiem tra key TSk: auto=AUTO_UNKNOWN
[2026-08-26T19:19:29] [AUTO_TRAIN] PARTY_LOST: rot nhom: TSk; moi lai
[2026-08-26T19:19:29] [AUTO_TRAIN] PARTY_FORMING: key TSk moi 4 member
[2026-08-26T19:19:45] [AUTO_TRAIN] member 2852 cid=3220 joined=False key_in_party=False (x3)
[2026-08-26T19:19:45] [AUTO_TRAIN] member 15428 cid=53 joined=False key_in_party=False (x3)
[2026-08-26T19:19:45] [AUTO_TRAIN] member 16428 cid=12 joined=False key_in_party=False (x3)
[2026-08-26T19:19:45] [AUTO_TRAIN] member 17260 cid=2746 joined=False key_in_party=False (x3)
[2026-08-26T19:19:45] [AUTO_TRAIN] PARTY_PARTIAL: 0/4 member vao nhom
[2026-08-26T19:19:47] [AUTO_BOSS_TEAM] kiem tra key TSk: auto=AUTO_UNKNOWN
[2026-08-26T19:20:30] [AUTO_TRAIN] PARTY_LOST: rot nhom: TSk; moi lai
[2026-08-26T19:20:30] [AUTO_TRAIN] PARTY_FORMING: key TSk moi 4 member
[2026-08-26T19:20:45] [AUTO_TRAIN] member 2852 cid=3220 joined=False key_in_party=False (x3)
[2026-08-26T19:20:45] [AUTO_TRAIN] member 15428 cid=53 joined=False key_in_party=False (x3)
[2026-08-26T19:20:45] [AUTO_TRAIN] member 16428 cid=12 joined=False key_in_party=False (x3)
[2026-08-26T19:20:45] [AUTO_TRAIN] member 17260 cid=2746 joined=False key_in_party=False (x3)
[2026-08-26T19:20:45] [AUTO_TRAIN] PARTY_PARTIAL: 0/4 member vao nhom
[2026-08-26T19:20:48] [AUTO_BOSS_TEAM] kiem tra key TSk: auto=AUTO_UNKNOWN
[2026-08-26T19:21:32] [AUTO_TRAIN] PARTY_LOST: rot nhom: TSk; moi lai
[2026-08-26T19:21:32] [AUTO_TRAIN] PARTY_FORMING: key TSk moi 4 member
[2026-08-26T19:21:46] Đã dừng auto boss
[2026-08-26T19:21:46] Đã dừng đánh thử.
[2026-08-26T19:21:47] [AUTO_TRAIN] member 2852 cid=3220 joined=False key_in_party=False (x3)
[2026-08-26T19:21:47] [AUTO_TRAIN] member 15428 cid=53 joined=False key_in_party=False (x3)
[2026-08-26T19:21:47] [AUTO_TRAIN] member 16428 cid=12 joined=False key_in_party=False (x3)
[2026-08-26T19:21:47] [AUTO_TRAIN] member 17260 cid=2746 joined=False key_in_party=False (x3)
[2026-08-26T19:21:47] [AUTO_TRAIN] PARTY_PARTIAL: 0/4 member vao nhom
[2026-08-26T19:21:47] [AUTO_BOSS_TEAM] kiem tra key TSk: auto=AUTO_UNKNOWN
[2026-08-26T19:21:47] [AUTO_TRAIN] HUNTING: Liêu Vân Tộc: 
[2026-08-26T19:21:53] [AUTO_TRAIN] CYCLE: vong 1
[2026-08-26T19:21:53] Bắt đầu auto boss (full, key acc_1) — acc_3, acc_2, acc_1, acc_5, acc_6 tại Liêu Vân Tộc, 3 loại boss
[2026-08-26T19:21:53] [AUTO_TRAIN] LOGIN: dang nhap song song 5 acc
[2026-08-26T19:21:53] [AUTO_START] WAIT_WINDOW attempt=1 pass=0 pid=11884 Flash launched at original size
[2026-08-26T19:21:57] [AUTO_START] WAIT_WINDOW attempt=1 pass=0 pid=9568 Flash launched at original size
[2026-08-26T19:21:57] [AUTO_START] START_CLICKED attempt=1 pass=0 pid=11884 Bắt đầu
[2026-08-26T19:22:01] [AUTO_START] WAIT_WINDOW attempt=1 pass=0 pid=15688 Flash launched at original size
[2026-08-26T19:22:02] [AUTO_START] START_CLICKED attempt=1 pass=0 pid=9568 Bắt đầu
[2026-08-26T19:22:04] [AUTO_START] RETRY_START attempt=1 pass=0 pid=11884 chua thay chon kenh, bam lai Bat dau
[2026-08-26T19:22:05] [AUTO_START] WAIT_WINDOW attempt=1 pass=0 pid=7924 Flash launched at original size
[2026-08-26T19:22:09] [AUTO_START] WAIT_WINDOW attempt=1 pass=0 pid=17324 Flash launched at original size
[2026-08-26T19:22:10] [AUTO_START] RETRY_START attempt=1 pass=0 pid=9568 chua thay chon kenh, bam lai Bat dau
[2026-08-26T19:22:12] [AUTO_START] START_CLICKED attempt=1 pass=0 pid=7924 Bắt đầu
[2026-08-26T19:22:13] [AUTO_START] START_CLICKED attempt=1 pass=0 pid=17324 Bắt đầu
[2026-08-26T19:22:15] [AUTO_START] START_CLICKED attempt=1 pass=0 pid=9568 Bắt đầu
[2026-08-26T19:22:17] [AUTO_START] RETRY_START attempt=1 pass=0 pid=7924 chua thay chon kenh, bam lai Bat dau
[2026-08-26T19:22:17] [AUTO_START] RETRY_START attempt=1 pass=0 pid=17324 chua thay chon kenh, bam lai Bat dau
[2026-08-26T19:22:18] [AUTO_START] START_CLICKED attempt=1 pass=0 pid=15688 Bắt đầu
[2026-08-26T19:22:19] [AUTO_START] RETRY_START attempt=1 pass=0 pid=9568 chua thay chon kenh, bam lai Bat dau
[2026-08-26T19:22:22] [AUTO_START] START_CLICKED attempt=1 pass=0 pid=17324 Bắt đầu
[2026-08-26T19:22:23] [AUTO_START] START_CLICKED attempt=1 pass=0 pid=11884 Bắt đầu
[2026-08-26T19:22:23] [AUTO_START] RETRY_START attempt=1 pass=0 pid=15688 chua thay chon kenh, bam lai Bat dau
[2026-08-26T19:22:27] [AUTO_START] RETRY_START attempt=1 pass=0 pid=17324 chua thay chon kenh, bam lai Bat dau
[2026-08-26T19:22:28] [AUTO_START] CHANNEL_SELECTED attempt=1 pass=0 pid=11884 channel=(449, 308) choices=1
[2026-08-26T19:22:30] [AUTO_START] START_CLICKED attempt=1 pass=0 pid=9568 Bắt đầu
[2026-08-26T19:22:33] [AUTO_START] START_CLICKED attempt=1 pass=0 pid=15688 Bắt đầu
[2026-08-26T19:22:35] [AUTO_START] ENTER_GAME_CLICKED attempt=1 pass=0 pid=11884 character_slot=1 slot_verified=True
[2026-08-26T19:22:35] [AUTO_START] CHANNEL_SELECTED attempt=1 pass=0 pid=9568 channel=(449, 308) choices=1
[2026-08-26T19:22:38] [AUTO_START] START_CLICKED attempt=1 pass=0 pid=7924 Bắt đầu
[2026-08-26T19:22:39] [AUTO_START] CHANNEL_SELECTED attempt=1 pass=0 pid=15688 channel=(449, 308) choices=1
[2026-08-26T19:22:42] [AUTO_START] START_CLICKED attempt=1 pass=0 pid=17324 Bắt đầu
[2026-08-26T19:22:42] [AUTO_START] ENTER_GAME_CLICKED attempt=1 pass=0 pid=9568 character_slot=1 slot_verified=True
[2026-08-26T19:22:45] [AUTO_START] MAP_READY_OPEN attempt=1 pass=0 pid=11884 Player=0x1ccc20a0 Core=0x650a0d0 world=(1595,1248)
[2026-08-26T19:22:45] [AUTO_START] CHANNEL_SELECTED attempt=1 pass=0 pid=7924 channel=(449, 308) choices=1
[2026-08-26T19:22:47] [AUTO_START] ENTER_GAME_CLICKED attempt=1 pass=0 pid=15688 character_slot=1 slot_verified=True
[2026-08-26T19:22:49] [AUTO_START] CHANNEL_SELECTED attempt=1 pass=0 pid=17324 channel=(449, 308) choices=1
[2026-08-26T19:22:52] [AUTO_START] ENTER_GAME_CLICKED attempt=1 pass=0 pid=7924 character_slot=1 slot_verified=True
[2026-08-26T19:22:52] [AUTO_START] MAP_READY_OPEN attempt=1 pass=0 pid=9568 Player=0x1cbaf0a0 Core=0xa1a50d0 world=(1475,1162)
[2026-08-26T19:22:56] [AUTO_START] MAP_READY_OPEN attempt=1 pass=0 pid=15688 Player=0x1bf490a0 Core=0x1770e0d0 world=(1475,1162)
[2026-08-26T19:22:59] [AUTO_START] ENTER_GAME_CLICKED attempt=1 pass=0 pid=17324 character_slot=1 slot_verified=True
[2026-08-26T19:23:00] [AUTO_START] MAP_READY_OPEN attempt=1 pass=0 pid=7924 Player=0x1db790a0 Core=0xb84f0d0 world=(1475,1162)
[2026-08-26T19:23:05] [AUTO_START] MAP_READY_OPEN attempt=1 pass=0 pid=17324 Player=0x119710a0 Core=0x1737d0d0 world=(2181,405)
[2026-08-26T19:23:09] [POPUP] đã đóng cache_notice
[2026-08-26T19:23:10] [AUTO_TRAIN] TSk đóng popup: cache_notice
[2026-08-26T19:23:14] [POPUP] đã đóng cache_notice
[2026-08-26T19:23:15] [AUTO_TRAIN] pepsi đóng popup: cache_notice
[2026-08-26T19:23:19] [POPUP] đã đóng cache_notice
[2026-08-26T19:23:20] [AUTO_TRAIN] CB đóng popup: cache_notice
[2026-08-26T19:23:23] [POPUP] đã đóng cache_notice
[2026-08-26T19:23:24] [AUTO_TRAIN] luvy đóng popup: cache_notice
[2026-08-26T19:23:28] [POPUP] đã đóng cache_notice
[2026-08-26T19:23:28] [AUTO_TRAIN] dyhihi đóng popup: cache_notice
[2026-08-26T19:23:43] [AUTO_TRAIN] PARTY_FORMING: key CB moi 4 member
[2026-08-26T19:24:04] [AUTO_TRAIN] member 11884 cid=877 joined=True key_in_party=True (x1)
[2026-08-26T19:24:04] [AUTO_TRAIN] member 9568 cid=53 joined=True key_in_party=True (x1)
[2026-08-26T19:24:04] [AUTO_TRAIN] member 7924 cid=12 joined=True key_in_party=True (x1)
[2026-08-26T19:24:04] [AUTO_TRAIN] member 17324 cid=2845 joined=False key_in_party=True (x3)
[2026-08-26T19:24:04] [AUTO_TRAIN] PARTY_PARTIAL: 3/4 member vao nhom
[2026-08-26T19:24:12] [AUTO_TRAIN] TRAVEL: dyhihi -> Liêu Vân Tộc
[2026-08-26T19:25:53] [AUTO_TRAIN] PARTY_FORMING: key CB moi 4 member
[2026-08-26T19:25:53] [AUTO_TRAIN] member 11884 cid=877 already in party
[2026-08-26T19:25:53] [AUTO_TRAIN] member 9568 cid=53 already in party
[2026-08-26T19:25:53] [AUTO_TRAIN] member 7924 cid=12 already in party
[2026-08-26T19:25:58] [AUTO_TRAIN] member 11884 cid=877 joined=True key_in_party=True (x0)
[2026-08-26T19:25:58] [AUTO_TRAIN] member 9568 cid=53 joined=True key_in_party=True (x0)
[2026-08-26T19:25:58] [AUTO_TRAIN] member 7924 cid=12 joined=True key_in_party=True (x0)
[2026-08-26T19:25:58] [AUTO_TRAIN] member 17324 cid=2845 joined=True key_in_party=True (x1)
[2026-08-26T19:25:58] [AUTO_TRAIN] PARTY_DONE: 4/4 member vao nhom
[2026-08-26T19:26:01] [AUTO_BOSS_TEAM] kiem tra key CB: auto=AUTO_ON
[2026-08-26T19:26:09] [AUTO_BOSS] Start selected-monster NPCView.clickNpc runner generation=1
[2026-08-26T19:26:09] [AUTO_TRAIN] HUNTING: Liêu Vân Tộc: 3 loai boss, 1 acc san
[2026-08-26T19:26:09] [AUTO_TRAIN] HUNTING: Liêu Vân Tộc: CB 0 con [ATTACHING]
[2026-08-26T19:26:12] [AUTO_BOSS] selected Phát Tài id=10505 type=3060100000051 resource=2060100000051 base=0x204a8850 distance=160
[2026-08-26T19:26:13] [AUTO_BOSS] NPCView session fingerprint native=0xe57cb8 avm=0x112fe0a0 method_info=0xb8a5820 slot322_method_id=18293
[2026-08-26T19:26:13] [AUTO_BOSS] id=10505 distance=160 receiver=0x116f2430 method=18293 stage=2
[2026-08-26T19:26:13] [AUTO_TRAIN] HUNTING: Liêu Vân Tộc: CB 0 con [GAME_CLICK_NPC]
[2026-08-26T19:26:15] [AUTO_BOSS] battle edge false->true id=10505
[2026-08-26T19:26:16] [AUTO_TRAIN] HUNTING: Liêu Vân Tộc: CB 0 con [IN_BATTLE]
[2026-08-26T19:26:26] [AUTO_BOSS] battle edge true->false clear=1
[2026-08-26T19:26:26] [AUTO_BOSS_TEAM] CB ha 1 con tai Liêu Vân Tộc
[2026-08-26T19:26:26] [AUTO_TRAIN] HUNTING: Liêu Vân Tộc: CB 1 con [IN_BATTLE]
[2026-08-26T19:26:27] [AUTO_BOSS] selected Phát Tài id=14180 type=3060100000051 resource=2060100000051 base=0x20b35d70 distance=219
[2026-08-26T19:26:28] [AUTO_BOSS] id=14180 distance=219 receiver=0x20b1fca0 method=18293 stage=2
[2026-08-26T19:26:29] [AUTO_TRAIN] HUNTING: Liêu Vân Tộc: CB 1 con [GAME_CLICK_NPC]
[2026-08-26T19:26:30] [AUTO_BOSS] battle edge false->true id=14180
[2026-08-26T19:26:41] [AUTO_BOSS] battle edge true->false clear=2
[2026-08-26T19:26:42] [AUTO_BOSS] selected Phát Tài id=10249 type=3060100000051 resource=2060100000051 base=0x1db30d70 distance=747
[2026-08-26T19:26:42] [AUTO_TRAIN] HUNTING: Liêu Vân Tộc: CB 1 con [IN_BATTLE]
[2026-08-26T19:26:42] [AUTO_BOSS] id=10249 distance=747 receiver=0x2adba940 method=18293 stage=1
[2026-08-26T19:26:43] [AUTO_BOSS_TEAM] CB ha 2 con tai Liêu Vân Tộc
[2026-08-26T19:26:43] [AUTO_TRAIN] HUNTING: Liêu Vân Tộc: CB 2 con [GAME_CLICK_NPC]
[2026-08-26T19:26:45] [AUTO_TRAIN] HUNTING: Liêu Vân Tộc: CB 2 con [GAME_CLOSE_TO]
[2026-08-26T19:26:46] [AUTO_BOSS] battle edge false->true id=10249
[2026-08-26T19:26:47] [AUTO_TRAIN] HUNTING: Liêu Vân Tộc: CB 2 con [IN_BATTLE]
[2026-08-26T19:26:59] [AUTO_BOSS] battle edge true->false clear=3
[2026-08-26T19:27:00] [AUTO_BOSS] selected Phát Tài id=10571 type=3060100000051 resource=2060100000051 base=0x204e05c0 distance=867
[2026-08-26T19:27:01] [AUTO_BOSS_TEAM] kiem tra key CB: auto=AUTO_ON
[2026-08-26T19:27:01] [AUTO_BOSS] id=10571 distance=867 receiver=0x1770ee50 method=18293 stage=1
[2026-08-26T19:27:02] [AUTO_BOSS_TEAM] CB ha 3 con tai Liêu Vân Tộc
[2026-08-26T19:27:05] [AUTO_BOSS] battle edge false->true id=10571
[2026-08-26T19:27:05] [AUTO_TRAIN] HUNTING: Liêu Vân Tộc: CB 3 con [IN_BATTLE]
[2026-08-26T19:27:18] [AUTO_BOSS] battle edge true->false clear=4
[2026-08-26T19:27:19] [AUTO_BOSS] selected Phát Tài id=17628 type=3060100000051 resource=2060100000051 base=0x209860a0 distance=193
[2026-08-26T19:27:19] [AUTO_BOSS_TEAM] CB ha 4 con tai Liêu Vân Tộc
[2026-08-26T19:27:19] [AUTO_TRAIN] HUNTING: Liêu Vân Tộc: CB 4 con [IN_BATTLE]
[2026-08-26T19:27:20] [AUTO_BOSS] id=17628 distance=193 receiver=0x20957940 method=18293 stage=2
[2026-08-26T19:27:21] [AUTO_TRAIN] HUNTING: Liêu Vân Tộc: CB 4 con [GAME_CLICK_NPC]
[2026-08-26T19:27:22] [AUTO_BOSS] battle edge false->true id=17628
[2026-08-26T19:27:24] [AUTO_TRAIN] HUNTING: Liêu Vân Tộc: CB 4 con [IN_BATTLE]
[2026-08-26T19:27:34] [AUTO_BOSS] battle edge true->false clear=5
[2026-08-26T19:27:36] [AUTO_BOSS] selected Phát Tài id=13254 type=3060100000051 resource=2060100000051 base=0x2aded330 distance=197
[2026-08-26T19:27:37] [AUTO_BOSS] id=13254 distance=197 receiver=0x2adba430 method=18293 stage=2
[2026-08-26T19:27:38] [AUTO_BOSS_TEAM] CB ha 5 con tai Liêu Vân Tộc
[2026-08-26T19:27:38] [AUTO_TRAIN] HUNTING: Liêu Vân Tộc: CB 5 con [GAME_CLICK_NPC]
[2026-08-26T19:27:39] [AUTO_BOSS] battle edge false->true id=13254
[2026-08-26T19:27:40] [AUTO_TRAIN] HUNTING: Liêu Vân Tộc: CB 5 con [IN_BATTLE]
[2026-08-26T19:27:47] [AUTO_BOSS] battle edge true->false clear=6
[2026-08-26T19:27:47] [AUTO_TRAIN] TSk Auto=AUTO_UNKNOWN (button not readable (covered, blank or ambiguous))
[2026-08-26T19:27:48] [AUTO_BOSS] selected Phát Tài id=11457 type=3060100000051 resource=2060100000051 base=0x27ab6d70 distance=326
[2026-08-26T19:27:49] [AUTO_BOSS] REJECT_CLICKNPC_TIMEOUT id=11457 base=0x27ab6d70
[2026-08-26T19:27:50] [AUTO_BOSS_TEAM] kiem tra key CB: auto=AUTO_ON
[2026-08-26T19:27:50] [AUTO_TRAIN] HUNTING: Liêu Vân Tộc: CB 5 con [REJECT_CLICKNPC_TIMEOUT]
[2026-08-26T19:27:51] [AUTO_BOSS_TEAM] CB ha 6 con tai Liêu Vân Tộc
[2026-08-26T19:27:51] [AUTO_TRAIN] HUNTING: Liêu Vân Tộc: CB 6 con [REJECT_CLICKNPC_TIMEOUT]
[2026-08-26T19:27:52] [AUTO_BOSS] selected Phát Tài id=14680 type=3060100000051 resource=2060100000051 base=0x20b35850 distance=834
[2026-08-26T19:27:53] [AUTO_BOSS] id=14680 distance=834 receiver=0x2adba940 method=18293 stage=1
[2026-08-26T19:27:54] [AUTO_TRAIN] HUNTING: Liêu Vân Tộc: CB 6 con [GAME_CLICK_NPC]
[2026-08-26T19:27:56] [AUTO_TRAIN] HUNTING: Liêu Vân Tộc: CB 6 con [GAME_CLOSE_TO]
[2026-08-26T19:27:57] [AUTO_BOSS] battle edge false->true id=14680
[2026-08-26T19:28:11] [POPUP] đã đóng cache_notice
[2026-08-26T19:28:12] [AUTO_TRAIN] pepsi đóng popup: cache_notice
[2026-08-26T19:28:13] [AUTO_BOSS] battle edge true->false clear=7
[2026-08-26T19:28:14] [AUTO_TRAIN] HUNTING: Liêu Vân Tộc: CB 6 con [IN_BATTLE]
[2026-08-26T19:28:14] [AUTO_BOSS] selected Phát Tài id=15451 type=3060100000051 resource=2060100000051 base=0x209860a0 distance=1377
[2026-08-26T19:28:15] [AUTO_BOSS] id=15451 distance=1377 receiver=0x2adba430 method=18293 stage=1
[2026-08-26T19:28:15] [AUTO_BOSS_TEAM] CB ha 7 con tai Liêu Vân Tộc
[2026-08-26T19:28:15] [AUTO_TRAIN] HUNTING: Liêu Vân Tộc: CB 7 con [GAME_CLICK_NPC]
[2026-08-26T19:28:18] [AUTO_TRAIN] HUNTING: Liêu Vân Tộc: CB 7 con [GAME_CLOSE_TO]
[2026-08-26T19:28:21] [AUTO_BOSS] battle edge false->true id=15451
[2026-08-26T19:28:23] [AUTO_TRAIN] HUNTING: Liêu Vân Tộc: CB 7 con [IN_BATTLE]
[2026-08-26T19:28:32] [AUTO_BOSS] battle edge true->false clear=8
[2026-08-26T19:28:32] [AUTO_BOSS_TEAM] CB ha 8 con tai Liêu Vân Tộc
[2026-08-26T19:28:32] [AUTO_TRAIN] HUNTING: Liêu Vân Tộc: CB 8 con [IN_BATTLE]
[2026-08-26T19:28:33] [AUTO_BOSS] selected Phát Tài id=11877 type=3060100000051 resource=2060100000051 base=0x1db30d70 distance=354
[2026-08-26T19:28:33] [AUTO_BOSS] id=11877 distance=354 receiver=0x2adba940 method=18293 stage=1
[2026-08-26T19:28:36] [AUTO_BOSS] battle edge false->true id=11877
[2026-08-26T19:28:37] [AUTO_TRAIN] TSk Auto=AUTO_UNKNOWN (button not readable (covered, blank or ambiguous))
[2026-08-26T19:28:38] [AUTO_TRAIN] pepsi Auto=AUTO_UNKNOWN (button not readable (covered, blank or ambiguous))
[2026-08-26T19:28:39] [AUTO_TRAIN] CB Auto=AUTO_UNKNOWN (button not readable (covered, blank or ambiguous))
[2026-08-26T19:28:40] [AUTO_TRAIN] luvy Auto=AUTO_UNKNOWN (button not readable (covered, blank or ambiguous))
[2026-08-26T19:28:41] [AUTO_TRAIN] dyhihi Auto=AUTO_UNKNOWN (button not readable (covered, blank or ambiguous))
[2026-08-26T19:28:41] [AUTO_BOSS_TEAM] kiem tra key CB: auto=AUTO_UNKNOWN
[2026-08-26T19:28:48] [AUTO_BOSS] battle edge true->false clear=9
[2026-08-26T19:28:49] [AUTO_BOSS_TEAM] CB ha 9 con tai Liêu Vân Tộc
[2026-08-26T19:28:49] [AUTO_TRAIN] HUNTING: Liêu Vân Tộc: CB 9 con [IN_BATTLE]
[2026-08-26T19:28:49] [AUTO_BOSS] selected Phát Tài id=11015 type=3060100000051 resource=2060100000051 base=0x2c315d70 distance=395
[2026-08-26T19:28:50] [AUTO_BOSS] id=11015 distance=395 receiver=0x20b1fca0 method=18293 stage=1
[2026-08-26T19:28:51] [AUTO_TRAIN] HUNTING: Liêu Vân Tộc: CB 9 con [GAME_CLICK_NPC]
[2026-08-26T19:28:52] [AUTO_BOSS] battle edge false->true id=11015
[2026-08-26T19:28:54] [AUTO_TRAIN] HUNTING: Liêu Vân Tộc: CB 9 con [IN_BATTLE]
[2026-08-26T19:29:04] [AUTO_BOSS] battle edge true->false clear=10
[2026-08-26T19:29:06] [AUTO_BOSS] selected Phát Tài id=13928 type=3060100000051 resource=2060100000051 base=0x209860a0 distance=1086
[2026-08-26T19:29:07] [AUTO_BOSS] id=13928 distance=1086 receiver=0x2adba940 method=18293 stage=1
[2026-08-26T19:29:08] [AUTO_BOSS_TEAM] CB ha 10 con tai Liêu Vân Tộc
[2026-08-26T19:29:08] [AUTO_TRAIN] HUNTING: Liêu Vân Tộc: CB 10 con [GAME_CLICK_NPC]
[2026-08-26T19:29:10] [AUTO_TRAIN] HUNTING: Liêu Vân Tộc: CB 10 con [GAME_CLOSE_TO]
[2026-08-26T19:29:13] [AUTO_BOSS] id=13928 distance=223 receiver=0x2adba940 method=18293 stage=2
[2026-08-26T19:29:13] [AUTO_TRAIN] HUNTING: Liêu Vân Tộc: CB 10 con [GAME_CLICK_NPC]
[2026-08-26T19:29:15] [AUTO_BOSS] battle edge false->true id=13928
[2026-08-26T19:29:16] [AUTO_TRAIN] HUNTING: Liêu Vân Tộc: CB 10 con [IN_BATTLE]
[2026-08-26T19:29:27] [AUTO_BOSS] battle edge true->false clear=11
[2026-08-26T19:29:29] [AUTO_BOSS] selected Đấu Sĩ Ác Ma id=10108 type=3060100001180 resource=2060100001211 base=0x20986d70 distance=766
[2026-08-26T19:29:31] [AUTO_BOSS] id=10108 distance=766 receiver=0x209ab280 method=18293 stage=1
[2026-08-26T19:29:35] [AUTO_BOSS] id=10108 distance=191 receiver=0x209ab280 method=18293 stage=2
[2026-08-26T19:29:35] [AUTO_TRAIN] luvy Auto=AUTO_UNKNOWN (button not readable (covered, blank or ambiguous))
[2026-08-26T19:29:36] [AUTO_TRAIN] dyhihi Auto=AUTO_UNKNOWN (button not readable (covered, blank or ambiguous))
[2026-08-26T19:29:36] [AUTO_BOSS_TEAM] kiem tra key CB: auto=AUTO_ON
[2026-08-26T19:29:36] [AUTO_TRAIN] HUNTING: Liêu Vân Tộc: CB 10 con [GAME_CLICK_NPC]
[2026-08-26T19:29:37] [AUTO_BOSS] battle edge false->true id=10108
[2026-08-26T19:29:38] [AUTO_BOSS_TEAM] CB ha 11 con tai Liêu Vân Tộc
[2026-08-26T19:29:38] [AUTO_TRAIN] HUNTING: Liêu Vân Tộc: CB 11 con [IN_BATTLE]
[2026-08-26T19:29:41] [AUTO_BOSS] battle edge true->false clear=12
[2026-08-26T19:29:42] [AUTO_BOSS] selected Đấu Sĩ Ác Ma id=16457 type=3060100001180 resource=2060100001211 base=0x204e00a0 distance=295
[2026-08-26T19:29:42] [AUTO_BOSS_TEAM] CB ha 12 con tai Liêu Vân Tộc
[2026-08-26T19:29:42] [AUTO_TRAIN] HUNTING: Liêu Vân Tộc: CB 12 con [IN_BATTLE]
[2026-08-26T19:29:43] [AUTO_BOSS] id=16457 distance=295 receiver=0x116f2940 method=18293 stage=1
[2026-08-26T19:29:44] [AUTO_TRAIN] HUNTING: Liêu Vân Tộc: CB 12 con [GAME_CLICK_NPC]
[2026-08-26T19:29:45] [AUTO_BOSS] battle edge false->true id=16457
[2026-08-26T19:29:45] [AUTO_TRAIN] HUNTING: Liêu Vân Tộc: CB 12 con [IN_BATTLE]
[2026-08-26T19:29:52] [AUTO_BOSS] battle edge true->false clear=13
[2026-08-26T19:29:53] [AUTO_BOSS] selected Đấu Sĩ Ác Ma id=17345 type=3060100001180 resource=2060100001211 base=0x20b350a0 distance=50
[2026-08-26T19:29:53] [AUTO_BOSS_TEAM] CB ha 13 con tai Liêu Vân Tộc
[2026-08-26T19:29:54] [AUTO_BOSS] id=17345 distance=50 receiver=0x20b1f430 method=18293 stage=2
[2026-08-26T19:29:55] [AUTO_TRAIN] HUNTING: Liêu Vân Tộc: CB 13 con [GAME_CLICK_NPC]
[2026-08-26T19:29:56] [AUTO_BOSS] battle edge false->true id=17345
[2026-08-26T19:29:56] [AUTO_TRAIN] HUNTING: Liêu Vân Tộc: CB 13 con [IN_BATTLE]
[2026-08-26T19:30:02] [AUTO_BOSS] battle edge true->false clear=14
[2026-08-26T19:30:03] [AUTO_BOSS_TEAM] CB ha 14 con tai Liêu Vân Tộc
[2026-08-26T19:30:03] [AUTO_TRAIN] HUNTING: Liêu Vân Tộc: CB 14 con [IN_BATTLE]
[2026-08-26T19:30:03] [AUTO_BOSS] selected Đấu Sĩ Ác Ma id=16827 type=3060100001180 resource=2060100001211 base=0x20986ae0 distance=330
[2026-08-26T19:30:05] [AUTO_BOSS] id=16827 distance=330 receiver=0x209ab0d0 method=18293 stage=1
[2026-08-26T19:30:06] [AUTO_TRAIN] HUNTING: Liêu Vân Tộc: CB 14 con [GAME_CLICK_NPC]
[2026-08-26T19:30:06] [AUTO_BOSS] battle edge false->true id=16827
[2026-08-26T19:30:07] [AUTO_TRAIN] HUNTING: Liêu Vân Tộc: CB 14 con [IN_BATTLE]
[2026-08-26T19:30:13] [AUTO_BOSS] battle edge true->false clear=15
[2026-08-26T19:30:13] [AUTO_BOSS_TEAM] CB ha 15 con tai Liêu Vân Tộc
[2026-08-26T19:30:13] [AUTO_TRAIN] HUNTING: Liêu Vân Tộc: CB 15 con [IN_BATTLE]
[2026-08-26T19:30:14] [AUTO_BOSS] selected Đấu Sĩ Ác Ma id=11205 type=3060100001180 resource=2060100001211 base=0x27ab60a0 distance=63
[2026-08-26T19:30:15] [AUTO_BOSS] id=11205 distance=63 receiver=0x2adba940 method=18293 stage=2
[2026-08-26T19:30:17] [AUTO_BOSS] battle edge false->true id=11205
[2026-08-26T19:30:23] [AUTO_BOSS] battle edge true->false clear=16
[2026-08-26T19:30:27] [AUTO_BOSS] selected Đấu Sĩ Ác Ma id=15753 type=3060100001180 resource=2060100001211 base=0x2094d330 distance=253
[2026-08-26T19:30:27] [POPUP] đã đóng cache_notice
[2026-08-26T19:30:28] [AUTO_TRAIN] CB đóng popup: cache_notice
[2026-08-26T19:30:28] [AUTO_BOSS] id=15753 distance=253 receiver=0x20957280 method=18293 stage=1
[2026-08-26T19:30:30] [AUTO_BOSS] battle edge false->true id=15753
[2026-08-26T19:30:31] [AUTO_TRAIN] pepsi Auto=AUTO_UNKNOWN (button not readable (covered, blank or ambiguous))
[2026-08-26T19:30:32] [AUTO_TRAIN] CB Auto=AUTO_UNKNOWN (button not readable (covered, blank or ambiguous))
[2026-08-26T19:30:33] [AUTO_TRAIN] luvy Auto=AUTO_UNKNOWN (button not readable (covered, blank or ambiguous))
[2026-08-26T19:30:34] [AUTO_TRAIN] dyhihi Auto=AUTO_UNKNOWN (button not readable (covered, blank or ambiguous))
[2026-08-26T19:30:34] [AUTO_BOSS_TEAM] kiem tra key CB: auto=AUTO_UNKNOWN
[2026-08-26T19:30:35] [AUTO_BOSS_TEAM] CB ha 16 con tai Liêu Vân Tộc
[2026-08-26T19:30:35] [AUTO_TRAIN] HUNTING: Liêu Vân Tộc: CB 16 con [IN_BATTLE]
[2026-08-26T19:30:37] [AUTO_BOSS] battle edge true->false clear=17
[2026-08-26T19:30:37] [AUTO_BOSS_TEAM] CB ha 17 con tai Liêu Vân Tộc
[2026-08-26T19:30:37] [AUTO_TRAIN] HUNTING: Liêu Vân Tộc: CB 17 con [IN_BATTLE]
[2026-08-26T19:30:37] [AUTO_BOSS] selected Đấu Sĩ Ác Ma id=17032 type=3060100001180 resource=2060100001211 base=0x2d499d70 distance=518
[2026-08-26T19:30:38] [AUTO_BOSS] id=17032 distance=518 receiver=0x20957ca0 method=18293 stage=1
[2026-08-26T19:30:40] [AUTO_TRAIN] HUNTING: Liêu Vân Tộc: CB 17 con [GAME_CLICK_NPC]
[2026-08-26T19:30:41] [AUTO_BOSS] id=17032 distance=86 receiver=0x20957ca0 method=18293 stage=2
[2026-08-26T19:30:43] [AUTO_BOSS] battle edge false->true id=17032
[2026-08-26T19:30:44] [AUTO_TRAIN] HUNTING: Liêu Vân Tộc: CB 17 con [IN_BATTLE]
[2026-08-26T19:30:48] [AUTO_BOSS] battle edge true->false clear=18
[2026-08-26T19:30:48] [AUTO_BOSS] selected Đấu Sĩ Ác Ma id=10148 type=3060100001180 resource=2060100001211 base=0x2aded330 distance=53
[2026-08-26T19:30:49] [AUTO_BOSS_TEAM] CB ha 18 con tai Liêu Vân Tộc
[2026-08-26T19:30:49] [AUTO_BOSS] id=10148 distance=53 receiver=0x209ab280 method=18293 stage=2
[2026-08-26T19:30:51] [AUTO_BOSS] battle edge false->true id=10148
[2026-08-26T19:30:59] [AUTO_BOSS] battle edge true->false clear=19
[2026-08-26T19:31:01] [POPUP] đã đóng cache_notice
[2026-08-26T19:31:01] [AUTO_BOSS] selected Đấu Sĩ Ác Ma id=15096 type=3060100001180 resource=2060100001211 base=0x20986850 distance=463
[2026-08-26T19:31:02] [AUTO_TRAIN] luvy đóng popup: cache_notice
[2026-08-26T19:31:02] [AUTO_TRAIN] HUNTING: Liêu Vân Tộc: CB 18 con [IN_BATTLE]
[2026-08-26T19:31:02] [AUTO_BOSS] id=15096 distance=463 receiver=0x20957e50 method=18293 stage=1
[2026-08-26T19:31:03] [AUTO_BOSS_TEAM] CB ha 19 con tai Liêu Vân Tộc
[2026-08-26T19:31:03] [AUTO_TRAIN] HUNTING: Liêu Vân Tộc: CB 19 con [GAME_CLICK_NPC]
[2026-08-26T19:31:05] [AUTO_BOSS] id=15096 distance=57 receiver=0x20957e50 method=18293 stage=2
[2026-08-26T19:31:07] [AUTO_BOSS] battle edge false->true id=15096
[2026-08-26T19:31:08] [AUTO_TRAIN] HUNTING: Liêu Vân Tộc: CB 19 con [IN_BATTLE]
[2026-08-26T19:31:12] [AUTO_BOSS] battle edge true->false clear=20
[2026-08-26T19:31:12] [AUTO_BOSS] selected Phát Tài id=13793 type=3060100000051 resource=2060100000051 base=0x2d3afd70 distance=641
[2026-08-26T19:31:12] [AUTO_BOSS_TEAM] CB ha 20 con tai Liêu Vân Tộc
[2026-08-26T19:31:12] [AUTO_TRAIN] HUNTING: Liêu Vân Tộc: CB 20 con [IN_BATTLE]
[2026-08-26T19:31:13] [AUTO_BOSS] id=13793 distance=641 receiver=0x2adba790 method=18293 stage=1
[2026-08-26T19:31:14] [AUTO_TRAIN] HUNTING: Liêu Vân Tộc: CB 20 con [GAME_CLICK_NPC]
[2026-08-26T19:31:16] [AUTO_BOSS] REJECT_CLICKNPC_TIMEOUT id=13793 base=0x2d3afd70
[2026-08-26T19:31:17] [AUTO_TRAIN] HUNTING: Liêu Vân Tộc: CB 20 con [REJECT_CLICKNPC_TIMEOUT]
[2026-08-26T19:31:19] [AUTO_BOSS] battle edge false->true id=13793
[2026-08-26T19:31:19] [AUTO_TRAIN] HUNTING: Liêu Vân Tộc: CB 20 con [IN_BATTLE]
[2026-08-26T19:31:21] [AUTO_TRAIN] TSk Auto=AUTO_UNKNOWN (button not readable (covered, blank or ambiguous))
[2026-08-26T19:31:22] [AUTO_TRAIN] pepsi Auto=AUTO_UNKNOWN (button not readable (covered, blank or ambiguous))
[2026-08-26T19:31:23] [AUTO_TRAIN] CB Auto=AUTO_UNKNOWN (button not readable (covered, blank or ambiguous))
[2026-08-26T19:31:24] [AUTO_TRAIN] luvy Auto=AUTO_UNKNOWN (button not readable (covered, blank or ambiguous))
[2026-08-26T19:31:25] [AUTO_TRAIN] dyhihi Auto=AUTO_UNKNOWN (button not readable (covered, blank or ambiguous))
[2026-08-26T19:31:25] [AUTO_BOSS_TEAM] kiem tra key CB: auto=AUTO_UNKNOWN
[2026-08-26T19:31:34] [AUTO_BOSS] battle edge true->false clear=21
[2026-08-26T19:31:35] [AUTO_BOSS] selected Phát Tài id=14338 type=3060100000051 resource=2060100000051 base=0x292e2d70 distance=391
[2026-08-26T19:31:36] [AUTO_BOSS] id=14338 distance=391 receiver=0x2adba5e0 method=18293 stage=1
[2026-08-26T19:31:37] [AUTO_BOSS_TEAM] CB ha 21 con tai Liêu Vân Tộc
[2026-08-26T19:31:37] [AUTO_TRAIN] HUNTING: Liêu Vân Tộc: CB 21 con [GAME_CLICK_NPC]
[2026-08-26T19:31:38] [AUTO_BOSS] battle edge false->true id=14338
[2026-08-26T19:31:39] [AUTO_TRAIN] HUNTING: Liêu Vân Tộc: CB 21 con [IN_BATTLE]
[2026-08-26T19:31:51] [AUTO_BOSS] battle edge true->false clear=22
[2026-08-26T19:31:51] [AUTO_BOSS_TEAM] CB ha 22 con tai Liêu Vân Tộc
[2026-08-26T19:31:51] [AUTO_TRAIN] HUNTING: Liêu Vân Tộc: CB 22 con [IN_BATTLE]
[2026-08-26T19:31:52] [AUTO_BOSS] selected Phát Tài id=10463 type=3060100000051 resource=2060100000051 base=0x25c5cd70 distance=68
[2026-08-26T19:31:52] [AUTO_BOSS] id=10463 distance=68 receiver=0x2adba430 method=18293 stage=2
[2026-08-26T19:31:53] [AUTO_TRAIN] HUNTING: Liêu Vân Tộc: CB 22 con [GAME_CLICK_NPC]
[2026-08-26T19:31:54] [AUTO_BOSS] battle edge false->true id=10463
[2026-08-26T19:31:56] [AUTO_TRAIN] HUNTING: Liêu Vân Tộc: CB 22 con [IN_BATTLE]
[2026-08-26T19:32:05] [AUTO_BOSS] battle edge true->false clear=23
[2026-08-26T19:32:07] [AUTO_BOSS] selected Phát Tài id=16341 type=3060100000051 resource=2060100000051 base=0x20b350a0 distance=63
[2026-08-26T19:32:08] [AUTO_BOSS] id=16341 distance=63 receiver=0x209ab430 method=18293 stage=2
[2026-08-26T19:32:09] [AUTO_BOSS_TEAM] CB ha 23 con tai Liêu Vân Tộc
[2026-08-26T19:32:09] [AUTO_TRAIN] HUNTING: Liêu Vân Tộc: CB 23 con [GAME_CLICK_NPC]
[2026-08-26T19:32:10] [AUTO_BOSS] battle edge false->true id=16341
[2026-08-26T19:32:11] [AUTO_TRAIN] TSk Auto=AUTO_UNKNOWN (button not readable (covered, blank or ambiguous))
[2026-08-26T19:32:12] [AUTO_TRAIN] pepsi Auto=AUTO_UNKNOWN (button not readable (covered, blank or ambiguous))
[2026-08-26T19:32:13] [AUTO_TRAIN] CB Auto=AUTO_UNKNOWN (button not readable (covered, blank or ambiguous))
[2026-08-26T19:32:14] [AUTO_TRAIN] luvy Auto=AUTO_UNKNOWN (button not readable (covered, blank or ambiguous))
[2026-08-26T19:32:15] [AUTO_TRAIN] dyhihi Auto=AUTO_UNKNOWN (button not readable (covered, blank or ambiguous))
[2026-08-26T19:32:15] [AUTO_BOSS_TEAM] kiem tra key CB: auto=AUTO_UNKNOWN
[2026-08-26T19:32:15] [AUTO_TRAIN] HUNTING: Liêu Vân Tộc: CB 23 con [IN_BATTLE]
[2026-08-26T19:32:27] [AUTO_BOSS] battle edge true->false clear=24
[2026-08-26T19:32:27] [AUTO_BOSS_TEAM] CB ha 24 con tai Liêu Vân Tộc
[2026-08-26T19:32:28] [AUTO_BOSS] selected Phát Tài id=14335 type=3060100000051 resource=2060100000051 base=0x2aded330 distance=268
[2026-08-26T19:32:29] [AUTO_BOSS] id=14335 distance=268 receiver=0x2adba790 method=18293 stage=1
[2026-08-26T19:32:32] [AUTO_TRAIN] HUNTING: Liêu Vân Tộc: CB 24 con [GAME_CLICK_NPC]
[2026-08-26T19:32:32] [AUTO_BOSS] battle edge false->true id=14335
[2026-08-26T19:32:33] [AUTO_TRAIN] HUNTING: Liêu Vân Tộc: CB 24 con [IN_BATTLE]
[2026-08-26T19:32:41] [AUTO_BOSS] battle edge true->false clear=25
[2026-08-26T19:32:42] [AUTO_BOSS] selected Phát Tài id=10578 type=3060100000051 resource=2060100000051 base=0x2d499ae0 distance=327
[2026-08-26T19:32:42] [AUTO_BOSS_TEAM] CB ha 25 con tai Liêu Vân Tộc
[2026-08-26T19:32:42] [AUTO_TRAIN] HUNTING: Liêu Vân Tộc: CB 25 con [IN_BATTLE]
[2026-08-26T19:32:43] [AUTO_BOSS] id=10578 distance=327 receiver=0x209ab280 method=18293 stage=1
[2026-08-26T19:32:44] [AUTO_TRAIN] HUNTING: Liêu Vân Tộc: CB 25 con [GAME_CLICK_NPC]
[2026-08-26T19:32:45] [AUTO_BOSS] battle edge false->true id=10578
[2026-08-26T19:32:45] [AUTO_TRAIN] HUNTING: Liêu Vân Tộc: CB 25 con [IN_BATTLE]
[2026-08-26T19:33:00] [AUTO_BOSS] battle edge true->false clear=26
[2026-08-26T19:33:01] [AUTO_BOSS] selected Phát Tài id=14762 type=3060100000051 resource=2060100000051 base=0x29902d70 distance=624
[2026-08-26T19:33:02] [AUTO_BOSS] id=14762 distance=624 receiver=0x2adba430 method=18293 stage=1
[2026-08-26T19:33:06] [AUTO_BOSS] id=14762 distance=156 receiver=0x2adba430 method=18293 stage=2
[2026-08-26T19:33:06] [AUTO_TRAIN] luvy Auto=AUTO_UNKNOWN (button not readable (covered, blank or ambiguous))
[2026-08-26T19:33:06] [AUTO_TRAIN] dyhihi Auto=AUTO_UNKNOWN (button not readable (covered, blank or ambiguous))
[2026-08-26T19:33:06] [AUTO_BOSS_TEAM] kiem tra key CB: auto=AUTO_ON
[2026-08-26T19:33:06] [AUTO_TRAIN] HUNTING: Liêu Vân Tộc: CB 25 con [GAME_CLICK_NPC]
[2026-08-26T19:33:08] [AUTO_BOSS_TEAM] CB ha 26 con tai Liêu Vân Tộc
[2026-08-26T19:33:08] [AUTO_TRAIN] PARTY_LOST: rot nhom: CB; moi lai
[2026-08-26T19:33:08] [AUTO_TRAIN] PARTY_FORMING: key CB moi 4 member
[2026-08-26T19:33:24] [AUTO_TRAIN] member 11884 cid=877 joined=False key_in_party=False (x3)
[2026-08-26T19:33:24] [AUTO_TRAIN] member 9568 cid=53 joined=False key_in_party=False (x3)
[2026-08-26T19:33:24] [AUTO_TRAIN] member 7924 cid=12 joined=False key_in_party=False (x3)
[2026-08-26T19:33:24] [AUTO_TRAIN] member 17324 cid=2845 joined=False key_in_party=False (x3)
[2026-08-26T19:33:24] [AUTO_TRAIN] PARTY_PARTIAL: 0/4 member vao nhom
[2026-08-26T19:33:24] [AUTO_TRAIN] HUNTING: Liêu Vân Tộc: CB 26 con [WAIT_FLASH]
[2026-08-26T19:33:55] [AUTO_BOSS_TEAM] kiem tra key CB: auto=AUTO_UNKNOWN
[2026-08-26T19:34:10] [AUTO_TRAIN] PARTY_LOST: rot nhom: CB; moi lai
[2026-08-26T19:34:10] [AUTO_TRAIN] PARTY_FORMING: key CB moi 4 member
[2026-08-26T19:34:25] [AUTO_TRAIN] member 11884 cid=877 joined=False key_in_party=False (x3)
[2026-08-26T19:34:25] [AUTO_TRAIN] member 9568 cid=53 joined=False key_in_party=False (x3)
[2026-08-26T19:34:25] [AUTO_TRAIN] member 7924 cid=12 joined=False key_in_party=False (x3)
[2026-08-26T19:34:25] [AUTO_TRAIN] member 17324 cid=2845 joined=False key_in_party=False (x3)
[2026-08-26T19:34:25] [AUTO_TRAIN] PARTY_PARTIAL: 0/4 member vao nhom
[2026-08-26T19:34:44] [AUTO_BOSS_TEAM] kiem tra key CB: auto=AUTO_UNKNOWN
[2026-08-26T19:35:12] [AUTO_TRAIN] PARTY_LOST: rot nhom: CB; moi lai
[2026-08-26T19:35:12] [AUTO_TRAIN] PARTY_FORMING: key CB moi 4 member
[2026-08-26T19:35:27] [AUTO_TRAIN] member 11884 cid=877 joined=False key_in_party=False (x3)
[2026-08-26T19:35:27] [AUTO_TRAIN] member 9568 cid=53 joined=False key_in_party=False (x3)
[2026-08-26T19:35:27] [AUTO_TRAIN] member 7924 cid=12 joined=False key_in_party=False (x3)
[2026-08-26T19:35:27] [AUTO_TRAIN] member 17324 cid=2845 joined=False key_in_party=False (x3)
[2026-08-26T19:35:27] [AUTO_TRAIN] PARTY_PARTIAL: 0/4 member vao nhom
[2026-08-26T19:35:32] [AUTO_BOSS_TEAM] kiem tra key CB: auto=AUTO_UNKNOWN
[2026-08-26T19:36:13] [AUTO_TRAIN] PARTY_LOST: rot nhom: CB; moi lai
[2026-08-26T19:36:13] [AUTO_TRAIN] PARTY_FORMING: key CB moi 4 member
[2026-08-26T19:36:29] [AUTO_TRAIN] member 11884 cid=877 joined=False key_in_party=False (x3)
[2026-08-26T19:36:29] [AUTO_TRAIN] member 9568 cid=53 joined=False key_in_party=False (x3)
[2026-08-26T19:36:29] [AUTO_TRAIN] member 7924 cid=12 joined=False key_in_party=False (x3)
[2026-08-26T19:36:29] [AUTO_TRAIN] member 17324 cid=2845 joined=False key_in_party=False (x3)
[2026-08-26T19:36:29] [AUTO_TRAIN] PARTY_PARTIAL: 0/4 member vao nhom
[2026-08-26T19:36:31] [AUTO_BOSS_TEAM] kiem tra key CB: auto=AUTO_UNKNOWN
[2026-08-26T19:37:16] [AUTO_TRAIN] PARTY_LOST: rot nhom: CB; moi lai
[2026-08-26T19:37:16] [AUTO_TRAIN] PARTY_FORMING: key CB moi 4 member
[2026-08-26T19:37:31] [AUTO_TRAIN] member 11884 cid=877 joined=False key_in_party=False (x3)
[2026-08-26T19:37:31] [AUTO_TRAIN] member 9568 cid=53 joined=False key_in_party=False (x3)
[2026-08-26T19:37:31] [AUTO_TRAIN] member 7924 cid=12 joined=False key_in_party=False (x3)
[2026-08-26T19:37:31] [AUTO_TRAIN] member 17324 cid=2845 joined=False key_in_party=False (x3)
[2026-08-26T19:37:31] [AUTO_TRAIN] PARTY_PARTIAL: 0/4 member vao nhom
[2026-08-26T19:37:34] [AUTO_BOSS_TEAM] kiem tra key CB: auto=AUTO_UNKNOWN
[2026-08-26T19:38:16] [AUTO_TRAIN] PARTY_LOST: rot nhom: CB; moi lai
[2026-08-26T19:38:16] [AUTO_TRAIN] PARTY_FORMING: key CB moi 4 member
[2026-08-26T19:38:32] [AUTO_TRAIN] member 11884 cid=877 joined=False key_in_party=False (x3)
[2026-08-26T19:38:32] [AUTO_TRAIN] member 9568 cid=53 joined=False key_in_party=False (x3)
[2026-08-26T19:38:32] [AUTO_TRAIN] member 7924 cid=12 joined=False key_in_party=False (x3)
[2026-08-26T19:38:32] [AUTO_TRAIN] member 17324 cid=2845 joined=False key_in_party=False (x3)
[2026-08-26T19:38:32] [AUTO_TRAIN] PARTY_PARTIAL: 0/4 member vao nhom
[2026-08-26T19:38:35] [AUTO_BOSS_TEAM] kiem tra key CB: auto=AUTO_UNKNOWN
[2026-08-26T19:39:19] [AUTO_TRAIN] PARTY_LOST: rot nhom: CB; moi lai
[2026-08-26T19:39:19] [AUTO_TRAIN] PARTY_FORMING: key CB moi 4 member
[2026-08-26T19:39:34] [AUTO_TRAIN] member 11884 cid=877 joined=False key_in_party=False (x3)
[2026-08-26T19:39:34] [AUTO_TRAIN] member 9568 cid=53 joined=False key_in_party=False (x3)
[2026-08-26T19:39:34] [AUTO_TRAIN] member 7924 cid=12 joined=False key_in_party=False (x3)
[2026-08-26T19:39:34] [AUTO_TRAIN] member 17324 cid=2845 joined=False key_in_party=False (x3)
[2026-08-26T19:39:34] [AUTO_TRAIN] PARTY_PARTIAL: 0/4 member vao nhom
[2026-08-26T19:39:36] [AUTO_BOSS_TEAM] kiem tra key CB: auto=AUTO_UNKNOWN
[2026-08-26T19:40:21] [AUTO_TRAIN] PARTY_LOST: rot nhom: CB; moi lai
[2026-08-26T19:40:21] [AUTO_TRAIN] PARTY_FORMING: key CB moi 4 member
[2026-08-26T19:40:36] [AUTO_TRAIN] member 11884 cid=877 joined=False key_in_party=False (x3)
[2026-08-26T19:40:36] [AUTO_TRAIN] member 9568 cid=53 joined=False key_in_party=False (x3)
[2026-08-26T19:40:36] [AUTO_TRAIN] member 7924 cid=12 joined=False key_in_party=False (x3)
[2026-08-26T19:40:36] [AUTO_TRAIN] member 17324 cid=2845 joined=False key_in_party=False (x3)
[2026-08-26T19:40:36] [AUTO_TRAIN] PARTY_PARTIAL: 0/4 member vao nhom
[2026-08-26T19:40:38] [AUTO_BOSS_TEAM] kiem tra key CB: auto=AUTO_UNKNOWN
[2026-08-26T19:40:49] Đã dừng auto boss
[2026-08-26T19:40:49] Đã dừng đánh thử.
[2026-08-26T19:40:52] Đã dừng đánh thử.
[2026-08-27T00:59:35] [AUTO_START] WAIT_WINDOW attempt=1 pass=0 pid=14256 Flash launched at original size
[2026-08-27T00:59:35] Đang đăng nhập 1 acc...
[2026-08-27T00:59:40] [AUTO_START] START_CLICKED attempt=1 pass=0 pid=14256 Bắt đầu
[2026-08-27T00:59:46] [AUTO_START] RETRY_START attempt=1 pass=0 pid=14256 chua thay chon kenh, bam lai Bat dau
[2026-08-27T01:00:03] [AUTO_START] START_CLICKED attempt=1 pass=0 pid=14256 Bắt đầu
[2026-08-27T01:00:08] [AUTO_START] RETRY_START attempt=1 pass=0 pid=14256 chua thay chon kenh, bam lai Bat dau
[2026-08-27T01:00:14] [AUTO_START] MAP_READY_OPEN attempt=1 pass=0 pid=14256 Player=0x153c30a0 Core=0x177130d0 world=(772,976)
[2026-08-27T01:37:02] Đã bắt đầu Daily theo cấu hình riêng: acc_2
[2026-08-27T01:37:05] [POPUP] đã đóng cache_notice
[2026-08-27T01:37:11] Daily xong bước VIP: đã thử claim 5/5 dòng VIP
[2026-08-27T01:37:17] Daily pepsi: cleanup memory VIP: {'ok': True, 'results': {'vip': {'ok': True, 'changed': False, 'before': False, 'after': False}}}
[2026-08-27T01:37:26] Daily xong bước NHẬN THỜI TRANG: đã Rút Bộ thường, bấm Xác nhận và đọc lại popup đã đóng
[2026-08-27T01:37:28] Daily pepsi: cleanup memory NHẬN THỜI TRANG: {'ok': True, 'results': {'character': {'ok': True, 'changed': False, 'before': False, 'after': False}}}
[2026-08-27T01:38:12] Daily xong bước MẬT BẢO: đã dò cấp 6→6, chọn công thức cấp 6 và bấm Chế tạo Mật Bảo 20 lần
[2026-08-27T01:38:14] Daily pepsi: cleanup memory MẬT BẢO: {'ok': True, 'results': {'character': {'ok': True, 'changed': False, 'before': False, 'after': False}}}
[2026-08-27T01:38:25] Daily xong bước ĐIÊU KHẮC: đã bấm Đổi miễn phí và xác nhận Có trong KGĐK
[2026-08-27T01:38:27] Daily pepsi: cleanup memory ĐIÊU KHẮC: {'ok': True, 'results': {'character': {'ok': True, 'changed': False, 'before': False, 'after': False}}}
[2026-08-27T01:39:20] Daily xong bước LẬT THẺ BÀI: đã phát bài, nhận thưởng và xác nhận Có 10/10 lượt
[2026-08-27T01:39:23] Daily pepsi: cleanup memory LẬT THẺ BÀI: {'ok': True, 'results': {'card_game': {'ok': True, 'changed': False, 'before': False, 'after': False}}}
[2026-08-27T06:06:05] Đã bắt đầu Daily theo cấu hình riêng: acc_2
[2026-08-27T06:06:06] Daily pepsi: client chưa mở, đang đăng nhập trước bước PHỤ BẢN...
[2026-08-27T06:06:06] [AUTO_START] WAIT_WINDOW attempt=1 pass=0 pid=3176 Flash launched at original size
[2026-08-27T06:06:11] [AUTO_START] START_CLICKED attempt=1 pass=0 pid=3176 Bắt đầu
[2026-08-27T06:06:16] [AUTO_START] RETRY_START attempt=1 pass=0 pid=3176 chua thay chon kenh, bam lai Bat dau
[2026-08-27T06:06:33] [AUTO_START] START_CLICKED attempt=1 pass=0 pid=3176 Bắt đầu
[2026-08-27T06:06:36] [AUTO_START] CHANNEL_SELECTED attempt=1 pass=0 pid=3176 channel=(449, 308) choices=1
[2026-08-27T06:06:40] [AUTO_START] ENTER_GAME_CLICKED attempt=1 pass=0 pid=3176 character_slot=1 slot_verified=True
[2026-08-27T06:06:45] [AUTO_START] MAP_READY_OPEN attempt=1 pass=0 pid=3176 Player=0x136af0a0 Core=0xc6a50d0 world=(1928,967)
[2026-08-27T06:06:53] [POPUP] đã đóng cache_notice
[2026-08-27T06:10:19] Daily pepsi: bỏ qua PHỤ BẢN (lỗi): engine exception OSError: [WinError 87] The parameter is incorrect. — evidence: C:\Users\Administrator\Desktop\New folder\fbh_v2_ttt_fixed-20260709T181609Z-2-001\fbh_multi_account_infinite_auto\dev_supervisor_target_a_v2_20260814\logs\daily_errors\acc_2\20260827_061019_PHỤ_BẢN.png
[2026-08-27T06:10:19] Daily pepsi: đã reset Flash sau lỗi PHỤ BẢN; tác vụ kế tiếp sẽ đăng nhập từ trạng thái sạch.
[2026-08-27T06:10:19] Daily pepsi: client chưa mở, đang đăng nhập trước bước HÀNH LANG...
[2026-08-27T06:10:19] [AUTO_START] WAIT_WINDOW attempt=1 pass=0 pid=13372 Flash launched at original size
[2026-08-27T06:10:23] [AUTO_START] START_CLICKED attempt=1 pass=0 pid=13372 Bắt đầu
[2026-08-27T06:10:28] [AUTO_START] RETRY_START attempt=1 pass=0 pid=13372 chua thay chon kenh, bam lai Bat dau
[2026-08-27T06:10:30] [AUTO_START] START_CLICKED attempt=1 pass=0 pid=13372 Bắt đầu
[2026-08-27T06:10:36] [AUTO_START] RETRY_START attempt=1 pass=0 pid=13372 chua thay chon kenh, bam lai Bat dau
[2026-08-27T06:10:46] [AUTO_START] START_CLICKED attempt=1 pass=0 pid=13372 Bắt đầu
[2026-08-27T06:10:49] [AUTO_START] CHANNEL_SELECTED attempt=1 pass=0 pid=13372 channel=(449, 308) choices=1
[2026-08-27T06:10:54] [AUTO_START] ENTER_GAME_CLICKED attempt=1 pass=0 pid=13372 character_slot=1 slot_verified=True
[2026-08-27T06:10:59] [AUTO_START] MAP_READY_OPEN attempt=1 pass=0 pid=13372 Player=0x20a8b0a0 Core=0xba140d0 world=(3098,1587)
[2026-08-27T06:11:08] [POPUP] đã đóng cache_notice
[2026-08-27T06:11:33] Daily xong bước HÀNH LANG: đã bấm Nhận Quà Hàng Ngày tại Hành Lang
[2026-08-27T06:11:35] Daily pepsi: cleanup memory HÀNH LANG: {'ok': True, 'results': {'npc_dialog': {'ok': True, 'changed': False, 'before': False, 'after': False}}}
[2026-08-27T06:11:51] Daily xong bước THẦN TU: đã bấm đúng Bắt đầu → Có cho THẦN TU
[2026-08-27T06:11:51] Daily: đã đóng Flash sau Thần Tu; chờ 25 phút.
[2026-08-27T06:36:51] Daily pepsi: client chưa mở, đang đăng nhập trước bước mở lại sau Thần Tu...
[2026-08-27T06:36:51] [AUTO_START] WAIT_WINDOW attempt=1 pass=0 pid=10796 Flash launched at original size
[2026-08-27T06:36:55] [AUTO_START] START_CLICKED attempt=1 pass=0 pid=10796 Bắt đầu
[2026-08-27T06:36:59] [AUTO_START] RETRY_START attempt=1 pass=0 pid=10796 chua thay chon kenh, bam lai Bat dau
[2026-08-27T06:37:02] [AUTO_START] START_CLICKED attempt=1 pass=0 pid=10796 Bắt đầu
[2026-08-27T06:37:07] [AUTO_START] RETRY_START attempt=1 pass=0 pid=10796 chua thay chon kenh, bam lai Bat dau
[2026-08-27T06:37:17] [AUTO_START] START_CLICKED attempt=1 pass=0 pid=10796 Bắt đầu
[2026-08-27T06:37:20] [AUTO_START] CHANNEL_SELECTED attempt=1 pass=0 pid=10796 channel=(449, 308) choices=1
[2026-08-27T06:37:24] [AUTO_START] ENTER_GAME_CLICKED attempt=1 pass=0 pid=10796 character_slot=1 slot_verified=True
[2026-08-27T06:37:29] [AUTO_START] MAP_READY_OPEN attempt=1 pass=0 pid=10796 Player=0x1dd9f0a0 Core=0xb9750d0 world=(2221,411)
[2026-08-27T06:37:36] [POPUP] đã đóng cache_notice
[2026-08-27T06:38:02] [DUNGEON] NPC open attempt 1: exact NPC count=0
[2026-08-27T06:38:10] [DUNGEON] NPC open attempt 2: exact NPC count=0
[2026-08-27T06:39:47] Daily pepsi: bỏ qua TU HÀNH (lỗi): checkpoint 25 phút (mốc 1): engine exception OSError: [WinError 87] The parameter is incorrect. — evidence: C:\Users\Administrator\Desktop\New folder\fbh_v2_ttt_fixed-20260709T181609Z-2-001\fbh_multi_account_infinite_auto\dev_supervisor_target_a_v2_20260814\logs\daily_errors\acc_2\20260827_063947_TU_HÀNH.png
[2026-08-27T06:39:47] Daily pepsi: đã reset Flash sau lỗi TU HÀNH; tác vụ kế tiếp sẽ đăng nhập từ trạng thái sạch.
[2026-08-27T06:39:47] Daily pepsi: client chưa mở, đang đăng nhập trước bước TRỪ MA...
[2026-08-27T06:39:47] [AUTO_START] WAIT_WINDOW attempt=1 pass=0 pid=6940 Flash launched at original size
[2026-08-27T06:39:51] [AUTO_START] START_CLICKED attempt=1 pass=0 pid=6940 Bắt đầu
[2026-08-27T06:39:56] [AUTO_START] RETRY_START attempt=1 pass=0 pid=6940 chua thay chon kenh, bam lai Bat dau
[2026-08-27T06:39:58] [AUTO_START] START_CLICKED attempt=1 pass=0 pid=6940 Bắt đầu
[2026-08-27T06:40:03] [AUTO_START] RETRY_START attempt=1 pass=0 pid=6940 chua thay chon kenh, bam lai Bat dau
[2026-08-27T06:40:13] [AUTO_START] START_CLICKED attempt=1 pass=0 pid=6940 Bắt đầu
[2026-08-27T06:40:16] [AUTO_START] CHANNEL_SELECTED attempt=1 pass=0 pid=6940 channel=(449, 308) choices=1
[2026-08-27T06:40:20] [AUTO_START] ENTER_GAME_CLICKED attempt=1 pass=0 pid=6940 character_slot=1 slot_verified=True
[2026-08-27T06:40:25] [AUTO_START] MAP_READY_OPEN attempt=1 pass=0 pid=6940 Player=0xf5c00a0 Core=0x111190d0 world=(3093,1597)
[2026-08-27T06:40:35] [POPUP] đã đóng cache_notice
[2026-08-27T06:41:52] [TRU_MA] TRỪ MA pepsi: nhận diện: Phong Ấn Cự Thú (id=7669, margin=6)
[2026-08-27T06:42:13] [TRU_MA] TRỪ MA pepsi: mục tiêu: Viễn Cổ Cự Thú id=1161 type=3060100001161 resource=2060100001161
[2026-08-27T06:42:21] [AUTO_BOSS] Start selected-monster NPCView.clickNpc runner generation=1
[2026-08-27T06:42:24] [AUTO_BOSS] selected Monster 2060100001161 id=2169 type=3060100001161 resource=2060100001161 base=0x1f009ae0 distance=429
[2026-08-27T06:42:25] [AUTO_BOSS] NPCView session fingerprint native=0x1317cb8 avm=0xdda3850 method_info=0x6339a88 slot322_method_id=18293
[2026-08-27T06:42:25] [AUTO_BOSS] id=2169 distance=429 receiver=0x1c5ae5e0 method=18293 stage=1
[2026-08-27T06:42:29] [AUTO_BOSS] id=2169 distance=46 receiver=0x1c5ae5e0 method=18293 stage=2
[2026-08-27T06:42:33] [AUTO_BOSS] battle edge false->true id=2169
[2026-08-27T06:42:35] [AUTO_BOSS] battle edge true->false clear=1
[2026-08-27T06:43:57] [TRU_MA] TRỪ MA pepsi: xong lượt 1/10 (Phong Ấn Cự Thú)
[2026-08-27T06:44:14] [TRU_MA] TRỪ MA pepsi: nhận diện: Phong Ấn Cự Thú (id=7669, margin=10)
[2026-08-27T06:44:48] [TRU_MA] TRỪ MA pepsi: mục tiêu: Viễn Cổ Cự Thú id=1161 type=3060100001161 resource=2060100001161
[2026-08-27T06:44:55] [AUTO_BOSS] Start selected-monster NPCView.clickNpc runner generation=1
[2026-08-27T06:44:57] [AUTO_BOSS] selected Monster 2060100001161 id=2169 type=3060100001161 resource=2060100001161 base=0x1ef365c0 distance=429
[2026-08-27T06:44:58] [AUTO_BOSS] NPCView session fingerprint native=0x1317cb8 avm=0xdda3850 method_info=0x6339a88 slot322_method_id=18293
[2026-08-27T06:44:58] [AUTO_BOSS] id=2169 distance=429 receiver=0x1ee370d0 method=18293 stage=1
[2026-08-27T06:45:02] [AUTO_BOSS] id=2169 distance=49 receiver=0x1ee370d0 method=18293 stage=2
[2026-08-27T06:45:06] [AUTO_BOSS] battle edge false->true id=2169
[2026-08-27T06:45:08] [AUTO_BOSS] battle edge true->false clear=1
[2026-08-27T06:47:47] [TRU_MA] TRỪ MA pepsi: dừng ở lượt 2: không mở được hộp thoại NPC Quan Quân Nhu để trả
[2026-08-27T06:47:47] Daily pepsi: bỏ qua TRỪ MA (lỗi): FAILED — 1/10 lượt; dừng ở lượt 2: không mở được hộp thoại NPC Quan Quân Nhu để trả — evidence: C:\Users\Administrator\Desktop\New folder\fbh_v2_ttt_fixed-20260709T181609Z-2-001\fbh_multi_account_infinite_auto\dev_supervisor_target_a_v2_20260814\logs\daily_errors\acc_2\20260827_064747_TRỪ_MA.png
[2026-08-27T06:47:47] Daily pepsi: đã reset Flash sau lỗi TRỪ MA; tác vụ kế tiếp sẽ đăng nhập từ trạng thái sạch.
[2026-08-27T06:47:47] Daily pepsi: client chưa mở, đang đăng nhập trước bước TRỊ AN...
[2026-08-27T06:47:47] [AUTO_START] WAIT_WINDOW attempt=1 pass=0 pid=14572 Flash launched at original size
[2026-08-27T06:47:51] [AUTO_START] START_CLICKED attempt=1 pass=0 pid=14572 Bắt đầu
[2026-08-27T06:47:56] [AUTO_START] RETRY_START attempt=1 pass=0 pid=14572 chua thay chon kenh, bam lai Bat dau
[2026-08-27T06:47:58] [AUTO_START] START_CLICKED attempt=1 pass=0 pid=14572 Bắt đầu
[2026-08-27T06:48:03] [AUTO_START] RETRY_START attempt=1 pass=0 pid=14572 chua thay chon kenh, bam lai Bat dau
[2026-08-27T06:48:14] [AUTO_START] START_CLICKED attempt=1 pass=0 pid=14572 Bắt đầu
[2026-08-27T06:48:16] [AUTO_START] CHANNEL_SELECTED attempt=1 pass=0 pid=14572 channel=(449, 308) choices=1
[2026-08-27T06:48:20] [AUTO_START] ENTER_GAME_CLICKED attempt=1 pass=0 pid=14572 character_slot=1 slot_verified=True
[2026-08-27T06:48:26] [AUTO_START] MAP_READY_OPEN attempt=1 pass=0 pid=14572 Player=0x105ec0a0 Core=0x120330d0 world=(2069,1363)
[2026-08-27T06:48:36] [POPUP] đã đóng cache_notice
[2026-08-27T06:49:58] [TRI_AN] TRỊ AN pepsi: đã nhận nhiệm vụ id=không đọc được (id ?)
[2026-08-27T06:50:00] [TRI_AN] TRỊ AN pepsi: vật phẩm mã 4843 ở trang 10 ô 15 (sid 2416)
[2026-08-27T06:50:36] [TRI_AN] TRỊ AN pepsi: dừng ở lượt 1: dùng vật phẩm chỉ đường: đã nhấp đôi ô 15 trang 10 nhưng map vẫn là 9 sau 25s — vật phẩm mã 4843 chưa dùng được
[2026-08-27T06:50:37] Daily pepsi: bỏ qua TRỊ AN (lỗi): FAILED — 0/10 lượt; dừng ở lượt 1: dùng vật phẩm chỉ đường: đã nhấp đôi ô 15 trang 10 nhưng map vẫn là 9 sau 25s — vật phẩm mã 4843 chưa dùng được — evidence: C:\Users\Administrator\Desktop\New folder\fbh_v2_ttt_fixed-20260709T181609Z-2-001\fbh_multi_account_infinite_auto\dev_supervisor_target_a_v2_20260814\logs\daily_errors\acc_2\20260827_065037_TRỊ_AN.png
[2026-08-27T06:50:37] Daily pepsi: đã reset Flash sau lỗi TRỊ AN; tác vụ kế tiếp sẽ đăng nhập từ trạng thái sạch.
[2026-08-27T06:50:37] Daily hoàn tất đúng plan snapshot: PHỤ BẢN, HÀNH LANG, THẦN TU, TU HÀNH, TRỪ MA, TRỊ AN
[2026-08-27T06:51:39] Đã bắt đầu Daily theo cấu hình riêng: acc_2
[2026-08-27T06:51:40] Daily pepsi: client chưa mở, đang đăng nhập trước bước PHỤ BẢN...
[2026-08-27T06:51:40] [AUTO_START] WAIT_WINDOW attempt=1 pass=0 pid=8120 Flash launched at original size
[2026-08-27T06:51:44] [AUTO_START] START_CLICKED attempt=1 pass=0 pid=8120 Bắt đầu
[2026-08-27T06:51:49] [AUTO_START] RETRY_START attempt=1 pass=0 pid=8120 chua thay chon kenh, bam lai Bat dau
[2026-08-27T06:52:07] [AUTO_START] START_CLICKED attempt=1 pass=0 pid=8120 Bắt đầu
[2026-08-27T06:52:10] [AUTO_START] CHANNEL_SELECTED attempt=1 pass=0 pid=8120 channel=(449, 308) choices=1
[2026-08-27T06:52:14] [AUTO_START] ENTER_GAME_CLICKED attempt=1 pass=0 pid=8120 character_slot=1 slot_verified=True
[2026-08-27T06:52:19] [AUTO_START] MAP_READY_OPEN attempt=1 pass=0 pid=8120 Player=0x100a60a0 Core=0x15cd40d0 world=(3095,846)
[2026-08-27T06:52:27] [POPUP] đã đóng cache_notice
[2026-08-27T06:52:53] [DUNGEON] NPC open attempt 1: exact NPC count=0
[2026-08-27T06:53:01] [DUNGEON] NPC open attempt 2: exact NPC count=0
[2026-08-27T06:57:12] [DUNGEON] Auto PB toolbar scan arrow=NutXuong.png score=0.990 box=(313, 28, 21, 23)
[2026-08-27T06:57:13] [DUNGEON] Auto PB panel visible after guarded toolbar click
[2026-08-27T06:57:18] [POPUP] đã đóng panel/popup lạ có X tại (798, 78)
[2026-08-27T06:57:24] [DUNGEON] Auto PB toolbar scan arrow=NutXuong.png score=0.990 box=(313, 28, 21, 23)
[2026-08-27T06:57:25] [DUNGEON] Auto PB panel visible after guarded toolbar click
[2026-08-27T06:57:30] [POPUP] đã đóng panel/popup lạ có X tại (798, 78)
[2026-08-27T06:57:36] [DUNGEON] Auto PB toolbar scan arrow=NutXuong.png score=0.990 box=(313, 28, 21, 23)
[2026-08-27T06:57:38] [DUNGEON] Auto PB panel visible after guarded toolbar click
[2026-08-27T06:57:45] [POPUP] đã đóng panel/popup lạ có X tại (798, 78)
[2026-08-27T06:57:51] [DUNGEON] Auto PB toolbar scan arrow=NutXuong.png score=0.990 box=(313, 28, 21, 23)
[2026-08-27T06:57:53] [DUNGEON] Auto PB panel visible after guarded toolbar click
[2026-08-27T06:57:54] [DUNGEON] Claim Liệt Diễm Thâm Uyên: button score=0.940 box=(202, 280, 60, 19) evidence=C:\Users\Administrator\Desktop\New folder\fbh_v2_ttt_fixed-20260709T181609Z-2-001\fbh_multi_account_infinite_auto\dev_supervisor_target_a_v2_20260814\logs\auto_pb_claim_8120_Liệt Diễm Thâm Uyên_1787788674.png
[2026-08-27T06:57:55] [DUNGEON] Claim Liệt Diễm Thâm Uyên: readback start PASS
[2026-08-27T06:58:09] [POPUP] đã đóng panel/popup lạ có X tại (798, 78)
[2026-08-27T06:58:15] [DUNGEON] Auto PB toolbar scan arrow=NutXuong.png score=0.990 box=(313, 28, 21, 23)
[2026-08-27T06:58:16] [DUNGEON] Auto PB panel visible after guarded toolbar click
[2026-08-27T06:58:23] [POPUP] đã đóng panel/popup lạ có X tại (798, 78)
[2026-08-27T06:58:29] [DUNGEON] Auto PB toolbar scan arrow=NutXuong.png score=0.990 box=(313, 28, 21, 23)
[2026-08-27T06:58:30] [DUNGEON] Auto PB panel visible after guarded toolbar click
[2026-08-27T06:58:37] [POPUP] đã đóng panel/popup lạ có X tại (798, 78)
[2026-08-27T06:58:43] [DUNGEON] Auto PB toolbar scan arrow=NutXuong.png score=0.990 box=(313, 28, 21, 23)
[2026-08-27T06:58:44] [DUNGEON] Auto PB panel visible after guarded toolbar click
[2026-08-27T06:58:47] [DUNGEON] Claim Thế Giới Số: button score=0.940 box=(202, 177, 60, 19) evidence=C:\Users\Administrator\Desktop\New folder\fbh_v2_ttt_fixed-20260709T181609Z-2-001\fbh_multi_account_infinite_auto\dev_supervisor_target_a_v2_20260814\logs\auto_pb_claim_8120_Thế Giới Số_1787788727.png
[2026-08-27T06:58:47] [DUNGEON] Claim Thế Giới Số: readback start PASS
[2026-08-27T06:58:50] [DUNGEON] Claim Thám Hiểm: button score=1.000 box=(428, 177, 60, 19) evidence=C:\Users\Administrator\Desktop\New folder\fbh_v2_ttt_fixed-20260709T181609Z-2-001\fbh_multi_account_infinite_auto\dev_supervisor_target_a_v2_20260814\logs\auto_pb_claim_8120_Thám Hiểm_1787788730.png
[2026-08-27T06:58:51] [DUNGEON] Claim Thám Hiểm: readback start PASS
[2026-08-27T06:58:57] [POPUP] đã đóng panel/popup lạ có X tại (798, 78)
[2026-08-27T06:59:02] Daily PHỤ BẢN lượt đầu: Mê Huyễn Động:start; Kho Báu Đại Mạc:start; Lục Tiên Cảnh:start; Liệt Diễm Thâm Uyên:claim; Liệt Diễm Thâm Uyên:start; Trở Lại Lang Huyệt:start; Quỷ Hút Máu:start; Thế Giới Số:claim; Thám Hiểm:claim; Thám Hiểm:start
[2026-08-27T06:59:02] Daily xong bước PHỤ BẢN: Mê Huyễn Động:start; Kho Báu Đại Mạc:start; Lục Tiên Cảnh:start; Liệt Diễm Thâm Uyên:claim; Liệt Diễm Thâm Uyên:start; Trở Lại Lang Huyệt:start; Quỷ Hút Máu:start; Thế Giới Số:claim; Thám Hiểm:claim; Thám Hiểm:start
[2026-08-27T06:59:06] Daily pepsi: cleanup memory PHỤ BẢN: {'ok': True, 'results': {'quest': {'ok': True, 'changed': False, 'before': False, 'after': False}, 'npc_dialog': {'ok': True, 'changed': False, 'before': False, 'after': False}, 'auto_dungeon': {'ok': True, 'changed': False, 'before': False, 'after': False}}}
[2026-08-27T06:59:06] Daily: đã đóng Flash sau Auto phụ bản checkpoint 1; chờ 25 phút.
[2026-08-27T07:12:20] Đã bắt đầu Daily theo cấu hình riêng: acc_2
[2026-08-27T07:12:20] Daily pepsi: client chưa mở, đang đăng nhập trước bước TRỪ MA...
[2026-08-27T07:12:20] [AUTO_START] WAIT_WINDOW attempt=1 pass=0 pid=13176 Flash launched at original size
[2026-08-27T07:12:24] [AUTO_START] START_CLICKED attempt=1 pass=0 pid=13176 Bắt đầu
[2026-08-27T07:12:29] [AUTO_START] RETRY_START attempt=1 pass=0 pid=13176 chua thay chon kenh, bam lai Bat dau
[2026-08-27T07:12:31] [AUTO_START] START_CLICKED attempt=1 pass=0 pid=13176 Bắt đầu
[2026-08-27T07:12:36] [AUTO_START] RETRY_START attempt=1 pass=0 pid=13176 chua thay chon kenh, bam lai Bat dau
[2026-08-27T07:12:47] [AUTO_START] START_CLICKED attempt=1 pass=0 pid=13176 Bắt đầu
[2026-08-27T07:12:49] [AUTO_START] CHANNEL_SELECTED attempt=1 pass=0 pid=13176 channel=(449, 308) choices=1
[2026-08-27T07:12:53] [AUTO_START] ENTER_GAME_CLICKED attempt=1 pass=0 pid=13176 character_slot=1 slot_verified=True
[2026-08-27T07:12:59] [AUTO_START] MAP_READY_OPEN attempt=1 pass=0 pid=13176 Player=0x1275e0a0 Core=0xc0270d0 world=(3080,1612)
[2026-08-27T07:13:09] [POPUP] đã đóng cache_notice
[2026-08-27T07:13:54] [TRU_MA] TRỪ MA pepsi: exception KeyError: 'quest'
[2026-08-27T07:13:55] Daily pepsi: bỏ qua TRỪ MA (lỗi): ERROR — 0/10 lượt; exception KeyError: 'quest' — evidence: C:\Users\Administrator\Desktop\New folder\fbh_v2_ttt_fixed-20260709T181609Z-2-001\fbh_multi_account_infinite_auto\dev_supervisor_target_a_v2_20260814\logs\daily_errors\acc_2\20260827_071355_TRỪ_MA.png
[2026-08-27T07:13:55] Daily pepsi: đã reset Flash sau lỗi TRỪ MA; tác vụ kế tiếp sẽ đăng nhập từ trạng thái sạch.
[2026-08-27T07:13:55] Daily pepsi: client chưa mở, đang đăng nhập trước bước TRỊ AN...
[2026-08-27T07:13:55] [AUTO_START] WAIT_WINDOW attempt=1 pass=0 pid=2580 Flash launched at original size
[2026-08-27T07:13:59] [AUTO_START] START_CLICKED attempt=1 pass=0 pid=2580 Bắt đầu
[2026-08-27T07:14:04] [AUTO_START] RETRY_START attempt=1 pass=0 pid=2580 chua thay chon kenh, bam lai Bat dau
[2026-08-27T07:14:06] [AUTO_START] START_CLICKED attempt=1 pass=0 pid=2580 Bắt đầu
[2026-08-27T07:14:11] [AUTO_START] RETRY_START attempt=1 pass=0 pid=2580 chua thay chon kenh, bam lai Bat dau
[2026-08-27T07:14:21] [AUTO_START] START_CLICKED attempt=1 pass=0 pid=2580 Bắt đầu
[2026-08-27T07:14:24] [AUTO_START] CHANNEL_SELECTED attempt=1 pass=0 pid=2580 channel=(449, 308) choices=1
[2026-08-27T07:14:28] [AUTO_START] ENTER_GAME_CLICKED attempt=1 pass=0 pid=2580 character_slot=1 slot_verified=True
[2026-08-27T07:14:33] [AUTO_START] MAP_READY_OPEN attempt=1 pass=0 pid=2580 Player=0x11e120a0 Core=0x162dc0d0 world=(2299,1343)
[2026-08-27T07:14:44] [POPUP] đã đóng cache_notice
[2026-08-27T07:15:36] [TRI_AN] TRỊ AN pepsi: đã nhận nhiệm vụ id=7667 (Phản Quân Hải Tặc)
[2026-08-27T07:15:38] [TRI_AN] TRỊ AN pepsi: vật phẩm mã 4843 ở trang 10 ô 15 (sid 2416)
[2026-08-27T07:15:55] [TRI_AN] TRỊ AN pepsi: đã dịch chuyển tới map 24 bằng Mật Lệnh Hải Tặc
[2026-08-27T07:15:57] [TRI_AN] TRỊ AN pepsi: mục tiêu: Phản Quân Đại Tướng family=306010 id=1071 (khớp theo name)
[2026-08-27T07:16:03] [AUTO_BOSS] Start selected-monster NPCView.clickNpc runner generation=1
[2026-08-27T07:16:06] [AUTO_BOSS] selected Monster 2060090100071 id=12376 type=3060100001071 resource=2060090100071 base=0x28459330 distance=0
[2026-08-27T07:16:06] [AUTO_BOSS] NPCView session fingerprint native=0x1317cb8 avm=0x1f555850 method_info=0x137cca88 slot322_method_id=18293
[2026-08-27T07:16:06] [AUTO_BOSS] id=12376 distance=0 receiver=0x2bf19af0 method=18293 stage=2
[2026-08-27T07:16:08] [AUTO_BOSS] battle edge false->true id=12376
[2026-08-27T07:17:38] [AUTO_BOSS] battle edge true->false clear=1
[2026-08-27T07:19:42] [TRI_AN] TRỊ AN pepsi: xong lượt 1/10 (Phản Quân Hải Tặc)
[2026-08-27T07:20:10] [TRI_AN] TRỊ AN pepsi: dừng ở lượt 2: mất client giữa lượt ([WinError 87] The parameter is incorrect.)
[2026-08-27T07:20:11] Daily pepsi: bỏ qua TRỊ AN (lỗi): FAILED — 1/10 lượt; dừng ở lượt 2: mất client giữa lượt ([WinError 87] The parameter is incorrect.) — evidence: C:\Users\Administrator\Desktop\New folder\fbh_v2_ttt_fixed-20260709T181609Z-2-001\fbh_multi_account_infinite_auto\dev_supervisor_target_a_v2_20260814\logs\daily_errors\acc_2\20260827_072011_TRỊ_AN.png
[2026-08-27T07:20:11] Daily pepsi: đã reset Flash sau lỗi TRỊ AN; tác vụ kế tiếp sẽ đăng nhập từ trạng thái sạch.
[2026-08-27T07:20:11] Daily hoàn tất đúng plan snapshot: TRỪ MA, TRỊ AN
[2026-08-27T07:24:59] [AUTO_START] WAIT_WINDOW attempt=1 pass=0 pid=14256 Flash launched at original size
[2026-08-27T07:25:03] [AUTO_START] START_CLICKED attempt=1 pass=0 pid=14256 Bắt đầu
[2026-08-27T07:25:07] [AUTO_START] RETRY_START attempt=1 pass=0 pid=14256 chua thay chon kenh, bam lai Bat dau
[2026-08-27T07:25:10] [AUTO_START] START_CLICKED attempt=1 pass=0 pid=14256 Bắt đầu
[2026-08-27T07:25:15] [AUTO_START] RETRY_START attempt=1 pass=0 pid=14256 chua thay chon kenh, bam lai Bat dau
[2026-08-27T07:25:25] [AUTO_START] START_CLICKED attempt=1 pass=0 pid=14256 Bắt đầu
[2026-08-27T07:25:28] [AUTO_START] CHANNEL_SELECTED attempt=1 pass=0 pid=14256 channel=(449, 308) choices=1
[2026-08-27T07:25:32] [AUTO_START] ENTER_GAME_CLICKED attempt=1 pass=0 pid=14256 character_slot=1 slot_verified=True
[2026-08-27T07:25:38] [AUTO_START] MAP_READY_OPEN attempt=1 pass=0 pid=14256 Player=0x1ce670a0 Core=0x16adf0d0 world=(3092,845)
[2026-08-27T07:25:46] [POPUP] đã đóng cache_notice
[2026-08-27T07:25:48] [DUNGEON] Auto PB toolbar scan arrow=NutXuong.png score=0.990 box=(313, 28, 21, 23)
[2026-08-27T07:25:49] [DUNGEON] Auto PB panel visible after guarded toolbar click
[2026-08-27T07:25:53] [DUNGEON] Claim Mê Huyễn Động: button score=0.940 box=(202, 177, 60, 19) evidence=C:\Users\Administrator\Desktop\New folder\fbh_v2_ttt_fixed-20260709T181609Z-2-001\fbh_multi_account_infinite_auto\dev_supervisor_target_a_v2_20260814\logs\auto_pb_claim_14256_Mê Huyễn Động_1787790352.png
[2026-08-27T07:25:53] [DUNGEON] Claim Mê Huyễn Động: readback start PASS
[2026-08-27T07:25:59] [POPUP] đã đóng panel/popup lạ có X tại (798, 78)
[2026-08-27T07:26:04] [DUNGEON] Auto PB toolbar scan arrow=NutXuong.png score=0.990 box=(313, 28, 21, 23)
[2026-08-27T07:26:05] [DUNGEON] Auto PB panel visible after guarded toolbar click
[2026-08-27T07:26:06] [DUNGEON] Claim Kho Báu Đại Mạc: button score=1.000 box=(428, 177, 60, 19) evidence=C:\Users\Administrator\Desktop\New folder\fbh_v2_ttt_fixed-20260709T181609Z-2-001\fbh_multi_account_infinite_auto\dev_supervisor_target_a_v2_20260814\logs\auto_pb_claim_14256_Kho Báu Đại Mạc_1787790366.png
[2026-08-27T07:26:07] [DUNGEON] Claim Kho Báu Đại Mạc: readback start PASS
[2026-08-27T07:26:13] [POPUP] đã đóng panel/popup lạ có X tại (798, 78)
[2026-08-27T07:26:18] [DUNGEON] Auto PB toolbar scan arrow=NutXuong.png score=0.990 box=(313, 28, 21, 23)
[2026-08-27T07:26:19] [DUNGEON] Auto PB panel visible after guarded toolbar click
[2026-08-27T07:26:20] [DUNGEON] Claim Lục Tiên Cảnh: button score=1.000 box=(654, 177, 60, 19) evidence=C:\Users\Administrator\Desktop\New folder\fbh_v2_ttt_fixed-20260709T181609Z-2-001\fbh_multi_account_infinite_auto\dev_supervisor_target_a_v2_20260814\logs\auto_pb_claim_14256_Lục Tiên Cảnh_1787790380.png
[2026-08-27T07:26:21] [DUNGEON] Claim Lục Tiên Cảnh: readback start PASS
[2026-08-27T07:26:27] [POPUP] đã đóng panel/popup lạ có X tại (798, 78)
[2026-08-27T07:26:32] [DUNGEON] Auto PB toolbar scan arrow=NutXuong.png score=0.990 box=(313, 28, 21, 23)
[2026-08-27T07:26:33] [DUNGEON] Auto PB panel visible after guarded toolbar click
[2026-08-27T07:26:34] [DUNGEON] Claim Liệt Diễm Thâm Uyên: button score=0.940 box=(202, 280, 60, 19) evidence=C:\Users\Administrator\Desktop\New folder\fbh_v2_ttt_fixed-20260709T181609Z-2-001\fbh_multi_account_infinite_auto\dev_supervisor_target_a_v2_20260814\logs\auto_pb_claim_14256_Liệt Diễm Thâm Uyên_1787790394.png
[2026-08-27T07:26:35] [DUNGEON] Claim Liệt Diễm Thâm Uyên: readback start PASS
[2026-08-27T07:26:43] [POPUP] đã đóng panel/popup lạ có X tại (798, 78)
[2026-08-27T07:26:48] [DUNGEON] Auto PB toolbar scan arrow=NutXuong.png score=0.990 box=(313, 28, 21, 23)
[2026-08-27T07:26:49] [DUNGEON] Auto PB panel visible after guarded toolbar click
[2026-08-27T07:26:50] [DUNGEON] Claim Trở Lại Lang Huyệt: button score=1.000 box=(428, 280, 60, 19) evidence=C:\Users\Administrator\Desktop\New folder\fbh_v2_ttt_fixed-20260709T181609Z-2-001\fbh_multi_account_infinite_auto\dev_supervisor_target_a_v2_20260814\logs\auto_pb_claim_14256_Trở Lại Lang Huyệt_1787790410.png
[2026-08-27T07:26:51] [DUNGEON] Claim Trở Lại Lang Huyệt: readback start PASS
[2026-08-27T07:26:58] [POPUP] đã đóng panel/popup lạ có X tại (798, 78)
[2026-08-27T07:27:03] [DUNGEON] Auto PB toolbar scan arrow=NutXuong.png score=0.990 box=(313, 28, 21, 23)
[2026-08-27T07:27:04] [DUNGEON] Auto PB panel visible after guarded toolbar click
[2026-08-27T07:27:06] [DUNGEON] Claim Quỷ Hút Máu: button score=1.000 box=(654, 280, 60, 19) evidence=C:\Users\Administrator\Desktop\New folder\fbh_v2_ttt_fixed-20260709T181609Z-2-001\fbh_multi_account_infinite_auto\dev_supervisor_target_a_v2_20260814\logs\auto_pb_claim_14256_Quỷ Hút Máu_1787790425.png
[2026-08-27T07:27:06] [DUNGEON] Claim Quỷ Hút Máu: readback start PASS
[2026-08-27T07:27:14] [POPUP] đã đóng panel/popup lạ có X tại (798, 78)
[2026-08-27T07:27:19] [DUNGEON] Auto PB toolbar scan arrow=NutXuong.png score=0.990 box=(313, 28, 21, 23)
[2026-08-27T07:27:20] [DUNGEON] Auto PB panel visible after guarded toolbar click
[2026-08-27T07:27:23] [DUNGEON] Claim Thám Hiểm: button score=1.000 box=(428, 177, 60, 19) evidence=C:\Users\Administrator\Desktop\New folder\fbh_v2_ttt_fixed-20260709T181609Z-2-001\fbh_multi_account_infinite_auto\dev_supervisor_target_a_v2_20260814\logs\auto_pb_claim_14256_Thám Hiểm_1787790443.png
[2026-08-27T07:27:24] [DUNGEON] Claim Thám Hiểm: readback start PASS
[2026-08-27T07:27:29] [POPUP] đã đóng panel/popup lạ có X tại (798, 78)
[2026-08-27T07:28:16] [AUTO_START] WAIT_WINDOW attempt=1 pass=0 pid=10432 Flash launched at original size
[2026-08-27T07:28:19] [AUTO_START] START_CLICKED attempt=1 pass=0 pid=10432 Bắt đầu
[2026-08-27T07:28:24] [AUTO_START] RETRY_START attempt=1 pass=0 pid=10432 chua thay chon kenh, bam lai Bat dau
[2026-08-27T07:28:27] [AUTO_START] START_CLICKED attempt=1 pass=0 pid=10432 Bắt đầu
[2026-08-27T07:28:32] [AUTO_START] RETRY_START attempt=1 pass=0 pid=10432 chua thay chon kenh, bam lai Bat dau
[2026-08-27T07:28:42] [AUTO_START] START_CLICKED attempt=1 pass=0 pid=10432 Bắt đầu
[2026-08-27T07:28:45] [AUTO_START] CHANNEL_SELECTED attempt=1 pass=0 pid=10432 channel=(449, 308) choices=1
[2026-08-27T07:28:49] [AUTO_START] ENTER_GAME_CLICKED attempt=1 pass=0 pid=10432 character_slot=1 slot_verified=True
[2026-08-27T07:28:54] [AUTO_START] MAP_READY_OPEN attempt=1 pass=0 pid=10432 Player=0xaceb0a0 Core=0x153370d0 world=(3092,845)
[2026-08-27T07:29:02] [POPUP] đã đóng cache_notice
[2026-08-27T07:29:43] Đã bắt đầu Daily theo cấu hình riêng: acc_2
[2026-08-27T07:29:43] Daily pepsi: client chưa mở, đang đăng nhập trước bước TRỪ MA...
[2026-08-27T07:29:43] [AUTO_START] WAIT_WINDOW attempt=1 pass=0 pid=13596 Flash launched at original size
[2026-08-27T07:29:47] [AUTO_START] START_CLICKED attempt=1 pass=0 pid=13596 Bắt đầu
[2026-08-27T07:29:51] [AUTO_START] RETRY_START attempt=1 pass=0 pid=13596 chua thay chon kenh, bam lai Bat dau
[2026-08-27T07:29:54] [AUTO_START] START_CLICKED attempt=1 pass=0 pid=13596 Bắt đầu
[2026-08-27T07:29:59] [AUTO_START] RETRY_START attempt=1 pass=0 pid=13596 chua thay chon kenh, bam lai Bat dau
[2026-08-27T07:30:09] [AUTO_START] START_CLICKED attempt=1 pass=0 pid=13596 Bắt đầu
[2026-08-27T07:30:12] [AUTO_START] CHANNEL_SELECTED attempt=1 pass=0 pid=13596 channel=(449, 308) choices=1
[2026-08-27T07:30:16] [AUTO_START] ENTER_GAME_CLICKED attempt=1 pass=0 pid=13596 character_slot=1 slot_verified=True
[2026-08-27T07:30:21] [AUTO_START] MAP_READY_OPEN attempt=1 pass=0 pid=13596 Player=0x128670a0 Core=0x16a910d0 world=(2187,436)
[2026-08-27T07:30:32] [POPUP] đã đóng cache_notice
[2026-08-27T07:31:12] [TRU_MA] TRỪ MA pepsi: phục hồi nhiệm vụ đã giết xong: Phong Ấn Cự Thú
[2026-08-27T07:31:26] [TRU_MA] TRỪ MA pepsi: xong lượt 1/10 (Phong Ấn Cự Thú)
[2026-08-27T07:31:41] [TRU_MA] TRỪ MA pepsi: nhận diện: Phong Ấn Cự Ma (id=7670, margin=5)
[2026-08-27T07:32:13] [TRU_MA] TRỪ MA pepsi: mục tiêu: Viễn Cổ Cự Ma id=1167 type=3060100001167 resource=2060100001167
[2026-08-27T07:32:22] [AUTO_BOSS] Start selected-monster NPCView.clickNpc runner generation=1
[2026-08-27T07:32:25] [AUTO_BOSS] selected Monster 2060100001167 id=2168 type=3060100001167 resource=2060100001167 base=0x12e73d70 distance=996
[2026-08-27T07:32:25] [AUTO_BOSS] NPCView session fingerprint native=0x1317cb8 avm=0x14a50850 method_info=0xaae1970 slot322_method_id=18293
[2026-08-27T07:32:25] [AUTO_BOSS] id=2168 distance=996 receiver=0xf5fd280 method=18293 stage=1
[2026-08-27T07:32:31] [AUTO_BOSS] id=2168 distance=208 receiver=0xf5fd280 method=18293 stage=2
[2026-08-27T07:32:35] [AUTO_BOSS] battle edge false->true id=2168
[2026-08-27T07:32:38] [AUTO_BOSS] battle edge true->false clear=1
[2026-08-27T07:33:29] [TRU_MA] TRỪ MA pepsi: xong lượt 2/10 (Phong Ấn Cự Ma)
[2026-08-27T07:33:46] [TRU_MA] TRỪ MA pepsi: nhận diện: Phi Ma Tập Kích (id=7668, margin=6)
[2026-08-27T07:34:18] [TRU_MA] TRỪ MA pepsi: mục tiêu: Thủ Lĩnh Phi Ma id=1114 type=3060100001114 resource=2060090100114
[2026-08-27T07:34:25] [AUTO_BOSS] Start selected-monster NPCView.clickNpc runner generation=1
[2026-08-27T07:34:27] [AUTO_BOSS] selected Thủ Lĩnh Phi Ma id=1173 type=3060100001114 resource=2060090100114 base=0x222f1330 distance=644
[2026-08-27T07:34:27] [AUTO_BOSS] NPCView session fingerprint native=0x1317cb8 avm=0x14a50850 method_info=0xaae1970 slot322_method_id=18293
[2026-08-27T07:34:28] [AUTO_BOSS] id=1173 distance=644 receiver=0x21848e50 method=18293 stage=1
[2026-08-27T07:34:32] [AUTO_BOSS] id=1173 distance=209 receiver=0x21848e50 method=18293 stage=2
[2026-08-27T07:34:35] [AUTO_BOSS] battle edge false->true id=1173
[2026-08-27T07:34:39] [AUTO_BOSS] battle edge true->false clear=1
[2026-08-27T07:35:26] [TRU_MA] TRỪ MA pepsi: xong lượt 3/10 (Phi Ma Tập Kích)
[2026-08-27T07:35:43] [TRU_MA] TRỪ MA pepsi: nhận diện: Phi Ma Tập Kích (id=7668, margin=9)
[2026-08-27T07:36:17] [TRU_MA] TRỪ MA pepsi: mục tiêu: Thủ Lĩnh Phi Ma id=1114 type=3060100001114 resource=2060090100114
[2026-08-27T07:36:23] [AUTO_BOSS] Start selected-monster NPCView.clickNpc runner generation=1
[2026-08-27T07:36:26] [AUTO_BOSS] selected Thủ Lĩnh Phi Ma id=1173 type=3060100001114 resource=2060090100114 base=0xa530d70 distance=644
[2026-08-27T07:36:27] [AUTO_BOSS] NPCView session fingerprint native=0x1317cb8 avm=0x14a50850 method_info=0xaae1970 slot322_method_id=18293
[2026-08-27T07:36:27] [AUTO_BOSS] id=1173 distance=644 receiver=0x12124ca0 method=18293 stage=1
[2026-08-27T07:36:31] [AUTO_BOSS] id=1173 distance=139 receiver=0x12124ca0 method=18293 stage=2
[2026-08-27T07:36:35] [AUTO_BOSS] battle edge false->true id=1173
[2026-08-27T07:36:42] [AUTO_BOSS] battle edge true->false clear=1
[2026-08-27T07:37:29] [TRU_MA] TRỪ MA pepsi: xong lượt 4/10 (Phi Ma Tập Kích)
[2026-08-27T07:37:46] [TRU_MA] TRỪ MA pepsi: nhận diện: Phi Ma Tập Kích (id=7668, margin=6)
[2026-08-27T07:38:20] [TRU_MA] TRỪ MA pepsi: mục tiêu: Thủ Lĩnh Phi Ma id=1114 type=3060100001114 resource=2060090100114
[2026-08-27T07:38:27] [AUTO_BOSS] Start selected-monster NPCView.clickNpc runner generation=1
[2026-08-27T07:38:29] [AUTO_BOSS] selected Thủ Lĩnh Phi Ma id=1173 type=3060100001114 resource=2060090100114 base=0x22a70330 distance=644
[2026-08-27T07:38:30] [AUTO_BOSS] NPCView session fingerprint native=0x1317cb8 avm=0x14a50850 method_info=0xaae1970 slot322_method_id=18293
[2026-08-27T07:38:30] [AUTO_BOSS] id=1173 distance=644 receiver=0x12124ca0 method=18293 stage=1
[2026-08-27T07:38:35] [AUTO_BOSS] id=1173 distance=145 receiver=0x12124ca0 method=18293 stage=2
[2026-08-27T07:38:38] [AUTO_BOSS] battle edge false->true id=1173
[2026-08-27T07:38:40] [AUTO_BOSS] battle edge true->false clear=1
[2026-08-27T07:39:25] [TRU_MA] TRỪ MA pepsi: xong lượt 5/10 (Phi Ma Tập Kích)
[2026-08-27T07:39:43] [TRU_MA] TRỪ MA pepsi: nhận diện: Phong Ấn Cự Thú (id=7669, margin=3)
[2026-08-27T07:40:18] [TRU_MA] TRỪ MA pepsi: mục tiêu: Viễn Cổ Cự Thú id=1161 type=3060100001161 resource=2060100001161
[2026-08-27T07:40:24] [AUTO_BOSS] Start selected-monster NPCView.clickNpc runner generation=1
[2026-08-27T07:40:27] [AUTO_BOSS] selected Monster 2060100001161 id=2169 type=3060100001161 resource=2060100001161 base=0x223345c0 distance=429
[2026-08-27T07:40:27] [AUTO_BOSS] NPCView session fingerprint native=0x1317cb8 avm=0x14a50850 method_info=0xaae1970 slot322_method_id=18293
[2026-08-27T07:40:27] [AUTO_BOSS] id=2169 distance=429 receiver=0x147e3280 method=18293 stage=1
[2026-08-27T07:40:32] [AUTO_BOSS] id=2169 distance=46 receiver=0x147e3280 method=18293 stage=2
[2026-08-27T07:40:35] [AUTO_BOSS] battle edge false->true id=2169
[2026-08-27T07:40:37] [AUTO_BOSS] battle edge true->false clear=1
[2026-08-27T07:41:30] [TRU_MA] TRỪ MA pepsi: xong lượt 6/10 (Phong Ấn Cự Thú)
[2026-08-27T07:41:47] [TRU_MA] TRỪ MA pepsi: nhận diện: Phi Ma Tập Kích (id=7668, margin=4)
[2026-08-27T07:42:21] [TRU_MA] TRỪ MA pepsi: mục tiêu: Thủ Lĩnh Phi Ma id=1114 type=3060100001114 resource=2060090100114
[2026-08-27T07:42:27] [AUTO_BOSS] Start selected-monster NPCView.clickNpc runner generation=1
[2026-08-27T07:42:30] [AUTO_BOSS] selected Thủ Lĩnh Phi Ma id=1173 type=3060100001114 resource=2060090100114 base=0x11a39330 distance=686
[2026-08-27T07:42:30] [AUTO_BOSS] NPCView session fingerprint native=0x1317cb8 avm=0x14a50850 method_info=0xaae1970 slot322_method_id=18293
[2026-08-27T07:42:30] [AUTO_BOSS] id=1173 distance=686 receiver=0x232fc5e0 method=18293 stage=1
[2026-08-27T07:42:35] [AUTO_BOSS] id=1173 distance=92 receiver=0x232fc5e0 method=18293 stage=2
[2026-08-27T07:42:38] [AUTO_BOSS] battle edge false->true id=1173
[2026-08-27T07:42:42] [AUTO_BOSS] battle edge true->false clear=1
[2026-08-27T07:43:26] [TRU_MA] TRỪ MA pepsi: xong lượt 7/10 (Phi Ma Tập Kích)
[2026-08-27T07:43:47] [TRU_MA] TRỪ MA pepsi: dừng ở lượt 8: đã chọn dòng nhưng KHÔNG xác định được lượt này là con nào qua chat (mập mờ sau vài lần thử). CẢNH BÁO: nhiệm vụ CÓ THỂ đã được nhận ở server dù không xác định được — kiểm tra tay bằng tools/dump_quest_rows.py trước khi thử lại, đừng bấm TRỪ MA lần nữa mà chưa kiểm.
[2026-08-27T07:43:48] Daily pepsi: bỏ qua TRỪ MA (lỗi): FAILED — 7/10 lượt; dừng ở lượt 8: đã chọn dòng nhưng KHÔNG xác định được lượt này là con nào qua chat (mập mờ sau vài lần thử). CẢNH BÁO: nhiệm vụ CÓ THỂ đã được nhận ở server dù không xác định được — kiểm tra tay bằng tools/dump_quest_rows.py trước khi thử lại, đừng bấm TRỪ MA lần nữa mà chưa kiểm. — evidence: C:\Users\Administrator\Desktop\New folder\fbh_v2_ttt_fixed-20260709T181609Z-2-001\fbh_multi_account_infinite_auto\dev_supervisor_target_a_v2_20260814\logs\daily_errors\acc_2\20260827_074348_TRỪ_MA.png
[2026-08-27T07:43:48] Daily pepsi: đã reset Flash sau lỗi TRỪ MA; tác vụ kế tiếp sẽ đăng nhập từ trạng thái sạch.
[2026-08-27T07:43:48] Daily pepsi: client chưa mở, đang đăng nhập trước bước TRỊ AN...
[2026-08-27T07:43:48] [AUTO_START] WAIT_WINDOW attempt=1 pass=0 pid=14964 Flash launched at original size
[2026-08-27T07:43:52] [AUTO_START] START_CLICKED attempt=1 pass=0 pid=14964 Bắt đầu
[2026-08-27T07:43:56] [AUTO_START] RETRY_START attempt=1 pass=0 pid=14964 chua thay chon kenh, bam lai Bat dau
[2026-08-27T07:43:59] [AUTO_START] START_CLICKED attempt=1 pass=0 pid=14964 Bắt đầu
[2026-08-27T07:44:04] [AUTO_START] RETRY_START attempt=1 pass=0 pid=14964 chua thay chon kenh, bam lai Bat dau
[2026-08-27T07:44:16] [AUTO_START] START_CLICKED attempt=1 pass=0 pid=14964 Bắt đầu
[2026-08-27T07:44:19] [AUTO_START] CHANNEL_SELECTED attempt=1 pass=0 pid=14964 channel=(449, 308) choices=1
[2026-08-27T07:44:23] [AUTO_START] ENTER_GAME_CLICKED attempt=1 pass=0 pid=14964 character_slot=1 slot_verified=True
[2026-08-27T07:44:28] [AUTO_START] MAP_READY_OPEN attempt=1 pass=0 pid=14964 Player=0x1d8890a0 Core=0x149920d0 world=(2299,1343)
[2026-08-27T07:44:39] [POPUP] đã đóng cache_notice
[2026-08-27T07:45:33] [TRI_AN] TRỊ AN pepsi: đã nhận nhiệm vụ id=7667 (Phản Quân Hải Tặc)
[2026-08-27T07:45:35] [TRI_AN] TRỊ AN pepsi: vật phẩm mã 4843 ở trang 2 ô 24 (sid 2185)
[2026-08-27T07:45:52] [TRI_AN] TRỊ AN pepsi: đã dịch chuyển tới map 18 bằng Mật Lệnh Hải Tặc
[2026-08-27T07:45:55] [TRI_AN] TRỊ AN pepsi: mục tiêu: Phản Quân Đại Tướng family=306010 id=1071 (khớp theo name)
[2026-08-27T07:46:00] [AUTO_BOSS] Start selected-monster NPCView.clickNpc runner generation=1
[2026-08-27T07:46:03] [AUTO_BOSS] selected Monster 2060090100071 id=17425 type=3060100001071 resource=2060090100071 base=0x13cad330 distance=0
[2026-08-27T07:46:03] [AUTO_BOSS] NPCView session fingerprint native=0x1317cb8 avm=0x11ee1850 method_info=0x934aac0 slot322_method_id=18293
[2026-08-27T07:46:03] [AUTO_BOSS] id=17425 distance=0 receiver=0x225caca0 method=18293 stage=2
[2026-08-27T07:46:05] [AUTO_BOSS] battle edge false->true id=17425
[2026-08-27T07:47:35] [AUTO_BOSS] battle edge true->false clear=1
[2026-08-27T07:49:00] [TRI_AN] TRỊ AN pepsi: xong lượt 1/10 (Phản Quân Hải Tặc)
[2026-08-27T07:49:23] [TRI_AN] TRỊ AN pepsi: dừng ở lượt 2: mất client giữa lượt ([WinError 87] The parameter is incorrect.)
[2026-08-27T07:49:23] Daily pepsi: TRỊ AN mất client sau 1/10; relogin phục hồi 1/3.
[2026-08-27T07:49:23] Daily pepsi: client chưa mở, đang đăng nhập trước bước phục hồi TRỊ AN lượt 2...
[2026-08-27T07:49:23] [AUTO_START] WAIT_WINDOW attempt=1 pass=0 pid=6816 Flash launched at original size
[2026-08-27T07:49:27] [AUTO_START] START_CLICKED attempt=1 pass=0 pid=6816 Bắt đầu
[2026-08-27T07:49:31] [AUTO_START] RETRY_START attempt=1 pass=0 pid=6816 chua thay chon kenh, bam lai Bat dau
[2026-08-27T07:49:34] [AUTO_START] START_CLICKED attempt=1 pass=0 pid=6816 Bắt đầu
[2026-08-27T07:49:39] [AUTO_START] RETRY_START attempt=1 pass=0 pid=6816 chua thay chon kenh, bam lai Bat dau
[2026-08-27T07:49:49] [AUTO_START] START_CLICKED attempt=1 pass=0 pid=6816 Bắt đầu
[2026-08-27T07:49:52] [AUTO_START] CHANNEL_SELECTED attempt=1 pass=0 pid=6816 channel=(449, 308) choices=1
[2026-08-27T07:49:56] [AUTO_START] ENTER_GAME_CLICKED attempt=1 pass=0 pid=6816 character_slot=1 slot_verified=True
[2026-08-27T07:50:01] [AUTO_START] MAP_READY_OPEN attempt=1 pass=0 pid=6816 Player=0x8b3e0a0 Core=0x154f90d0 world=(3108,839)
[2026-08-27T07:50:11] [POPUP] đã đóng cache_notice
[2026-08-27T07:50:34] [TRI_AN] TRỊ AN pepsi: đã nhận nhiệm vụ id=4671 (Truy Bắt Phi Tặc)
[2026-08-27T07:51:25] [TRI_AN] TRỊ AN pepsi: lượt này không có vật phẩm chỉ đường — quét mục tiêu tại chỗ
[2026-08-27T07:51:27] [TRI_AN] TRỊ AN pepsi: mục tiêu: Tinh Linh Vương family=306010 id=100030 (khớp theo gần)
[2026-08-27T07:51:33] [AUTO_BOSS] Start selected-monster NPCView.clickNpc runner generation=1
[2026-08-27T07:51:35] [AUTO_BOSS] selected Monster 2060100100030 id=3008 type=3060100100030 resource=2060100100030 base=0x1d663ae0 distance=146
[2026-08-27T07:51:36] [AUTO_BOSS] NPCView session fingerprint native=0x1317cb8 avm=0x1c8ce850 method_info=0xa670b30 slot322_method_id=18293
[2026-08-27T07:51:36] [AUTO_BOSS] id=3008 distance=146 receiver=0x1b09be50 method=18293 stage=2
[2026-08-27T07:51:40] [AUTO_BOSS] id=3008 distance=146 receiver=0x1b09be50 method=18293 stage=2
[2026-08-27T07:51:46] [AUTO_BOSS] id=3008 distance=146 receiver=0x1b09be50 method=18293 stage=2
[2026-08-27T07:51:50] [AUTO_BOSS] REJECT_NO_BATTLE_EDGE id=3008 base=0x1d663ae0
[2026-08-27T07:56:33] [TRI_AN] TRỊ AN pepsi: dừng ở lượt 1: quá 5 phút chưa hạ được mục tiêu (state=WAIT_SPAWN, detail=1 selected monster heap candidate(s))
[2026-08-27T07:56:34] Daily pepsi: bỏ qua TRỊ AN (lỗi): FAILED — 1/10 lượt; dừng ở lượt 1: quá 5 phút chưa hạ được mục tiêu (state=WAIT_SPAWN, detail=1 selected monster heap candidate(s)) — evidence: C:\Users\Administrator\Desktop\New folder\fbh_v2_ttt_fixed-20260709T181609Z-2-001\fbh_multi_account_infinite_auto\dev_supervisor_target_a_v2_20260814\logs\daily_errors\acc_2\20260827_075634_TRỊ_AN.png
[2026-08-27T07:56:34] Daily pepsi: đã reset Flash sau lỗi TRỊ AN; tác vụ kế tiếp sẽ đăng nhập từ trạng thái sạch.
[2026-08-27T07:56:34] Daily hoàn tất đúng plan snapshot: TRỪ MA, TRỊ AN
[2026-08-27T07:57:53] Đã bắt đầu Daily theo cấu hình riêng: acc_2
[2026-08-27T07:58:38] [TRU_MA] TRỪ MA pepsi: dừng ở lượt 1: không mở được hộp thoại NPC Quan Quân Nhu
[2026-08-27T07:58:38] Daily pepsi: bỏ qua TRỪ MA (lỗi): FAILED — 0/10 lượt; dừng ở lượt 1: không mở được hộp thoại NPC Quan Quân Nhu — evidence: C:\Users\Administrator\Desktop\New folder\fbh_v2_ttt_fixed-20260709T181609Z-2-001\fbh_multi_account_infinite_auto\dev_supervisor_target_a_v2_20260814\logs\daily_errors\acc_2\20260827_075838_TRỪ_MA.png
[2026-08-27T07:58:38] Daily pepsi: đã reset Flash sau lỗi TRỪ MA; tác vụ kế tiếp sẽ đăng nhập từ trạng thái sạch.
[2026-08-27T07:58:38] Daily hoàn tất đúng plan snapshot: TRỪ MA
[2026-08-27T07:58:59] [AUTO_START] WAIT_WINDOW attempt=1 pass=0 pid=12720 Flash launched at original size
[2026-08-27T07:59:04] [AUTO_START] START_CLICKED attempt=1 pass=0 pid=12720 Bắt đầu
[2026-08-27T07:59:09] [AUTO_START] RETRY_START attempt=1 pass=0 pid=12720 chua thay chon kenh, bam lai Bat dau
[2026-08-27T07:59:27] [AUTO_START] START_CLICKED attempt=1 pass=0 pid=12720 Bắt đầu
[2026-08-27T07:59:29] [AUTO_START] CHANNEL_SELECTED attempt=1 pass=0 pid=12720 channel=(449, 308) choices=1
[2026-08-27T07:59:33] [AUTO_START] ENTER_GAME_CLICKED attempt=1 pass=0 pid=12720 character_slot=1 slot_verified=True
[2026-08-27T07:59:39] [AUTO_START] MAP_READY_OPEN attempt=1 pass=0 pid=12720 Player=0x1cf780a0 Core=0x8ade0d0 world=(3108,839)
[2026-08-27T07:59:46] [POPUP] đã đóng cache_notice
[2026-08-27T07:59:48] [DUNGEON] Auto PB toolbar scan arrow=NutXuong.png score=0.990 box=(313, 28, 21, 23)
[2026-08-27T07:59:50] [DUNGEON] Auto PB panel visible after guarded toolbar click
[2026-08-27T07:59:51] [DUNGEON] Claim Mê Huyễn Động: button score=0.940 box=(202, 177, 60, 19) evidence=C:\Users\Administrator\Desktop\New folder\fbh_v2_ttt_fixed-20260709T181609Z-2-001\fbh_multi_account_infinite_auto\dev_supervisor_target_a_v2_20260814\logs\auto_pb_claim_12720_Mê Huyễn Động_1787792391.png
[2026-08-27T07:59:52] [DUNGEON] Claim Mê Huyễn Động: readback start PASS
[2026-08-27T08:00:01] [DUNGEON] Claim Kho Báu Đại Mạc: button score=1.000 box=(428, 177, 60, 19) evidence=C:\Users\Administrator\Desktop\New folder\fbh_v2_ttt_fixed-20260709T181609Z-2-001\fbh_multi_account_infinite_auto\dev_supervisor_target_a_v2_20260814\logs\auto_pb_claim_12720_Kho Báu Đại Mạc_1787792401.png
[2026-08-27T08:00:01] [DUNGEON] Claim Kho Báu Đại Mạc: readback start PASS
[2026-08-27T08:00:10] [DUNGEON] Claim Lục Tiên Cảnh: button score=1.000 box=(654, 177, 60, 19) evidence=C:\Users\Administrator\Desktop\New folder\fbh_v2_ttt_fixed-20260709T181609Z-2-001\fbh_multi_account_infinite_auto\dev_supervisor_target_a_v2_20260814\logs\auto_pb_claim_12720_Lục Tiên Cảnh_1787792410.png
[2026-08-27T08:00:11] [DUNGEON] Claim Lục Tiên Cảnh: readback start PASS
[2026-08-27T08:00:20] [DUNGEON] Claim Liệt Diễm Thâm Uyên: button score=0.940 box=(202, 280, 60, 19) evidence=C:\Users\Administrator\Desktop\New folder\fbh_v2_ttt_fixed-20260709T181609Z-2-001\fbh_multi_account_infinite_auto\dev_supervisor_target_a_v2_20260814\logs\auto_pb_claim_12720_Liệt Diễm Thâm Uyên_1787792420.png
[2026-08-27T08:00:21] [DUNGEON] Claim Liệt Diễm Thâm Uyên: readback start PASS
[2026-08-27T08:00:24] [DUNGEON] Claim Trở Lại Lang Huyệt: button score=1.000 box=(428, 280, 60, 19) evidence=C:\Users\Administrator\Desktop\New folder\fbh_v2_ttt_fixed-20260709T181609Z-2-001\fbh_multi_account_infinite_auto\dev_supervisor_target_a_v2_20260814\logs\auto_pb_claim_12720_Trở Lại Lang Huyệt_1787792423.png
[2026-08-27T08:00:24] [DUNGEON] Claim Trở Lại Lang Huyệt: readback start PASS
[2026-08-27T08:00:35] [DUNGEON] Claim Quỷ Hút Máu: button score=1.000 box=(654, 280, 60, 19) evidence=C:\Users\Administrator\Desktop\New folder\fbh_v2_ttt_fixed-20260709T181609Z-2-001\fbh_multi_account_infinite_auto\dev_supervisor_target_a_v2_20260814\logs\auto_pb_claim_12720_Quỷ Hút Máu_1787792435.png
[2026-08-27T08:00:36] [DUNGEON] Claim Quỷ Hút Máu: readback start PASS
[2026-08-27T08:00:48] [DUNGEON] Claim Thám Hiểm: button score=1.000 box=(428, 177, 60, 19) evidence=C:\Users\Administrator\Desktop\New folder\fbh_v2_ttt_fixed-20260709T181609Z-2-001\fbh_multi_account_infinite_auto\dev_supervisor_target_a_v2_20260814\logs\auto_pb_claim_12720_Thám Hiểm_1787792448.png
[2026-08-27T08:00:49] [DUNGEON] Claim Thám Hiểm: readback start PASS
[2026-08-27T08:01:17] Đã bắt đầu Daily theo cấu hình riêng: acc_2
[2026-08-27T08:01:18] Daily pepsi: client chưa mở, đang đăng nhập trước bước TRỪ MA...
[2026-08-27T08:01:18] [AUTO_START] WAIT_WINDOW attempt=1 pass=0 pid=14284 Flash launched at original size
[2026-08-27T08:01:22] [AUTO_START] START_CLICKED attempt=1 pass=0 pid=14284 Bắt đầu
[2026-08-27T08:01:27] [AUTO_START] RETRY_START attempt=1 pass=0 pid=14284 chua thay chon kenh, bam lai Bat dau
[2026-08-27T08:01:45] [AUTO_START] START_CLICKED attempt=1 pass=0 pid=14284 Bắt đầu
[2026-08-27T08:01:47] [AUTO_START] CHANNEL_SELECTED attempt=1 pass=0 pid=14284 channel=(449, 308) choices=1
[2026-08-27T08:01:51] [AUTO_START] ENTER_GAME_CLICKED attempt=1 pass=0 pid=14284 character_slot=1 slot_verified=True
[2026-08-27T08:01:57] [AUTO_START] MAP_READY_OPEN attempt=1 pass=0 pid=14284 Player=0x12af50a0 Core=0x163e30d0 world=(3108,839)
[2026-08-27T08:02:06] [POPUP] đã đóng cache_notice
[2026-08-27T08:02:44] [TRU_MA] TRỪ MA pepsi: dừng ở lượt 1: không mở được hộp thoại NPC Quan Quân Nhu
[2026-08-27T08:02:45] Daily pepsi: bỏ qua TRỪ MA (lỗi): FAILED — 0/10 lượt; dừng ở lượt 1: không mở được hộp thoại NPC Quan Quân Nhu — evidence: C:\Users\Administrator\Desktop\New folder\fbh_v2_ttt_fixed-20260709T181609Z-2-001\fbh_multi_account_infinite_auto\dev_supervisor_target_a_v2_20260814\logs\daily_errors\acc_2\20260827_080245_TRỪ_MA.png
[2026-08-27T08:02:45] Daily pepsi: đã reset Flash sau lỗi TRỪ MA; tác vụ kế tiếp sẽ đăng nhập từ trạng thái sạch.
[2026-08-27T08:02:45] Daily hoàn tất đúng plan snapshot: TRỪ MA
[2026-08-27T08:03:39] Đã bắt đầu Daily theo cấu hình riêng: acc_2
[2026-08-27T08:03:40] Daily pepsi: client chưa mở, đang đăng nhập trước bước TRỊ AN...
[2026-08-27T08:03:40] [AUTO_START] WAIT_WINDOW attempt=1 pass=0 pid=1944 Flash launched at original size
[2026-08-27T08:03:43] [AUTO_START] START_CLICKED attempt=1 pass=0 pid=1944 Bắt đầu
[2026-08-27T08:03:48] [AUTO_START] RETRY_START attempt=1 pass=0 pid=1944 chua thay chon kenh, bam lai Bat dau
[2026-08-27T08:03:50] [AUTO_START] START_CLICKED attempt=1 pass=0 pid=1944 Bắt đầu
[2026-08-27T08:03:55] [AUTO_START] RETRY_START attempt=1 pass=0 pid=1944 chua thay chon kenh, bam lai Bat dau
[2026-08-27T08:04:06] [AUTO_START] START_CLICKED attempt=1 pass=0 pid=1944 Bắt đầu
[2026-08-27T08:04:08] [AUTO_START] CHANNEL_SELECTED attempt=1 pass=0 pid=1944 channel=(449, 308) choices=1
[2026-08-27T08:04:13] [AUTO_START] ENTER_GAME_CLICKED attempt=1 pass=0 pid=1944 character_slot=1 slot_verified=True
[2026-08-27T08:04:18] [AUTO_START] MAP_READY_OPEN attempt=1 pass=0 pid=1944 Player=0x132ea0a0 Core=0xb3630d0 world=(3108,839)
[2026-08-27T08:04:28] [POPUP] đã đóng cache_notice
[2026-08-27T08:04:51] [TRI_AN] TRỊ AN pepsi: đã nhận nhiệm vụ id=4671 (Truy Bắt Phi Tặc)
[2026-08-27T08:05:41] [TRI_AN] TRỊ AN pepsi: lượt này không có vật phẩm chỉ đường — quét mục tiêu tại chỗ
[2026-08-27T08:05:43] [TRI_AN] TRỊ AN pepsi: chờ Truy Bắt Phi Tặc xuất hiện (0s): không thấy con quái nào quanh nhân vật (bán kính 600)
[2026-08-27T08:05:55] [TRI_AN] TRỊ AN pepsi: chờ Truy Bắt Phi Tặc xuất hiện (10s): không thấy con quái nào quanh nhân vật (bán kính 600)
[2026-08-27T08:06:07] [TRI_AN] TRỊ AN pepsi: chờ Truy Bắt Phi Tặc xuất hiện (20s): không thấy con quái nào quanh nhân vật (bán kính 600)
[2026-08-27T08:06:25] [TRI_AN] TRỊ AN pepsi: lượt thất bại thứ 1 (chờ 30s không thấy mục tiêu Truy Bắt Phi Tặc (không thấy con quái nào quanh nhân vật (bán kính 600))) — đã huỷ, nhận lại.
[2026-08-27T08:06:52] [TRI_AN] TRỊ AN pepsi: đã nhận nhiệm vụ id=4671 (Truy Bắt Phi Tặc)
[2026-08-27T08:07:42] [TRI_AN] TRỊ AN pepsi: lượt này không có vật phẩm chỉ đường — quét mục tiêu tại chỗ
[2026-08-27T08:07:44] [TRI_AN] TRỊ AN pepsi: chờ Truy Bắt Phi Tặc xuất hiện (0s): không thấy con quái nào quanh nhân vật (bán kính 600)
[2026-08-27T08:07:56] [TRI_AN] TRỊ AN pepsi: chờ Truy Bắt Phi Tặc xuất hiện (10s): không thấy con quái nào quanh nhân vật (bán kính 600)
[2026-08-27T08:08:07] [TRI_AN] TRỊ AN pepsi: chờ Truy Bắt Phi Tặc xuất hiện (20s): không thấy con quái nào quanh nhân vật (bán kính 600)
[2026-08-27T08:08:26] [TRI_AN] TRỊ AN pepsi: lượt thất bại thứ 2 (chờ 30s không thấy mục tiêu Truy Bắt Phi Tặc (không thấy con quái nào quanh nhân vật (bán kính 600))) — đã huỷ, nhận lại.
[2026-08-27T08:08:52] [TRI_AN] TRỊ AN pepsi: đã nhận nhiệm vụ id=4671 (Truy Bắt Phi Tặc)
[2026-08-27T08:09:42] [TRI_AN] TRỊ AN pepsi: lượt này không có vật phẩm chỉ đường — quét mục tiêu tại chỗ
[2026-08-27T08:09:44] [TRI_AN] TRỊ AN pepsi: chờ Truy Bắt Phi Tặc xuất hiện (0s): không thấy con quái nào quanh nhân vật (bán kính 600)
[2026-08-27T08:09:56] [TRI_AN] TRỊ AN pepsi: chờ Truy Bắt Phi Tặc xuất hiện (10s): không thấy con quái nào quanh nhân vật (bán kính 600)
[2026-08-27T08:10:08] [TRI_AN] TRỊ AN pepsi: chờ Truy Bắt Phi Tặc xuất hiện (20s): không thấy con quái nào quanh nhân vật (bán kính 600)
[2026-08-27T08:10:27] [TRI_AN] TRỊ AN pepsi: lượt thất bại thứ 3 (chờ 30s không thấy mục tiêu Truy Bắt Phi Tặc (không thấy con quái nào quanh nhân vật (bán kính 600))) — đã huỷ, nhận lại.
[2026-08-27T08:10:44] [TRI_AN] TRỊ AN pepsi: đã nhận nhiệm vụ id=7667 (Phản Quân Hải Tặc)
[2026-08-27T08:10:46] [TRI_AN] TRỊ AN pepsi: vật phẩm mã 4843 ở trang 2 ô 24 (sid 2185)
[2026-08-27T08:11:03] [TRI_AN] TRỊ AN pepsi: đã dịch chuyển tới map 525 bằng Mật Lệnh Hải Tặc
[2026-08-27T08:11:05] [TRI_AN] TRỊ AN pepsi: mục tiêu: Phản Quân Đại Tướng family=306010 id=1071 (khớp theo name)
[2026-08-27T08:11:11] [AUTO_BOSS] Start selected-monster NPCView.clickNpc runner generation=1
[2026-08-27T08:11:13] [AUTO_BOSS] selected Monster 2060090100071 id=11599 type=3060100001071 resource=2060090100071 base=0x1d9d7330 distance=0
[2026-08-27T08:11:14] [AUTO_BOSS] NPCView session fingerprint native=0x1317cb8 avm=0x1c398850 method_info=0xae52af8 slot322_method_id=18293
[2026-08-27T08:11:14] [AUTO_BOSS] id=11599 distance=0 receiver=0x106aa430 method=18293 stage=2
[2026-08-27T08:11:16] [AUTO_BOSS] battle edge false->true id=11599
[2026-08-27T08:13:17] [AUTO_BOSS] battle edge true->false clear=1
[2026-08-27T08:14:51] [TRI_AN] TRỊ AN pepsi: xong lượt 1/10 (Phản Quân Hải Tặc)
[2026-08-27T08:15:16] [TRI_AN] TRỊ AN pepsi: đã nhận nhiệm vụ id=7667 (Phản Quân Hải Tặc)
[2026-08-27T08:15:19] [TRI_AN] TRỊ AN pepsi: vật phẩm mã 4843 ở trang 3 ô 1 (sid 2192)
[2026-08-27T08:15:25] [TRI_AN] TRỊ AN pepsi: dừng ở lượt 5: mất client giữa lượt ([WinError 87] The parameter is incorrect.)
[2026-08-27T08:15:26] Daily pepsi: TRỊ AN mất client sau 1/10; relogin phục hồi 1/3.
[2026-08-27T08:15:26] Daily pepsi: client chưa mở, đang đăng nhập trước bước phục hồi TRỊ AN lượt 2...
[2026-08-27T08:15:26] [AUTO_START] WAIT_WINDOW attempt=1 pass=0 pid=8068 Flash launched at original size
[2026-08-27T08:15:31] [AUTO_START] START_CLICKED attempt=1 pass=0 pid=8068 Bắt đầu
[2026-08-27T08:15:36] [AUTO_START] RETRY_START attempt=1 pass=0 pid=8068 chua thay chon kenh, bam lai Bat dau
[2026-08-27T08:15:53] [AUTO_START] START_CLICKED attempt=1 pass=0 pid=8068 Bắt đầu
[2026-08-27T08:15:56] [AUTO_START] CHANNEL_SELECTED attempt=1 pass=0 pid=8068 channel=(449, 308) choices=1
[2026-08-27T08:15:59] [AUTO_START] ENTER_GAME_CLICKED attempt=1 pass=0 pid=8068 character_slot=1 slot_verified=True
[2026-08-27T08:16:04] [AUTO_START] MAP_READY_OPEN attempt=1 pass=0 pid=8068 Player=0x118af0a0 Core=0x13cfa0d0 world=(3055,860)
[2026-08-27T08:16:14] [POPUP] đã đóng cache_notice
[2026-08-27T08:17:04] [TRI_AN] TRỊ AN pepsi: dừng ở lượt 1: chọn dòng Truy Bắt Phi Tặc lỗi: quest dataProvider returned null
[2026-08-27T08:17:05] Daily pepsi: bỏ qua TRỊ AN (lỗi): FAILED — 1/10 lượt; dừng ở lượt 1: chọn dòng Truy Bắt Phi Tặc lỗi: quest dataProvider returned null — evidence: C:\Users\Administrator\Desktop\New folder\fbh_v2_ttt_fixed-20260709T181609Z-2-001\fbh_multi_account_infinite_auto\dev_supervisor_target_a_v2_20260814\logs\daily_errors\acc_2\20260827_081705_TRỊ_AN.png
[2026-08-27T08:17:05] Daily pepsi: đã reset Flash sau lỗi TRỊ AN; tác vụ kế tiếp sẽ đăng nhập từ trạng thái sạch.
[2026-08-27T08:17:05] Daily hoàn tất đúng plan snapshot: TRỊ AN
[2026-08-27T08:17:55] Đã bắt đầu Daily theo cấu hình riêng: acc_2
[2026-08-27T08:18:38] [TRI_AN] TRỊ AN pepsi: dừng ở lượt 1: không mở được hộp thoại NPC Trưởng Cận Vệ Đông Huyền
[2026-08-27T08:18:38] Daily pepsi: bỏ qua TRỊ AN (lỗi): FAILED — 0/10 lượt; dừng ở lượt 1: không mở được hộp thoại NPC Trưởng Cận Vệ Đông Huyền — evidence: C:\Users\Administrator\Desktop\New folder\fbh_v2_ttt_fixed-20260709T181609Z-2-001\fbh_multi_account_infinite_auto\dev_supervisor_target_a_v2_20260814\logs\daily_errors\acc_2\20260827_081838_TRỊ_AN.png
[2026-08-27T08:18:38] Daily pepsi: đã reset Flash sau lỗi TRỊ AN; tác vụ kế tiếp sẽ đăng nhập từ trạng thái sạch.
[2026-08-27T08:18:38] Daily hoàn tất đúng plan snapshot: TRỊ AN
[2026-08-27T08:26:27] [AUTO_START] WAIT_WINDOW attempt=1 pass=0 pid=4880 Flash launched at original size
[2026-08-27T08:26:31] [AUTO_START] START_CLICKED attempt=1 pass=0 pid=4880 Bắt đầu
[2026-08-27T08:26:36] [AUTO_START] RETRY_START attempt=1 pass=0 pid=4880 chua thay chon kenh, bam lai Bat dau
[2026-08-27T08:26:39] [AUTO_START] START_CLICKED attempt=1 pass=0 pid=4880 Bắt đầu
[2026-08-27T08:26:44] [AUTO_START] RETRY_START attempt=1 pass=0 pid=4880 chua thay chon kenh, bam lai Bat dau
[2026-08-27T08:26:54] [AUTO_START] START_CLICKED attempt=1 pass=0 pid=4880 Bắt đầu
[2026-08-27T08:26:57] [AUTO_START] CHANNEL_SELECTED attempt=1 pass=0 pid=4880 channel=(449, 308) choices=1
[2026-08-27T08:27:01] [AUTO_START] ENTER_GAME_CLICKED attempt=1 pass=0 pid=4880 character_slot=1 slot_verified=True
[2026-08-27T08:27:06] [AUTO_START] MAP_READY_OPEN attempt=1 pass=0 pid=4880 Player=0xb0810a0 Core=0xc9750d0 world=(3055,860)
[2026-08-27T08:27:14] [POPUP] đã đóng cache_notice
[2026-08-27T08:27:16] [DUNGEON] Auto PB toolbar scan arrow=NutXuong.png score=0.990 box=(313, 28, 21, 23)
[2026-08-27T08:27:17] [DUNGEON] Auto PB panel visible after guarded toolbar click
[2026-08-27T08:27:18] [DUNGEON] Claim Mê Huyễn Động: button score=0.940 box=(202, 177, 60, 19) evidence=C:\Users\Administrator\Desktop\New folder\fbh_v2_ttt_fixed-20260709T181609Z-2-001\fbh_multi_account_infinite_auto\dev_supervisor_target_a_v2_20260814\logs\auto_pb_claim_4880_Mê Huyễn Động_1787794038.png
[2026-08-27T08:27:19] [DUNGEON] Claim Mê Huyễn Động: readback start PASS
[2026-08-27T08:27:22] [DUNGEON] Claim Kho Báu Đại Mạc: button score=1.000 box=(428, 177, 60, 19) evidence=C:\Users\Administrator\Desktop\New folder\fbh_v2_ttt_fixed-20260709T181609Z-2-001\fbh_multi_account_infinite_auto\dev_supervisor_target_a_v2_20260814\logs\auto_pb_claim_4880_Kho Báu Đại Mạc_1787794042.png
[2026-08-27T08:27:23] [DUNGEON] Claim Kho Báu Đại Mạc: readback start PASS
[2026-08-27T08:27:25] [DUNGEON] Claim Lục Tiên Cảnh: button score=1.000 box=(654, 177, 60, 19) evidence=C:\Users\Administrator\Desktop\New folder\fbh_v2_ttt_fixed-20260709T181609Z-2-001\fbh_multi_account_infinite_auto\dev_supervisor_target_a_v2_20260814\logs\auto_pb_claim_4880_Lục Tiên Cảnh_1787794045.png
[2026-08-27T08:27:26] [DUNGEON] Claim Lục Tiên Cảnh: readback start PASS
[2026-08-27T08:27:29] [DUNGEON] Claim Trở Lại Lang Huyệt: button score=1.000 box=(428, 280, 60, 19) evidence=C:\Users\Administrator\Desktop\New folder\fbh_v2_ttt_fixed-20260709T181609Z-2-001\fbh_multi_account_infinite_auto\dev_supervisor_target_a_v2_20260814\logs\auto_pb_claim_4880_Trở Lại Lang Huyệt_1787794049.png
[2026-08-27T08:27:30] [DUNGEON] Claim Trở Lại Lang Huyệt: readback start PASS
[2026-08-27T08:27:32] [DUNGEON] Claim Quỷ Hút Máu: button score=1.000 box=(654, 280, 60, 19) evidence=C:\Users\Administrator\Desktop\New folder\fbh_v2_ttt_fixed-20260709T181609Z-2-001\fbh_multi_account_infinite_auto\dev_supervisor_target_a_v2_20260814\logs\auto_pb_claim_4880_Quỷ Hút Máu_1787794052.png
[2026-08-27T08:27:33] [DUNGEON] Claim Quỷ Hút Máu: readback start PASS
[2026-08-27T08:40:49] Daily CB: client chưa mở, đang đăng nhập trước bước VIP...
[2026-08-27T08:40:49] [AUTO_START] WAIT_WINDOW attempt=1 pass=0 pid=4552 Flash launched at original size
[2026-08-27T08:40:53] [AUTO_START] START_CLICKED attempt=1 pass=0 pid=4552 Bắt đầu
[2026-08-27T08:40:54] Daily TSk: client chưa mở, đang đăng nhập trước bước VIP...
[2026-08-27T08:40:54] [AUTO_START] WAIT_WINDOW attempt=1 pass=0 pid=13908 Flash launched at original size
[2026-08-27T08:40:58] [AUTO_START] START_CLICKED attempt=1 pass=0 pid=13908 Bắt đầu
[2026-08-27T08:40:59] [AUTO_START] RETRY_START attempt=1 pass=0 pid=4552 chua thay chon kenh, bam lai Bat dau
[2026-08-27T08:41:00] Đã bắt đầu Daily theo cấu hình riêng: acc_1, acc_3, acc_5
[2026-08-27T08:41:00] Daily luvy: client chưa mở, đang đăng nhập trước bước VIP...
[2026-08-27T08:41:00] [AUTO_START] WAIT_WINDOW attempt=1 pass=0 pid=13288 Flash launched at original size
[2026-08-27T08:41:05] [AUTO_START] RETRY_START attempt=1 pass=0 pid=13908 chua thay chon kenh, bam lai Bat dau
[2026-08-27T08:41:06] [AUTO_START] START_CLICKED attempt=1 pass=0 pid=13288 Bắt đầu
[2026-08-27T08:41:14] [AUTO_START] RETRY_START attempt=1 pass=0 pid=13288 chua thay chon kenh, bam lai Bat dau
[2026-08-27T08:41:16] [AUTO_START] START_CLICKED attempt=1 pass=0 pid=4552 Bắt đầu
[2026-08-27T08:41:20] [AUTO_START] CHANNEL_SELECTED attempt=1 pass=0 pid=4552 channel=(449, 308) choices=1
[2026-08-27T08:41:23] [AUTO_START] START_CLICKED attempt=1 pass=0 pid=13908 Bắt đầu
[2026-08-27T08:41:26] [AUTO_START] ENTER_GAME_CLICKED attempt=1 pass=0 pid=4552 character_slot=1 slot_verified=True
[2026-08-27T08:41:27] [AUTO_START] CHANNEL_SELECTED attempt=1 pass=0 pid=13908 channel=(449, 308) choices=1
[2026-08-27T08:41:28] [AUTO_START] START_CLICKED attempt=1 pass=0 pid=13288 Bắt đầu
[2026-08-27T08:41:33] [AUTO_START] MAP_READY_OPEN attempt=1 pass=0 pid=4552 Player=0x1ceaf0a0 Core=0xb8040d0 world=(772,976)
[2026-08-27T08:41:34] [AUTO_START] CHANNEL_SELECTED attempt=1 pass=0 pid=13288 channel=(449, 308) choices=1
[2026-08-27T08:41:34] [AUTO_START] ENTER_GAME_CLICKED attempt=1 pass=0 pid=13908 character_slot=1 slot_verified=True
[2026-08-27T08:41:39] [AUTO_START] ENTER_GAME_CLICKED attempt=1 pass=0 pid=13288 character_slot=1 slot_verified=True
[2026-08-27T08:41:42] [POPUP] đã đóng cache_notice
[2026-08-27T08:41:45] [AUTO_START] MAP_READY_OPEN attempt=1 pass=0 pid=13908 Player=0x1cc640a0 Core=0x7f530d0 world=(1928,967)
[2026-08-27T08:41:49] [AUTO_START] MAP_READY_OPEN attempt=1 pass=0 pid=13288 Player=0xf6fd0a0 Core=0x15bce0d0 world=(1928,967)
[2026-08-27T08:41:49] Daily xong bước VIP: đã thử claim 5/5 dòng VIP
[2026-08-27T08:41:53] [POPUP] đã đóng cache_notice
[2026-08-27T08:41:54] Daily CB: cleanup memory VIP: {'ok': True, 'results': {'vip': {'ok': True, 'changed': False, 'before': False, 'after': False}}}
[2026-08-27T08:41:57] [POPUP] đã đóng cache_notice
[2026-08-27T08:42:01] Daily xong bước VIP: đã thử claim 5/5 dòng VIP
[2026-08-27T08:42:03] Daily xong bước VIP: đã thử claim 5/5 dòng VIP
[2026-08-27T08:42:05] Daily xong bước NHẬN THỜI TRANG: đã Rút Bộ thường, bấm Xác nhận và đọc lại popup đã đóng
[2026-08-27T08:42:09] Daily TSk: cleanup memory VIP: {'ok': True, 'results': {'vip': {'ok': True, 'changed': False, 'before': False, 'after': False}}}
[2026-08-27T08:42:09] Daily CB: cleanup memory NHẬN THỜI TRANG: {'ok': True, 'results': {'character': {'ok': True, 'changed': False, 'before': False, 'after': False}}}
[2026-08-27T08:42:09] Daily luvy: cleanup memory VIP: {'ok': True, 'results': {'vip': {'ok': True, 'changed': False, 'before': False, 'after': False}}}
[2026-08-27T08:42:18] Daily xong bước NHẬN THỜI TRANG: đã Rút Bộ thường, bấm Xác nhận và đọc lại popup đã đóng
[2026-08-27T08:42:18] Daily xong bước NHẬN THỜI TRANG: đã Rút Bộ thường, bấm Xác nhận và đọc lại popup đã đóng
[2026-08-27T08:42:24] Daily TSk: cleanup memory NHẬN THỜI TRANG: {'ok': True, 'results': {'character': {'ok': True, 'changed': False, 'before': False, 'after': False}}}
[2026-08-27T08:42:24] Daily luvy: cleanup memory NHẬN THỜI TRANG: {'ok': True, 'results': {'character': {'ok': True, 'changed': False, 'before': False, 'after': False}}}
[2026-08-27T08:42:56] Daily xong bước MẬT BẢO: đã dò cấp 6→6, chọn công thức cấp 6 và bấm Chế tạo Mật Bảo 20 lần
[2026-08-27T08:42:59] Daily CB: cleanup memory MẬT BẢO: {'ok': True, 'results': {'character': {'ok': True, 'changed': False, 'before': False, 'after': False}}}
[2026-08-27T08:43:07] Daily xong bước MẬT BẢO: đã dò cấp 6→6, chọn công thức cấp 6 và bấm Chế tạo Mật Bảo 20 lần
[2026-08-27T08:43:09] Daily xong bước MẬT BẢO: đã dò cấp 6→6, chọn công thức cấp 6 và bấm Chế tạo Mật Bảo 20 lần
[2026-08-27T08:43:10] Daily xong bước ĐIÊU KHẮC: đã bấm Đổi miễn phí và xác nhận Có trong KGĐK
[2026-08-27T08:43:15] Daily CB: cleanup memory ĐIÊU KHẮC: {'ok': True, 'results': {'character': {'ok': True, 'changed': False, 'before': False, 'after': False}}}
[2026-08-27T08:43:16] Daily TSk: cleanup memory MẬT BẢO: {'ok': True, 'results': {'character': {'ok': True, 'changed': False, 'before': False, 'after': False}}}
[2026-08-27T08:43:16] Daily luvy: cleanup memory MẬT BẢO: {'ok': True, 'results': {'character': {'ok': True, 'changed': False, 'before': False, 'after': False}}}
[2026-08-27T08:43:26] Daily xong bước ĐIÊU KHẮC: đã bấm Đổi miễn phí và xác nhận Có trong KGĐK
[2026-08-27T08:43:26] Daily xong bước ĐIÊU KHẮC: đã bấm Đổi miễn phí và xác nhận Có trong KGĐK
[2026-08-27T08:43:32] Daily luvy: cleanup memory ĐIÊU KHẮC: {'ok': True, 'results': {'character': {'ok': True, 'changed': False, 'before': False, 'after': False}}}
[2026-08-27T08:43:32] Daily TSk: cleanup memory ĐIÊU KHẮC: {'ok': True, 'results': {'character': {'ok': True, 'changed': False, 'before': False, 'after': False}}}
[2026-08-27T08:44:06] Daily xong bước LẬT THẺ BÀI: đã phát bài, nhận thưởng và xác nhận Có 10/10 lượt
[2026-08-27T08:44:09] Daily CB: cleanup memory LẬT THẺ BÀI: {'ok': True, 'results': {'card_game': {'ok': True, 'changed': False, 'before': False, 'after': False}}}
[2026-08-27T08:44:28] Daily xong bước LẬT THẺ BÀI: đã phát bài, nhận thưởng và xác nhận Có 10/10 lượt
[2026-08-27T08:44:28] Daily xong bước LẬT THẺ BÀI: đã phát bài, nhận thưởng và xác nhận Có 10/10 lượt
[2026-08-27T08:44:37] Daily luvy: cleanup memory LẬT THẺ BÀI: {'ok': True, 'results': {'card_game': {'ok': True, 'changed': False, 'before': False, 'after': False}}}
[2026-08-27T08:44:37] Daily TSk: cleanup memory LẬT THẺ BÀI: {'ok': True, 'results': {'card_game': {'ok': True, 'changed': False, 'before': False, 'after': False}}}
[2026-08-27T08:45:20] [DUNGEON] NPC open attempt 1: exact NPC count=0
[2026-08-27T08:45:47] [DUNGEON] NPC open attempt 2: exact NPC count=0
[2026-08-27T08:51:42] [DUNGEON] Auto PB toolbar scan arrow=NutXuong.png score=0.990 box=(363, 28, 21, 23)
[2026-08-27T08:51:43] [DUNGEON] Auto PB panel visible after guarded toolbar click
[2026-08-27T08:51:56] [DUNGEON] Claim Thám Hiểm: button score=1.000 box=(428, 177, 60, 19) evidence=C:\Users\Administrator\Desktop\New folder\fbh_v2_ttt_fixed-20260709T181609Z-2-001\fbh_multi_account_infinite_auto\dev_supervisor_target_a_v2_20260814\logs\auto_pb_claim_4552_Thám Hiểm_1787795516.png
[2026-08-27T08:51:57] [DUNGEON] Claim Thám Hiểm: readback start PASS
[2026-08-27T08:52:14] Daily PHỤ BẢN lượt đầu: Liệt Diễm Thâm Uyên:start; Thám Hiểm:claim; Thám Hiểm:start
[2026-08-27T08:52:14] Daily xong bước PHỤ BẢN: Liệt Diễm Thâm Uyên:start; Thám Hiểm:claim; Thám Hiểm:start
[2026-08-27T08:52:32] Daily CB: cleanup memory PHỤ BẢN: {'ok': True, 'results': {'quest': {'ok': True, 'changed': False, 'before': False, 'after': False}, 'npc_dialog': {'ok': True, 'changed': False, 'before': False, 'after': False}, 'auto_dungeon': {'ok': True, 'changed': False, 'before': False, 'after': False}}}
[2026-08-27T08:53:15] Daily xong bước HÀNH LANG: đã bấm Nhận Quà Hàng Ngày tại Hành Lang
[2026-08-27T08:53:21] Daily CB: cleanup memory HÀNH LANG: {'ok': True, 'results': {'npc_dialog': {'ok': True, 'changed': False, 'before': False, 'after': False}}}
[2026-08-27T08:53:45] Daily xong bước THẦN TU: đã bấm đúng Bắt đầu → Có cho THẦN TU
[2026-08-27T08:53:45] Daily: đã đóng Flash sau Thần Tu; chờ 25 phút.
[2026-08-27T09:08:49] [POPUP] đã đóng panel/popup lạ có X tại (459, 162)
[2026-08-27T09:11:39] [DUNGEON] Auto PB toolbar scan arrow=NutXuong.png score=0.990 box=(313, 28, 21, 23)
[2026-08-27T09:11:41] [DUNGEON] Auto PB toolbar scan arrow=NutXuong.png score=0.990 box=(313, 28, 21, 23)
[2026-08-27T09:11:42] [DUNGEON] Auto PB panel visible after guarded toolbar click
[2026-08-27T09:11:43] [DUNGEON] Auto PB panel visible after guarded toolbar click
[2026-08-27T09:11:44] [DUNGEON] Claim Mê Huyễn Động: button score=0.940 box=(202, 177, 60, 19) evidence=C:\Users\Administrator\Desktop\New folder\fbh_v2_ttt_fixed-20260709T181609Z-2-001\fbh_multi_account_infinite_auto\dev_supervisor_target_a_v2_20260814\logs\auto_pb_claim_13908_Mê Huyễn Động_1787796704.png
[2026-08-27T09:11:45] [DUNGEON] Claim Mê Huyễn Động: readback start PASS
[2026-08-27T09:11:54] [DUNGEON] Claim Kho Báu Đại Mạc: button score=1.000 box=(428, 177, 60, 19) evidence=C:\Users\Administrator\Desktop\New folder\fbh_v2_ttt_fixed-20260709T181609Z-2-001\fbh_multi_account_infinite_auto\dev_supervisor_target_a_v2_20260814\logs\auto_pb_claim_13908_Kho Báu Đại Mạc_1787796714.png
[2026-08-27T09:11:55] [DUNGEON] Claim Kho Báu Đại Mạc: readback start PASS
[2026-08-27T09:12:05] [DUNGEON] Claim Lục Tiên Cảnh: button score=1.000 box=(654, 177, 60, 19) evidence=C:\Users\Administrator\Desktop\New folder\fbh_v2_ttt_fixed-20260709T181609Z-2-001\fbh_multi_account_infinite_auto\dev_supervisor_target_a_v2_20260814\logs\auto_pb_claim_13908_Lục Tiên Cảnh_1787796725.png
[2026-08-27T09:12:06] [DUNGEON] Claim Lục Tiên Cảnh: readback start PASS
[2026-08-27T09:12:23] [DUNGEON] Claim Liệt Diễm Thâm Uyên: button score=0.940 box=(202, 280, 60, 19) evidence=C:\Users\Administrator\Desktop\New folder\fbh_v2_ttt_fixed-20260709T181609Z-2-001\fbh_multi_account_infinite_auto\dev_supervisor_target_a_v2_20260814\logs\auto_pb_claim_13908_Liệt Diễm Thâm Uyên_1787796743.png
[2026-08-27T09:12:23] [DUNGEON] Claim Liệt Diễm Thâm Uyên: readback start PASS
[2026-08-27T09:12:43] [DUNGEON] Claim Trở Lại Lang Huyệt: button score=1.000 box=(428, 280, 60, 19) evidence=C:\Users\Administrator\Desktop\New folder\fbh_v2_ttt_fixed-20260709T181609Z-2-001\fbh_multi_account_infinite_auto\dev_supervisor_target_a_v2_20260814\logs\auto_pb_claim_13908_Trở Lại Lang Huyệt_1787796763.png
[2026-08-27T09:12:43] [DUNGEON] Claim Trở Lại Lang Huyệt: readback start PASS
[2026-08-27T09:12:53] Daily PHỤ BẢN lượt đầu: Mê Huyễn Động:start; Kho Báu Đại Mạc:start; Lục Tiên Cảnh:start; Liệt Diễm Thâm Uyên:start; Trở Lại Lang Huyệt:start; Quỷ Hút Máu:start; Thế Giới Số:start; Thám Hiểm:start
[2026-08-27T09:12:53] Daily xong bước PHỤ BẢN: Mê Huyễn Động:start; Kho Báu Đại Mạc:start; Lục Tiên Cảnh:start; Liệt Diễm Thâm Uyên:start; Trở Lại Lang Huyệt:start; Quỷ Hút Máu:start; Thế Giới Số:start; Thám Hiểm:start
[2026-08-27T09:12:56] [DUNGEON] Claim Quỷ Hút Máu: button score=1.000 box=(654, 280, 60, 19) evidence=C:\Users\Administrator\Desktop\New folder\fbh_v2_ttt_fixed-20260709T181609Z-2-001\fbh_multi_account_infinite_auto\dev_supervisor_target_a_v2_20260814\logs\auto_pb_claim_13908_Quỷ Hút Máu_1787796776.png
[2026-08-27T09:12:57] [DUNGEON] Claim Quỷ Hút Máu: readback start PASS
[2026-08-27T09:12:57] Daily luvy: cleanup memory PHỤ BẢN: {'ok': True, 'results': {'quest': {'ok': True, 'changed': False, 'before': False, 'after': False}, 'npc_dialog': {'ok': True, 'changed': False, 'before': False, 'after': False}, 'auto_dungeon': {'ok': True, 'changed': False, 'before': False, 'after': False}}}
[2026-08-27T09:13:19] [DUNGEON] Claim Thế Giới Số: button score=0.940 box=(202, 177, 60, 19) evidence=C:\Users\Administrator\Desktop\New folder\fbh_v2_ttt_fixed-20260709T181609Z-2-001\fbh_multi_account_infinite_auto\dev_supervisor_target_a_v2_20260814\logs\auto_pb_claim_13908_Thế Giới Số_1787796799.png
[2026-08-27T09:13:20] [DUNGEON] Claim Thế Giới Số: readback start PASS
[2026-08-27T09:13:30] Daily xong bước HÀNH LANG: đã bấm Nhận Quà Hàng Ngày tại Hành Lang
[2026-08-27T09:13:33] Daily luvy: cleanup memory HÀNH LANG: {'ok': True, 'results': {'npc_dialog': {'ok': True, 'changed': False, 'before': False, 'after': False}}}
[2026-08-27T09:13:43] [DUNGEON] Claim Thám Hiểm: button score=1.000 box=(428, 177, 60, 19) evidence=C:\Users\Administrator\Desktop\New folder\fbh_v2_ttt_fixed-20260709T181609Z-2-001\fbh_multi_account_infinite_auto\dev_supervisor_target_a_v2_20260814\logs\auto_pb_claim_13908_Thám Hiểm_1787796823.png
[2026-08-27T09:13:44] [DUNGEON] Claim Thám Hiểm: readback start PASS
[2026-08-27T09:13:51] Daily xong bước THẦN TU: đã bấm đúng Bắt đầu → Có cho THẦN TU
[2026-08-27T09:13:51] Daily: đã đóng Flash sau Thần Tu; chờ 25 phút.
[2026-08-27T09:13:55] Daily PHỤ BẢN lượt đầu: Mê Huyễn Động:claim; Mê Huyễn Động:start; Kho Báu Đại Mạc:claim; Kho Báu Đại Mạc:start; Lục Tiên Cảnh:claim; Lục Tiên Cảnh:start; Liệt Diễm Thâm Uyên:claim; Liệt Diễm Thâm Uyên:start; Trở Lại Lang Huyệt:claim; Trở Lại Lang Huyệt:start; Quỷ Hút Máu:claim; Quỷ Hút Máu:start; Thế Giới Số:claim; Thế Giới Số:start; Thám Hiểm:claim; Thám Hiểm:start
[2026-08-27T09:13:55] Daily xong bước PHỤ BẢN: Mê Huyễn Động:claim; Mê Huyễn Động:start; Kho Báu Đại Mạc:claim; Kho Báu Đại Mạc:start; Lục Tiên Cảnh:claim; Lục Tiên Cảnh:start; Liệt Diễm Thâm Uyên:claim; Liệt Diễm Thâm Uyên:start; Trở Lại Lang Huyệt:claim; Trở Lại Lang Huyệt:start; Quỷ Hút Máu:claim; Quỷ Hút Máu:start; Thế Giới Số:claim; Thế Giới Số:start; Thám Hiểm:claim; Thám Hiểm:start
[2026-08-27T09:13:58] Daily TSk: cleanup memory PHỤ BẢN: {'ok': True, 'results': {'quest': {'ok': True, 'changed': False, 'before': False, 'after': False}, 'npc_dialog': {'ok': True, 'changed': False, 'before': False, 'after': False}, 'auto_dungeon': {'ok': True, 'changed': False, 'before': False, 'after': False}}}
[2026-08-27T09:14:28] Daily xong bước HÀNH LANG: đã bấm Nhận Quà Hàng Ngày tại Hành Lang
[2026-08-27T09:14:31] Daily TSk: cleanup memory HÀNH LANG: {'ok': True, 'results': {'npc_dialog': {'ok': True, 'changed': False, 'before': False, 'after': False}}}
[2026-08-27T09:14:48] Daily xong bước THẦN TU: đã bấm đúng Bắt đầu → Có cho THẦN TU
[2026-08-27T09:14:48] Daily: đã đóng Flash sau Thần Tu; chờ 25 phút.
[2026-08-27T09:18:45] Daily CB: client chưa mở, đang đăng nhập trước bước mở lại sau Thần Tu...
[2026-08-27T09:18:45] [AUTO_START] WAIT_WINDOW attempt=1 pass=0 pid=15252 Flash launched at original size
[2026-08-27T09:18:49] [AUTO_START] START_CLICKED attempt=1 pass=0 pid=15252 Bắt đầu
[2026-08-27T09:18:54] [AUTO_START] RETRY_START attempt=1 pass=0 pid=15252 chua thay chon kenh, bam lai Bat dau
[2026-08-27T09:18:56] [AUTO_START] START_CLICKED attempt=1 pass=0 pid=15252 Bắt đầu
[2026-08-27T09:19:01] [AUTO_START] RETRY_START attempt=1 pass=0 pid=15252 chua thay chon kenh, bam lai Bat dau
[2026-08-27T09:19:14] [AUTO_START] START_CLICKED attempt=1 pass=0 pid=15252 Bắt đầu
[2026-08-27T09:19:17] [AUTO_START] CHANNEL_SELECTED attempt=1 pass=0 pid=15252 channel=(449, 308) choices=1
[2026-08-27T09:19:21] [AUTO_START] ENTER_GAME_CLICKED attempt=1 pass=0 pid=15252 character_slot=1 slot_verified=True
[2026-08-27T09:19:26] [AUTO_START] MAP_READY_OPEN attempt=1 pass=0 pid=15252 Player=0x132130a0 Core=0xb97e0d0 world=(2220,402)
[2026-08-27T09:19:34] [POPUP] đã đóng cache_notice
[2026-08-27T09:19:36] [DUNGEON] Auto PB toolbar scan arrow=NutXuong.png score=0.990 box=(363, 28, 21, 23)
[2026-08-27T09:19:37] [DUNGEON] Auto PB panel visible after guarded toolbar click
[2026-08-27T09:19:39] [DUNGEON] Claim Liệt Diễm Thâm Uyên: button score=0.940 box=(202, 280, 60, 19) evidence=C:\Users\Administrator\Desktop\New folder\fbh_v2_ttt_fixed-20260709T181609Z-2-001\fbh_multi_account_infinite_auto\dev_supervisor_target_a_v2_20260814\logs\auto_pb_claim_15252_Liệt Diễm Thâm Uyên_1787797179.png
[2026-08-27T09:19:40] [DUNGEON] Claim Liệt Diễm Thâm Uyên: readback start PASS
[2026-08-27T09:19:52] [DUNGEON] Claim Thám Hiểm: button score=1.000 box=(428, 177, 60, 19) evidence=C:\Users\Administrator\Desktop\New folder\fbh_v2_ttt_fixed-20260709T181609Z-2-001\fbh_multi_account_infinite_auto\dev_supervisor_target_a_v2_20260814\logs\auto_pb_claim_15252_Thám Hiểm_1787797192.png
[2026-08-27T09:19:52] [DUNGEON] Claim Thám Hiểm: unexpected readback state=unknown
[2026-08-27T09:19:54] Daily PHỤ BẢN checkpoint 25 phút (mốc 1): Thám Hiểm: claim không có readback
[2026-08-27T09:19:54] Daily CB: bỏ qua TU HÀNH (lỗi): checkpoint 25 phút (mốc 1): Thám Hiểm: claim không có readback — evidence: C:\Users\Administrator\Desktop\New folder\fbh_v2_ttt_fixed-20260709T181609Z-2-001\fbh_multi_account_infinite_auto\dev_supervisor_target_a_v2_20260814\logs\daily_errors\acc_1\20260827_091954_TU_HÀNH.png
[2026-08-27T09:19:54] Daily CB: đã reset Flash sau lỗi TU HÀNH; tác vụ kế tiếp sẽ đăng nhập từ trạng thái sạch.
[2026-08-27T09:19:54] Daily CB: client chưa mở, đang đăng nhập trước bước TRỪ MA...
[2026-08-27T09:19:54] [AUTO_START] WAIT_WINDOW attempt=1 pass=0 pid=12468 Flash launched at original size
[2026-08-27T09:19:57] [AUTO_START] START_CLICKED attempt=1 pass=0 pid=12468 Bắt đầu
[2026-08-27T09:20:02] [AUTO_START] RETRY_START attempt=1 pass=0 pid=12468 chua thay chon kenh, bam lai Bat dau
[2026-08-27T09:20:05] [AUTO_START] START_CLICKED attempt=1 pass=0 pid=12468 Bắt đầu
[2026-08-27T09:20:10] [AUTO_START] RETRY_START attempt=1 pass=0 pid=12468 chua thay chon kenh, bam lai Bat dau
[2026-08-27T09:20:20] [AUTO_START] START_CLICKED attempt=1 pass=0 pid=12468 Bắt đầu
[2026-08-27T09:20:23] [AUTO_START] CHANNEL_SELECTED attempt=1 pass=0 pid=12468 channel=(449, 308) choices=1
[2026-08-27T09:20:27] [AUTO_START] ENTER_GAME_CLICKED attempt=1 pass=0 pid=12468 character_slot=1 slot_verified=True
[2026-08-27T09:20:32] [AUTO_START] MAP_READY_OPEN attempt=1 pass=0 pid=12468 Player=0x110ed0a0 Core=0xba3e0d0 world=(2220,402)
[2026-08-27T09:20:43] [POPUP] đã đóng cache_notice
[2026-08-27T09:21:29] [TRU_MA] TRỪ MA CB: nhận diện: Phong Ấn Cự Thú (id=7669, margin=6)
[2026-08-27T09:21:48] [TRU_MA] TRỪ MA CB: mục tiêu: Viễn Cổ Cự Thú id=1161 type=3060100001161 resource=2060100001161
[2026-08-27T09:21:57] [AUTO_BOSS] Start selected-monster NPCView.clickNpc runner generation=1
[2026-08-27T09:21:59] [AUTO_BOSS] selected Monster 2060100001161 id=2169 type=3060100001161 resource=2060100001161 base=0x245e1ae0 distance=429
[2026-08-27T09:22:00] [AUTO_BOSS] NPCView session fingerprint native=0x1317cb8 avm=0x1e215850 method_info=0xa059938 slot322_method_id=18293
[2026-08-27T09:22:00] [AUTO_BOSS] id=2169 distance=429 receiver=0x1f388430 method=18293 stage=1
[2026-08-27T09:22:04] [AUTO_BOSS] id=2169 distance=52 receiver=0x1f388430 method=18293 stage=2
[2026-08-27T09:22:08] [AUTO_BOSS] battle edge false->true id=2169
[2026-08-27T09:22:11] [AUTO_BOSS] battle edge true->false clear=1
[2026-08-27T09:23:02] [TRU_MA] TRỪ MA CB: xong lượt 1/10 (Phong Ấn Cự Thú)
[2026-08-27T09:23:18] [TRU_MA] TRỪ MA CB: nhận diện: Phi Ma Tập Kích (id=7668, margin=6)
[2026-08-27T09:23:52] [TRU_MA] TRỪ MA CB: mục tiêu: Thủ Lĩnh Phi Ma id=1114 type=3060100001114 resource=2060090100114
[2026-08-27T09:23:59] [AUTO_BOSS] Start selected-monster NPCView.clickNpc runner generation=1
[2026-08-27T09:24:02] [AUTO_BOSS] selected Thủ Lĩnh Phi Ma id=1173 type=3060100001114 resource=2060090100114 base=0x298045c0 distance=644
[2026-08-27T09:24:03] [AUTO_BOSS] NPCView session fingerprint native=0x1317cb8 avm=0x1e215850 method_info=0xa059938 slot322_method_id=18293
[2026-08-27T09:24:03] [AUTO_BOSS] id=1173 distance=644 receiver=0x10ce0e50 method=18293 stage=1
[2026-08-27T09:24:08] [AUTO_BOSS] id=1173 distance=51 receiver=0x10ce0e50 method=18293 stage=2
[2026-08-27T09:24:12] [AUTO_BOSS] battle edge false->true id=1173
[2026-08-27T09:24:15] [AUTO_BOSS] battle edge true->false clear=1
[2026-08-27T09:25:00] [TRU_MA] TRỪ MA CB: xong lượt 2/10 (Phi Ma Tập Kích)
[2026-08-27T09:25:16] [TRU_MA] TRỪ MA CB: nhận diện: Phong Ấn Cự Thú (id=7669, margin=2)
[2026-08-27T09:25:51] [TRU_MA] TRỪ MA CB: mục tiêu: Viễn Cổ Cự Thú id=1161 type=3060100001161 resource=2060100001161
[2026-08-27T09:25:58] [AUTO_BOSS] Start selected-monster NPCView.clickNpc runner generation=1
[2026-08-27T09:26:00] [AUTO_BOSS] selected Monster 2060100001161 id=2169 type=3060100001161 resource=2060100001161 base=0x245e10a0 distance=429
[2026-08-27T09:26:01] [AUTO_BOSS] NPCView session fingerprint native=0x1317cb8 avm=0x1e215850 method_info=0xa059938 slot322_method_id=18293
[2026-08-27T09:26:01] [AUTO_BOSS] id=2169 distance=429 receiver=0x1c0e5280 method=18293 stage=1
[2026-08-27T09:26:05] [AUTO_BOSS] id=2169 distance=130 receiver=0x1c0e5280 method=18293 stage=2
[2026-08-27T09:26:09] [AUTO_BOSS] battle edge false->true id=2169
[2026-08-27T09:26:13] [AUTO_BOSS] battle edge true->false clear=1
[2026-08-27T09:27:01] [TRU_MA] TRỪ MA CB: dừng ở lượt 3: bấm Xong 'completed' nhưng chat KHÔNG thấy 'Hoàn thành nhiệm vụ: [Phong Ấn Cự Thú]' — có thể quái CHƯA thật sự bị giết đủ. Không báo xong, không nhận lượt mới.
[2026-08-27T09:27:02] Daily CB: bỏ qua TRỪ MA (lỗi): FAILED — 2/10 lượt; dừng ở lượt 3: bấm Xong 'completed' nhưng chat KHÔNG thấy 'Hoàn thành nhiệm vụ: [Phong Ấn Cự Thú]' — có thể quái CHƯA thật sự bị giết đủ. Không báo xong, không nhận lượt mới. — evidence: C:\Users\Administrator\Desktop\New folder\fbh_v2_ttt_fixed-20260709T181609Z-2-001\fbh_multi_account_infinite_auto\dev_supervisor_target_a_v2_20260814\logs\daily_errors\acc_1\20260827_092702_TRỪ_MA.png
[2026-08-27T09:27:02] Daily CB: đã reset Flash sau lỗi TRỪ MA; tác vụ kế tiếp sẽ đăng nhập từ trạng thái sạch.
[2026-08-27T09:27:02] Daily CB: client chưa mở, đang đăng nhập trước bước TRỊ AN...
[2026-08-27T09:27:02] [AUTO_START] WAIT_WINDOW attempt=1 pass=0 pid=8408 Flash launched at original size
[2026-08-27T09:27:05] [AUTO_START] START_CLICKED attempt=1 pass=0 pid=8408 Bắt đầu
[2026-08-27T09:27:10] [AUTO_START] RETRY_START attempt=1 pass=0 pid=8408 chua thay chon kenh, bam lai Bat dau
[2026-08-27T09:27:13] [AUTO_START] START_CLICKED attempt=1 pass=0 pid=8408 Bắt đầu
[2026-08-27T09:27:18] [AUTO_START] RETRY_START attempt=1 pass=0 pid=8408 chua thay chon kenh, bam lai Bat dau
[2026-08-27T09:27:28] [AUTO_START] START_CLICKED attempt=1 pass=0 pid=8408 Bắt đầu
[2026-08-27T09:27:31] [AUTO_START] CHANNEL_SELECTED attempt=1 pass=0 pid=8408 channel=(449, 308) choices=1
[2026-08-27T09:27:36] [AUTO_START] ENTER_GAME_CLICKED attempt=1 pass=0 pid=8408 character_slot=1 slot_verified=True
[2026-08-27T09:27:41] [AUTO_START] MAP_READY_OPEN attempt=1 pass=0 pid=8408 Player=0x11ae20a0 Core=0xa7070d0 world=(2299,1343)
[2026-08-27T09:27:52] [POPUP] đã đóng cache_notice
[2026-08-27T09:29:27] [TRI_AN] TRỊ AN CB: đã nhận nhiệm vụ id=không đọc được (id ?)
[2026-08-27T09:29:30] [TRI_AN] TRỊ AN CB: vật phẩm mã 4843 ở trang 2 ô 19 (sid 2180)
[2026-08-27T09:29:47] [TRI_AN] TRỊ AN CB: đã dịch chuyển tới map 57 bằng Mật Lệnh Hải Tặc
[2026-08-27T09:29:49] [TRI_AN] TRỊ AN CB: mục tiêu: Phi Tặc family=306010 id=37 (khớp theo name)
[2026-08-27T09:29:55] [AUTO_BOSS] Start selected-monster NPCView.clickNpc runner generation=1
[2026-08-27T09:29:58] [AUTO_BOSS] selected Sứ Giả Dịch Chuyển Tầng 3 Mật Đạo id=12748 type=3060100000037 resource=2060090100037 base=0x2250a850 distance=0
[2026-08-27T09:29:59] [AUTO_BOSS] NPCView session fingerprint native=0x1317cb8 avm=0x103d9850 method_info=0x9f64bd8 slot322_method_id=18293
[2026-08-27T09:29:59] [AUTO_BOSS] id=12748 distance=0 receiver=0x20b1daf0 method=18293 stage=2
[2026-08-27T09:30:01] [AUTO_BOSS] battle edge false->true id=12748
[2026-08-27T09:31:29] [AUTO_BOSS] battle edge true->false clear=1
[2026-08-27T09:31:32] [POPUP] đã đóng panel/popup lạ có X tại (480, 83)
[2026-08-27T09:31:39] [POPUP] X tại (480, 83) vẫn còn nguyên chỗ cũ sau khi đã bấm — không phải nút đóng thật, dừng bấm lại
[2026-08-27T09:31:45] [POPUP] đã đóng panel/popup lạ có X tại (480, 83)
[2026-08-27T09:31:52] [POPUP] X tại (480, 83) vẫn còn nguyên chỗ cũ sau khi đã bấm — không phải nút đóng thật, dừng bấm lại
[2026-08-27T09:31:58] [POPUP] đã đóng panel/popup lạ có X tại (480, 83)
[2026-08-27T09:32:03] [POPUP] X tại (480, 83) vẫn còn nguyên chỗ cũ sau khi đã bấm — không phải nút đóng thật, dừng bấm lại
[2026-08-27T09:32:04] [TRI_AN] TRỊ AN CB: dừng ở lượt 1: không về Đông Huyền Thành trả: popup guard: unknown_modal_self_reopening
[2026-08-27T09:32:04] Daily CB: bỏ qua TRỊ AN (lỗi): FAILED — 0/10 lượt; dừng ở lượt 1: không về Đông Huyền Thành trả: popup guard: unknown_modal_self_reopening — evidence: C:\Users\Administrator\Desktop\New folder\fbh_v2_ttt_fixed-20260709T181609Z-2-001\fbh_multi_account_infinite_auto\dev_supervisor_target_a_v2_20260814\logs\daily_errors\acc_1\20260827_093204_TRỊ_AN.png
[2026-08-27T09:32:05] Daily CB: đã reset Flash sau lỗi TRỊ AN; tác vụ kế tiếp sẽ đăng nhập từ trạng thái sạch.
[2026-08-27T09:32:05] Daily CB: client chưa mở, đang đăng nhập trước bước checkpoint Auto phụ bản lượt cuối...
[2026-08-27T09:32:05] [AUTO_START] WAIT_WINDOW attempt=1 pass=0 pid=12504 Flash launched at original size
[2026-08-27T09:32:08] [AUTO_START] START_CLICKED attempt=1 pass=0 pid=12504 Bắt đầu
[2026-08-27T09:32:13] [AUTO_START] RETRY_START attempt=1 pass=0 pid=12504 chua thay chon kenh, bam lai Bat dau
[2026-08-27T09:32:15] [AUTO_START] START_CLICKED attempt=1 pass=0 pid=12504 Bắt đầu
[2026-08-27T09:32:20] [AUTO_START] RETRY_START attempt=1 pass=0 pid=12504 chua thay chon kenh, bam lai Bat dau
[2026-08-27T09:32:31] [AUTO_START] START_CLICKED attempt=1 pass=0 pid=12504 Bắt đầu
[2026-08-27T09:32:34] [AUTO_START] CHANNEL_SELECTED attempt=1 pass=0 pid=12504 channel=(449, 308) choices=1
[2026-08-27T09:32:38] [AUTO_START] ENTER_GAME_CLICKED attempt=1 pass=0 pid=12504 character_slot=1 slot_verified=True
[2026-08-27T09:32:43] [AUTO_START] MAP_READY_OPEN attempt=1 pass=0 pid=12504 Player=0x1184e0a0 Core=0x15a340d0 world=(129,801)
[2026-08-27T09:32:48] Daily: đã đóng Flash sau Auto phụ bản lượt cuối (15 phút); chờ 15 phút.
[2026-08-27T09:38:51] Daily luvy: client chưa mở, đang đăng nhập trước bước mở lại sau Thần Tu...
[2026-08-27T09:38:51] [AUTO_START] WAIT_WINDOW attempt=1 pass=0 pid=13872 Flash launched at original size
[2026-08-27T09:38:55] [AUTO_START] START_CLICKED attempt=1 pass=0 pid=13872 Bắt đầu
[2026-08-27T09:39:00] [AUTO_START] RETRY_START attempt=1 pass=0 pid=13872 chua thay chon kenh, bam lai Bat dau
[2026-08-27T09:39:02] [AUTO_START] START_CLICKED attempt=1 pass=0 pid=13872 Bắt đầu
[2026-08-27T09:39:08] [AUTO_START] RETRY_START attempt=1 pass=0 pid=13872 chua thay chon kenh, bam lai Bat dau
[2026-08-27T09:39:18] [AUTO_START] START_CLICKED attempt=1 pass=0 pid=13872 Bắt đầu
[2026-08-27T09:39:21] [AUTO_START] CHANNEL_SELECTED attempt=1 pass=0 pid=13872 channel=(449, 308) choices=1
[2026-08-27T09:39:25] [AUTO_START] ENTER_GAME_CLICKED attempt=1 pass=0 pid=13872 character_slot=1 slot_verified=True
[2026-08-27T09:39:30] [AUTO_START] MAP_READY_OPEN attempt=1 pass=0 pid=13872 Player=0x105c90a0 Core=0xb2420d0 world=(2218,400)
[2026-08-27T09:39:39] [POPUP] đã đóng cache_notice
[2026-08-27T09:39:40] [DUNGEON] Auto PB toolbar scan arrow=NutXuong.png score=0.990 box=(313, 28, 21, 23)
[2026-08-27T09:39:42] [DUNGEON] Auto PB panel visible after guarded toolbar click
[2026-08-27T09:39:48] [DUNGEON] Claim Mê Huyễn Động: button score=0.940 box=(202, 177, 60, 19) evidence=C:\Users\Administrator\Desktop\New folder\fbh_v2_ttt_fixed-20260709T181609Z-2-001\fbh_multi_account_infinite_auto\dev_supervisor_target_a_v2_20260814\logs\auto_pb_claim_13872_Mê Huyễn Động_1787798388.png
[2026-08-27T09:39:48] Daily TSk: client chưa mở, đang đăng nhập trước bước mở lại sau Thần Tu...
[2026-08-27T09:39:48] [AUTO_START] WAIT_WINDOW attempt=1 pass=0 pid=8508 Flash launched at original size
[2026-08-27T09:39:48] [DUNGEON] Claim Mê Huyễn Động: readback start PASS
[2026-08-27T09:39:51] [AUTO_START] START_CLICKED attempt=1 pass=0 pid=8508 Bắt đầu
[2026-08-27T09:39:57] [DUNGEON] Claim Kho Báu Đại Mạc: button score=1.000 box=(428, 177, 60, 19) evidence=C:\Users\Administrator\Desktop\New folder\fbh_v2_ttt_fixed-20260709T181609Z-2-001\fbh_multi_account_infinite_auto\dev_supervisor_target_a_v2_20260814\logs\auto_pb_claim_13872_Kho Báu Đại Mạc_1787798397.png
[2026-08-27T09:39:58] [AUTO_START] RETRY_START attempt=1 pass=0 pid=8508 chua thay chon kenh, bam lai Bat dau
[2026-08-27T09:39:58] [DUNGEON] Claim Kho Báu Đại Mạc: readback start PASS
[2026-08-27T09:40:07] [DUNGEON] Claim Lục Tiên Cảnh: button score=1.000 box=(654, 177, 60, 19) evidence=C:\Users\Administrator\Desktop\New folder\fbh_v2_ttt_fixed-20260709T181609Z-2-001\fbh_multi_account_infinite_auto\dev_supervisor_target_a_v2_20260814\logs\auto_pb_claim_13872_Lục Tiên Cảnh_1787798407.png
[2026-08-27T09:40:07] [DUNGEON] Claim Lục Tiên Cảnh: readback start PASS
[2026-08-27T09:40:16] [DUNGEON] Claim Liệt Diễm Thâm Uyên: button score=0.940 box=(202, 280, 60, 19) evidence=C:\Users\Administrator\Desktop\New folder\fbh_v2_ttt_fixed-20260709T181609Z-2-001\fbh_multi_account_infinite_auto\dev_supervisor_target_a_v2_20260814\logs\auto_pb_claim_13872_Liệt Diễm Thâm Uyên_1787798416.png
[2026-08-27T09:40:16] [AUTO_START] START_CLICKED attempt=1 pass=0 pid=8508 Bắt đầu
[2026-08-27T09:40:17] [DUNGEON] Claim Liệt Diễm Thâm Uyên: readback start PASS
[2026-08-27T09:40:19] [AUTO_START] CHANNEL_SELECTED attempt=1 pass=0 pid=8508 channel=(449, 308) choices=1
[2026-08-27T09:40:24] [AUTO_START] ENTER_GAME_CLICKED attempt=1 pass=0 pid=8508 character_slot=1 slot_verified=True
[2026-08-27T09:40:30] [AUTO_START] MAP_READY_OPEN attempt=1 pass=0 pid=8508 Player=0x117690a0 Core=0x160a60d0 world=(2223,414)
[2026-08-27T09:40:36] [DUNGEON] Claim Trở Lại Lang Huyệt: button score=1.000 box=(428, 280, 60, 19) evidence=C:\Users\Administrator\Desktop\New folder\fbh_v2_ttt_fixed-20260709T181609Z-2-001\fbh_multi_account_infinite_auto\dev_supervisor_target_a_v2_20260814\logs\auto_pb_claim_13872_Trở Lại Lang Huyệt_1787798436.png
[2026-08-27T09:40:38] [DUNGEON] Claim Trở Lại Lang Huyệt: readback start PASS
[2026-08-27T09:40:39] [POPUP] đã đóng cache_notice
[2026-08-27T09:40:40] [DUNGEON] Auto PB toolbar scan arrow=NutXuong.png score=0.990 box=(313, 28, 21, 23)
[2026-08-27T09:40:41] [DUNGEON] Auto PB panel visible after guarded toolbar click
[2026-08-27T09:40:42] [DUNGEON] Claim Mê Huyễn Động: button score=0.940 box=(202, 177, 60, 19) evidence=C:\Users\Administrator\Desktop\New folder\fbh_v2_ttt_fixed-20260709T181609Z-2-001\fbh_multi_account_infinite_auto\dev_supervisor_target_a_v2_20260814\logs\auto_pb_claim_8508_Mê Huyễn Động_1787798442.png
[2026-08-27T09:40:43] [DUNGEON] Claim Mê Huyễn Động: readback start PASS
[2026-08-27T09:41:00] [DUNGEON] Claim Quỷ Hút Máu: panel/page gate failed
[2026-08-27T09:41:01] Daily PHỤ BẢN checkpoint 25 phút (mốc 1): Quỷ Hút Máu: claim không có readback
[2026-08-27T09:41:01] [DUNGEON] Claim Kho Báu Đại Mạc: button score=1.000 box=(428, 177, 60, 19) evidence=C:\Users\Administrator\Desktop\New folder\fbh_v2_ttt_fixed-20260709T181609Z-2-001\fbh_multi_account_infinite_auto\dev_supervisor_target_a_v2_20260814\logs\auto_pb_claim_8508_Kho Báu Đại Mạc_1787798461.png
[2026-08-27T09:41:01] Daily luvy: bỏ qua TU HÀNH (lỗi): checkpoint 25 phút (mốc 1): Quỷ Hút Máu: claim không có readback — evidence: C:\Users\Administrator\Desktop\New folder\fbh_v2_ttt_fixed-20260709T181609Z-2-001\fbh_multi_account_infinite_auto\dev_supervisor_target_a_v2_20260814\logs\daily_errors\acc_5\20260827_094101_TU_HÀNH.png
[2026-08-27T09:41:01] Daily luvy: đã reset Flash sau lỗi TU HÀNH; tác vụ kế tiếp sẽ đăng nhập từ trạng thái sạch.
[2026-08-27T09:41:01] Daily luvy: client chưa mở, đang đăng nhập trước bước TRỪ MA...
[2026-08-27T09:41:01] [AUTO_START] WAIT_WINDOW attempt=1 pass=0 pid=14984 Flash launched at original size
[2026-08-27T09:41:02] [DUNGEON] Claim Kho Báu Đại Mạc: readback start PASS
[2026-08-27T09:41:04] [AUTO_START] START_CLICKED attempt=1 pass=0 pid=14984 Bắt đầu
[2026-08-27T09:41:10] [AUTO_START] RETRY_START attempt=1 pass=0 pid=14984 chua thay chon kenh, bam lai Bat dau
[2026-08-27T09:41:17] [DUNGEON] Claim Lục Tiên Cảnh: button score=1.000 box=(654, 177, 60, 19) evidence=C:\Users\Administrator\Desktop\New folder\fbh_v2_ttt_fixed-20260709T181609Z-2-001\fbh_multi_account_infinite_auto\dev_supervisor_target_a_v2_20260814\logs\auto_pb_claim_8508_Lục Tiên Cảnh_1787798477.png
[2026-08-27T09:41:18] [DUNGEON] Claim Lục Tiên Cảnh: readback start PASS
[2026-08-27T09:41:27] [DUNGEON] Claim Liệt Diễm Thâm Uyên: button score=0.940 box=(202, 280, 60, 19) evidence=C:\Users\Administrator\Desktop\New folder\fbh_v2_ttt_fixed-20260709T181609Z-2-001\fbh_multi_account_infinite_auto\dev_supervisor_target_a_v2_20260814\logs\auto_pb_claim_8508_Liệt Diễm Thâm Uyên_1787798487.png
[2026-08-27T09:41:28] [DUNGEON] Claim Liệt Diễm Thâm Uyên: readback start PASS
[2026-08-27T09:41:28] [AUTO_START] START_CLICKED attempt=1 pass=0 pid=14984 Bắt đầu
[2026-08-27T09:41:31] [AUTO_START] CHANNEL_SELECTED attempt=1 pass=0 pid=14984 channel=(449, 308) choices=1
[2026-08-27T09:41:36] [AUTO_START] ENTER_GAME_CLICKED attempt=1 pass=0 pid=14984 character_slot=1 slot_verified=True
[2026-08-27T09:41:41] [AUTO_START] MAP_READY_OPEN attempt=1 pass=0 pid=14984 Player=0x120670a0 Core=0x1686b0d0 world=(2218,400)
[2026-08-27T09:41:43] [DUNGEON] Claim Trở Lại Lang Huyệt: button score=1.000 box=(428, 280, 60, 19) evidence=C:\Users\Administrator\Desktop\New folder\fbh_v2_ttt_fixed-20260709T181609Z-2-001\fbh_multi_account_infinite_auto\dev_supervisor_target_a_v2_20260814\logs\auto_pb_claim_8508_Trở Lại Lang Huyệt_1787798503.png
[2026-08-27T09:41:43] [DUNGEON] Claim Trở Lại Lang Huyệt: readback start PASS
[2026-08-27T09:41:51] [POPUP] đã đóng cache_notice
[2026-08-27T09:42:01] [DUNGEON] Claim Quỷ Hút Máu: button score=1.000 box=(654, 280, 60, 19) evidence=C:\Users\Administrator\Desktop\New folder\fbh_v2_ttt_fixed-20260709T181609Z-2-001\fbh_multi_account_infinite_auto\dev_supervisor_target_a_v2_20260814\logs\auto_pb_claim_8508_Quỷ Hút Máu_1787798521.png
[2026-08-27T09:42:02] [DUNGEON] Claim Quỷ Hút Máu: readback start PASS
[2026-08-27T09:42:21] [DUNGEON] Claim Thế Giới Số: button score=0.940 box=(202, 177, 60, 19) evidence=C:\Users\Administrator\Desktop\New folder\fbh_v2_ttt_fixed-20260709T181609Z-2-001\fbh_multi_account_infinite_auto\dev_supervisor_target_a_v2_20260814\logs\auto_pb_claim_8508_Thế Giới Số_1787798541.png
[2026-08-27T09:42:22] [DUNGEON] Claim Thế Giới Số: readback start PASS
[2026-08-27T09:42:36] [DUNGEON] Claim Thám Hiểm: button score=1.000 box=(428, 177, 60, 19) evidence=C:\Users\Administrator\Desktop\New folder\fbh_v2_ttt_fixed-20260709T181609Z-2-001\fbh_multi_account_infinite_auto\dev_supervisor_target_a_v2_20260814\logs\auto_pb_claim_8508_Thám Hiểm_1787798556.png
[2026-08-27T09:42:37] [DUNGEON] Claim Thám Hiểm: readback start PASS
[2026-08-27T09:42:42] [TRU_MA] TRỪ MA luvy: nhận diện: Phong Ấn Cự Ma (id=7670, margin=6)
[2026-08-27T09:42:48] Daily PHỤ BẢN checkpoint 25 phút (mốc 1): Mê Huyễn Động:claim; Mê Huyễn Động:start; Kho Báu Đại Mạc:claim; Kho Báu Đại Mạc:start; Lục Tiên Cảnh:claim; Lục Tiên Cảnh:start; Liệt Diễm Thâm Uyên:claim; Liệt Diễm Thâm Uyên:start; Trở Lại Lang Huyệt:claim; Trở Lại Lang Huyệt:start; Quỷ Hút Máu:claim; Quỷ Hút Máu:start; Thế Giới Số:claim; Thế Giới Số:start; Thám Hiểm:claim; Thám Hiểm:start
[2026-08-27T09:43:05] [TRU_MA] TRỪ MA luvy: mục tiêu: Viễn Cổ Cự Ma id=1167 type=3060100001167 resource=2060100001167
[2026-08-27T09:43:05] [POPUP] đã đóng npc_dialog
[2026-08-27T09:43:14] [AUTO_BOSS] Start selected-monster NPCView.clickNpc runner generation=1
[2026-08-27T09:43:17] [AUTO_BOSS] selected Monster 2060100001167 id=2168 type=3060100001167 resource=2060100001167 base=0x20851850 distance=1017
[2026-08-27T09:43:18] [AUTO_BOSS] NPCView session fingerprint native=0x1317cb8 avm=0x13bd10a0 method_info=0xa813548 slot322_method_id=18293
[2026-08-27T09:43:18] [AUTO_BOSS] id=2168 distance=1017 receiver=0xa093790 method=18293 stage=1
[2026-08-27T09:43:25] [AUTO_BOSS] id=2168 distance=51 receiver=0xa093790 method=18293 stage=2
[2026-08-27T09:43:25] Daily TSk: bỏ qua TU HÀNH (lỗi): không xác minh hội thoại NPC: clear — evidence: C:\Users\Administrator\Desktop\New folder\fbh_v2_ttt_fixed-20260709T181609Z-2-001\fbh_multi_account_infinite_auto\dev_supervisor_target_a_v2_20260814\logs\daily_errors\acc_3\20260827_094325_TU_HÀNH.png
[2026-08-27T09:43:25] Daily TSk: đã reset Flash sau lỗi TU HÀNH; tác vụ kế tiếp sẽ đăng nhập từ trạng thái sạch.
[2026-08-27T09:43:25] Daily TSk: client chưa mở, đang đăng nhập trước bước TRỪ MA...
[2026-08-27T09:43:25] [AUTO_START] WAIT_WINDOW attempt=1 pass=0 pid=14728 Flash launched at original size
[2026-08-27T09:43:29] [AUTO_BOSS] battle edge false->true id=2168
[2026-08-27T09:43:31] [AUTO_BOSS] battle edge true->false clear=1
[2026-08-27T09:43:59] [AUTO_START] START_CLICKED attempt=1 pass=0 pid=14728 Bắt đầu
[2026-08-27T09:44:06] [AUTO_START] CHANNEL_SELECTED attempt=1 pass=0 pid=14728 channel=(449, 308) choices=1
[2026-08-27T09:44:16] [AUTO_START] ENTER_GAME_CLICKED attempt=1 pass=0 pid=14728 character_slot=1 slot_verified=True
[2026-08-27T09:44:24] [AUTO_START] MAP_READY_OPEN attempt=1 pass=0 pid=14728 Player=0x843c0a0 Core=0x12a6f0d0 world=(2223,414)
[2026-08-27T09:44:29] [TRU_MA] TRỪ MA luvy: xong lượt 1/10 (Phong Ấn Cự Ma)
[2026-08-27T09:44:38] [POPUP] đã đóng cache_notice
[2026-08-27T09:45:05] [TRU_MA] TRỪ MA luvy: nhận diện: Phi Ma Tập Kích (id=7668, margin=6)
[2026-08-27T09:45:48] [TRU_MA] TRỪ MA luvy: mục tiêu: Thủ Lĩnh Phi Ma id=1114 type=3060100001114 resource=2060090100114
[2026-08-27T09:45:51] [TRU_MA] TRỪ MA TSk: nhận diện: Phi Ma Tập Kích (id=7668, margin=6)
[2026-08-27T09:46:05] [AUTO_BOSS] Start selected-monster NPCView.clickNpc runner generation=1
[2026-08-27T09:46:13] [AUTO_BOSS] selected Thủ Lĩnh Phi Ma id=1173 type=3060100001114 resource=2060090100114 base=0x1118fd70 distance=644
[2026-08-27T09:46:14] [TRU_MA] TRỪ MA TSk: mục tiêu: Thủ Lĩnh Phi Ma id=1114 type=3060100001114 resource=2060090100114
[2026-08-27T09:46:15] [AUTO_BOSS] NPCView session fingerprint native=0x1317cb8 avm=0x13bd10a0 method_info=0xa813548 slot322_method_id=18293
[2026-08-27T09:46:15] [AUTO_BOSS] id=1173 distance=644 receiver=0x1cfcb0d0 method=18293 stage=1
[2026-08-27T09:46:20] [AUTO_BOSS] id=1173 distance=67 receiver=0x1cfcb0d0 method=18293 stage=2
[2026-08-27T09:46:23] [AUTO_BOSS] battle edge false->true id=1173
[2026-08-27T09:46:25] [AUTO_BOSS] battle edge true->false clear=1
[2026-08-27T09:46:38] [AUTO_BOSS] Start selected-monster NPCView.clickNpc runner generation=1
[2026-08-27T09:46:44] [AUTO_BOSS] selected Thủ Lĩnh Phi Ma id=1173 type=3060100001114 resource=2060090100114 base=0x20783d70 distance=644
[2026-08-27T09:46:48] [AUTO_BOSS] NPCView session fingerprint native=0x1317cb8 avm=0x1dfb5850 method_info=0x9d4b0e8 slot322_method_id=18293
[2026-08-27T09:46:49] [AUTO_BOSS] id=1173 distance=644 receiver=0xe5afe50 method=18293 stage=1
[2026-08-27T09:47:01] [AUTO_BOSS] id=1173 distance=45 receiver=0xe5afe50 method=18293 stage=2
[2026-08-27T09:47:06] [AUTO_BOSS] battle edge false->true id=1173
[2026-08-27T09:47:20] [AUTO_BOSS] battle edge true->false clear=1
[2026-08-27T09:47:48] Daily CB: client chưa mở, đang đăng nhập trước bước mở lại sau Auto phụ bản lượt cuối (15 phút)...
[2026-08-27T09:47:48] [AUTO_START] WAIT_WINDOW attempt=1 pass=0 pid=12024 Flash launched at original size
[2026-08-27T09:47:51] [TRU_MA] TRỪ MA luvy: xong lượt 2/10 (Phi Ma Tập Kích)
[2026-08-27T09:48:00] [AUTO_START] START_CLICKED attempt=1 pass=0 pid=12024 Bắt đầu
[2026-08-27T09:48:14] [AUTO_START] RETRY_START attempt=1 pass=0 pid=12024 chua thay chon kenh, bam lai Bat dau
[2026-08-27T09:48:21] [TRU_MA] TRỪ MA luvy: nhận diện: Phi Ma Tập Kích (id=7668, margin=6)
[2026-08-27T09:48:23] [AUTO_START] START_CLICKED attempt=1 pass=0 pid=12024 Bắt đầu
[2026-08-27T09:48:30] [TRU_MA] TRỪ MA TSk: xong lượt 1/10 (Phi Ma Tập Kích)
[2026-08-27T09:48:34] [AUTO_START] CHANNEL_SELECTED attempt=1 pass=0 pid=12024 channel=(449, 308) choices=1
[2026-08-27T09:48:45] [AUTO_START] ENTER_GAME_CLICKED attempt=1 pass=0 pid=12024 character_slot=1 slot_verified=True
[2026-08-27T09:48:52] [TRU_MA] TRỪ MA TSk: dừng ở lượt 2: không mở được hộp thoại NPC Quan Quân Nhu
[2026-08-27T09:48:53] Daily TSk: bỏ qua TRỪ MA (lỗi): FAILED — 1/10 lượt; dừng ở lượt 2: không mở được hộp thoại NPC Quan Quân Nhu — evidence: C:\Users\Administrator\Desktop\New folder\fbh_v2_ttt_fixed-20260709T181609Z-2-001\fbh_multi_account_infinite_auto\dev_supervisor_target_a_v2_20260814\logs\daily_errors\acc_3\20260827_094852_TRỪ_MA.png
[2026-08-27T09:48:53] Daily TSk: đã reset Flash sau lỗi TRỪ MA; tác vụ kế tiếp sẽ đăng nhập từ trạng thái sạch.
[2026-08-27T09:48:53] Daily TSk: client chưa mở, đang đăng nhập trước bước TRỊ AN...
[2026-08-27T09:48:53] [AUTO_START] WAIT_WINDOW attempt=1 pass=0 pid=12524 Flash launched at original size
[2026-08-27T09:48:58] [TRU_MA] TRỪ MA luvy: mục tiêu: Thủ Lĩnh Phi Ma id=1114 type=3060100001114 resource=2060090100114
[2026-08-27T09:49:02] [AUTO_START] MAP_READY_OPEN attempt=1 pass=0 pid=12024 Player=0x110490a0 Core=0x9f350d0 world=(129,801)
[2026-08-27T09:49:03] [AUTO_START] START_CLICKED attempt=1 pass=0 pid=12524 Bắt đầu
[2026-08-27T09:49:07] [AUTO_BOSS] Start selected-monster NPCView.clickNpc runner generation=1
[2026-08-27T09:49:13] [AUTO_BOSS] selected Thủ Lĩnh Phi Ma id=1173 type=3060100001114 resource=2060090100114 base=0x2158a330 distance=644
[2026-08-27T09:49:14] [POPUP] đã đóng cache_notice
[2026-08-27T09:49:14] [AUTO_BOSS] NPCView session fingerprint native=0x1317cb8 avm=0x13bd10a0 method_info=0xa813548 slot322_method_id=18293
[2026-08-27T09:49:14] [AUTO_BOSS] id=1173 distance=644 receiver=0x1cfcb940 method=18293 stage=1
[2026-08-27T09:49:16] [AUTO_START] RETRY_START attempt=1 pass=0 pid=12524 chua thay chon kenh, bam lai Bat dau
[2026-08-27T09:49:20] [POPUP] đã đóng panel/popup lạ có X tại (480, 83)
[2026-08-27T09:49:20] [AUTO_BOSS] id=1173 distance=56 receiver=0x1cfcb940 method=18293 stage=2
[2026-08-27T09:49:24] [AUTO_BOSS] battle edge false->true id=1173
[2026-08-27T09:49:31] [AUTO_BOSS] battle edge true->false clear=1
[2026-08-27T09:49:31] [POPUP] X tại (480, 83) vẫn còn nguyên chỗ cũ sau khi đã bấm — không phải nút đóng thật, dừng bấm lại
[2026-08-27T09:49:40] [POPUP] đã đóng panel/popup lạ có X tại (480, 83)
[2026-08-27T09:49:46] [POPUP] X tại (480, 83) vẫn còn nguyên chỗ cũ sau khi đã bấm — không phải nút đóng thật, dừng bấm lại
[2026-08-27T09:49:51] [DUNGEON] Auto PB toolbar guard=unknown_modal_self_reopening; dismissed=[]
[2026-08-27T09:49:58] [POPUP] đã đóng panel/popup lạ có X tại (480, 83)
[2026-08-27T09:50:08] [POPUP] X tại (480, 83) vẫn còn nguyên chỗ cũ sau khi đã bấm — không phải nút đóng thật, dừng bấm lại
[2026-08-27T09:50:18] [DUNGEON] Auto PB toolbar guard=unknown_modal_self_reopening; dismissed=[]
[2026-08-27T09:50:27] [POPUP] đã đóng panel/popup lạ có X tại (480, 83)
[2026-08-27T09:50:34] [POPUP] X tại (480, 83) vẫn còn nguyên chỗ cũ sau khi đã bấm — không phải nút đóng thật, dừng bấm lại
[2026-08-27T09:50:34] [AUTO_START] START_CLICKED attempt=1 pass=0 pid=12524 Bắt đầu
[2026-08-27T09:50:39] [DUNGEON] Auto PB toolbar guard=unknown_modal_self_reopening; dismissed=[]
[2026-08-27T09:50:44] [POPUP] đã đóng panel/popup lạ có X tại (480, 83)
[2026-08-27T09:50:50] [POPUP] X tại (480, 83) vẫn còn nguyên chỗ cũ sau khi đã bấm — không phải nút đóng thật, dừng bấm lại
[2026-08-27T09:50:54] [DUNGEON] Auto PB toolbar guard=unknown_modal_self_reopening; dismissed=[]
[2026-08-27T09:51:00] [AUTO_START] CHANNEL_SELECTED attempt=1 pass=0 pid=12524 channel=(449, 308) choices=1
[2026-08-27T09:51:00] [POPUP] đã đóng panel/popup lạ có X tại (480, 83)
[2026-08-27T09:51:06] [POPUP] X tại (480, 83) vẫn còn nguyên chỗ cũ sau khi đã bấm — không phải nút đóng thật, dừng bấm lại
[2026-08-27T09:51:10] [DUNGEON] Auto PB toolbar guard=unknown_modal_self_reopening; dismissed=[]
[2026-08-27T09:51:11] [TRU_MA] TRỪ MA luvy: xong lượt 3/10 (Phi Ma Tập Kích)
[2026-08-27T09:51:19] [POPUP] đã đóng panel/popup lạ có X tại (480, 83)
[2026-08-27T09:51:26] [POPUP] X tại (480, 83) vẫn còn nguyên chỗ cũ sau khi đã bấm — không phải nút đóng thật, dừng bấm lại
[2026-08-27T09:51:30] [DUNGEON] Auto PB toolbar guard=unknown_modal_self_reopening; dismissed=[]
[2026-08-27T09:51:32] [AUTO_START] ENTER_GAME_CLICKED attempt=1 pass=0 pid=12524 character_slot=1 slot_verified=True
[2026-08-27T09:51:34] [AUTO_START] FAILED_CLOSED attempt=1 pass=0 pid=12524 timeout before rooted map
[2026-08-27T09:51:34] Daily TSk: đăng nhập lần 1 chưa vào map; thử lại.
[2026-08-27T09:51:38] [AUTO_START] WAIT_WINDOW attempt=1 pass=0 pid=5216 Flash launched at original size
[2026-08-27T09:51:38] [POPUP] đã đóng panel/popup lạ có X tại (480, 83)
[2026-08-27T09:51:43] [POPUP] X tại (480, 83) vẫn còn nguyên chỗ cũ sau khi đã bấm — không phải nút đóng thật, dừng bấm lại
[2026-08-27T09:51:49] [DUNGEON] Auto PB toolbar guard=unknown_modal_self_reopening; dismissed=[]
[2026-08-27T09:51:54] [POPUP] đã đóng panel/popup lạ có X tại (480, 83)
[2026-08-27T09:52:00] [POPUP] X tại (480, 83) vẫn còn nguyên chỗ cũ sau khi đã bấm — không phải nút đóng thật, dừng bấm lại
[2026-08-27T09:52:05] [DUNGEON] Auto PB toolbar guard=unknown_modal_self_reopening; dismissed=[]
[2026-08-27T09:52:11] [POPUP] đã đóng panel/popup lạ có X tại (480, 83)
[2026-08-27T09:52:12] [TRU_MA] TRỪ MA luvy: nhận diện: Phong Ấn Cự Thú (id=7669, margin=6)
[2026-08-27T09:52:18] [POPUP] X tại (480, 83) vẫn còn nguyên chỗ cũ sau khi đã bấm — không phải nút đóng thật, dừng bấm lại
[2026-08-27T09:52:25] [DUNGEON] Auto PB toolbar guard=unknown_modal_self_reopening; dismissed=[]
[2026-08-27T09:52:30] [POPUP] đã đóng panel/popup lạ có X tại (480, 83)
[2026-08-27T09:52:30] [AUTO_START] START_CLICKED attempt=1 pass=0 pid=5216 Bắt đầu
[2026-08-27T09:52:36] [POPUP] X tại (480, 83) vẫn còn nguyên chỗ cũ sau khi đã bấm — không phải nút đóng thật, dừng bấm lại
[2026-08-27T09:52:40] [DUNGEON] Auto PB toolbar guard=unknown_modal_self_reopening; dismissed=[]
[2026-08-27T09:52:48] [POPUP] đã đóng panel/popup lạ có X tại (480, 83)
[2026-08-27T09:52:55] [POPUP] X tại (480, 83) vẫn còn nguyên chỗ cũ sau khi đã bấm — không phải nút đóng thật, dừng bấm lại
[2026-08-27T09:53:01] [DUNGEON] Auto PB toolbar guard=unknown_modal_self_reopening; dismissed=[]
[2026-08-27T09:53:12] [TRU_MA] TRỪ MA luvy: mục tiêu: Viễn Cổ Cự Thú id=1161 type=3060100001161 resource=2060100001161
[2026-08-27T09:53:13] [AUTO_START] CHANNEL_SELECTED attempt=1 pass=0 pid=5216 channel=(449, 308) choices=1
[2026-08-27T09:53:13] [POPUP] đã đóng panel/popup lạ có X tại (480, 83)
[2026-08-27T09:53:18] [POPUP] X tại (480, 83) vẫn còn nguyên chỗ cũ sau khi đã bấm — không phải nút đóng thật, dừng bấm lại
[2026-08-27T09:53:22] [DUNGEON] Auto PB toolbar guard=unknown_modal_self_reopening; dismissed=[]
[2026-08-27T09:53:28] [POPUP] đã đóng panel/popup lạ có X tại (480, 83)
[2026-08-27T09:53:31] [AUTO_START] ENTER_GAME_CLICKED attempt=1 pass=0 pid=5216 character_slot=1 slot_verified=True
[2026-08-27T09:53:32] [POPUP] X tại (480, 83) vẫn còn nguyên chỗ cũ sau khi đã bấm — không phải nút đóng thật, dừng bấm lại
[2026-08-27T09:53:36] [DUNGEON] Auto PB toolbar guard=unknown_modal_self_reopening; dismissed=[]
[2026-08-27T09:53:40] [AUTO_BOSS] Start selected-monster NPCView.clickNpc runner generation=1
[2026-08-27T09:53:45] [POPUP] đã đóng panel/popup lạ có X tại (480, 83)
[2026-08-27T09:53:46] [AUTO_BOSS] selected Monster 2060100001161 id=2169 type=3060100001161 resource=2060100001161 base=0x2158ad70 distance=429
[2026-08-27T09:53:47] [AUTO_BOSS] NPCView session fingerprint native=0x1317cb8 avm=0x13bd10a0 method_info=0xa813548 slot322_method_id=18293
[2026-08-27T09:53:47] [AUTO_BOSS] id=2169 distance=429 receiver=0x22cb45e0 method=18293 stage=1
[2026-08-27T09:53:52] [POPUP] X tại (480, 83) vẫn còn nguyên chỗ cũ sau khi đã bấm — không phải nút đóng thật, dừng bấm lại
[2026-08-27T09:53:58] [DUNGEON] Auto PB toolbar guard=unknown_modal_self_reopening; dismissed=[]
[2026-08-27T09:53:58] [AUTO_BOSS] id=2169 distance=57 receiver=0x22cb45e0 method=18293 stage=2
[2026-08-27T09:54:02] [AUTO_BOSS] battle edge false->true id=2169
[2026-08-27T09:54:08] [AUTO_BOSS] battle edge true->false clear=1
[2026-08-27T09:54:08] [POPUP] đã đóng panel/popup lạ có X tại (480, 83)
[2026-08-27T09:54:17] [POPUP] X tại (480, 83) vẫn còn nguyên chỗ cũ sau khi đã bấm — không phải nút đóng thật, dừng bấm lại
[2026-08-27T09:54:23] [DUNGEON] Auto PB toolbar guard=unknown_modal_self_reopening; dismissed=[]
[2026-08-27T09:54:30] [POPUP] đã đóng panel/popup lạ có X tại (480, 83)
[2026-08-27T09:54:36] [POPUP] X tại (480, 83) vẫn còn nguyên chỗ cũ sau khi đã bấm — không phải nút đóng thật, dừng bấm lại
[2026-08-27T09:54:42] [DUNGEON] Auto PB toolbar guard=unknown_modal_self_reopening; dismissed=[]
[2026-08-27T09:54:51] [POPUP] đã đóng panel/popup lạ có X tại (480, 83)
[2026-08-27T09:55:03] [AUTO_START] MAP_READY_OPEN attempt=1 pass=0 pid=5216 Player=0x1089c0a0 Core=0x7d510d0 world=(2299,1348)
[2026-08-27T09:55:05] [POPUP] X tại (480, 83) vẫn còn nguyên chỗ cũ sau khi đã bấm — không phải nút đóng thật, dừng bấm lại
[2026-08-27T09:55:11] [DUNGEON] Auto PB toolbar guard=unknown_modal_self_reopening; dismissed=[]
[2026-08-27T09:55:19] [POPUP] đã đóng panel/popup lạ có X tại (480, 83)
[2026-08-27T09:55:25] [POPUP] đã đóng cache_notice
[2026-08-27T09:55:30] [POPUP] X tại (480, 83) vẫn còn nguyên chỗ cũ sau khi đã bấm — không phải nút đóng thật, dừng bấm lại
[2026-08-27T09:55:43] [DUNGEON] Auto PB toolbar guard=unknown_modal_self_reopening; dismissed=[]
[2026-08-27T09:55:43] [DUNGEON] Auto PB toolbar exact icon not found; best=0.000 box=None evidence=C:\Users\Administrator\Desktop\New folder\fbh_v2_ttt_fixed-20260709T181609Z-2-001\fbh_multi_account_infinite_auto\dev_supervisor_target_a_v2_20260814\logs\auto_pb_toolbar_fail_12024_1787799343.png
[2026-08-27T09:55:51] [POPUP] đã đóng panel/popup lạ có X tại (480, 83)
[2026-08-27T09:56:04] [POPUP] X tại (480, 83) vẫn còn nguyên chỗ cũ sau khi đã bấm — không phải nút đóng thật, dừng bấm lại
[2026-08-27T09:56:04] Daily PHỤ BẢN checkpoint lượt cuối (15 phút): Liệt Diễm Thâm Uyên: không mở được card/page
[2026-08-27T09:56:04] Daily CB: bỏ qua PHỤ BẢN (lỗi): checkpoint lượt cuối: Liệt Diễm Thâm Uyên: không mở được card/page — evidence: C:\Users\Administrator\Desktop\New folder\fbh_v2_ttt_fixed-20260709T181609Z-2-001\fbh_multi_account_infinite_auto\dev_supervisor_target_a_v2_20260814\logs\daily_errors\acc_1\20260827_095604_PHỤ_BẢN.png
[2026-08-27T09:56:05] Daily CB: đã reset Flash sau lỗi PHỤ BẢN; tác vụ kế tiếp sẽ đăng nhập từ trạng thái sạch.
[2026-08-27T09:56:05] Daily hoàn tất đúng plan snapshot: VIP, NHẬN THỜI TRANG, MẬT BẢO, ĐIÊU KHẮC, LẬT THẺ BÀI, PHỤ BẢN, HÀNH LANG, THẦN TU, TU HÀNH, TRỪ MA, TRỊ AN
[2026-08-27T09:56:23] [TRU_MA] TRỪ MA luvy: xong lượt 4/10 (Phong Ấn Cự Thú)
[2026-08-27T09:56:42] [TRU_MA] TRỪ MA luvy: nhận diện: Phong Ấn Cự Ma (id=7670, margin=4)
[2026-08-27T09:57:01] [TRU_MA] TRỪ MA luvy: mục tiêu: Viễn Cổ Cự Ma id=1167 type=3060100001167 resource=2060100001167
[2026-08-27T09:57:08] [AUTO_BOSS] Start selected-monster NPCView.clickNpc runner generation=1
[2026-08-27T09:57:11] [AUTO_BOSS] selected Monster 2060100001167 id=2168 type=3060100001167 resource=2060100001167 base=0x10029d70 distance=996
[2026-08-27T09:57:13] [AUTO_BOSS] NPCView session fingerprint native=0x1317cb8 avm=0x13bd10a0 method_info=0xa813548 slot322_method_id=18293
[2026-08-27T09:57:13] [AUTO_BOSS] id=2168 distance=996 receiver=0x1cfcbca0 method=18293 stage=1
[2026-08-27T09:57:21] [AUTO_BOSS] id=2168 distance=46 receiver=0x1cfcbca0 method=18293 stage=2
[2026-08-27T09:57:25] [AUTO_BOSS] battle edge false->true id=2168
[2026-08-27T09:57:28] [AUTO_BOSS] battle edge true->false clear=1
[2026-08-27T09:57:51] [TRI_AN] TRỊ AN TSk: đã nhận nhiệm vụ id=không đọc được (id ?)
[2026-08-27T09:58:01] [TRI_AN] TRỊ AN TSk: vật phẩm mã 4843 ở trang 0 ô 7 (sid 2108)
[2026-08-27T09:58:29] [TRI_AN] TRỊ AN TSk: đã dịch chuyển tới map 35 bằng Mật Lệnh Hải Tặc
[2026-08-27T09:58:29] [TRU_MA] TRỪ MA luvy: xong lượt 5/10 (Phong Ấn Cự Ma)
[2026-08-27T09:58:34] [TRI_AN] TRỊ AN TSk: mục tiêu: Phi Tặc family=306010 id=37 (khớp theo name)
[2026-08-27T09:58:46] [AUTO_BOSS] Start selected-monster NPCView.clickNpc runner generation=1
[2026-08-27T09:58:50] [AUTO_BOSS] selected Sứ Giả Dịch Chuyển Tầng 3 Mật Đạo id=12483 type=3060100000037 resource=2060090100037 base=0x2a536d70 distance=0
[2026-08-27T09:58:51] [AUTO_BOSS] NPCView session fingerprint native=0x1317cb8 avm=0x113470a0 method_info=0x9573510 slot322_method_id=18293
[2026-08-27T09:58:51] [AUTO_BOSS] id=12483 distance=0 receiver=0x230c0940 method=18293 stage=2
[2026-08-27T09:58:53] [AUTO_BOSS] battle edge false->true id=12483
[2026-08-27T09:58:58] [TRU_MA] TRỪ MA luvy: nhận diện: Phi Ma Tập Kích (id=7668, margin=6)
[2026-08-27T09:59:52] [AUTO_BOSS] battle edge true->false clear=1
[2026-08-27T10:00:01] [TRU_MA] TRỪ MA luvy: mục tiêu: Thủ Lĩnh Phi Ma id=1114 type=3060100001114 resource=2060090100114
[2026-08-27T10:00:10] [AUTO_BOSS] Start selected-monster NPCView.clickNpc runner generation=1
[2026-08-27T10:00:14] [AUTO_BOSS] selected Thủ Lĩnh Phi Ma id=1173 type=3060100001114 resource=2060090100114 base=0x10e410a0 distance=644
[2026-08-27T10:00:15] [AUTO_BOSS] NPCView session fingerprint native=0x1317cb8 avm=0x13bd10a0 method_info=0xa813548 slot322_method_id=18293
[2026-08-27T10:00:15] [AUTO_BOSS] id=1173 distance=644 receiver=0x22cb40d0 method=18293 stage=1
[2026-08-27T10:00:24] [AUTO_BOSS] REJECT_CLICKNPC_TIMEOUT id=1173 base=0x10e410a0
[2026-08-27T10:03:11] [TRI_AN] TRỊ AN TSk: dừng ở lượt 1: bấm Xong lỗi: QuestPanel.questData không khớp id nào trong (7667, 4) sau 8 khung
[2026-08-27T10:03:12] Daily TSk: bỏ qua TRỊ AN (lỗi): FAILED — 0/10 lượt; dừng ở lượt 1: bấm Xong lỗi: QuestPanel.questData không khớp id nào trong (7667, 4) sau 8 khung — evidence: C:\Users\Administrator\Desktop\New folder\fbh_v2_ttt_fixed-20260709T181609Z-2-001\fbh_multi_account_infinite_auto\dev_supervisor_target_a_v2_20260814\logs\daily_errors\acc_3\20260827_100312_TRỊ_AN.png
[2026-08-27T10:03:12] Daily TSk: đã reset Flash sau lỗi TRỊ AN; tác vụ kế tiếp sẽ đăng nhập từ trạng thái sạch.
[2026-08-27T10:03:12] Daily TSk: client chưa mở, đang đăng nhập trước bước checkpoint Auto phụ bản lượt cuối...
[2026-08-27T10:03:12] [AUTO_START] WAIT_WINDOW attempt=1 pass=0 pid=14468 Flash launched at original size
[2026-08-27T10:03:21] [AUTO_START] START_CLICKED attempt=1 pass=0 pid=14468 Bắt đầu
[2026-08-27T10:03:30] [AUTO_START] RETRY_START attempt=1 pass=0 pid=14468 chua thay chon kenh, bam lai Bat dau
[2026-08-27T10:03:40] [AUTO_START] START_CLICKED attempt=1 pass=0 pid=14468 Bắt đầu
[2026-08-27T10:03:52] [AUTO_START] CHANNEL_SELECTED attempt=1 pass=0 pid=14468 channel=(449, 308) choices=1
[2026-08-27T10:04:05] [AUTO_START] ENTER_GAME_CLICKED attempt=1 pass=0 pid=14468 character_slot=1 slot_verified=True
[2026-08-27T10:04:29] [AUTO_START] MAP_READY_OPEN attempt=1 pass=0 pid=14468 Player=0x10f040a0 Core=0x16c1c0d0 world=(3106,839)
[2026-08-27T10:04:34] Daily: đã đóng Flash sau Auto phụ bản lượt cuối (15 phút); chờ 15 phút.
[2026-08-27T10:05:10] [TRU_MA] TRỪ MA luvy: dừng ở lượt 6: quá 5 phút chưa vào được trận (state=WAIT_SPAWN, detail=1 selected monster heap candidate(s))
[2026-08-27T10:05:11] Daily luvy: bỏ qua TRỪ MA (lỗi): FAILED — 5/10 lượt; dừng ở lượt 6: quá 5 phút chưa vào được trận (state=WAIT_SPAWN, detail=1 selected monster heap candidate(s)) — evidence: C:\Users\Administrator\Desktop\New folder\fbh_v2_ttt_fixed-20260709T181609Z-2-001\fbh_multi_account_infinite_auto\dev_supervisor_target_a_v2_20260814\logs\daily_errors\acc_5\20260827_100510_TRỪ_MA.png
[2026-08-27T10:05:11] Daily luvy: đã reset Flash sau lỗi TRỪ MA; tác vụ kế tiếp sẽ đăng nhập từ trạng thái sạch.
[2026-08-27T10:05:11] Daily luvy: client chưa mở, đang đăng nhập trước bước TRỊ AN...
[2026-08-27T10:05:11] [AUTO_START] WAIT_WINDOW attempt=1 pass=0 pid=4336 Flash launched at original size
[2026-08-27T10:05:14] [AUTO_START] START_CLICKED attempt=1 pass=0 pid=4336 Bắt đầu
[2026-08-27T10:05:19] [AUTO_START] RETRY_START attempt=1 pass=0 pid=4336 chua thay chon kenh, bam lai Bat dau
[2026-08-27T10:05:22] [AUTO_START] START_CLICKED attempt=1 pass=0 pid=4336 Bắt đầu
[2026-08-27T10:05:27] [AUTO_START] RETRY_START attempt=1 pass=0 pid=4336 chua thay chon kenh, bam lai Bat dau
[2026-08-27T10:05:38] [AUTO_START] START_CLICKED attempt=1 pass=0 pid=4336 Bắt đầu
[2026-08-27T10:05:41] [AUTO_START] CHANNEL_SELECTED attempt=1 pass=0 pid=4336 channel=(449, 308) choices=1
[2026-08-27T10:05:45] [AUTO_START] ENTER_GAME_CLICKED attempt=1 pass=0 pid=4336 character_slot=1 slot_verified=True
[2026-08-27T10:05:50] [AUTO_START] MAP_READY_OPEN attempt=1 pass=0 pid=4336 Player=0x10c0a0a0 Core=0x1659e0d0 world=(1400,620)
[2026-08-27T10:05:59] [POPUP] đã đóng cache_notice
[2026-08-27T10:07:06] [TRI_AN] TRỊ AN luvy: đã nhận nhiệm vụ id=7667 (Phản Quân Hải Tặc)
[2026-08-27T10:07:09] [TRI_AN] TRỊ AN luvy: vật phẩm mã 4843 ở trang 8 ô 25 (sid 2366)
[2026-08-27T10:07:26] [TRI_AN] TRỊ AN luvy: đã dịch chuyển tới map 17 bằng Mật Lệnh Hải Tặc
[2026-08-27T10:07:28] [TRI_AN] TRỊ AN luvy: mục tiêu: Phản Quân Đại Tướng family=306010 id=1071 (khớp theo name)
[2026-08-27T10:07:34] [AUTO_BOSS] Start selected-monster NPCView.clickNpc runner generation=1
[2026-08-27T10:07:36] [AUTO_BOSS] selected Monster 2060090100071 id=16183 type=3060100001071 resource=2060090100071 base=0x36657850 distance=0
[2026-08-27T10:07:37] [AUTO_BOSS] NPCView session fingerprint native=0x1317cb8 avm=0x1d58e0a0 method_info=0x8a66858 slot322_method_id=18293
[2026-08-27T10:07:37] [AUTO_BOSS] id=16183 distance=0 receiver=0x1659ee50 method=18293 stage=2
[2026-08-27T10:07:39] [AUTO_BOSS] battle edge false->true id=16183
[2026-08-27T10:09:06] [AUTO_BOSS] battle edge true->false clear=1
[2026-08-27T10:10:39] [TRI_AN] TRỊ AN luvy: xong lượt 1/10 (Phản Quân Hải Tặc)
[2026-08-27T10:11:03] [TRI_AN] TRỊ AN luvy: đã nhận nhiệm vụ id=7667 (Phản Quân Hải Tặc)
[2026-08-27T10:11:06] [TRI_AN] TRỊ AN luvy: vật phẩm mã 4843 ở trang 8 ô 25 (sid 2366)
[2026-08-27T10:11:24] [TRI_AN] TRỊ AN luvy: đã dịch chuyển tới map 41 bằng Mật Lệnh Hải Tặc
[2026-08-27T10:11:26] [TRI_AN] TRỊ AN luvy: mục tiêu: Phi Tặc family=306010 id=37 (khớp theo name)
[2026-08-27T10:11:32] [AUTO_BOSS] Start selected-monster NPCView.clickNpc runner generation=1
[2026-08-27T10:11:34] [AUTO_BOSS] selected Sứ Giả Dịch Chuyển Tầng 3 Mật Đạo id=13401 type=3060100000037 resource=2060090100037 base=0x366da5c0 distance=0
[2026-08-27T10:11:35] [AUTO_BOSS] NPCView session fingerprint native=0x1317cb8 avm=0x1d58e0a0 method_info=0x8a66858 slot322_method_id=18293
[2026-08-27T10:11:35] [AUTO_BOSS] id=13401 distance=0 receiver=0x8b000d0 method=18293 stage=2
[2026-08-27T10:11:37] [AUTO_BOSS] battle edge false->true id=13401
[2026-08-27T10:13:03] [AUTO_BOSS] battle edge true->false clear=1
[2026-08-27T10:14:25] [TRI_AN] TRỊ AN luvy: dừng ở lượt 2: bấm Xong lỗi: QuestPanel.questData không khớp id nào trong (7667, 4) sau 8 khung
[2026-08-27T10:14:25] Daily luvy: bỏ qua TRỊ AN (lỗi): FAILED — 1/10 lượt; dừng ở lượt 2: bấm Xong lỗi: QuestPanel.questData không khớp id nào trong (7667, 4) sau 8 khung — evidence: C:\Users\Administrator\Desktop\New folder\fbh_v2_ttt_fixed-20260709T181609Z-2-001\fbh_multi_account_infinite_auto\dev_supervisor_target_a_v2_20260814\logs\daily_errors\acc_5\20260827_101425_TRỊ_AN.png
[2026-08-27T10:14:25] Daily luvy: đã reset Flash sau lỗi TRỊ AN; tác vụ kế tiếp sẽ đăng nhập từ trạng thái sạch.
[2026-08-27T10:14:25] Daily luvy: client chưa mở, đang đăng nhập trước bước checkpoint Auto phụ bản lượt cuối...
[2026-08-27T10:14:25] [AUTO_START] WAIT_WINDOW attempt=1 pass=0 pid=2680 Flash launched at original size
[2026-08-27T10:14:29] [AUTO_START] START_CLICKED attempt=1 pass=0 pid=2680 Bắt đầu
[2026-08-27T10:14:34] [AUTO_START] RETRY_START attempt=1 pass=0 pid=2680 chua thay chon kenh, bam lai Bat dau
[2026-08-27T10:14:36] [AUTO_START] START_CLICKED attempt=1 pass=0 pid=2680 Bắt đầu
[2026-08-27T10:14:42] [AUTO_START] RETRY_START attempt=1 pass=0 pid=2680 chua thay chon kenh, bam lai Bat dau
[2026-08-27T10:14:52] [AUTO_START] START_CLICKED attempt=1 pass=0 pid=2680 Bắt đầu
[2026-08-27T10:14:55] [AUTO_START] CHANNEL_SELECTED attempt=1 pass=0 pid=2680 channel=(449, 308) choices=1
[2026-08-27T10:14:59] [AUTO_START] ENTER_GAME_CLICKED attempt=1 pass=0 pid=2680 character_slot=1 slot_verified=True
[2026-08-27T10:15:04] [AUTO_START] MAP_READY_OPEN attempt=1 pass=0 pid=2680 Player=0xf3760a0 Core=0x14fad0d0 world=(3108,838)
[2026-08-27T10:15:10] Daily: đã đóng Flash sau Auto phụ bản lượt cuối (15 phút); chờ 15 phút.
[2026-08-27T10:19:34] Daily TSk: client chưa mở, đang đăng nhập trước bước mở lại sau Auto phụ bản lượt cuối (15 phút)...
[2026-08-27T10:19:34] [AUTO_START] WAIT_WINDOW attempt=1 pass=0 pid=13620 Flash launched at original size
[2026-08-27T10:19:40] [AUTO_START] START_CLICKED attempt=1 pass=0 pid=13620 Bắt đầu
[2026-08-27T10:19:45] [AUTO_START] RETRY_START attempt=1 pass=0 pid=13620 chua thay chon kenh, bam lai Bat dau
[2026-08-27T10:20:03] [AUTO_START] START_CLICKED attempt=1 pass=0 pid=13620 Bắt đầu
[2026-08-27T10:20:06] [AUTO_START] CHANNEL_SELECTED attempt=1 pass=0 pid=13620 channel=(449, 308) choices=1
[2026-08-27T10:20:10] [AUTO_START] ENTER_GAME_CLICKED attempt=1 pass=0 pid=13620 character_slot=1 slot_verified=True
[2026-08-27T10:20:15] [AUTO_START] MAP_READY_OPEN attempt=1 pass=0 pid=13620 Player=0x1c02d0a0 Core=0x159900d0 world=(3106,839)
[2026-08-27T10:20:25] [POPUP] đã đóng cache_notice
[2026-08-27T10:20:27] [DUNGEON] Auto PB toolbar scan arrow=NutXuong.png score=0.990 box=(313, 28, 21, 23)
[2026-08-27T10:20:28] [DUNGEON] Auto PB panel visible after guarded toolbar click
[2026-08-27T10:20:37] [DUNGEON] Claim Mê Huyễn Động: button score=0.940 box=(202, 177, 60, 19) evidence=C:\Users\Administrator\Desktop\New folder\fbh_v2_ttt_fixed-20260709T181609Z-2-001\fbh_multi_account_infinite_auto\dev_supervisor_target_a_v2_20260814\logs\auto_pb_claim_13620_Mê Huyễn Động_1787800837.png
[2026-08-27T10:20:38] [DUNGEON] Claim Mê Huyễn Động: readback start PASS
[2026-08-27T10:20:41] [DUNGEON] Claim Kho Báu Đại Mạc: button score=1.000 box=(428, 177, 60, 19) evidence=C:\Users\Administrator\Desktop\New folder\fbh_v2_ttt_fixed-20260709T181609Z-2-001\fbh_multi_account_infinite_auto\dev_supervisor_target_a_v2_20260814\logs\auto_pb_claim_13620_Kho Báu Đại Mạc_1787800841.png
[2026-08-27T10:20:42] [DUNGEON] Claim Kho Báu Đại Mạc: readback start PASS
[2026-08-27T10:20:45] [DUNGEON] Claim Lục Tiên Cảnh: button score=1.000 box=(654, 177, 60, 19) evidence=C:\Users\Administrator\Desktop\New folder\fbh_v2_ttt_fixed-20260709T181609Z-2-001\fbh_multi_account_infinite_auto\dev_supervisor_target_a_v2_20260814\logs\auto_pb_claim_13620_Lục Tiên Cảnh_1787800845.png
[2026-08-27T10:20:45] [DUNGEON] Claim Lục Tiên Cảnh: readback start PASS
[2026-08-27T10:20:48] [DUNGEON] Claim Liệt Diễm Thâm Uyên: button score=0.940 box=(202, 280, 60, 19) evidence=C:\Users\Administrator\Desktop\New folder\fbh_v2_ttt_fixed-20260709T181609Z-2-001\fbh_multi_account_infinite_auto\dev_supervisor_target_a_v2_20260814\logs\auto_pb_claim_13620_Liệt Diễm Thâm Uyên_1787800848.png
[2026-08-27T10:20:49] [DUNGEON] Claim Liệt Diễm Thâm Uyên: readback start PASS
[2026-08-27T10:20:52] [DUNGEON] Claim Trở Lại Lang Huyệt: button score=1.000 box=(428, 280, 60, 19) evidence=C:\Users\Administrator\Desktop\New folder\fbh_v2_ttt_fixed-20260709T181609Z-2-001\fbh_multi_account_infinite_auto\dev_supervisor_target_a_v2_20260814\logs\auto_pb_claim_13620_Trở Lại Lang Huyệt_1787800852.png
[2026-08-27T10:20:53] [DUNGEON] Claim Trở Lại Lang Huyệt: readback start PASS
[2026-08-27T10:20:55] [DUNGEON] Claim Quỷ Hút Máu: button score=1.000 box=(654, 280, 60, 19) evidence=C:\Users\Administrator\Desktop\New folder\fbh_v2_ttt_fixed-20260709T181609Z-2-001\fbh_multi_account_infinite_auto\dev_supervisor_target_a_v2_20260814\logs\auto_pb_claim_13620_Quỷ Hút Máu_1787800855.png
[2026-08-27T10:20:56] [DUNGEON] Claim Quỷ Hút Máu: readback start PASS
[2026-08-27T10:21:00] [DUNGEON] Claim Thế Giới Số: button score=0.940 box=(202, 177, 60, 19) evidence=C:\Users\Administrator\Desktop\New folder\fbh_v2_ttt_fixed-20260709T181609Z-2-001\fbh_multi_account_infinite_auto\dev_supervisor_target_a_v2_20260814\logs\auto_pb_claim_13620_Thế Giới Số_1787800860.png
[2026-08-27T10:21:01] [DUNGEON] Claim Thế Giới Số: readback start PASS
[2026-08-27T10:21:04] [DUNGEON] Claim Thám Hiểm: button score=1.000 box=(428, 177, 60, 19) evidence=C:\Users\Administrator\Desktop\New folder\fbh_v2_ttt_fixed-20260709T181609Z-2-001\fbh_multi_account_infinite_auto\dev_supervisor_target_a_v2_20260814\logs\auto_pb_claim_13620_Thám Hiểm_1787800864.png
[2026-08-27T10:21:04] [DUNGEON] Claim Thám Hiểm: readback start PASS
[2026-08-27T10:21:07] Daily PHỤ BẢN checkpoint lượt cuối (15 phút): Mê Huyễn Động:claim; Kho Báu Đại Mạc:claim; Lục Tiên Cảnh:claim; Liệt Diễm Thâm Uyên:claim; Trở Lại Lang Huyệt:claim; Quỷ Hút Máu:claim; Thế Giới Số:claim; Thám Hiểm:claim
[2026-08-27T10:21:07] Daily hoàn tất đúng plan snapshot: VIP, NHẬN THỜI TRANG, MẬT BẢO, ĐIÊU KHẮC, LẬT THẺ BÀI, PHỤ BẢN, HÀNH LANG, THẦN TU, TU HÀNH, TRỪ MA, TRỊ AN
[2026-08-27T10:30:10] Daily luvy: client chưa mở, đang đăng nhập trước bước mở lại sau Auto phụ bản lượt cuối (15 phút)...
[2026-08-27T10:30:10] [AUTO_START] WAIT_WINDOW attempt=1 pass=0 pid=2028 Flash launched at original size
[2026-08-27T10:30:13] [AUTO_START] START_CLICKED attempt=1 pass=0 pid=2028 Bắt đầu
[2026-08-27T10:30:18] [AUTO_START] RETRY_START attempt=1 pass=0 pid=2028 chua thay chon kenh, bam lai Bat dau
[2026-08-27T10:30:21] [AUTO_START] START_CLICKED attempt=1 pass=0 pid=2028 Bắt đầu
[2026-08-27T10:30:26] [AUTO_START] RETRY_START attempt=1 pass=0 pid=2028 chua thay chon kenh, bam lai Bat dau
[2026-08-27T10:30:38] [AUTO_START] START_CLICKED attempt=1 pass=0 pid=2028 Bắt đầu
[2026-08-27T10:30:41] [AUTO_START] CHANNEL_SELECTED attempt=1 pass=0 pid=2028 channel=(449, 308) choices=1
[2026-08-27T10:30:45] [AUTO_START] ENTER_GAME_CLICKED attempt=1 pass=0 pid=2028 character_slot=1 slot_verified=True
[2026-08-27T10:30:51] [AUTO_START] MAP_READY_OPEN attempt=1 pass=0 pid=2028 Player=0x12ee70a0 Core=0x158c20d0 world=(3108,838)
[2026-08-27T10:31:00] [POPUP] đã đóng cache_notice
[2026-08-27T10:31:02] [DUNGEON] Auto PB toolbar scan arrow=NutXuong.png score=0.990 box=(313, 28, 21, 23)
[2026-08-27T10:31:03] [DUNGEON] Auto PB panel visible after guarded toolbar click
[2026-08-27T10:31:05] [DUNGEON] Claim Mê Huyễn Động: button score=0.940 box=(202, 177, 60, 19) evidence=C:\Users\Administrator\Desktop\New folder\fbh_v2_ttt_fixed-20260709T181609Z-2-001\fbh_multi_account_infinite_auto\dev_supervisor_target_a_v2_20260814\logs\auto_pb_claim_2028_Mê Huyễn Động_1787801465.png
[2026-08-27T10:31:05] [DUNGEON] Claim Mê Huyễn Động: readback start PASS
[2026-08-27T10:31:15] [DUNGEON] Claim Kho Báu Đại Mạc: button score=1.000 box=(428, 177, 60, 19) evidence=C:\Users\Administrator\Desktop\New folder\fbh_v2_ttt_fixed-20260709T181609Z-2-001\fbh_multi_account_infinite_auto\dev_supervisor_target_a_v2_20260814\logs\auto_pb_claim_2028_Kho Báu Đại Mạc_1787801475.png
[2026-08-27T10:31:16] [DUNGEON] Claim Kho Báu Đại Mạc: readback start PASS
[2026-08-27T10:31:25] [DUNGEON] Claim Lục Tiên Cảnh: button score=1.000 box=(654, 177, 60, 19) evidence=C:\Users\Administrator\Desktop\New folder\fbh_v2_ttt_fixed-20260709T181609Z-2-001\fbh_multi_account_infinite_auto\dev_supervisor_target_a_v2_20260814\logs\auto_pb_claim_2028_Lục Tiên Cảnh_1787801485.png
[2026-08-27T10:31:26] [DUNGEON] Claim Lục Tiên Cảnh: readback start PASS
[2026-08-27T10:31:35] [DUNGEON] Claim Liệt Diễm Thâm Uyên: button score=0.940 box=(202, 280, 60, 19) evidence=C:\Users\Administrator\Desktop\New folder\fbh_v2_ttt_fixed-20260709T181609Z-2-001\fbh_multi_account_infinite_auto\dev_supervisor_target_a_v2_20260814\logs\auto_pb_claim_2028_Liệt Diễm Thâm Uyên_1787801495.png
[2026-08-27T10:31:36] [DUNGEON] Claim Liệt Diễm Thâm Uyên: readback start PASS
[2026-08-27T10:31:47] [DUNGEON] Claim Trở Lại Lang Huyệt: button score=1.000 box=(428, 280, 60, 19) evidence=C:\Users\Administrator\Desktop\New folder\fbh_v2_ttt_fixed-20260709T181609Z-2-001\fbh_multi_account_infinite_auto\dev_supervisor_target_a_v2_20260814\logs\auto_pb_claim_2028_Trở Lại Lang Huyệt_1787801507.png
[2026-08-27T10:31:48] [DUNGEON] Claim Trở Lại Lang Huyệt: readback start PASS
[2026-08-27T10:32:07] [DUNGEON] Claim Quỷ Hút Máu: button score=1.000 box=(654, 280, 60, 19) evidence=C:\Users\Administrator\Desktop\New folder\fbh_v2_ttt_fixed-20260709T181609Z-2-001\fbh_multi_account_infinite_auto\dev_supervisor_target_a_v2_20260814\logs\auto_pb_claim_2028_Quỷ Hút Máu_1787801527.png
[2026-08-27T10:32:08] [DUNGEON] Claim Quỷ Hút Máu: readback start PASS
[2026-08-27T10:32:20] [DUNGEON] Claim Thế Giới Số: button score=0.940 box=(202, 177, 60, 19) evidence=C:\Users\Administrator\Desktop\New folder\fbh_v2_ttt_fixed-20260709T181609Z-2-001\fbh_multi_account_infinite_auto\dev_supervisor_target_a_v2_20260814\logs\auto_pb_claim_2028_Thế Giới Số_1787801540.png
[2026-08-27T10:32:21] [DUNGEON] Claim Thế Giới Số: readback start PASS
[2026-08-27T10:32:32] [DUNGEON] Claim Thám Hiểm: button score=1.000 box=(428, 177, 60, 19) evidence=C:\Users\Administrator\Desktop\New folder\fbh_v2_ttt_fixed-20260709T181609Z-2-001\fbh_multi_account_infinite_auto\dev_supervisor_target_a_v2_20260814\logs\auto_pb_claim_2028_Thám Hiểm_1787801552.png
[2026-08-27T10:32:33] [DUNGEON] Claim Thám Hiểm: readback start PASS
[2026-08-27T10:32:42] Daily PHỤ BẢN checkpoint lượt cuối (15 phút): Mê Huyễn Động:claim; Mê Huyễn Động:start; Kho Báu Đại Mạc:claim; Kho Báu Đại Mạc:start; Lục Tiên Cảnh:claim; Lục Tiên Cảnh:start; Liệt Diễm Thâm Uyên:claim; Liệt Diễm Thâm Uyên:start; Trở Lại Lang Huyệt:claim; Trở Lại Lang Huyệt:start; Quỷ Hút Máu:claim; Quỷ Hút Máu:start; Thế Giới Số:claim; Thế Giới Số:start; Thám Hiểm:claim; Thám Hiểm:start
[2026-08-27T10:32:42] Daily hoàn tất đúng plan snapshot: VIP, NHẬN THỜI TRANG, MẬT BẢO, ĐIÊU KHẮC, LẬT THẺ BÀI, PHỤ BẢN, HÀNH LANG, THẦN TU, TU HÀNH, TRỪ MA, TRỊ AN
[2026-08-27T11:39:35] TRỪ MA CB: client chưa mở, đang đăng nhập...
[2026-08-27T11:39:35] [AUTO_START] WAIT_WINDOW attempt=1 pass=0 pid=744 Flash launched at original size
[2026-08-27T11:39:41] TRỪ MA luvy: client chưa mở, đang đăng nhập...
[2026-08-27T11:39:41] [AUTO_START] WAIT_WINDOW attempt=1 pass=0 pid=4920 Flash launched at original size
[2026-08-27T11:39:47] Đã bắt đầu TRỪ MA (10 lượt/acc): acc_1, acc_5, acc_3
[2026-08-27T11:39:47] TRỪ MA TSk: client chưa mở, đang đăng nhập...
[2026-08-27T11:39:47] [AUTO_START] WAIT_WINDOW attempt=1 pass=0 pid=12748 Flash launched at original size
[2026-08-27T11:41:16] Không có TRỪ MA đang chạy trong phạm vi đã chọn.
[2026-08-27T11:59:38] TRỪ MA CB: client chưa mở, đang đăng nhập...
[2026-08-27T11:59:38] [AUTO_START] WAIT_WINDOW attempt=1 pass=0 pid=13540 Flash launched at original size
[2026-08-27T11:59:41] [AUTO_START] START_CLICKED attempt=1 pass=0 pid=13540 Bắt đầu
[2026-08-27T11:59:44] Đã bắt đầu TRỪ MA (10 lượt/acc): acc_1, acc_3
[2026-08-27T11:59:44] TRỪ MA TSk: client chưa mở, đang đăng nhập...
[2026-08-27T11:59:44] [AUTO_START] WAIT_WINDOW attempt=1 pass=0 pid=10276 Flash launched at original size
[2026-08-27T11:59:47] [AUTO_START] RETRY_START attempt=1 pass=0 pid=13540 chua thay chon kenh, bam lai Bat dau
[2026-08-27T11:59:47] [AUTO_START] START_CLICKED attempt=1 pass=0 pid=10276 Bắt đầu
[2026-08-27T11:59:50] [AUTO_START] START_CLICKED attempt=1 pass=0 pid=13540 Bắt đầu
[2026-08-27T11:59:53] [AUTO_START] RETRY_START attempt=1 pass=0 pid=10276 chua thay chon kenh, bam lai Bat dau
[2026-08-27T11:59:56] [AUTO_START] RETRY_START attempt=1 pass=0 pid=13540 chua thay chon kenh, bam lai Bat dau
[2026-08-27T11:59:57] [AUTO_START] START_CLICKED attempt=1 pass=0 pid=10276 Bắt đầu
[2026-08-27T12:00:03] [AUTO_START] RETRY_START attempt=1 pass=0 pid=10276 chua thay chon kenh, bam lai Bat dau
[2026-08-27T12:00:05] [AUTO_START] START_CLICKED attempt=1 pass=0 pid=13540 Bắt đầu
[2026-08-27T12:00:06] [AUTO_START] START_CLICKED attempt=1 pass=0 pid=10276 Bắt đầu
[2026-08-27T12:00:08] [AUTO_START] CHANNEL_SELECTED attempt=1 pass=0 pid=13540 channel=(449, 308) choices=1
[2026-08-27T12:00:12] [AUTO_START] RETRY_START attempt=1 pass=0 pid=10276 chua thay chon kenh, bam lai Bat dau
[2026-08-27T12:00:13] [AUTO_START] ENTER_GAME_CLICKED attempt=1 pass=0 pid=13540 character_slot=1 slot_verified=True
[2026-08-27T12:00:15] [AUTO_START] START_CLICKED attempt=1 pass=0 pid=10276 Bắt đầu
[2026-08-27T12:00:19] [AUTO_START] MAP_READY_OPEN attempt=1 pass=0 pid=13540 Player=0x97fd0a0 Core=0x15dbc0d0 world=(129,801)
[2026-08-27T12:00:20] [AUTO_START] CHANNEL_SELECTED attempt=1 pass=0 pid=10276 channel=(449, 308) choices=1
[2026-08-27T12:00:25] [AUTO_START] ENTER_GAME_CLICKED attempt=1 pass=0 pid=10276 character_slot=1 slot_verified=True
[2026-08-27T12:00:31] [POPUP] đã đóng cache_notice
[2026-08-27T12:00:33] [POPUP] phát hiện X lạ ổn định tại (480, 83); UNKNOWN nên không bấm
[2026-08-27T12:00:35] [POPUP] phát hiện X lạ ổn định tại (480, 83); UNKNOWN nên không bấm
[2026-08-27T12:00:37] [POPUP] phát hiện X lạ ổn định tại (480, 83); UNKNOWN nên không bấm
[2026-08-27T12:00:38] [TRU_MA] TRỪ MA CB: dừng ở lượt 1: không tới Đông Huyền Thành: popup guard: unknown_modal_blocked
[2026-08-27T12:00:38] TRỪ MA CB: FAILED — 0/10 lượt; dừng ở lượt 1: không tới Đông Huyền Thành: popup guard: unknown_modal_blocked
[2026-08-27T12:00:40] [AUTO_START] MAP_READY_OPEN attempt=1 pass=0 pid=10276 Player=0x1de6d0a0 Core=0x139af0d0 world=(3106,839)
[2026-08-27T12:00:51] [POPUP] đã đóng cache_notice
[2026-08-27T12:01:31] [TRU_MA] TRỪ MA TSk: dừng ở lượt 1: không mở được hộp thoại NPC Quan Quân Nhu
[2026-08-27T12:01:32] TRỪ MA TSk: FAILED — 0/10 lượt; dừng ở lượt 1: không mở được hộp thoại NPC Quan Quân Nhu
[2026-08-27T13:53:51] TRỪ MA CB: client chưa mở, đang đăng nhập...
[2026-08-27T13:53:51] [AUTO_START] WAIT_WINDOW attempt=1 pass=0 pid=14020 Flash launched at original size
[2026-08-27T13:53:56] [AUTO_START] START_CLICKED attempt=1 pass=0 pid=14020 Bắt đầu
[2026-08-27T13:53:57] TRỪ MA TSk: client chưa mở, đang đăng nhập...
[2026-08-27T13:53:57] [AUTO_START] WAIT_WINDOW attempt=1 pass=0 pid=8196 Flash launched at original size
[2026-08-27T13:54:01] [AUTO_START] START_CLICKED attempt=1 pass=0 pid=8196 Bắt đầu
[2026-08-27T13:54:01] [AUTO_START] RETRY_START attempt=1 pass=0 pid=14020 chua thay chon kenh, bam lai Bat dau
[2026-08-27T13:54:03] Đã bắt đầu TRỪ MA (10 lượt/acc): acc_1, acc_3, acc_5
[2026-08-27T13:54:03] TRỪ MA luvy: client chưa mở, đang đăng nhập...
[2026-08-27T13:54:03] [AUTO_START] WAIT_WINDOW attempt=1 pass=0 pid=15444 Flash launched at original size
[2026-08-27T13:54:06] [AUTO_START] START_CLICKED attempt=1 pass=0 pid=15444 Bắt đầu
[2026-08-27T13:54:07] [AUTO_START] RETRY_START attempt=1 pass=0 pid=8196 chua thay chon kenh, bam lai Bat dau
[2026-08-27T13:54:14] [AUTO_START] RETRY_START attempt=1 pass=0 pid=15444 chua thay chon kenh, bam lai Bat dau
[2026-08-27T13:54:19] [AUTO_START] START_CLICKED attempt=1 pass=0 pid=14020 Bắt đầu
[2026-08-27T13:54:24] [AUTO_START] CHANNEL_SELECTED attempt=1 pass=0 pid=14020 channel=(449, 308) choices=1
[2026-08-27T13:54:25] [AUTO_START] START_CLICKED attempt=1 pass=0 pid=8196 Bắt đầu
[2026-08-27T13:54:29] [AUTO_START] ENTER_GAME_CLICKED attempt=1 pass=0 pid=14020 character_slot=1 slot_verified=True
[2026-08-27T13:54:29] [AUTO_START] CHANNEL_SELECTED attempt=1 pass=0 pid=8196 channel=(449, 308) choices=1
[2026-08-27T13:54:32] [AUTO_START] START_CLICKED attempt=1 pass=0 pid=15444 Bắt đầu
[2026-08-27T13:54:35] [AUTO_START] MAP_READY_OPEN attempt=1 pass=0 pid=14020 Player=0x1e2f80a0 Core=0x9a980d0 world=(129,801)
[2026-08-27T13:54:37] [AUTO_START] ENTER_GAME_CLICKED attempt=1 pass=0 pid=8196 character_slot=1 slot_verified=True
[2026-08-27T13:54:37] [AUTO_START] CHANNEL_SELECTED attempt=1 pass=0 pid=15444 channel=(449, 308) choices=1
[2026-08-27T13:54:44] [AUTO_START] ENTER_GAME_CLICKED attempt=1 pass=0 pid=15444 character_slot=1 slot_verified=True
[2026-08-27T13:54:45] [AUTO_START] MAP_READY_OPEN attempt=1 pass=0 pid=8196 Player=0x12dca0a0 Core=0x163320d0 world=(3106,839)
[2026-08-27T13:54:48] [POPUP] đã đóng cache_notice
[2026-08-27T13:54:58] [POPUP] đã đóng cache_notice
[2026-08-27T13:55:31] [AUTO_START] MAP_READY_OPEN attempt=1 pass=0 pid=15444 Player=0x1c2da0a0 Core=0x146160d0 world=(3108,838)
[2026-08-27T13:55:47] [POPUP] đã đóng cache_notice
[2026-08-27T13:56:15] [TRU_MA] TRỪ MA TSk: dừng ở lượt 1: không mở được hộp thoại NPC Quan Quân Nhu
[2026-08-27T13:56:15] TRỪ MA TSk: FAILED — 0/10 lượt; dừng ở lượt 1: không mở được hộp thoại NPC Quan Quân Nhu
[2026-08-27T13:56:30] [TRU_MA] TRỪ MA CB: nhận diện: Phong Ấn Cự Ma (id=7670, margin=6)
[2026-08-27T13:56:49] [TRU_MA] TRỪ MA luvy: dừng ở lượt 1: không mở được hộp thoại NPC Quan Quân Nhu
[2026-08-27T13:56:50] TRỪ MA luvy: FAILED — 0/10 lượt; dừng ở lượt 1: không mở được hộp thoại NPC Quan Quân Nhu
[2026-08-27T13:56:58] [TRU_MA] TRỪ MA CB: mục tiêu: Viễn Cổ Cự Ma id=1167 type=3060100001167 resource=2060100001167
[2026-08-27T13:57:07] [AUTO_BOSS] Start selected-monster NPCView.clickNpc runner generation=1
[2026-08-27T13:57:09] [AUTO_BOSS] reject nDict mismatch id=2168 base=0x28002d70 returned=0x0
[2026-08-27T13:57:25] [AUTO_BOSS] selected Monster 2060100001167 id=2168 type=3060100001167 resource=2060100001167 base=0x28002d70 distance=996
[2026-08-27T13:57:26] [AUTO_BOSS] NPCView session fingerprint native=0x1317cb8 avm=0xfb350a0 method_info=0x9a19740 slot322_method_id=18293
[2026-08-27T13:57:26] [AUTO_BOSS] id=2168 distance=996 receiver=0x1c98b790 method=18293 stage=1
[2026-08-27T13:57:31] [AUTO_BOSS] id=2168 distance=190 receiver=0x1c98b790 method=18293 stage=2
[2026-08-27T13:57:34] [AUTO_BOSS] battle edge false->true id=2168
[2026-08-27T13:57:38] [AUTO_BOSS] battle edge true->false clear=1
[2026-08-27T13:58:35] [TRU_MA] TRỪ MA CB: xong lượt 1/10 (Phong Ấn Cự Ma)
[2026-08-27T13:58:53] [TRU_MA] TRỪ MA CB: nhận diện: Phong Ấn Cự Thú (id=7669, margin=6)
[2026-08-27T13:59:28] [TRU_MA] TRỪ MA CB: mục tiêu: Viễn Cổ Cự Thú id=1161 type=3060100001161 resource=2060100001161
[2026-08-27T13:59:35] [AUTO_BOSS] Start selected-monster NPCView.clickNpc runner generation=1
[2026-08-27T13:59:37] [AUTO_BOSS] selected Monster 2060100001161 id=2169 type=3060100001161 resource=2060100001161 base=0x271fe5c0 distance=429
[2026-08-27T13:59:38] [AUTO_BOSS] NPCView session fingerprint native=0x1317cb8 avm=0xfb350a0 method_info=0x9a19740 slot322_method_id=18293
[2026-08-27T13:59:38] [AUTO_BOSS] id=2169 distance=429 receiver=0x271ff430 method=18293 stage=1
[2026-08-27T13:59:41] [AUTO_BOSS] id=2169 distance=61 receiver=0x271ff430 method=18293 stage=2
[2026-08-27T13:59:45] [AUTO_BOSS] battle edge false->true id=2169
[2026-08-27T13:59:49] [AUTO_BOSS] battle edge true->false clear=1
[2026-08-27T14:00:35] [TRU_MA] TRỪ MA CB: xong lượt 2/10 (Phong Ấn Cự Thú)
[2026-08-27T14:00:52] [TRU_MA] TRỪ MA CB: nhận diện: Phong Ấn Cự Ma (id=7670, margin=5)
[2026-08-27T14:20:37] TRỪ MA CB: client chưa mở, đang đăng nhập...
[2026-08-27T14:20:37] [AUTO_START] WAIT_WINDOW attempt=1 pass=0 pid=2920 Flash launched at original size
[2026-08-27T14:20:41] [AUTO_START] START_CLICKED attempt=1 pass=0 pid=2920 Bắt đầu
[2026-08-27T14:20:43] TRỪ MA TSk: client chưa mở, đang đăng nhập...
[2026-08-27T14:20:43] [AUTO_START] WAIT_WINDOW attempt=1 pass=0 pid=6892 Flash launched at original size
[2026-08-27T14:20:47] [AUTO_START] RETRY_START attempt=1 pass=0 pid=2920 chua thay chon kenh, bam lai Bat dau
[2026-08-27T14:20:49] [AUTO_START] START_CLICKED attempt=1 pass=0 pid=6892 Bắt đầu
[2026-08-27T14:20:49] Đã bắt đầu TRỪ MA (10 lượt/acc): acc_1, acc_3, acc_5
[2026-08-27T14:20:49] TRỪ MA luvy: client chưa mở, đang đăng nhập...
[2026-08-27T14:20:49] [AUTO_START] WAIT_WINDOW attempt=1 pass=0 pid=2980 Flash launched at original size
[2026-08-27T14:20:53] [AUTO_START] START_CLICKED attempt=1 pass=0 pid=2980 Bắt đầu
[2026-08-27T14:20:56] [AUTO_START] RETRY_START attempt=1 pass=0 pid=6892 chua thay chon kenh, bam lai Bat dau
[2026-08-27T14:21:00] [AUTO_START] RETRY_START attempt=1 pass=0 pid=2980 chua thay chon kenh, bam lai Bat dau
[2026-08-27T14:21:08] [AUTO_START] START_CLICKED attempt=1 pass=0 pid=2920 Bắt đầu
[2026-08-27T14:21:12] [AUTO_START] CHANNEL_SELECTED attempt=1 pass=0 pid=2920 channel=(449, 308) choices=1
[2026-08-27T14:21:14] [AUTO_START] START_CLICKED attempt=1 pass=0 pid=6892 Bắt đầu
[2026-08-27T14:21:17] [AUTO_START] CHANNEL_SELECTED attempt=1 pass=0 pid=6892 channel=(449, 308) choices=1
[2026-08-27T14:21:18] [AUTO_START] ENTER_GAME_CLICKED attempt=1 pass=0 pid=2920 character_slot=1 slot_verified=True
[2026-08-27T14:21:18] [AUTO_START] START_CLICKED attempt=1 pass=0 pid=2980 Bắt đầu
[2026-08-27T14:21:22] [AUTO_START] CHANNEL_SELECTED attempt=1 pass=0 pid=2980 channel=(449, 308) choices=1
[2026-08-27T14:21:23] [AUTO_START] ENTER_GAME_CLICKED attempt=1 pass=0 pid=6892 character_slot=1 slot_verified=True
[2026-08-27T14:21:24] [AUTO_START] MAP_READY_OPEN attempt=1 pass=0 pid=2920 Player=0x1cc850a0 Core=0x16d890d0 world=(1000,500)
[2026-08-27T14:21:29] [AUTO_START] ENTER_GAME_CLICKED attempt=1 pass=0 pid=2980 character_slot=1 slot_verified=True
[2026-08-27T14:21:30] [AUTO_START] MAP_READY_OPEN attempt=1 pass=0 pid=6892 Player=0xf71d0a0 Core=0x1658e0d0 world=(3106,839)
[2026-08-27T14:21:34] [POPUP] đã đóng cache_notice
[2026-08-27T14:21:45] [POPUP] đã đóng cache_notice
[2026-08-27T14:22:09] [AUTO_START] MAP_READY_OPEN attempt=1 pass=0 pid=2980 Player=0x1d1a60a0 Core=0x16ed50d0 world=(3108,838)
[2026-08-27T14:22:39] [TRU_MA] TRỪ MA TSk: dừng ở lượt 1: không mở được hộp thoại NPC Quan Quân Nhu
[2026-08-27T14:22:40] TRỪ MA TSk: FAILED — 0/10 lượt; dừng ở lượt 1: không mở được hộp thoại NPC Quan Quân Nhu
[2026-08-27T14:23:13] [POPUP] đã đóng cache_notice
[2026-08-27T14:23:18] [TRU_MA] TRỪ MA CB: phục hồi nhiệm vụ đã giết xong: Phong Ấn Cự Ma
[2026-08-27T14:23:59] [TRU_MA] TRỪ MA luvy: dừng ở lượt 1: không mở được hộp thoại NPC Quan Quân Nhu
[2026-08-27T14:24:00] TRỪ MA luvy: FAILED — 0/10 lượt; dừng ở lượt 1: không mở được hộp thoại NPC Quan Quân Nhu
[2026-08-27T14:24:18] [TRU_MA] TRỪ MA CB: dừng ở lượt 1: bấm Xong 'completed' nhưng chat KHÔNG thấy 'Hoàn thành nhiệm vụ: [Phong Ấn Cự Ma]' — có thể quái CHƯA thật sự bị giết đủ. Không báo xong, không nhận lượt mới.
[2026-08-27T14:24:19] TRỪ MA CB: FAILED — 0/10 lượt; dừng ở lượt 1: bấm Xong 'completed' nhưng chat KHÔNG thấy 'Hoàn thành nhiệm vụ: [Phong Ấn Cự Ma]' — có thể quái CHƯA thật sự bị giết đủ. Không báo xong, không nhận lượt mới.
[2026-08-27T14:32:41] TRỊ AN CB: client chưa mở, đang đăng nhập...
[2026-08-27T14:32:41] [AUTO_START] WAIT_WINDOW attempt=1 pass=0 pid=13536 Flash launched at original size
[2026-08-27T14:32:45] [AUTO_START] START_CLICKED attempt=1 pass=0 pid=13536 Bắt đầu
[2026-08-27T14:32:47] TRỊ AN TSk: client chưa mở, đang đăng nhập...
[2026-08-27T14:32:47] [AUTO_START] WAIT_WINDOW attempt=1 pass=0 pid=14248 Flash launched at original size
[2026-08-27T14:32:50] [AUTO_START] RETRY_START attempt=1 pass=0 pid=13536 chua thay chon kenh, bam lai Bat dau
[2026-08-27T14:32:52] [AUTO_START] START_CLICKED attempt=1 pass=0 pid=14248 Bắt đầu
[2026-08-27T14:32:53] Đã bắt đầu TRỊ AN (10 lượt/acc): acc_1, acc_3, acc_5
[2026-08-27T14:32:53] TRỊ AN luvy: client chưa mở, đang đăng nhập...
[2026-08-27T14:32:53] [AUTO_START] WAIT_WINDOW attempt=1 pass=0 pid=15892 Flash launched at original size
[2026-08-27T14:32:53] [AUTO_START] START_CLICKED attempt=1 pass=0 pid=13536 Bắt đầu
[2026-08-27T14:32:59] [AUTO_START] RETRY_START attempt=1 pass=0 pid=14248 chua thay chon kenh, bam lai Bat dau
[2026-08-27T14:33:00] [AUTO_START] START_CLICKED attempt=1 pass=0 pid=15892 Bắt đầu
[2026-08-27T14:33:00] [AUTO_START] RETRY_START attempt=1 pass=0 pid=13536 chua thay chon kenh, bam lai Bat dau
[2026-08-27T14:33:06] [AUTO_START] RETRY_START attempt=1 pass=0 pid=15892 chua thay chon kenh, bam lai Bat dau
[2026-08-27T14:33:11] [AUTO_START] START_CLICKED attempt=1 pass=0 pid=13536 Bắt đầu
[2026-08-27T14:33:15] [AUTO_START] CHANNEL_SELECTED attempt=1 pass=0 pid=13536 channel=(449, 308) choices=1
[2026-08-27T14:33:16] [AUTO_START] START_CLICKED attempt=1 pass=0 pid=14248 Bắt đầu
[2026-08-27T14:33:19] [AUTO_START] CHANNEL_SELECTED attempt=1 pass=0 pid=14248 channel=(449, 308) choices=1
[2026-08-27T14:33:20] [AUTO_START] ENTER_GAME_CLICKED attempt=1 pass=0 pid=13536 character_slot=1 slot_verified=True
[2026-08-27T14:33:24] [AUTO_START] START_CLICKED attempt=1 pass=0 pid=15892 Bắt đầu
[2026-08-27T14:33:24] [AUTO_START] ENTER_GAME_CLICKED attempt=1 pass=0 pid=14248 character_slot=1 slot_verified=True
[2026-08-27T14:33:26] [AUTO_START] MAP_READY_OPEN attempt=1 pass=0 pid=13536 Player=0x1d73d0a0 Core=0x143690d0 world=(2299,1343)
[2026-08-27T14:33:29] [AUTO_START] CHANNEL_SELECTED attempt=1 pass=0 pid=15892 channel=(449, 308) choices=1
[2026-08-27T14:33:32] [AUTO_START] MAP_READY_OPEN attempt=1 pass=0 pid=14248 Player=0xe2a40a0 Core=0x1606b0d0 world=(3106,839)
[2026-08-27T14:33:37] [POPUP] đã đóng cache_notice
[2026-08-27T14:33:49] [AUTO_START] ENTER_GAME_CLICKED attempt=1 pass=0 pid=15892 character_slot=1 slot_verified=True
[2026-08-27T14:34:00] [AUTO_START] MAP_READY_OPEN attempt=1 pass=0 pid=15892 Player=0xd2ba0a0 Core=0x84fd0d0 world=(3108,838)
[2026-08-27T14:34:43] [POPUP] đã đóng cache_notice
[2026-08-27T14:34:48] [TRI_AN] TRỊ AN CB: dừng ở lượt 1: mất client giữa lượt ([WinError 87] The parameter is incorrect.)
[2026-08-27T14:34:49] TRỊ AN CB: FAILED — 0/10 lượt; dừng ở lượt 1: mất client giữa lượt ([WinError 87] The parameter is incorrect.)
[2026-08-27T14:35:06] [POPUP] đã đóng cache_notice
[2026-08-27T14:35:12] [TRI_AN] TRỊ AN TSk: đã nhận nhiệm vụ id=4671 (Truy Bắt Phi Tặc)
[2026-08-27T14:35:33] [TRI_AN] TRỊ AN luvy: đã nhận nhiệm vụ id=4671 (Truy Bắt Phi Tặc)
[2026-08-27T14:36:40] [TRI_AN] TRỊ AN TSk: lượt này không có vật phẩm chỉ đường — quét mục tiêu tại chỗ
[2026-08-27T14:36:44] [TRI_AN] TRỊ AN TSk: chờ Truy Bắt Phi Tặc xuất hiện (0s): không thấy con quái nào quanh nhân vật (bán kính 600)
[2026-08-27T14:36:55] [TRI_AN] TRỊ AN luvy: lượt này không có vật phẩm chỉ đường — quét mục tiêu tại chỗ
[2026-08-27T14:36:55] [TRI_AN] TRỊ AN TSk: chờ Truy Bắt Phi Tặc xuất hiện (10s): không thấy con quái nào quanh nhân vật (bán kính 600)
[2026-08-27T14:36:58] [TRI_AN] TRỊ AN luvy: chờ Truy Bắt Phi Tặc xuất hiện (0s): không thấy con quái nào quanh nhân vật (bán kính 600)
[2026-08-27T14:37:07] [TRI_AN] TRỊ AN TSk: chờ Truy Bắt Phi Tặc xuất hiện (20s): không thấy con quái nào quanh nhân vật (bán kính 600)
[2026-08-27T14:37:09] [TRI_AN] TRỊ AN luvy: chờ Truy Bắt Phi Tặc xuất hiện (10s): không thấy con quái nào quanh nhân vật (bán kính 600)
[2026-08-27T14:37:24] [TRI_AN] TRỊ AN luvy: chờ Truy Bắt Phi Tặc xuất hiện (20s): không thấy con quái nào quanh nhân vật (bán kính 600)
[2026-08-27T14:37:28] [TRI_AN] TRỊ AN TSk: lượt thất bại thứ 1 (chờ 30s không thấy mục tiêu Truy Bắt Phi Tặc (không thấy con quái nào quanh nhân vật (bán kính 600))) — đã huỷ, nhận lại.
[2026-08-27T14:37:46] [TRI_AN] TRỊ AN luvy: lượt thất bại thứ 1 (chờ 30s không thấy mục tiêu Truy Bắt Phi Tặc (không thấy con quái nào quanh nhân vật (bán kính 600))) — đã huỷ, nhận lại.
[2026-08-27T14:38:08] [TRI_AN] TRỊ AN TSk: đã nhận nhiệm vụ id=4671 (Truy Bắt Phi Tặc)
[2026-08-27T14:38:12] [TRI_AN] TRỊ AN luvy: đã nhận nhiệm vụ id=4671 (Truy Bắt Phi Tặc)
[2026-08-27T14:39:37] [TRI_AN] TRỊ AN TSk: lượt này không có vật phẩm chỉ đường — quét mục tiêu tại chỗ
[2026-08-27T14:39:41] [TRI_AN] TRỊ AN TSk: chờ Truy Bắt Phi Tặc xuất hiện (0s): không thấy con quái nào quanh nhân vật (bán kính 600)
[2026-08-27T14:39:44] [TRI_AN] TRỊ AN luvy: lượt này không có vật phẩm chỉ đường — quét mục tiêu tại chỗ
[2026-08-27T14:39:46] [TRI_AN] TRỊ AN luvy: chờ Truy Bắt Phi Tặc xuất hiện (0s): không thấy con quái nào quanh nhân vật (bán kính 600)
[2026-08-27T14:39:53] [TRI_AN] TRỊ AN TSk: chờ Truy Bắt Phi Tặc xuất hiện (10s): không thấy con quái nào quanh nhân vật (bán kính 600)
[2026-08-27T14:39:58] [TRI_AN] TRỊ AN luvy: chờ Truy Bắt Phi Tặc xuất hiện (10s): không thấy con quái nào quanh nhân vật (bán kính 600)
[2026-08-27T14:40:04] [TRI_AN] TRỊ AN TSk: chờ Truy Bắt Phi Tặc xuất hiện (20s): không thấy con quái nào quanh nhân vật (bán kính 600)
[2026-08-27T14:40:09] [TRI_AN] TRỊ AN luvy: chờ Truy Bắt Phi Tặc xuất hiện (20s): không thấy con quái nào quanh nhân vật (bán kính 600)
[2026-08-27T14:40:30] [TRI_AN] TRỊ AN TSk: lượt thất bại thứ 2 (chờ 30s không thấy mục tiêu Truy Bắt Phi Tặc (không thấy con quái nào quanh nhân vật (bán kính 600))) — đã huỷ, nhận lại.
[2026-08-27T14:40:31] [TRI_AN] TRỊ AN luvy: lượt thất bại thứ 2 (chờ 30s không thấy mục tiêu Truy Bắt Phi Tặc (không thấy con quái nào quanh nhân vật (bán kính 600))) — đã huỷ, nhận lại.
[2026-08-27T14:41:03] [TRI_AN] TRỊ AN TSk: đã nhận nhiệm vụ id=4671 (Truy Bắt Phi Tặc)
[2026-08-27T14:41:12] [TRI_AN] TRỊ AN luvy: đã nhận nhiệm vụ id=4671 (Truy Bắt Phi Tặc)
[2026-08-27T14:42:28] [TRI_AN] TRỊ AN TSk: lượt này không có vật phẩm chỉ đường — quét mục tiêu tại chỗ
[2026-08-27T14:42:33] [TRI_AN] TRỊ AN TSk: chờ Truy Bắt Phi Tặc xuất hiện (0s): không thấy con quái nào quanh nhân vật (bán kính 600)
[2026-08-27T14:42:39] [TRI_AN] TRỊ AN luvy: lượt này không có vật phẩm chỉ đường — quét mục tiêu tại chỗ
[2026-08-27T14:42:41] [TRI_AN] TRỊ AN luvy: chờ Truy Bắt Phi Tặc xuất hiện (0s): không thấy con quái nào quanh nhân vật (bán kính 600)
[2026-08-27T14:42:44] [TRI_AN] TRỊ AN TSk: chờ Truy Bắt Phi Tặc xuất hiện (10s): không thấy con quái nào quanh nhân vật (bán kính 600)
[2026-08-27T14:42:53] [TRI_AN] TRỊ AN luvy: chờ Truy Bắt Phi Tặc xuất hiện (10s): không thấy con quái nào quanh nhân vật (bán kính 600)
[2026-08-27T14:42:56] [TRI_AN] TRỊ AN TSk: chờ Truy Bắt Phi Tặc xuất hiện (20s): không thấy con quái nào quanh nhân vật (bán kính 600)
[2026-08-27T14:43:05] [TRI_AN] TRỊ AN luvy: chờ Truy Bắt Phi Tặc xuất hiện (20s): không thấy con quái nào quanh nhân vật (bán kính 600)
[2026-08-27T14:43:15] [TRI_AN] TRỊ AN TSk: lượt thất bại thứ 3 (chờ 30s không thấy mục tiêu Truy Bắt Phi Tặc (không thấy con quái nào quanh nhân vật (bán kính 600))) — đã huỷ, nhận lại.
[2026-08-27T14:43:29] [TRI_AN] TRỊ AN luvy: lượt thất bại thứ 3 (chờ 30s không thấy mục tiêu Truy Bắt Phi Tặc (không thấy con quái nào quanh nhân vật (bán kính 600))) — đã huỷ, nhận lại.
[2026-08-27T14:43:43] [TRI_AN] TRỊ AN TSk: đã nhận nhiệm vụ id=7667 (Phản Quân Hải Tặc)
[2026-08-27T14:43:49] [TRI_AN] TRỊ AN TSk: vật phẩm mã 4843 ở trang 0 ô 7 (sid 2108)
[2026-08-27T14:44:09] [TRI_AN] TRỊ AN luvy: đã nhận nhiệm vụ id=4671 (Truy Bắt Phi Tặc)
[2026-08-27T14:44:10] [TRI_AN] TRỊ AN TSk: đã dịch chuyển tới map 29 bằng Mật Lệnh Hải Tặc
[2026-08-27T14:44:13] [TRI_AN] TRỊ AN TSk: mục tiêu: Phản Quân Đại Tướng family=306010 id=1071 (khớp theo name)
[2026-08-27T14:44:22] [AUTO_BOSS] Start selected-monster NPCView.clickNpc runner generation=1
[2026-08-27T14:44:26] [AUTO_BOSS] selected Monster 2060090100071 id=16090 type=3060100001071 resource=2060090100071 base=0x24721d70 distance=0
[2026-08-27T14:44:27] [AUTO_BOSS] NPCView session fingerprint native=0x1317cb8 avm=0x1b906850 method_info=0x869a858 slot322_method_id=18293
[2026-08-27T14:44:27] [AUTO_BOSS] id=16090 distance=0 receiver=0x2503eca0 method=18293 stage=2
[2026-08-27T14:44:29] [AUTO_BOSS] battle edge false->true id=16090
[2026-08-27T14:45:03] [AUTO_BOSS] battle edge true->false clear=1
[2026-08-27T14:46:15] [TRI_AN] TRỊ AN luvy: lượt này không có vật phẩm chỉ đường — quét mục tiêu tại chỗ
[2026-08-27T14:46:19] [TRI_AN] TRỊ AN luvy: chờ Truy Bắt Phi Tặc xuất hiện (0s): không thấy con quái nào quanh nhân vật (bán kính 600)
[2026-08-27T14:46:33] [TRI_AN] TRỊ AN luvy: chờ Truy Bắt Phi Tặc xuất hiện (10s): không thấy con quái nào quanh nhân vật (bán kính 600)
[2026-08-27T14:46:46] [TRI_AN] TRỊ AN luvy: chờ Truy Bắt Phi Tặc xuất hiện (20s): không thấy con quái nào quanh nhân vật (bán kính 600)
[2026-08-27T14:47:10] [TRI_AN] TRỊ AN luvy: lượt thất bại thứ 4 (chờ 30s không thấy mục tiêu Truy Bắt Phi Tặc (không thấy con quái nào quanh nhân vật (bán kính 600))) — đã huỷ, nhận lại.
[2026-08-27T14:47:12] [TRI_AN] TRỊ AN TSk: xong lượt 1/10 (Phản Quân Hải Tặc)
[2026-08-27T14:47:34] [TRI_AN] TRỊ AN luvy: đã nhận nhiệm vụ id=7667 (Phản Quân Hải Tặc)
[2026-08-27T14:47:38] [TRI_AN] TRỊ AN luvy: vật phẩm mã 4843 ở trang 8 ô 25 (sid 2366)
[2026-08-27T14:47:54] [TRI_AN] TRỊ AN TSk: dừng ở lượt 5: mất client giữa lượt ([WinError 87] The parameter is incorrect.)
[2026-08-27T14:47:54] TRỊ AN TSk: FAILED — 1/10 lượt; dừng ở lượt 5: mất client giữa lượt ([WinError 87] The parameter is incorrect.)
[2026-08-27T14:47:59] [TRI_AN] TRỊ AN luvy: đã dịch chuyển tới map 67 bằng Mật Lệnh Hải Tặc
[2026-08-27T14:48:01] [TRI_AN] TRỊ AN luvy: mục tiêu: Phản Quân Đại Tướng family=306010 id=1071 (khớp theo name)
[2026-08-27T14:48:06] [AUTO_BOSS] Start selected-monster NPCView.clickNpc runner generation=1
[2026-08-27T14:48:09] [AUTO_BOSS] selected Monster 2060090100071 id=10385 type=3060100001071 resource=2060090100071 base=0xb6450a0 distance=0
[2026-08-27T14:48:09] [AUTO_BOSS] NPCView session fingerprint native=0x1317cb8 avm=0x1cc7d0a0 method_info=0x8d4f820 slot322_method_id=18293
[2026-08-27T14:48:09] [AUTO_BOSS] id=10385 distance=0 receiver=0x1ee9ee50 method=18293 stage=2
[2026-08-27T14:48:11] [AUTO_BOSS] battle edge false->true id=10385
[2026-08-27T14:49:40] [AUTO_BOSS] battle edge true->false clear=1
[2026-08-27T14:51:27] [TRI_AN] TRỊ AN luvy: xong lượt 1/10 (Phản Quân Hải Tặc)
[2026-08-27T14:51:53] [TRI_AN] TRỊ AN luvy: đã nhận nhiệm vụ id=7667 (Phản Quân Hải Tặc)
[2026-08-27T14:51:56] [TRI_AN] TRỊ AN luvy: vật phẩm mã 4843 ở trang 8 ô 25 (sid 2366)
[2026-08-27T14:52:14] [TRI_AN] TRỊ AN luvy: đã dịch chuyển tới map 14 bằng Mật Lệnh Hải Tặc
[2026-08-27T14:52:17] [TRI_AN] TRỊ AN luvy: mục tiêu: Phi Tặc family=306010 id=37 (khớp theo name)
[2026-08-27T14:52:24] [AUTO_BOSS] Start selected-monster NPCView.clickNpc runner generation=1
[2026-08-27T14:52:26] [AUTO_BOSS] selected Sứ Giả Dịch Chuyển Tầng 3 Mật Đạo id=16616 type=3060100000037 resource=2060090100037 base=0xb645330 distance=0
[2026-08-27T14:52:27] [AUTO_BOSS] NPCView session fingerprint native=0x1317cb8 avm=0x1cc7d0a0 method_info=0x8d4f820 slot322_method_id=18293
[2026-08-27T14:52:27] [AUTO_BOSS] id=16616 distance=0 receiver=0x2326d5e0 method=18293 stage=2
[2026-08-27T14:52:29] [AUTO_BOSS] battle edge false->true id=16616
[2026-08-27T14:53:57] [AUTO_BOSS] battle edge true->false clear=1
[2026-08-27T14:55:40] [TRI_AN] TRỊ AN luvy: xong lượt 2/10 (Phản Quân Hải Tặc)
[2026-08-27T14:56:06] [TRI_AN] TRỊ AN luvy: đã nhận nhiệm vụ id=4671 (Truy Bắt Phi Tặc)
[2026-08-27T14:56:06] [TRI_AN] TRỊ AN luvy: dừng ở lượt 7: dùng vật phẩm chỉ đường: mất client
[2026-08-27T14:56:06] TRỊ AN luvy: FAILED — 2/10 lượt; dừng ở lượt 7: dùng vật phẩm chỉ đường: mất client
[2026-08-27T16:39:30] TRỊ AN CB: client chưa mở, đang đăng nhập...
[2026-08-27T16:39:30] [AUTO_START] WAIT_WINDOW attempt=1 pass=0 pid=14124 Flash launched at original size
[2026-08-27T16:39:34] [AUTO_START] START_CLICKED attempt=1 pass=0 pid=14124 Bắt đầu
[2026-08-27T16:39:36] TRỊ AN TSk: client chưa mở, đang đăng nhập...
[2026-08-27T16:39:36] [AUTO_START] WAIT_WINDOW attempt=1 pass=0 pid=8552 Flash launched at original size
[2026-08-27T16:39:39] [AUTO_START] RETRY_START attempt=1 pass=0 pid=14124 chua thay chon kenh, bam lai Bat dau
[2026-08-27T16:39:41] [AUTO_START] START_CLICKED attempt=1 pass=0 pid=8552 Bắt đầu
[2026-08-27T16:39:42] Đã bắt đầu TRỊ AN (10 lượt/acc): acc_1, acc_3, acc_5
[2026-08-27T16:39:42] TRỊ AN luvy: client chưa mở, đang đăng nhập...
[2026-08-27T16:39:42] [AUTO_START] WAIT_WINDOW attempt=1 pass=0 pid=15832 Flash launched at original size
[2026-08-27T16:39:42] [AUTO_START] START_CLICKED attempt=1 pass=0 pid=14124 Bắt đầu
[2026-08-27T16:39:45] [AUTO_START] START_CLICKED attempt=1 pass=0 pid=15832 Bắt đầu
[2026-08-27T16:39:48] [AUTO_START] RETRY_START attempt=1 pass=0 pid=8552 chua thay chon kenh, bam lai Bat dau
[2026-08-27T16:39:49] [AUTO_START] RETRY_START attempt=1 pass=0 pid=14124 chua thay chon kenh, bam lai Bat dau
[2026-08-27T16:39:52] [AUTO_START] RETRY_START attempt=1 pass=0 pid=15832 chua thay chon kenh, bam lai Bat dau
[2026-08-27T16:40:00] [AUTO_START] START_CLICKED attempt=1 pass=0 pid=14124 Bắt đầu
[2026-08-27T16:40:04] [AUTO_START] CHANNEL_SELECTED attempt=1 pass=0 pid=14124 channel=(449, 308) choices=1
[2026-08-27T16:40:05] [AUTO_START] START_CLICKED attempt=1 pass=0 pid=8552 Bắt đầu
[2026-08-27T16:40:09] [AUTO_START] ENTER_GAME_CLICKED attempt=1 pass=0 pid=14124 character_slot=1 slot_verified=True
[2026-08-27T16:40:09] [AUTO_START] CHANNEL_SELECTED attempt=1 pass=0 pid=8552 channel=(449, 308) choices=1
[2026-08-27T16:40:10] [AUTO_START] START_CLICKED attempt=1 pass=0 pid=15832 Bắt đầu
[2026-08-27T16:40:14] [AUTO_START] CHANNEL_SELECTED attempt=1 pass=0 pid=15832 channel=(449, 308) choices=1
[2026-08-27T16:40:15] [AUTO_START] ENTER_GAME_CLICKED attempt=1 pass=0 pid=8552 character_slot=1 slot_verified=True
[2026-08-27T16:40:16] [AUTO_START] MAP_READY_OPEN attempt=1 pass=0 pid=14124 Player=0x1b8d90a0 Core=0x159810d0 world=(3094,853)
[2026-08-27T16:40:21] [AUTO_START] ENTER_GAME_CLICKED attempt=1 pass=0 pid=15832 character_slot=1 slot_verified=True
[2026-08-27T16:40:23] [AUTO_START] MAP_READY_OPEN attempt=1 pass=0 pid=8552 Player=0xfd900a0 Core=0xa5610d0 world=(3108,839)
[2026-08-27T16:40:29] [POPUP] đã đóng cache_notice
[2026-08-27T16:40:46] [AUTO_START] MAP_READY_OPEN attempt=1 pass=0 pid=15832 Player=0x1ab430a0 Core=0x14c5b0d0 world=(3103,841)
[2026-08-27T16:40:56] [POPUP] đã đóng cache_notice
[2026-08-27T16:41:00] [TRI_AN] TRỊ AN CB: đã nhận nhiệm vụ id=4671 (Truy Bắt Phi Tặc)
[2026-08-27T16:41:33] [POPUP] đã đóng cache_notice
[2026-08-27T16:41:39] [TRI_AN] TRỊ AN TSk: đã nhận nhiệm vụ id=7667 (Phản Quân Hải Tặc)
[2026-08-27T16:41:49] [TRI_AN] TRỊ AN TSk: vật phẩm mã 4843 ở trang 0 ô 7 (sid 2108)
[2026-08-27T16:42:09] [TRI_AN] TRỊ AN luvy: đã nhận nhiệm vụ id=7667 (Phản Quân Hải Tặc)
[2026-08-27T16:42:12] [TRI_AN] TRỊ AN luvy: vật phẩm mã 4843 ở trang 8 ô 26 (sid 2367)
[2026-08-27T16:42:30] [TRI_AN] TRỊ AN TSk: đã dịch chuyển tới map 58 bằng Mật Lệnh Hải Tặc
[2026-08-27T16:42:32] [TRI_AN] TRỊ AN TSk: mục tiêu: Phản Quân Đại Tướng family=306010 id=1071 (khớp theo name)
[2026-08-27T16:42:43] [AUTO_BOSS] Start selected-monster NPCView.clickNpc runner generation=1
[2026-08-27T16:42:46] [AUTO_BOSS] selected Monster 2060090100071 id=17194 type=3060100001071 resource=2060090100071 base=0x3d176850 distance=0
[2026-08-27T16:42:47] [AUTO_BOSS] NPCView session fingerprint native=0x1317cb8 avm=0x1b3ec850 method_info=0x8c24238 slot322_method_id=18293
[2026-08-27T16:42:47] [AUTO_BOSS] id=17194 distance=0 receiver=0x1b7e7ca0 method=18293 stage=2
[2026-08-27T16:42:49] [AUTO_BOSS] battle edge false->true id=17194
[2026-08-27T16:43:02] [TRI_AN] TRỊ AN CB: dừng ở lượt 1: dùng vật phẩm chỉ đường: không thấy Lệnh Truy Bắt / Mật Lệnh Hải Tặc trong túi (đọc bộ nhớ, cả hai mã 2263, 4843)
[2026-08-27T16:43:03] TRỊ AN CB: FAILED — 0/10 lượt; dừng ở lượt 1: dùng vật phẩm chỉ đường: không thấy Lệnh Truy Bắt / Mật Lệnh Hải Tặc trong túi (đọc bộ nhớ, cả hai mã 2263, 4843)
[2026-08-27T16:43:23] [AUTO_BOSS] battle edge true->false clear=1
[2026-08-27T16:43:26] [TRI_AN] TRỊ AN luvy: đã dịch chuyển tới map 16 bằng Mật Lệnh Hải Tặc
[2026-08-27T16:43:28] [TRI_AN] TRỊ AN luvy: mục tiêu: Phản Quân Đại Tướng family=306010 id=1071 (khớp theo name)
[2026-08-27T16:43:41] [AUTO_BOSS] Start selected-monster NPCView.clickNpc runner generation=1
[2026-08-27T16:43:46] [AUTO_BOSS] selected Monster 2060090100071 id=11035 type=3060100001071 resource=2060090100071 base=0x1f92e850 distance=0
[2026-08-27T16:43:46] [AUTO_BOSS] NPCView session fingerprint native=0x1317cb8 avm=0x1e2290a0 method_info=0x91578c8 slot322_method_id=18293
[2026-08-27T16:43:47] [AUTO_BOSS] id=11035 distance=0 receiver=0x1d6f1940 method=18293 stage=2
[2026-08-27T16:43:49] [AUTO_BOSS] battle edge false->true id=11035
[2026-08-27T16:45:17] [AUTO_BOSS] battle edge true->false clear=1
[2026-08-27T16:45:46] [TRI_AN] TRỊ AN TSk: xong lượt 1/10 (Phản Quân Hải Tặc)
[2026-08-27T16:46:45] [TRI_AN] TRỊ AN TSk: đã nhận nhiệm vụ id=7667 (Phản Quân Hải Tặc)
[2026-08-27T16:46:51] [TRI_AN] TRỊ AN TSk: vật phẩm mã 4843 ở trang 0 ô 7 (sid 2108)
[2026-08-27T16:47:18] [TRI_AN] TRỊ AN luvy: dừng ở lượt 1: không mở được hộp thoại NPC Trưởng Cận Vệ Đông Huyền để trả
[2026-08-27T16:47:19] TRỊ AN luvy: FAILED — 0/10 lượt; dừng ở lượt 1: không mở được hộp thoại NPC Trưởng Cận Vệ Đông Huyền để trả
[2026-08-27T16:47:19] [TRI_AN] TRỊ AN TSk: đã dịch chuyển tới map 5 bằng Mật Lệnh Hải Tặc
[2026-08-27T16:47:21] [TRI_AN] TRỊ AN TSk: mục tiêu: Phản Quân Đại Tướng family=306010 id=1071 (khớp theo name)
[2026-08-27T16:47:27] [AUTO_BOSS] Start selected-monster NPCView.clickNpc runner generation=1
[2026-08-27T16:47:30] [AUTO_BOSS] selected Monster 2060090100071 id=14461 type=3060100001071 resource=2060090100071 base=0x15d02330 distance=0
[2026-08-27T16:47:31] [AUTO_BOSS] NPCView session fingerprint native=0x1317cb8 avm=0x1b3ec850 method_info=0x8c24238 slot322_method_id=18293
[2026-08-27T16:47:31] [AUTO_BOSS] id=14461 distance=0 receiver=0x170ec430 method=18293 stage=2
[2026-08-27T16:47:33] [AUTO_BOSS] battle edge false->true id=14461
[2026-08-27T16:48:32] [AUTO_BOSS] battle edge true->false clear=1
[2026-08-27T16:50:25] [TRI_AN] TRỊ AN TSk: xong lượt 2/10 (Phản Quân Hải Tặc)
[2026-08-27T16:50:54] [TRI_AN] TRỊ AN TSk: đã nhận nhiệm vụ id=7667 (Phản Quân Hải Tặc)
[2026-08-27T16:50:57] [TRI_AN] TRỊ AN TSk: vật phẩm mã 4843 ở trang 8 ô 14 (sid 2355)
[2026-08-27T16:51:15] [TRI_AN] TRỊ AN TSk: đã dịch chuyển tới map 7 bằng Mật Lệnh Hải Tặc
[2026-08-27T16:51:18] [TRI_AN] TRỊ AN TSk: mục tiêu: Phản Quân Đại Tướng family=306010 id=1071 (khớp theo name)
[2026-08-27T16:51:24] [AUTO_BOSS] Start selected-monster NPCView.clickNpc runner generation=1
[2026-08-27T16:51:27] [AUTO_BOSS] selected Monster 2060090100071 id=10370 type=3060100001071 resource=2060090100071 base=0x22587850 distance=0
[2026-08-27T16:51:28] [AUTO_BOSS] NPCView session fingerprint native=0x1317cb8 avm=0x1b3ec850 method_info=0x8c24238 slot322_method_id=18293
[2026-08-27T16:51:28] [AUTO_BOSS] id=10370 distance=0 receiver=0x11562e50 method=18293 stage=2
[2026-08-27T16:51:30] [AUTO_BOSS] battle edge false->true id=10370
[2026-08-27T16:52:03] [AUTO_BOSS] battle edge true->false clear=1
[2026-08-27T16:53:52] [TRI_AN] TRỊ AN TSk: xong lượt 3/10 (Phản Quân Hải Tặc)
[2026-08-27T16:54:20] [TRI_AN] TRỊ AN TSk: đã nhận nhiệm vụ id=7667 (Phản Quân Hải Tặc)
[2026-08-27T16:54:22] [TRI_AN] TRỊ AN TSk: vật phẩm mã 4843 ở trang 0 ô 7 (sid 2108)
[2026-08-27T16:54:41] [TRI_AN] TRỊ AN TSk: đã dịch chuyển tới map 41 bằng Mật Lệnh Hải Tặc
[2026-08-27T16:54:43] [TRI_AN] TRỊ AN TSk: chờ Phản Quân Hải Tặc xuất hiện (0s): không thấy con quái nào quanh nhân vật (bán kính 600)
[2026-08-27T16:54:55] [TRI_AN] TRỊ AN TSk: chờ Phản Quân Hải Tặc xuất hiện (10s): không thấy con quái nào quanh nhân vật (bán kính 600)
[2026-08-27T16:55:07] [TRI_AN] TRỊ AN TSk: chờ Phản Quân Hải Tặc xuất hiện (20s): không thấy con quái nào quanh nhân vật (bán kính 600)
[2026-08-27T16:56:01] [TRI_AN] TRỊ AN TSk: lượt thất bại thứ 1 (chờ 30s không thấy mục tiêu Phản Quân Hải Tặc (không thấy con quái nào quanh nhân vật (bán kính 600))) — đã huỷ, nhận lại.
[2026-08-27T16:57:22] [TRI_AN] TRỊ AN TSk: đã nhận nhiệm vụ id=4671 (Truy Bắt Phi Tặc)
[2026-08-27T16:58:16] [TRI_AN] TRỊ AN TSk: dừng ở lượt 5: dùng vật phẩm chỉ đường: không thấy Lệnh Truy Bắt / Mật Lệnh Hải Tặc trong túi (đọc bộ nhớ, cả hai mã 2263, 4843)
[2026-08-27T16:58:16] TRỊ AN TSk: FAILED — 3/10 lượt; dừng ở lượt 5: dùng vật phẩm chỉ đường: không thấy Lệnh Truy Bắt / Mật Lệnh Hải Tặc trong túi (đọc bộ nhớ, cả hai mã 2263, 4843)
[2026-08-27T17:16:02] TRỊ AN TSk: client chưa mở, đang đăng nhập...
[2026-08-27T17:16:02] [AUTO_START] WAIT_WINDOW attempt=1 pass=0 pid=7368 Flash launched at original size
[2026-08-27T17:16:08] Đã bắt đầu TRỊ AN (10 lượt/acc): acc_1, acc_3, acc_5
[2026-08-27T17:16:12] [AUTO_START] START_CLICKED attempt=1 pass=0 pid=7368 Bắt đầu
[2026-08-27T17:16:21] [AUTO_START] RETRY_START attempt=1 pass=0 pid=7368 chua thay chon kenh, bam lai Bat dau
[2026-08-27T17:16:30] [TRI_AN] TRỊ AN CB: dừng ở lượt 1: mất client giữa lượt ([WinError 87] The parameter is incorrect.)
[2026-08-27T17:16:30] TRỊ AN CB: FAILED — 0/10 lượt; dừng ở lượt 1: mất client giữa lượt ([WinError 87] The parameter is incorrect.)
[2026-08-27T17:16:35] [AUTO_START] START_CLICKED attempt=1 pass=0 pid=7368 Bắt đầu
[2026-08-27T17:16:40] [AUTO_START] CHANNEL_SELECTED attempt=1 pass=0 pid=7368 channel=(449, 308) choices=1
[2026-08-27T17:16:55] [TRI_AN] TRỊ AN luvy: mở NPC lần 1/8 chưa thành công: không có view/slot322
[2026-08-27T17:16:58] [AUTO_START] ENTER_GAME_CLICKED attempt=1 pass=0 pid=7368 character_slot=1 slot_verified=True
[2026-08-27T17:17:05] [TRI_AN] TRỊ AN luvy: mở NPC lần 2/8 chưa thành công: không có view/slot322
[2026-08-27T17:17:16] [TRI_AN] TRỊ AN luvy: mở NPC lần 3/8 chưa thành công: không có view/slot322
[2026-08-27T17:17:29] [TRI_AN] TRỊ AN luvy: mở NPC lần 4/8 chưa thành công: không có view/slot322
[2026-08-27T17:17:29] [AUTO_START] MAP_READY_OPEN attempt=1 pass=0 pid=7368 Player=0xfd630a0 Core=0x16a760d0 world=(3108,839)
[2026-08-27T17:17:41] [TRI_AN] TRỊ AN luvy: mở NPC lần 5/8 chưa thành công: không có view/slot322
[2026-08-27T17:17:51] [TRI_AN] TRỊ AN luvy: mở NPC lần 6/8 chưa thành công: không có view/slot322
[2026-08-27T17:18:01] [TRI_AN] TRỊ AN luvy: mở NPC lần 7/8 chưa thành công: không có view/slot322
[2026-08-27T17:18:11] [TRI_AN] TRỊ AN luvy: mở NPC lần 8/8 chưa thành công: không có view/slot322
[2026-08-27T17:18:12] [TRI_AN] TRỊ AN luvy: dừng ở lượt 1: không mở được hộp thoại NPC Trưởng Cận Vệ Đông Huyền
[2026-08-27T17:18:13] TRỊ AN luvy: FAILED — 0/10 lượt; dừng ở lượt 1: không mở được hộp thoại NPC Trưởng Cận Vệ Đông Huyền
[2026-08-27T17:18:17] [POPUP] đã đóng cache_notice
[2026-08-27T17:18:38] [TRI_AN] TRỊ AN TSk: đã nhận nhiệm vụ id=4671 (Truy Bắt Phi Tặc)
[2026-08-27T17:19:31] [TRI_AN] TRỊ AN TSk: dừng ở lượt 1: dùng vật phẩm chỉ đường: không thấy Lệnh Truy Bắt / Mật Lệnh Hải Tặc trong túi (đọc bộ nhớ, cả hai mã 2263, 4843)
[2026-08-27T17:19:32] TRỊ AN TSk: FAILED — 0/10 lượt; dừng ở lượt 1: dùng vật phẩm chỉ đường: không thấy Lệnh Truy Bắt / Mật Lệnh Hải Tặc trong túi (đọc bộ nhớ, cả hai mã 2263, 4843)
[2026-08-27T17:32:34] TRỊ AN CB: client chưa mở, đang đăng nhập...
[2026-08-27T17:32:34] [AUTO_START] WAIT_WINDOW attempt=1 pass=0 pid=6656 Flash launched at original size
[2026-08-27T17:32:40] TRỊ AN TSk: client chưa mở, đang đăng nhập...
[2026-08-27T17:32:40] [AUTO_START] WAIT_WINDOW attempt=1 pass=0 pid=11840 Flash launched at original size
[2026-08-27T17:32:46] Đã bắt đầu TRỊ AN (10 lượt/acc): acc_1, acc_3, acc_5
[2026-08-27T17:32:46] TRỊ AN luvy: client chưa mở, đang đăng nhập...
[2026-08-27T17:32:46] [AUTO_START] WAIT_WINDOW attempt=1 pass=0 pid=1476 Flash launched at original size
[2026-08-27T22:19:49] LOCAL_COMMAND nhận: list_accounts
[2026-08-27T22:20:19] LOCAL_COMMAND nhận: truma_start
[2026-08-27T22:20:20] Đã bắt đầu TRỪ MA (5 lượt/acc): acc_1
[2026-08-27T22:20:37] LOCAL_COMMAND nhận: truma_start
[2026-08-27T22:20:37] Đã bắt đầu TRỪ MA (2 lượt/acc): acc_2
[2026-08-27T22:20:53] LOCAL_COMMAND nhận: truma_start
[2026-08-27T22:20:53] Đã bắt đầu TRỪ MA (9 lượt/acc): acc_3
[2026-08-27T22:21:07] [TRU_MA] TRỪ MA CB: phục hồi nhiệm vụ đã giết xong: Phong Ấn Cự Ma
[2026-08-27T22:21:12] LOCAL_COMMAND nhận: truma_start
[2026-08-27T22:21:12] Đã bắt đầu TRỪ MA (5 lượt/acc): acc_5
[2026-08-27T22:21:35] [TRU_MA] TRỪ MA pepsi: phục hồi nhiệm vụ đã giết xong: Phong Ấn Cự Thú
[2026-08-27T22:22:05] [TRU_MA] TRỪ MA CB: dừng ở lượt 1: bấm Xong 'completed' nhưng chat KHÔNG thấy 'Hoàn thành nhiệm vụ: [Phong Ấn Cự Ma]' — có thể quái CHƯA thật sự bị giết đủ. Không báo xong, không nhận lượt mới.
[2026-08-27T22:22:05] TRỪ MA CB: FAILED — 0/5 lượt; dừng ở lượt 1: bấm Xong 'completed' nhưng chat KHÔNG thấy 'Hoàn thành nhiệm vụ: [Phong Ấn Cự Ma]' — có thể quái CHƯA thật sự bị giết đủ. Không báo xong, không nhận lượt mới.
[2026-08-27T22:22:46] [TRU_MA] TRỪ MA TSk: dừng ở lượt 1: không mở được hộp thoại NPC Quan Quân Nhu
[2026-08-27T22:22:47] TRỪ MA TSk: FAILED — 0/9 lượt; dừng ở lượt 1: không mở được hộp thoại NPC Quan Quân Nhu
[2026-08-27T22:23:35] [TRU_MA] TRỪ MA luvy: dừng ở lượt 1: không mở được hộp thoại NPC Quan Quân Nhu
[2026-08-27T22:23:36] TRỪ MA luvy: FAILED — 0/5 lượt; dừng ở lượt 1: không mở được hộp thoại NPC Quan Quân Nhu
[2026-08-27T22:23:55] [TRU_MA] TRỪ MA pepsi: dừng ở lượt 1: bấm Xong 'completed' nhưng chat KHÔNG thấy 'Hoàn thành nhiệm vụ: [Phong Ấn Cự Thú]' — có thể quái CHƯA thật sự bị giết đủ. Không báo xong, không nhận lượt mới.
[2026-08-27T22:23:56] TRỪ MA pepsi: FAILED — 0/2 lượt; dừng ở lượt 1: bấm Xong 'completed' nhưng chat KHÔNG thấy 'Hoàn thành nhiệm vụ: [Phong Ấn Cự Thú]' — có thể quái CHƯA thật sự bị giết đủ. Không báo xong, không nhận lượt mới.
[2026-08-27T22:28:33] LOCAL_COMMAND nhận: truma_start
[2026-08-27T22:28:33] Đã bắt đầu TRỪ MA (5 lượt/acc): acc_1
[2026-08-27T22:28:50] LOCAL_COMMAND nhận: truma_start
[2026-08-27T22:28:50] Đã bắt đầu TRỪ MA (2 lượt/acc): acc_2
[2026-08-27T22:28:58] [TRU_MA] TRỪ MA CB: phục hồi nhiệm vụ đã giết xong: Phong Ấn Cự Ma
[2026-08-27T22:29:09] LOCAL_COMMAND nhận: truma_start
[2026-08-27T22:29:09] Đã bắt đầu TRỪ MA (9 lượt/acc): acc_3
[2026-08-27T22:29:24] LOCAL_COMMAND nhận: truma_start
[2026-08-27T22:29:24] Đã bắt đầu TRỪ MA (5 lượt/acc): acc_5
[2026-08-27T22:29:43] [TRU_MA] TRỪ MA pepsi: phục hồi nhiệm vụ đã giết xong: Phong Ấn Cự Thú
[2026-08-27T22:29:58] [TRU_MA] TRỪ MA CB: dừng ở lượt 1: bấm Xong 'completed' nhưng chat KHÔNG thấy 'Hoàn thành nhiệm vụ: [Phong Ấn Cự Ma]' và NPC chưa xác nhận chuyển về dòng vòng mới (readback=['Nhiệm Vụ Trừ Ma[Vòng]']). Không báo xong, không nhận lượt mới.
[2026-08-27T22:29:58] TRỪ MA CB: FAILED — 0/5 lượt; dừng ở lượt 1: bấm Xong 'completed' nhưng chat KHÔNG thấy 'Hoàn thành nhiệm vụ: [Phong Ấn Cự Ma]' và NPC chưa xác nhận chuyển về dòng vòng mới (readback=['Nhiệm Vụ Trừ Ma[Vòng]']). Không báo xong, không nhận lượt mới.
[2026-08-27T22:30:56] [TRU_MA] TRỪ MA TSk: dừng ở lượt 1: không mở được hộp thoại NPC Quan Quân Nhu
[2026-08-27T22:30:57] TRỪ MA TSk: FAILED — 0/9 lượt; dừng ở lượt 1: không mở được hộp thoại NPC Quan Quân Nhu
[2026-08-27T22:32:01] [TRU_MA] TRỪ MA luvy: dừng ở lượt 1: không mở được hộp thoại NPC Quan Quân Nhu
[2026-08-27T22:32:01] TRỪ MA luvy: FAILED — 0/5 lượt; dừng ở lượt 1: không mở được hộp thoại NPC Quan Quân Nhu
[2026-08-27T22:32:15] [TRU_MA] TRỪ MA pepsi: dừng ở lượt 1: bấm Xong 'completed' nhưng chat KHÔNG thấy 'Hoàn thành nhiệm vụ: [Phong Ấn Cự Thú]' và NPC chưa xác nhận chuyển về dòng vòng mới (readback=['Nhiệm Vụ Trừ Ma[Vòng]']). Không báo xong, không nhận lượt mới.
[2026-08-27T22:32:15] TRỪ MA pepsi: FAILED — 0/2 lượt; dừng ở lượt 1: bấm Xong 'completed' nhưng chat KHÔNG thấy 'Hoàn thành nhiệm vụ: [Phong Ấn Cự Thú]' và NPC chưa xác nhận chuyển về dòng vòng mới (readback=['Nhiệm Vụ Trừ Ma[Vòng]']). Không báo xong, không nhận lượt mới.
[2026-08-27T22:33:22] LOCAL_COMMAND nhận: truma_start
[2026-08-27T22:33:41] Đã bắt đầu TRỪ MA (10 lượt/acc): acc_1, acc_2, acc_3, acc_5
[2026-08-27T22:33:59] [TRU_MA] TRỪ MA CB: phục hồi nhiệm vụ đã giết xong: Phong Ấn Cự Ma
[2026-08-27T22:34:17] [TRU_MA] TRỪ MA pepsi: phục hồi nhiệm vụ đã giết xong: Phong Ấn Cự Thú
[2026-08-27T22:34:31] [TRU_MA] TRỪ MA TSk: mở NPC lần 1/8 chưa thành công: không có view/slot322 trên 1 candidate(s)
[2026-08-27T22:34:41] [TRU_MA] TRỪ MA TSk: mở NPC lần 2/8 chưa thành công: không có view/slot322 trên 1 candidate(s)
[2026-08-27T22:34:50] [TRU_MA] TRỪ MA TSk: mở NPC lần 3/8 chưa thành công: không có view/slot322 trên 1 candidate(s)
[2026-08-27T22:34:59] [TRU_MA] TRỪ MA TSk: mở NPC lần 4/8 chưa thành công: không có view/slot322 trên 1 candidate(s)
[2026-08-27T22:35:07] [TRU_MA] TRỪ MA TSk: mở NPC lần 5/8 chưa thành công: không có view/slot322 trên 1 candidate(s)
[2026-08-27T22:35:15] [TRU_MA] TRỪ MA TSk: mở NPC lần 6/8 chưa thành công: không có view/slot322 trên 1 candidate(s)
[2026-08-27T22:35:23] [TRU_MA] TRỪ MA TSk: mở NPC lần 7/8 chưa thành công: không có view/slot322 trên 1 candidate(s)
[2026-08-27T22:35:31] [TRU_MA] TRỪ MA TSk: mở NPC lần 8/8 chưa thành công: không có view/slot322 trên 1 candidate(s)
[2026-08-27T22:35:32] [TRU_MA] TRỪ MA TSk: dừng ở lượt 1: không mở được hộp thoại NPC Quan Quân Nhu
[2026-08-27T22:35:32] TRỪ MA TSk: FAILED — 0/10 lượt; dừng ở lượt 1: không mở được hộp thoại NPC Quan Quân Nhu
[2026-08-27T22:35:37] [TRU_MA] TRỪ MA luvy: mở NPC lần 1/8 chưa thành công: không có view/slot322 trên 1 candidate(s)
[2026-08-27T22:35:43] [TRU_MA] TRỪ MA luvy: mở NPC lần 2/8 chưa thành công: không có view/slot322 trên 1 candidate(s)
[2026-08-27T22:35:49] [TRU_MA] TRỪ MA luvy: mở NPC lần 3/8 chưa thành công: không có view/slot322 trên 1 candidate(s)
[2026-08-27T22:35:55] [TRU_MA] TRỪ MA luvy: mở NPC lần 4/8 chưa thành công: không có view/slot322 trên 1 candidate(s)
[2026-08-27T22:36:01] [TRU_MA] TRỪ MA luvy: mở NPC lần 5/8 chưa thành công: không có view/slot322 trên 1 candidate(s)
[2026-08-27T22:36:08] [TRU_MA] TRỪ MA luvy: mở NPC lần 6/8 chưa thành công: không có view/slot322 trên 1 candidate(s)
[2026-08-27T22:36:14] [TRU_MA] TRỪ MA luvy: mở NPC lần 7/8 chưa thành công: không có view/slot322 trên 1 candidate(s)
[2026-08-27T22:36:20] [TRU_MA] TRỪ MA luvy: mở NPC lần 8/8 chưa thành công: không có view/slot322 trên 1 candidate(s)
[2026-08-27T22:36:22] [TRU_MA] TRỪ MA luvy: dừng ở lượt 1: không mở được hộp thoại NPC Quan Quân Nhu
[2026-08-27T22:36:22] TRỪ MA luvy: FAILED — 0/10 lượt; dừng ở lượt 1: không mở được hộp thoại NPC Quan Quân Nhu
[2026-08-27T22:36:57] [TRU_MA] TRỪ MA CB: nhiệm vụ cũ Phong Ấn Cự Ma chưa trả được; tiếp tục giết đúng mục tiêu rồi xác nhận lại
[2026-08-27T22:37:00] [POPUP] đã đóng npc_dialog
[2026-08-27T22:37:20] [TRU_MA] TRỪ MA pepsi: nhiệm vụ cũ Phong Ấn Cự Thú chưa trả được; tiếp tục giết đúng mục tiêu rồi xác nhận lại
[2026-08-27T22:37:24] [POPUP] đã đóng npc_dialog
[2026-08-27T22:37:36] [TRU_MA] TRỪ MA CB: mục tiêu: Viễn Cổ Cự Ma id=1167 type=3060100001167 resource=2060100001167
[2026-08-27T22:37:53] [TRU_MA] TRỪ MA pepsi: mục tiêu: Viễn Cổ Cự Thú id=1161 type=3060100001161 resource=2060100001161
[2026-08-27T22:37:59] [AUTO_BOSS] Start selected-monster NPCView.clickNpc runner generation=1
[2026-08-27T22:38:02] [AUTO_BOSS] selected Monster 2060100001167 id=2168 type=3060100001167 resource=2060100001167 base=0xd906ae0 distance=996
[2026-08-27T22:38:03] [AUTO_BOSS] NPCView session fingerprint native=0x13a7cb8 avm=0xba950a0 method_info=0x5fe3938 slot322_method_id=18293
[2026-08-27T22:38:03] [AUTO_BOSS] id=2168 distance=996 receiver=0x24bcd0d0 method=18293 stage=1
[2026-08-27T22:38:09] [AUTO_BOSS] id=2168 distance=104 receiver=0x24bcd0d0 method=18293 stage=2
[2026-08-27T22:38:13] [AUTO_BOSS] battle edge false->true id=2168
[2026-08-27T22:38:18] [AUTO_BOSS] battle edge true->false clear=1
[2026-08-27T22:38:31] [AUTO_BOSS] Start selected-monster NPCView.clickNpc runner generation=1
[2026-08-27T22:38:37] [AUTO_BOSS] selected Monster 2060100001161 id=2169 type=3060100001161 resource=2060100001161 base=0x2b70f850 distance=429
[2026-08-27T22:38:39] [AUTO_BOSS] NPCView session fingerprint native=0x13a7cb8 avm=0xfcc70a0 method_info=0x12d59238 slot322_method_id=18293
[2026-08-27T22:38:40] [AUTO_BOSS] id=2169 distance=429 receiver=0x2dbe00d0 method=18293 stage=1
[2026-08-27T22:38:49] [AUTO_BOSS] id=2169 distance=91 receiver=0x2dbe00d0 method=18293 stage=2
[2026-08-27T22:39:03] [AUTO_BOSS] id=2169 distance=72 receiver=0x2dbe00d0 method=18293 stage=2
[2026-08-27T22:39:05] [AUTO_BOSS] REJECT_NO_BATTLE_EDGE id=2169 base=0x2b70f850
[2026-08-27T22:39:22] [AUTO_BOSS] selected Monster 2060100001161 id=2169 type=3060100001161 resource=2060100001161 base=0x2b70f850 distance=98
[2026-08-27T22:39:22] [AUTO_BOSS] id=2169 distance=98 receiver=0x2dbe00d0 method=18293 stage=2
[2026-08-27T22:39:29] [AUTO_BOSS] battle edge false->true id=2169
[2026-08-27T22:39:31] [AUTO_BOSS] battle edge true->false clear=1
[2026-08-27T22:40:05] [TRU_MA] TRỪ MA CB: xong lượt 1/10 (Phong Ấn Cự Ma)
[2026-08-27T22:40:35] [TRU_MA] TRỪ MA pepsi: xong lượt 1/10 (Phong Ấn Cự Thú)
[2026-08-27T22:40:53] [TRU_MA] TRỪ MA CB: nhận diện: Phong Ấn Cự Ma (id=7670, margin=4)
[2026-08-27T22:41:13] [TRU_MA] TRỪ MA pepsi: nhận diện: Phi Ma Tập Kích (id=7668, margin=6)
[2026-08-27T22:41:47] [TRU_MA] TRỪ MA CB: mục tiêu: Viễn Cổ Cự Ma id=1167 type=3060100001167 resource=2060100001167
[2026-08-27T22:42:02] [TRU_MA] TRỪ MA pepsi: mục tiêu: Thủ Lĩnh Phi Ma id=1114 type=3060100001114 resource=2060090100114
[2026-08-27T22:42:08] [AUTO_BOSS] Start selected-monster NPCView.clickNpc runner generation=1
[2026-08-27T22:42:11] [AUTO_BOSS] selected Monster 2060100001167 id=2168 type=3060100001167 resource=2060100001167 base=0x3898d5c0 distance=1013
[2026-08-27T22:42:12] [AUTO_BOSS] NPCView session fingerprint native=0x13a7cb8 avm=0xba950a0 method_info=0x5fe3938 slot322_method_id=18293
[2026-08-27T22:42:12] [AUTO_BOSS] id=2168 distance=1013 receiver=0xe204280 method=18293 stage=1
[2026-08-27T22:42:18] [AUTO_BOSS] id=2168 distance=88 receiver=0xe204280 method=18293 stage=2
[2026-08-27T22:42:23] [AUTO_BOSS] battle edge false->true id=2168
[2026-08-27T22:42:29] [AUTO_BOSS] battle edge true->false clear=1
[2026-08-27T22:42:32] [AUTO_BOSS] Start selected-monster NPCView.clickNpc runner generation=1
[2026-08-27T22:42:40] [AUTO_BOSS] selected Thủ Lĩnh Phi Ma id=1173 type=3060100001114 resource=2060090100114 base=0x2252e0a0 distance=644
[2026-08-27T22:42:42] [AUTO_BOSS] NPCView session fingerprint native=0x13a7cb8 avm=0xfcc70a0 method_info=0x12d59238 slot322_method_id=18293
[2026-08-27T22:42:42] [AUTO_BOSS] id=1173 distance=644 receiver=0x2d8c1e50 method=18293 stage=1
[2026-08-27T22:42:53] [AUTO_BOSS] id=1173 distance=118 receiver=0x2d8c1e50 method=18293 stage=2
[2026-08-27T22:43:07] [AUTO_BOSS] id=1173 distance=118 receiver=0x2d8c1e50 method=18293 stage=2
[2026-08-27T22:43:11] [AUTO_BOSS] REJECT_NO_BATTLE_EDGE id=1173 base=0x2252e0a0
[2026-08-27T22:43:29] [AUTO_BOSS] selected Thủ Lĩnh Phi Ma id=1173 type=3060100001114 resource=2060090100114 base=0x2252e0a0 distance=121
[2026-08-27T22:43:35] [AUTO_BOSS] id=1173 distance=121 receiver=0x2d8c1e50 method=18293 stage=2
[2026-08-27T22:43:40] [AUTO_BOSS] battle edge false->true id=1173
[2026-08-27T22:43:42] [AUTO_BOSS] battle edge true->false clear=1
[2026-08-27T22:44:19] [TRU_MA] TRỪ MA CB: xong lượt 2/10 (Phong Ấn Cự Ma)
[2026-08-27T22:44:48] [TRU_MA] TRỪ MA pepsi: xong lượt 2/10 (Phi Ma Tập Kích)
[2026-08-27T22:45:07] [TRU_MA] TRỪ MA CB: nhận diện: Phong Ấn Cự Thú (id=7669, margin=6)
[2026-08-27T22:45:22] [TRU_MA] TRỪ MA pepsi: phục hồi nhiệm vụ đã nhận qua QuestPanel: Phi Ma Tập Kích
[2026-08-27T22:45:26] [POPUP] đã đóng npc_dialog
[2026-08-27T22:45:37] LOCAL_COMMAND nhận: truma_stop
[2026-08-27T22:45:37] Đã yêu cầu dừng TRỪ MA: acc_2
[2026-08-27T22:45:38] TRỪ MA pepsi: STOPPED — 2/10 lượt; phục hồi nhiệm vụ đã nhận qua QuestPanel: Phi Ma Tập Kích
[2026-08-27T22:46:01] [TRU_MA] TRỪ MA pepsi: dừng ở lượt 3: đã dừng
[2026-08-27T22:46:03] [TRU_MA] TRỪ MA CB: mục tiêu: Viễn Cổ Cự Thú id=1161 type=3060100001161 resource=2060100001161
[2026-08-27T22:46:04] LOCAL_COMMAND nhận: trian_start
[2026-08-27T22:46:16] Đã bắt đầu TRỊ AN (10 lượt/acc): acc_2, acc_3, acc_5
[2026-08-27T22:46:57] [AUTO_BOSS] Start selected-monster NPCView.clickNpc runner generation=1
[2026-08-27T22:47:01] [AUTO_BOSS] selected Monster 2060100001161 id=2169 type=3060100001161 resource=2060100001161 base=0x332f3850 distance=429
[2026-08-27T22:47:03] [AUTO_BOSS] NPCView session fingerprint native=0x13a7cb8 avm=0xba950a0 method_info=0x5fe3938 slot322_method_id=18293
[2026-08-27T22:47:03] [AUTO_BOSS] id=2169 distance=429 receiver=0x1da77790 method=18293 stage=1
[2026-08-27T22:47:07] [AUTO_BOSS] id=2169 distance=64 receiver=0x1da77790 method=18293 stage=2
[2026-08-27T22:47:12] [AUTO_BOSS] battle edge false->true id=2169
[2026-08-27T22:47:16] [AUTO_BOSS] battle edge true->false clear=1
[2026-08-27T22:47:36] [TRI_AN] TRỊ AN TSk: đã nhận nhiệm vụ id=4671 (Truy Bắt Phi Tặc)
[2026-08-27T22:47:42] [TRI_AN] TRỊ AN luvy: mở NPC lần 2/8 chưa thành công: không có player
[2026-08-27T22:47:44] [TRI_AN] TRỊ AN luvy: mở NPC lần 3/8 chưa thành công: không có player
[2026-08-27T22:47:46] [TRI_AN] TRỊ AN luvy: mở NPC lần 4/8 chưa thành công: không có player
[2026-08-27T22:47:49] [TRI_AN] TRỊ AN luvy: mở NPC lần 5/8 chưa thành công: không có player
[2026-08-27T22:47:50] [TRI_AN] TRỊ AN luvy: mở NPC lần 6/8 chưa thành công: không có player
[2026-08-27T22:47:53] [TRI_AN] TRỊ AN luvy: mở NPC lần 7/8 chưa thành công: không có player
[2026-08-27T22:47:55] [TRI_AN] TRỊ AN luvy: mở NPC lần 8/8 chưa thành công: không có player
[2026-08-27T22:47:56] [TRI_AN] TRỊ AN luvy: dừng ở lượt 1: không mở được hộp thoại NPC Trưởng Cận Vệ Đông Huyền
[2026-08-27T22:47:57] TRỊ AN luvy: FAILED — 0/10 lượt; dừng ở lượt 1: không mở được hộp thoại NPC Trưởng Cận Vệ Đông Huyền
[2026-08-27T22:49:41] [TRI_AN] TRỊ AN TSk: dừng ở lượt 1: dùng vật phẩm chỉ đường: không thấy Lệnh Truy Bắt / Mật Lệnh Hải Tặc trong túi (đọc bộ nhớ, cả hai mã 2263, 4843)
[2026-08-27T22:49:42] TRỊ AN TSk: FAILED — 0/10 lượt; dừng ở lượt 1: dùng vật phẩm chỉ đường: không thấy Lệnh Truy Bắt / Mật Lệnh Hải Tặc trong túi (đọc bộ nhớ, cả hai mã 2263, 4843)
[2026-08-27T22:49:45] [TRU_MA] TRỪ MA CB: xong lượt 3/10 (Phong Ấn Cự Thú)
[2026-08-27T22:49:45] [TRI_AN] TRỊ AN pepsi: dừng ở lượt 1: chọn dòng Truy Bắt Phi Tặc lỗi: quest dataProvider returned null
[2026-08-27T22:49:45] TRỊ AN pepsi: FAILED — 0/10 lượt; dừng ở lượt 1: chọn dòng Truy Bắt Phi Tặc lỗi: quest dataProvider returned null
[2026-08-27T22:50:07] [TRU_MA] TRỪ MA CB: nhận diện: Phi Ma Tập Kích (id=7668, margin=5)
[2026-08-27T22:50:48] [TRU_MA] TRỪ MA CB: mục tiêu: Thủ Lĩnh Phi Ma id=1114 type=3060100001114 resource=2060090100114
[2026-08-27T22:50:56] [AUTO_BOSS] Start selected-monster NPCView.clickNpc runner generation=1
[2026-08-27T22:50:59] [AUTO_BOSS] selected Thủ Lĩnh Phi Ma id=1173 type=3060100001114 resource=2060090100114 base=0x1c688ae0 distance=644
[2026-08-27T22:51:00] [AUTO_BOSS] NPCView session fingerprint native=0x13a7cb8 avm=0xba950a0 method_info=0x5fe3938 slot322_method_id=18293
[2026-08-27T22:51:00] [AUTO_BOSS] id=1173 distance=644 receiver=0xbd87280 method=18293 stage=1
[2026-08-27T22:51:03] [AUTO_BOSS] id=1173 distance=217 receiver=0xbd87280 method=18293 stage=2
[2026-08-27T22:51:07] [AUTO_BOSS] battle edge false->true id=1173
[2026-08-27T22:51:12] [AUTO_BOSS] battle edge true->false clear=1
[2026-08-27T22:51:52] [TRU_MA] TRỪ MA CB: mở NPC lần 1/8 chưa thành công: không có view/slot322 trên 1 candidate(s)
[2026-08-27T22:51:59] [TRU_MA] TRỪ MA CB: mở NPC lần 2/8 chưa thành công: không có view/slot322 trên 1 candidate(s)
[2026-08-27T22:52:19] [TRU_MA] TRỪ MA CB: xong lượt 4/10 (Phi Ma Tập Kích)
[2026-08-27T22:52:41] [TRU_MA] TRỪ MA CB: nhận diện: Phi Ma Tập Kích (id=7668, margin=4)
[2026-08-27T22:53:21] [TRU_MA] TRỪ MA CB: mục tiêu: Thủ Lĩnh Phi Ma id=1114 type=3060100001114 resource=2060090100114
[2026-08-27T22:53:29] [AUTO_BOSS] Start selected-monster NPCView.clickNpc runner generation=1
[2026-08-27T22:53:32] [AUTO_BOSS] selected Thủ Lĩnh Phi Ma id=1173 type=3060100001114 resource=2060090100114 base=0xba78d70 distance=686
[2026-08-27T22:53:33] [AUTO_BOSS] NPCView session fingerprint native=0x13a7cb8 avm=0xba950a0 method_info=0x5fe3938 slot322_method_id=18293
[2026-08-27T22:53:33] [AUTO_BOSS] id=1173 distance=686 receiver=0xbd87280 method=18293 stage=1
[2026-08-27T22:53:38] [AUTO_BOSS] id=1173 distance=89 receiver=0xbd87280 method=18293 stage=2
[2026-08-27T22:53:42] [AUTO_BOSS] battle edge false->true id=1173
[2026-08-27T22:53:47] [AUTO_BOSS] battle edge true->false clear=1
[2026-08-27T22:54:44] [TRU_MA] TRỪ MA CB: xong lượt 5/10 (Phi Ma Tập Kích)
[2026-08-27T22:55:04] [TRU_MA] TRỪ MA CB: phục hồi nhiệm vụ đã nhận qua QuestPanel: Phi Ma Tập Kích
[2026-08-27T22:55:07] [POPUP] đã đóng npc_dialog
[2026-08-27T22:55:29] [TRU_MA] TRỪ MA CB: mục tiêu: Thủ Lĩnh Phi Ma id=1114 type=3060100001114 resource=2060090100114
[2026-08-27T22:55:36] LOCAL_COMMAND nhận: truma_stop
[2026-08-27T22:55:36] Đã yêu cầu dừng TRỪ MA: acc_1
[2026-08-27T22:55:36] TRỪ MA CB: STOPPED — 5/10 lượt; mục tiêu: Thủ Lĩnh Phi Ma id=1114 type=3060100001114 resource=2060090100114
[2026-08-27T22:55:38] [AUTO_BOSS] Start selected-monster NPCView.clickNpc runner generation=1
[2026-08-27T22:55:38] [TRU_MA] TRỪ MA CB: dừng ở lượt 6: đã dừng khi đang đánh
[2026-08-27T22:56:42] LOCAL_COMMAND nhận: truma_start
[2026-08-27T22:56:48] Đã bắt đầu TRỪ MA (10 lượt/acc): acc_3, acc_5
[2026-08-27T22:56:49] TRỪ MA luvy: client chưa mở, đang đăng nhập...
[2026-08-27T22:56:49] [AUTO_START] WAIT_WINDOW attempt=1 pass=0 pid=13828 Flash launched at original size
[2026-08-27T22:56:56] [TRU_MA] TRỪ MA TSk: exception UnboundLocalError: cannot access local variable 'live_base' where it is not associated with a value
Traceback (most recent call last):
  File "C:\Users\Administrator\Desktop\new folder\fbh_v2_ttt_fixed-20260709t181609z-2-001\fbh_multi_account_infinite_auto\dev_supervisor_target_a_v2_20260814\app\truma_runner.py", line 286, in _run
    result = self._one_round()
             ^^^^^^^^^^^^^^^^^
  File "C:\Users\Administrator\Desktop\new folder\fbh_v2_ttt_fixed-20260709t181609z-2-001\fbh_multi_account_infinite_auto\dev_supervisor_target_a_v2_20260814\app\truma_runner.py", line 316, in _one_round
    taken = self._take_quest()
            ^^^^^^^^^^^^^^^^^^
  File "C:\Users\Administrator\Desktop\new folder\fbh_v2_ttt_fixed-20260709t181609z-2-001\fbh_multi_account_infinite_auto\dev_supervisor_target_a_v2_20260814\app\truma_runner.py", line 637, in _take_quest
    mem, view, panel = self._npc_panel(win)
                       ^^^^^^^^^^^^^^^^^^^^
  File "C:\Users\Administrator\Desktop\new folder\fbh_v2_ttt_fixed-20260709t181609z-2-001\fbh_multi_account_infinite_auto\dev_supervisor_target_a_v2_20260814\app\truma_runner.py", line 450, in _npc_panel
    return self._npc_panel_locked(win)
           ^^^^^^^^^^^^^^^^^^^^^^^^^^^
  File "C:\Users\Administrator\Desktop\new folder\fbh_v2_ttt_fixed-20260709t181609z-2-001\fbh_multi_account_infinite_auto\dev_supervisor_target_a_v2_20260814\app\truma_runner.py", line 585, in _npc_panel_locked
    f"Core.getNpc base={live_base:#x}")
                        ^^^^^^^^^
UnboundLocalError: cannot access local variable 'live_base' where it is not associated with a value

[2026-08-27T22:56:57] TRỪ MA TSk: ERROR — 0/10 lượt; exception UnboundLocalError: cannot access local variable 'live_base' where it is not associated with a value
Traceback (most recent call last):
  File "C:\Users\Administrator\Desktop\new folder\fbh_v2_ttt_fixed-20260709t181609z-2-001\fbh_multi_account_infinite_auto\dev_supervisor_target_a_v2_20260814\app\truma_runner.py", line 286, in _run
    result = self._one_round()
             ^^^^^^^^^^^^^^^^^
  File "C:\Users\Administrator\Desktop\new folder\fbh_v2_ttt_fixed-20260709t181609z-2-001\fbh_multi_account_infinite_auto\dev_supervisor_target_a_v2_20260814\app\truma_runner.py", line 316, in _one_round
    taken = self._take_quest()
            ^^^^^^^^^^^^^^^^^^
  File "C:\Users\Administrator\Desktop\new folder\fbh_v2_ttt_fixed-20260709t181609z-2-001\fbh_multi_account_infinite_auto\dev_supervisor_target_a_v2_20260814\app\truma_runner.py", line 637, in _take_quest
    mem, view, panel = self._npc_panel(win)
                       ^^^^^^^^^^^^^^^^^^^^
  File "C:\Users\Administrator\Desktop\new folder\fbh_v2_ttt_fixed-20260709t181609z-2-001\fbh_multi_account_infinite_auto\dev_supervisor_target_a_v2_20260814\app\truma_runner.py", line 450, in _npc_panel
    return self._npc_panel_locked(win)
           ^^^^^^^^^^^^^^^^^^^^^^^^^^^
  File "C:\Users\Administrator\Desktop\new folder\fbh_v2_ttt_fixed-20260709t181609z-2-001\fbh_multi_account_infinite_auto\dev_supervisor_target_a_v2_20260814\app\truma_runner.py", line 585, in _npc_panel_locked
    f"Core.getNpc base={live_base:#x}")
                        ^^^^^^^^^
UnboundLocalError: cannot access local variable 'live_base' where it is not associated with a value

[2026-08-27T22:56:58] [AUTO_START] START_CLICKED attempt=1 pass=0 pid=13828 Bắt đầu
[2026-08-27T22:56:59] LOCAL_COMMAND nhận: trian_start
[2026-08-27T22:57:01] [AUTO_START] RETRY_START attempt=1 pass=0 pid=13828 chua thay chon kenh, bam lai Bat dau
[2026-08-27T22:57:05] Đã bắt đầu TRỊ AN (10 lượt/acc): acc_1, acc_2
[2026-08-27T22:57:05] TRỊ AN pepsi: client chưa mở, đang đăng nhập...
[2026-08-27T22:57:05] [AUTO_START] WAIT_WINDOW attempt=1 pass=0 pid=11972 Flash launched at original size
[2026-08-27T22:57:15] [AUTO_START] START_CLICKED attempt=1 pass=0 pid=13828 Bắt đầu
[2026-08-27T22:57:16] [AUTO_START] START_CLICKED attempt=1 pass=0 pid=11972 Bắt đầu
[2026-08-27T22:57:18] [AUTO_START] CHANNEL_SELECTED attempt=1 pass=0 pid=13828 channel=(449, 308) choices=1
[2026-08-27T22:57:19] [AUTO_START] RETRY_START attempt=1 pass=0 pid=11972 chua thay chon kenh, bam lai Bat dau
[2026-08-27T22:57:23] [AUTO_START] ENTER_GAME_CLICKED attempt=1 pass=0 pid=13828 character_slot=1 slot_verified=True
[2026-08-27T22:57:46] [AUTO_START] MAP_READY_OPEN attempt=1 pass=0 pid=13828 Player=0x10d110a0 Core=0x1794a0d0 world=(3106,838)
[2026-08-27T22:57:46] [AUTO_START] START_CLICKED attempt=1 pass=0 pid=11972 Bắt đầu
[2026-08-27T22:58:04] [AUTO_START] CHANNEL_SELECTED attempt=1 pass=0 pid=11972 channel=(449, 308) choices=1
[2026-08-27T22:58:20] [AUTO_START] ENTER_GAME_CLICKED attempt=1 pass=0 pid=11972 character_slot=1 slot_verified=True
[2026-08-27T22:58:22] [TRI_AN] TRỊ AN CB: mở NPC lần 1/8 chưa thành công: không tới được NPC: closeTo completed but character did not move
[2026-08-27T22:58:24] [TRI_AN] TRỊ AN CB: mở NPC lần 2/8 chưa thành công: không có player
[2026-08-27T22:58:26] [AUTO_START] MAP_READY_OPEN attempt=1 pass=0 pid=11972 Player=0x1d91b0a0 Core=0x184a80d0 world=(3077,852)
[2026-08-27T22:58:26] [TRI_AN] TRỊ AN CB: mở NPC lần 3/8 chưa thành công: không có player
[2026-08-27T22:58:28] [TRI_AN] TRỊ AN CB: mở NPC lần 4/8 chưa thành công: không có player
[2026-08-27T22:58:30] [TRI_AN] TRỊ AN CB: mở NPC lần 5/8 chưa thành công: không có player
[2026-08-27T22:58:31] Daily pepsi: đăng nhập lần 1 chưa vào map; thử lại.
[2026-08-27T22:58:32] [TRI_AN] TRỊ AN CB: mở NPC lần 6/8 chưa thành công: không có player
[2026-08-27T22:58:34] [TRI_AN] TRỊ AN CB: mở NPC lần 7/8 chưa thành công: không có player
[2026-08-27T22:58:34] [AUTO_START] WAIT_WINDOW attempt=1 pass=0 pid=3596 Flash launched at original size
[2026-08-27T22:58:36] [TRI_AN] TRỊ AN CB: mở NPC lần 8/8 chưa thành công: không có player
[2026-08-27T22:58:37] [TRI_AN] TRỊ AN CB: dừng ở lượt 1: không mở được hộp thoại NPC Trưởng Cận Vệ Đông Huyền
[2026-08-27T22:58:38] TRỊ AN CB: FAILED — 0/10 lượt; dừng ở lượt 1: không mở được hộp thoại NPC Trưởng Cận Vệ Đông Huyền
[2026-08-27T22:58:41] [POPUP] đã đóng cache_notice
[2026-08-27T22:58:42] [AUTO_START] START_CLICKED attempt=1 pass=0 pid=3596 Bắt đầu
[2026-08-27T22:58:46] [TRU_MA] TRỪ MA luvy: exception UnboundLocalError: cannot access local variable 'live_base' where it is not associated with a value
Traceback (most recent call last):
  File "C:\Users\Administrator\Desktop\new folder\fbh_v2_ttt_fixed-20260709t181609z-2-001\fbh_multi_account_infinite_auto\dev_supervisor_target_a_v2_20260814\app\truma_runner.py", line 286, in _run
    result = self._one_round()
             ^^^^^^^^^^^^^^^^^
  File "C:\Users\Administrator\Desktop\new folder\fbh_v2_ttt_fixed-20260709t181609z-2-001\fbh_multi_account_infinite_auto\dev_supervisor_target_a_v2_20260814\app\truma_runner.py", line 316, in _one_round
    taken = self._take_quest()
            ^^^^^^^^^^^^^^^^^^
  File "C:\Users\Administrator\Desktop\new folder\fbh_v2_ttt_fixed-20260709t181609z-2-001\fbh_multi_account_infinite_auto\dev_supervisor_target_a_v2_20260814\app\truma_runner.py", line 637, in _take_quest
    mem, view, panel = self._npc_panel(win)
                       ^^^^^^^^^^^^^^^^^^^^
  File "C:\Users\Administrator\Desktop\new folder\fbh_v2_ttt_fixed-20260709t181609z-2-001\fbh_multi_account_infinite_auto\dev_supervisor_target_a_v2_20260814\app\truma_runner.py", line 450, in _npc_panel
    return self._npc_panel_locked(win)
           ^^^^^^^^^^^^^^^^^^^^^^^^^^^
  File "C:\Users\Administrator\Desktop\new folder\fbh_v2_ttt_fixed-20260709t181609z-2-001\fbh_multi_account_infinite_auto\dev_supervisor_target_a_v2_20260814\app\truma_runner.py", line 585, in _npc_panel_locked
    f"Core.getNpc base={live_base:#x}")
                        ^^^^^^^^^
UnboundLocalError: cannot access local variable 'live_base' where it is not associated with a value

[2026-08-27T22:58:46] TRỪ MA luvy: ERROR — 0/10 lượt; exception UnboundLocalError: cannot access local variable 'live_base' where it is not associated with a value
Traceback (most recent call last):
  File "C:\Users\Administrator\Desktop\new folder\fbh_v2_ttt_fixed-20260709t181609z-2-001\fbh_multi_account_infinite_auto\dev_supervisor_target_a_v2_20260814\app\truma_runner.py", line 286, in _run
    result = self._one_round()
             ^^^^^^^^^^^^^^^^^
  File "C:\Users\Administrator\Desktop\new folder\fbh_v2_ttt_fixed-20260709t181609z-2-001\fbh_multi_account_infinite_auto\dev_supervisor_target_a_v2_20260814\app\truma_runner.py", line 316, in _one_round
    taken = self._take_quest()
            ^^^^^^^^^^^^^^^^^^
  File "C:\Users\Administrator\Desktop\new folder\fbh_v2_ttt_fixed-20260709t181609z-2-001\fbh_multi_account_infinite_auto\dev_supervisor_target_a_v2_20260814\app\truma_runner.py", line 637, in _take_quest
    mem, view, panel = self._npc_panel(win)
                       ^^^^^^^^^^^^^^^^^^^^
  File "C:\Users\Administrator\Desktop\new folder\fbh_v2_ttt_fixed-20260709t181609z-2-001\fbh_multi_account_infinite_auto\dev_supervisor_target_a_v2_20260814\app\truma_runner.py", line 450, in _npc_panel
    return self._npc_panel_locked(win)
           ^^^^^^^^^^^^^^^^^^^^^^^^^^^
  File "C:\Users\Administrator\Desktop\new folder\fbh_v2_ttt_fixed-20260709t181609z-2-001\fbh_multi_account_infinite_auto\dev_supervisor_target_a_v2_20260814\app\truma_runner.py", line 585, in _npc_panel_locked
    f"Core.getNpc base={live_base:#x}")
                        ^^^^^^^^^
UnboundLocalError: cannot access local variable 'live_base' where it is not associated with a value

[2026-08-27T22:58:48] [AUTO_START] RETRY_START attempt=1 pass=0 pid=3596 chua thay chon kenh, bam lai Bat dau
[2026-08-27T22:59:01] [AUTO_START] START_CLICKED attempt=1 pass=0 pid=3596 Bắt đầu
[2026-08-27T23:00:05] LOCAL_COMMAND nhận: truma_start
[2026-08-27T23:00:11] Đã bắt đầu TRỪ MA (10 lượt/acc): acc_3, acc_5
[2026-08-27T23:00:19] [TRU_MA] TRỪ MA TSk: mở NPC lần 1/8 chưa thành công: không có view/slot322 trên 1 candidate(s); Core.getNpc base=0x0
[2026-08-27T23:00:23] LOCAL_COMMAND nhận: trian_start
[2026-08-27T23:00:23] TRỊ AN CB: client chưa mở, đang đăng nhập...
[2026-08-27T23:00:23] [AUTO_START] WAIT_WINDOW attempt=1 pass=0 pid=12212 Flash launched at original size
[2026-08-27T23:00:25] [TRU_MA] TRỪ MA TSk: mở NPC lần 2/8 chưa thành công: không có view/slot322 trên 1 candidate(s); Core.getNpc base=0x0
[2026-08-27T23:00:29] Đã bắt đầu TRỊ AN (10 lượt/acc): acc_1, acc_2
[2026-08-27T23:00:29] TRỊ AN pepsi: client chưa mở, đang đăng nhập...
[2026-08-27T23:00:29] [AUTO_START] WAIT_WINDOW attempt=1 pass=0 pid=6648 Flash launched at original size
[2026-08-27T23:00:32] [TRU_MA] TRỪ MA TSk: mở NPC lần 3/8 chưa thành công: không có view/slot322 trên 1 candidate(s); Core.getNpc base=0x0
[2026-08-27T23:00:40] [TRU_MA] TRỪ MA TSk: mở NPC lần 4/8 chưa thành công: không có view/slot322 trên 1 candidate(s); Core.getNpc base=0x0
[2026-08-27T23:00:40] [AUTO_START] START_CLICKED attempt=1 pass=0 pid=12212 Bắt đầu
[2026-08-27T23:00:47] [TRU_MA] TRỪ MA TSk: mở NPC lần 5/8 chưa thành công: không có view/slot322 trên 1 candidate(s); Core.getNpc base=0x0
[2026-08-27T23:00:48] [AUTO_START] RETRY_START attempt=1 pass=0 pid=12212 chua thay chon kenh, bam lai Bat dau
[2026-08-27T23:00:54] [TRU_MA] TRỪ MA TSk: mở NPC lần 6/8 chưa thành công: không có view/slot322 trên 1 candidate(s); Core.getNpc base=0x0
[2026-08-27T23:00:54] [AUTO_START] START_CLICKED attempt=1 pass=0 pid=6648 Bắt đầu
[2026-08-27T23:01:00] [TRU_MA] TRỪ MA TSk: mở NPC lần 7/8 chưa thành công: không có view/slot322 trên 1 candidate(s); Core.getNpc base=0x0
[2026-08-27T23:01:01] [AUTO_START] START_CLICKED attempt=1 pass=0 pid=12212 Bắt đầu
[2026-08-27T23:01:07] [TRU_MA] TRỪ MA TSk: mở NPC lần 8/8 chưa thành công: không có view/slot322 trên 1 candidate(s); Core.getNpc base=0x0
[2026-08-27T23:01:07] [AUTO_START] RETRY_START attempt=1 pass=0 pid=6648 chua thay chon kenh, bam lai Bat dau
[2026-08-27T23:01:09] [TRU_MA] TRỪ MA TSk: dừng ở lượt 1: không mở được hộp thoại NPC Quan Quân Nhu
[2026-08-27T23:01:09] [AUTO_START] CHANNEL_SELECTED attempt=1 pass=0 pid=12212 channel=(449, 308) choices=1
[2026-08-27T23:01:09] TRỪ MA TSk: FAILED — 0/10 lượt; dừng ở lượt 1: không mở được hộp thoại NPC Quan Quân Nhu
[2026-08-27T23:01:13] [TRU_MA] TRỪ MA luvy: mở NPC lần 1/8 chưa thành công: không có view/slot322 trên 1 candidate(s); Core.getNpc base=0x0
[2026-08-27T23:01:19] [TRU_MA] TRỪ MA luvy: mở NPC lần 2/8 chưa thành công: không có view/slot322 trên 1 candidate(s); Core.getNpc base=0x0
[2026-08-27T23:01:19] [AUTO_START] START_CLICKED attempt=1 pass=0 pid=6648 Bắt đầu
[2026-08-27T23:01:22] [AUTO_START] ENTER_GAME_CLICKED attempt=1 pass=0 pid=12212 character_slot=1 slot_verified=True
[2026-08-27T23:01:25] [TRU_MA] TRỪ MA luvy: mở NPC lần 3/8 chưa thành công: không có view/slot322 trên 1 candidate(s); Core.getNpc base=0x0
[2026-08-27T23:01:27] [AUTO_START] CHANNEL_SELECTED attempt=1 pass=0 pid=6648 channel=(449, 308) choices=1
[2026-08-27T23:01:31] [TRU_MA] TRỪ MA luvy: mở NPC lần 4/8 chưa thành công: không có view/slot322 trên 1 candidate(s); Core.getNpc base=0x0
[2026-08-27T23:01:38] [TRU_MA] TRỪ MA luvy: mở NPC lần 5/8 chưa thành công: không có view/slot322 trên 1 candidate(s); Core.getNpc base=0x0
[2026-08-27T23:01:40] [AUTO_START] ENTER_GAME_CLICKED attempt=1 pass=0 pid=6648 character_slot=1 slot_verified=True
[2026-08-27T23:01:43] [AUTO_START] MAP_READY_OPEN attempt=1 pass=0 pid=12212 Player=0x125530a0 Core=0xc6970d0 world=(2741,998)
[2026-08-27T23:01:46] [TRU_MA] TRỪ MA luvy: mở NPC lần 6/8 chưa thành công: không có view/slot322 trên 1 candidate(s); Core.getNpc base=0x0
[2026-08-27T23:01:55] [TRU_MA] TRỪ MA luvy: mở NPC lần 7/8 chưa thành công: không có view/slot322 trên 1 candidate(s); Core.getNpc base=0x0
[2026-08-27T23:02:01] [TRU_MA] TRỪ MA luvy: mở NPC lần 8/8 chưa thành công: không có view/slot322 trên 1 candidate(s); Core.getNpc base=0x0
[2026-08-27T23:02:03] [TRU_MA] TRỪ MA luvy: dừng ở lượt 1: không mở được hộp thoại NPC Quan Quân Nhu
[2026-08-27T23:02:03] TRỪ MA luvy: FAILED — 0/10 lượt; dừng ở lượt 1: không mở được hộp thoại NPC Quan Quân Nhu
[2026-08-27T23:02:05] [AUTO_START] MAP_READY_OPEN attempt=1 pass=0 pid=6648 Player=0x107a40a0 Core=0x181a50d0 world=(3077,852)
[2026-08-27T23:02:08] [POPUP] đã đóng cache_notice
[2026-08-27T23:02:10] Daily pepsi: đăng nhập lần 1 chưa vào map; thử lại.
[2026-08-27T23:02:13] [AUTO_START] WAIT_WINDOW attempt=1 pass=0 pid=5212 Flash launched at original size
[2026-08-27T23:02:20] [AUTO_START] START_CLICKED attempt=1 pass=0 pid=5212 Bắt đầu
[2026-08-27T23:02:30] [AUTO_START] RETRY_START attempt=1 pass=0 pid=5212 chua thay chon kenh, bam lai Bat dau
[2026-08-27T23:02:41] [AUTO_START] START_CLICKED attempt=1 pass=0 pid=5212 Bắt đầu
[2026-08-27T23:02:45] [TRI_AN] TRỊ AN CB: đã nhận nhiệm vụ id=4671 (Truy Bắt Phi Tặc)
[2026-08-27T23:02:48] [AUTO_START] RETRY_START attempt=1 pass=0 pid=5212 chua thay chon kenh, bam lai Bat dau
[2026-08-27T23:02:54] [AUTO_START] RETRY_AFTER_ALERT attempt=1 pass=0 pid=5212 lan 1/5: nut=0.464 hthoai=0.08
[2026-08-27T23:02:59] [AUTO_START] START_CLICKED attempt=1 pass=0 pid=5212 Bắt đầu
[2026-08-27T23:03:05] [AUTO_START] RETRY_AFTER_ALERT attempt=1 pass=0 pid=5212 lan 2/5: nut=0.464 hthoai=0.079
[2026-08-27T23:03:11] [AUTO_START] START_CLICKED attempt=1 pass=0 pid=5212 Bắt đầu
[2026-08-27T23:03:16] [AUTO_START] RETRY_START attempt=1 pass=0 pid=5212 chua thay chon kenh, bam lai Bat dau
[2026-08-27T23:03:22] [AUTO_START] RETRY_AFTER_ALERT attempt=1 pass=0 pid=5212 lan 3/5: nut=0.464 hthoai=0.08
[2026-08-27T23:03:29] [AUTO_START] START_CLICKED attempt=1 pass=0 pid=5212 Bắt đầu
[2026-08-27T23:03:34] [AUTO_START] RETRY_START attempt=1 pass=0 pid=5212 chua thay chon kenh, bam lai Bat dau
[2026-08-27T23:03:41] [AUTO_START] RETRY_AFTER_ALERT attempt=1 pass=0 pid=5212 lan 4/5: nut=0.464 hthoai=0.08
[2026-08-27T23:03:46] [AUTO_START] START_CLICKED attempt=1 pass=0 pid=5212 Bắt đầu
[2026-08-27T23:03:47] [AUTO_START] RETRY_START attempt=1 pass=0 pid=5212 chua thay chon kenh, bam lai Bat dau
[2026-08-27T23:03:48] [AUTO_START] START_CLICKED attempt=1 pass=0 pid=5212 Bắt đầu
[2026-08-27T23:03:51] [TRI_AN] TRỊ AN CB: thiếu vật phẩm; thử lại Nhận trên đúng nhiệm vụ đang giữ: Nhận đã gọi qua AVM (id=4671)
[2026-08-27T23:03:53] [AUTO_START] RETRY_START attempt=1 pass=0 pid=5212 chua thay chon kenh, bam lai Bat dau
[2026-08-27T23:04:07] [AUTO_START] WAIT_WINDOW attempt=1 pass=0 pid=3496 Flash launched at original size
[2026-08-27T23:04:07] Đang đăng nhập 1 acc...
[2026-08-27T23:04:14] [AUTO_START] START_CLICKED attempt=1 pass=0 pid=3496 Bắt đầu
[2026-08-27T23:04:19] [AUTO_START] RETRY_START attempt=1 pass=0 pid=3496 chua thay chon kenh, bam lai Bat dau
[2026-08-27T23:04:35] [AUTO_START] START_CLICKED attempt=1 pass=0 pid=3496 Bắt đầu
[2026-08-27T23:04:40] [AUTO_START] START_CLICKED attempt=1 pass=0 pid=5212 Bắt đầu
[2026-08-27T23:04:41] [AUTO_START] CHANNEL_SELECTED attempt=1 pass=0 pid=3496 channel=(449, 308) choices=1
[2026-08-27T23:04:43] [AUTO_START] FAILED_CLOSED attempt=1 pass=0 pid=5212 timeout before rooted map
[2026-08-27T23:04:43] Daily pepsi: đăng nhập lần 2 chưa vào map; thử lại.
[2026-08-27T23:04:46] [AUTO_START] WAIT_WINDOW attempt=1 pass=0 pid=17912 Flash launched at original size
[2026-08-27T23:04:49] [AUTO_START] ENTER_GAME_CLICKED attempt=1 pass=0 pid=3496 character_slot=1 slot_verified=True
[2026-08-27T23:04:51] [AUTO_START] START_CLICKED attempt=1 pass=0 pid=17912 Bắt đầu
[2026-08-27T23:04:53] [AUTO_START] RETRY_START attempt=1 pass=0 pid=17912 chua thay chon kenh, bam lai Bat dau
[2026-08-27T23:04:54] [AUTO_START] START_CLICKED attempt=1 pass=0 pid=17912 Bắt đầu
[2026-08-27T23:04:55] [TRI_AN] TRỊ AN CB: dừng ở lượt 1: dùng vật phẩm chỉ đường: không thấy Lệnh Truy Bắt / Mật Lệnh Hải Tặc trong túi (đọc bộ nhớ, cả hai mã 2263, 4843)
[2026-08-27T23:04:55] TRỊ AN CB: FAILED — 0/10 lượt; dừng ở lượt 1: dùng vật phẩm chỉ đường: không thấy Lệnh Truy Bắt / Mật Lệnh Hải Tặc trong túi (đọc bộ nhớ, cả hai mã 2263, 4843)
[2026-08-27T23:04:57] [AUTO_START] MAP_READY_OPEN attempt=1 pass=0 pid=3496 Player=0xfc9f0a0 Core=0xbdc10d0 world=(772,976)
[2026-08-27T23:04:59] [AUTO_START] RETRY_START attempt=1 pass=0 pid=17912 chua thay chon kenh, bam lai Bat dau
[2026-08-27T23:04:59] [AUTO_START] FAILED_CLOSED attempt=1 pass=0 pid=17912 Flash window closed before map
[2026-08-27T23:04:59] Daily pepsi: đăng nhập lần 3 chưa vào map; thử lại.
[2026-08-27T23:05:02] TRỊ AN pepsi: đăng nhập thất bại: Flash window closed before map
[2026-08-27T23:07:00] [AUTO_START] WAIT_WINDOW attempt=1 pass=0 pid=3568 Flash launched at original size
[2026-08-27T23:07:00] [AUTO_START] WAIT_WINDOW attempt=1 pass=0 pid=3392 Flash launched at original size
[2026-08-27T23:07:00] [AUTO_START] WAIT_WINDOW attempt=1 pass=0 pid=3944 Flash launched at original size
[2026-08-27T23:07:00] [AUTO_START] WAIT_WINDOW attempt=1 pass=0 pid=12380 Flash launched at original size
[2026-08-27T23:07:00] [AUTO_START] WAIT_WINDOW attempt=1 pass=0 pid=11160 Flash launched at original size
[2026-08-27T23:07:00] Đang đăng nhập 5 acc...
[2026-08-27T23:07:04] [AUTO_START] START_CLICKED attempt=1 pass=0 pid=3568 Bắt đầu
[2026-08-27T23:07:04] [AUTO_START] START_CLICKED attempt=1 pass=0 pid=3392 Bắt đầu
[2026-08-27T23:07:05] [AUTO_START] START_CLICKED attempt=1 pass=0 pid=12380 Bắt đầu
[2026-08-27T23:07:05] [AUTO_START] START_CLICKED attempt=1 pass=0 pid=3944 Bắt đầu
[2026-08-27T23:07:05] [AUTO_START] START_CLICKED attempt=1 pass=0 pid=11160 Bắt đầu
[2026-08-27T23:07:07] Đã xếp 5 cửa sổ
[2026-08-27T23:07:09] [AUTO_START] RETRY_START attempt=1 pass=0 pid=3392 chua thay chon kenh, bam lai Bat dau
[2026-08-27T23:07:09] [AUTO_START] RETRY_START attempt=1 pass=0 pid=3568 chua thay chon kenh, bam lai Bat dau
[2026-08-27T23:07:10] [AUTO_START] RETRY_START attempt=1 pass=0 pid=12380 chua thay chon kenh, bam lai Bat dau
[2026-08-27T23:07:10] [AUTO_START] RETRY_START attempt=1 pass=0 pid=3944 chua thay chon kenh, bam lai Bat dau
[2026-08-27T23:07:10] [AUTO_START] RETRY_START attempt=1 pass=0 pid=11160 chua thay chon kenh, bam lai Bat dau
[2026-08-27T23:07:15] [AUTO_START] START_CLICKED attempt=1 pass=0 pid=3392 Bắt đầu
[2026-08-27T23:07:15] [AUTO_START] START_CLICKED attempt=1 pass=0 pid=12380 Bắt đầu
[2026-08-27T23:07:15] [AUTO_START] START_CLICKED attempt=1 pass=0 pid=3568 Bắt đầu
[2026-08-27T23:07:15] [AUTO_START] START_CLICKED attempt=1 pass=0 pid=3944 Bắt đầu
[2026-08-27T23:07:15] [AUTO_START] START_CLICKED attempt=1 pass=0 pid=11160 Bắt đầu
[2026-08-27T23:07:20] [AUTO_START] RETRY_START attempt=1 pass=0 pid=3392 chua thay chon kenh, bam lai Bat dau
[2026-08-27T23:07:20] [AUTO_START] RETRY_START attempt=1 pass=0 pid=3568 chua thay chon kenh, bam lai Bat dau
[2026-08-27T23:07:20] [AUTO_START] RETRY_START attempt=1 pass=0 pid=12380 chua thay chon kenh, bam lai Bat dau
[2026-08-27T23:07:21] [AUTO_START] RETRY_START attempt=1 pass=0 pid=3944 chua thay chon kenh, bam lai Bat dau
[2026-08-27T23:07:21] [AUTO_START] RETRY_START attempt=1 pass=0 pid=11160 chua thay chon kenh, bam lai Bat dau
[2026-08-27T23:07:31] [AUTO_START] START_CLICKED attempt=1 pass=0 pid=3392 Bắt đầu
[2026-08-27T23:07:31] [AUTO_START] START_CLICKED attempt=1 pass=0 pid=3568 Bắt đầu
[2026-08-27T23:07:31] [AUTO_START] START_CLICKED attempt=1 pass=0 pid=11160 Bắt đầu
[2026-08-27T23:07:32] [AUTO_START] START_CLICKED attempt=1 pass=0 pid=3944 Bắt đầu
[2026-08-27T23:07:32] [AUTO_START] START_CLICKED attempt=1 pass=0 pid=12380 Bắt đầu
[2026-08-27T23:07:36] [AUTO_START] CHANNEL_SELECTED attempt=1 pass=0 pid=3392 channel=(449, 308) choices=1
[2026-08-27T23:07:37] [AUTO_START] CHANNEL_SELECTED attempt=1 pass=0 pid=3568 channel=(449, 308) choices=1
[2026-08-27T23:07:37] [AUTO_START] CHANNEL_SELECTED attempt=1 pass=0 pid=11160 channel=(449, 308) choices=1
[2026-08-27T23:07:38] [AUTO_START] CHANNEL_SELECTED attempt=1 pass=0 pid=3944 channel=(449, 308) choices=1
[2026-08-27T23:07:39] [AUTO_START] CHANNEL_SELECTED attempt=1 pass=0 pid=12380 channel=(449, 308) choices=1
[2026-08-27T23:07:45] [AUTO_START] ENTER_GAME_CLICKED attempt=1 pass=0 pid=3392 character_slot=1 slot_verified=True
[2026-08-27T23:07:46] [AUTO_START] ENTER_GAME_CLICKED attempt=1 pass=0 pid=3568 character_slot=1 slot_verified=True
[2026-08-27T23:07:46] [AUTO_START] ENTER_GAME_CLICKED attempt=1 pass=0 pid=3944 character_slot=1 slot_verified=True
[2026-08-27T23:07:46] [AUTO_START] ENTER_GAME_CLICKED attempt=1 pass=0 pid=12380 character_slot=1 slot_verified=True
[2026-08-27T23:07:55] [AUTO_START] ENTER_GAME_CLICKED attempt=1 pass=0 pid=11160 character_slot=1 slot_verified=False
[2026-08-27T23:07:56] [AUTO_START] MAP_READY_OPEN attempt=1 pass=0 pid=3392 Player=0x1eb570a0 Core=0x13e290d0 world=(2683,1326)
[2026-08-27T23:07:59] [AUTO_START] MAP_READY_OPEN attempt=1 pass=0 pid=12380 Player=0x1261b0a0 Core=0x166e60d0 world=(2538,1099)
[2026-08-27T23:08:02] [AUTO_START] MAP_READY_OPEN attempt=1 pass=0 pid=3568 Player=0x1e66e0a0 Core=0x16f930d0 world=(3103,839)
[2026-08-27T23:08:05] [AUTO_START] MAP_READY_OPEN attempt=1 pass=0 pid=3944 Player=0x1ddc30a0 Core=0x93e00d0 world=(2682,961)
[2026-08-27T23:08:10] [AUTO_START] MAP_READY_OPEN attempt=1 pass=0 pid=11160 Player=0xfee90a0 Core=0xa27f0d0 world=(3094,1316)
[2026-08-28T00:01:30] [AUTO_START] WAIT_WINDOW attempt=1 pass=0 pid=7664 Flash launched at original size
[2026-08-28T00:01:30] Đang đăng nhập 1 acc...
[2026-08-28T00:01:36] [AUTO_START] START_CLICKED attempt=1 pass=0 pid=7664 Bắt đầu
[2026-08-28T00:01:42] [AUTO_START] RETRY_START attempt=1 pass=0 pid=7664 chua thay chon kenh, bam lai Bat dau
[2026-08-28T00:01:59] [AUTO_START] START_CLICKED attempt=1 pass=0 pid=7664 Bắt đầu
[2026-08-28T00:02:04] [AUTO_START] RETRY_START attempt=1 pass=0 pid=7664 chua thay chon kenh, bam lai Bat dau
[2026-08-28T00:02:10] [AUTO_START] MAP_READY_OPEN attempt=1 pass=0 pid=7664 Player=0x12aca0a0 Core=0x165ea0d0 world=(2069,1474)
[2026-08-28T01:19:16] [AUTO_START] WAIT_WINDOW attempt=1 pass=0 pid=3564 Flash launched at original size
[2026-08-28T01:19:16] [AUTO_START] WAIT_WINDOW attempt=1 pass=0 pid=8276 Flash launched at original size
[2026-08-28T01:19:17] [AUTO_START] WAIT_WINDOW attempt=1 pass=0 pid=14092 Flash launched at original size
[2026-08-28T01:19:17] Đang đăng nhập 3 acc...
[2026-08-28T01:19:20] [AUTO_START] START_CLICKED attempt=1 pass=0 pid=8276 Bắt đầu
[2026-08-28T01:19:22] [AUTO_START] START_CLICKED attempt=1 pass=0 pid=3564 Bắt đầu
[2026-08-28T01:19:27] [AUTO_START] RETRY_START attempt=1 pass=0 pid=8276 chua thay chon kenh, bam lai Bat dau
[2026-08-28T01:19:28] [AUTO_START] START_CLICKED attempt=1 pass=0 pid=14092 Bắt đầu
[2026-08-28T01:19:29] [AUTO_START] RETRY_START attempt=1 pass=0 pid=3564 chua thay chon kenh, bam lai Bat dau
[2026-08-28T01:19:31] [AUTO_START] START_CLICKED attempt=1 pass=0 pid=8276 Bắt đầu
[2026-08-28T01:19:32] [AUTO_START] RETRY_START attempt=1 pass=0 pid=14092 chua thay chon kenh, bam lai Bat dau
[2026-08-28T01:19:39] [AUTO_START] RETRY_START attempt=1 pass=0 pid=8276 chua thay chon kenh, bam lai Bat dau
[2026-08-28T01:19:39] [AUTO_START] START_CLICKED attempt=1 pass=0 pid=14092 Bắt đầu
[2026-08-28T01:19:42] [AUTO_START] START_CLICKED attempt=1 pass=0 pid=8276 Bắt đầu
[2026-08-28T01:19:44] [AUTO_START] START_CLICKED attempt=1 pass=0 pid=3564 Bắt đầu
[2026-08-28T01:19:47] [AUTO_START] RETRY_START attempt=1 pass=0 pid=14092 chua thay chon kenh, bam lai Bat dau
[2026-08-28T01:19:48] [AUTO_START] RETRY_START attempt=1 pass=0 pid=3564 chua thay chon kenh, bam lai Bat dau
[2026-08-28T01:19:51] [AUTO_START] RETRY_START attempt=1 pass=0 pid=8276 chua thay chon kenh, bam lai Bat dau
[2026-08-28T01:19:52] [AUTO_START] START_CLICKED attempt=1 pass=0 pid=14092 Bắt đầu
[2026-08-28T01:19:53] [AUTO_START] START_CLICKED attempt=1 pass=0 pid=3564 Bắt đầu
[2026-08-28T01:19:55] [AUTO_START] START_CLICKED attempt=1 pass=0 pid=8276 Bắt đầu
[2026-08-28T01:19:56] [AUTO_START] CHANNEL_SELECTED attempt=1 pass=0 pid=14092 channel=(449, 308) choices=1
[2026-08-28T01:19:57] [AUTO_START] CHANNEL_SELECTED attempt=1 pass=0 pid=3564 channel=(449, 308) choices=1
[2026-08-28T01:19:59] [AUTO_START] CHANNEL_SELECTED attempt=1 pass=0 pid=8276 channel=(449, 308) choices=1
[2026-08-28T01:20:02] [AUTO_START] ENTER_GAME_CLICKED attempt=1 pass=0 pid=14092 character_slot=1 slot_verified=True
[2026-08-28T01:20:03] [AUTO_START] ENTER_GAME_CLICKED attempt=1 pass=0 pid=3564 character_slot=1 slot_verified=True
[2026-08-28T01:20:04] [AUTO_START] ENTER_GAME_CLICKED attempt=1 pass=0 pid=8276 character_slot=1 slot_verified=True
[2026-08-28T01:20:09] [AUTO_START] MAP_READY_OPEN attempt=1 pass=0 pid=14092 Player=0x155d80a0 Core=0x1763b0d0 world=(2057,1309)
[2026-08-28T01:20:12] [AUTO_START] MAP_READY_OPEN attempt=1 pass=0 pid=3564 Player=0x98c20a0 Core=0x16b030d0 world=(2120,1241)
[2026-08-28T01:20:15] [AUTO_START] MAP_READY_OPEN attempt=1 pass=0 pid=8276 Player=0x1d4d80a0 Core=0x12d480d0 world=(3104,1636)
[2026-08-28T05:46:13] Daily TSk: client chưa mở, đang đăng nhập trước bước VIP...
[2026-08-28T05:46:13] [AUTO_START] WAIT_WINDOW attempt=1 pass=0 pid=4016 Flash launched at original size
[2026-08-28T05:46:18] [AUTO_START] START_CLICKED attempt=1 pass=0 pid=4016 Bắt đầu
[2026-08-28T05:46:19] Đã bắt đầu Daily theo cấu hình riêng: acc_3, acc_5
[2026-08-28T05:46:19] Daily luvy: client chưa mở, đang đăng nhập trước bước VIP...
[2026-08-28T05:46:19] [AUTO_START] WAIT_WINDOW attempt=1 pass=0 pid=15112 Flash launched at original size
[2026-08-28T05:46:25] [AUTO_START] RETRY_START attempt=1 pass=0 pid=4016 chua thay chon kenh, bam lai Bat dau
[2026-08-28T05:46:25] [AUTO_START] START_CLICKED attempt=1 pass=0 pid=15112 Bắt đầu
[2026-08-28T05:46:28] [AUTO_START] START_CLICKED attempt=1 pass=0 pid=4016 Bắt đầu
[2026-08-28T05:46:32] [AUTO_START] RETRY_START attempt=1 pass=0 pid=15112 chua thay chon kenh, bam lai Bat dau
[2026-08-28T05:46:34] [AUTO_START] RETRY_START attempt=1 pass=0 pid=4016 chua thay chon kenh, bam lai Bat dau
[2026-08-28T05:46:44] [AUTO_START] START_CLICKED attempt=1 pass=0 pid=4016 Bắt đầu
[2026-08-28T05:46:48] [AUTO_START] START_CLICKED attempt=1 pass=0 pid=15112 Bắt đầu
[2026-08-28T05:46:48] [AUTO_START] CHANNEL_SELECTED attempt=1 pass=0 pid=4016 channel=(449, 308) choices=1
[2026-08-28T05:46:51] [AUTO_START] CHANNEL_SELECTED attempt=1 pass=0 pid=15112 channel=(449, 308) choices=1
[2026-08-28T05:46:53] [AUTO_START] ENTER_GAME_CLICKED attempt=1 pass=0 pid=4016 character_slot=1 slot_verified=True
[2026-08-28T05:46:56] [AUTO_START] ENTER_GAME_CLICKED attempt=1 pass=0 pid=15112 character_slot=1 slot_verified=True
[2026-08-28T05:47:00] [AUTO_START] MAP_READY_OPEN attempt=1 pass=0 pid=4016 Player=0x165ca0a0 Core=0x17cf20d0 world=(2958,770)
[2026-08-28T05:47:05] [AUTO_START] MAP_READY_OPEN attempt=1 pass=0 pid=15112 Player=0x137a50a0 Core=0xd55f0d0 world=(2553,1006)
[2026-08-28T05:47:10] [POPUP] đã đóng cache_notice
[2026-08-28T05:47:15] [POPUP] đã đóng cache_notice
[2026-08-28T05:47:19] Daily xong bước VIP: đã thử claim 5/5 dòng VIP
[2026-08-28T05:47:22] Daily xong bước VIP: đã thử claim 5/5 dòng VIP
[2026-08-28T05:47:22] Daily TSk: cleanup memory VIP: {'ok': True, 'results': {'vip': {'ok': True, 'changed': False, 'before': False, 'after': False}}}
[2026-08-28T05:47:25] Daily luvy: cleanup memory VIP: {'ok': True, 'results': {'vip': {'ok': True, 'changed': False, 'before': False, 'after': False}}}
[2026-08-28T05:47:33] Daily xong bước NHẬN THỜI TRANG: đã Rút Bộ thường, bấm Xác nhận và đọc lại popup đã đóng
[2026-08-28T05:47:34] Daily xong bước NHẬN THỜI TRANG: đã Rút Bộ thường, bấm Xác nhận và đọc lại popup đã đóng
[2026-08-28T05:47:38] Daily luvy: cleanup memory NHẬN THỜI TRANG: {'ok': True, 'results': {'character': {'ok': True, 'changed': False, 'before': False, 'after': False}}}
[2026-08-28T05:47:39] Daily TSk: cleanup memory NHẬN THỜI TRANG: {'ok': True, 'results': {'character': {'ok': True, 'changed': False, 'before': False, 'after': False}}}
[2026-08-28T05:48:22] Daily xong bước MẬT BẢO: đã dò cấp 6→6, chọn công thức cấp 6 và bấm Chế tạo Mật Bảo 20 lần
[2026-08-28T05:48:23] Daily xong bước MẬT BẢO: đã dò cấp 6→6, chọn công thức cấp 6 và bấm Chế tạo Mật Bảo 20 lần
[2026-08-28T05:48:28] Daily luvy: cleanup memory MẬT BẢO: {'ok': True, 'results': {'character': {'ok': True, 'changed': False, 'before': False, 'after': False}}}
[2026-08-28T05:48:28] Daily TSk: cleanup memory MẬT BẢO: {'ok': True, 'results': {'character': {'ok': True, 'changed': False, 'before': False, 'after': False}}}
[2026-08-28T05:48:39] Daily xong bước ĐIÊU KHẮC: đã bấm Đổi miễn phí và xác nhận Có trong KGĐK
[2026-08-28T05:48:39] Daily xong bước ĐIÊU KHẮC: đã bấm Đổi miễn phí và xác nhận Có trong KGĐK
[2026-08-28T05:48:44] Daily luvy: cleanup memory ĐIÊU KHẮC: {'ok': True, 'results': {'character': {'ok': True, 'changed': False, 'before': False, 'after': False}}}
[2026-08-28T05:48:45] Daily TSk: cleanup memory ĐIÊU KHẮC: {'ok': True, 'results': {'character': {'ok': True, 'changed': False, 'before': False, 'after': False}}}
[2026-08-28T05:49:37] Daily xong bước LẬT THẺ BÀI: đã phát bài, nhận thưởng và xác nhận Có 10/10 lượt
[2026-08-28T05:49:37] Daily xong bước LẬT THẺ BÀI: đã phát bài, nhận thưởng và xác nhận Có 10/10 lượt
[2026-08-28T05:49:43] Daily luvy: cleanup memory LẬT THẺ BÀI: {'ok': True, 'results': {'card_game': {'ok': True, 'changed': False, 'before': False, 'after': False}}}
[2026-08-28T05:49:43] Daily TSk: cleanup memory LẬT THẺ BÀI: {'ok': True, 'results': {'card_game': {'ok': True, 'changed': False, 'before': False, 'after': False}}}
[2026-08-28T05:50:10] Đã xếp 2 cửa sổ
[2026-08-28T05:50:39] [DUNGEON] NPC open attempt 1: exact NPC count=0
[2026-08-28T05:50:54] [DUNGEON] NPC open attempt 2: exact NPC count=0
[2026-08-28T05:51:39] [POPUP] đã đóng cache_notice
[2026-08-28T05:53:16] Daily PHỤ BẢN stack trace:
Traceback (most recent call last):
  File "C:\Users\Administrator\Desktop\New folder\fbh_v2_ttt_fixed-20260709T181609Z-2-001\fbh_multi_account_infinite_auto\dev_supervisor_target_a_v2_20260814\app\backend.py", line 888, in progress_dungeons
    value = dungeon_runner.advance(
            ^^^^^^^^^^^^^^^^^^^^^^^
  File "C:\Users\Administrator\Desktop\New folder\fbh_v2_ttt_fixed-20260709T181609Z-2-001\fbh_multi_account_infinite_auto\dev_supervisor_target_a_v2_20260814\app\dungeon_runner.py", line 789, in advance
    token = self._receive_token(win, account_id, account_name, quest)
            ^^^^^^^^^^^^^^^^^^^^^^^^^^^^^^^^^^^^^^^^^^^^^^^^^^^^^^^^^
  File "C:\Users\Administrator\Desktop\New folder\fbh_v2_ttt_fixed-20260709T181609Z-2-001\fbh_multi_account_infinite_auto\dev_supervisor_target_a_v2_20260814\app\dungeon_runner.py", line 398, in _receive_token
    action = accept_and_finish(
             ^^^^^^^^^^^^^^^^^^
  File "C:\Users\Administrator\Desktop\New folder\fbh_v2_ttt_fixed-20260709T181609Z-2-001\fbh_multi_account_infinite_auto\dev_supervisor_target_a_v2_20260814\app\quest_memory.py", line 566, in accept_and_finish
    panel, proof = get_panel(mem, pid, hwnd, view, delta, PANEL_QUEST,
                   ^^^^^^^^^^^^^^^^^^^^^^^^^^^^^^^^^^^^^^^^^^^^^^^^^^^
  File "C:\Users\Administrator\Desktop\New folder\fbh_v2_ttt_fixed-20260709T181609Z-2-001\fbh_multi_account_infinite_auto\dev_supervisor_target_a_v2_20260814\app\quest_memory.py", line 163, in get_panel
    call = _call(pid, hwnd, view, method, [int(panel_id)])
           ^^^^^^^^^^^^^^^^^^^^^^^^^^^^^^^^^^^^^^^^^^^^^^^
  File "C:\Users\Administrator\Desktop\New folder\fbh_v2_ttt_fixed-20260709T181609Z-2-001\fbh_multi_account_infinite_auto\dev_supervisor_target_a_v2_20260814\app\quest_memory.py", line 83, in _call
    result = invoke_method(int(pid), int(hwnd), int(receiver),
             ^^^^^^^^^^^^^^^^^^^^^^^^^^^^^^^^^^^^^^^^^^^^^^^^^
  File "C:\Users\Administrator\Desktop\New folder\fbh_v2_ttt_fixed-20260709T181609Z-2-001\fbh_multi_account_infinite_auto\dev_supervisor_target_a_v2_20260814\app\avm_call.py", line 65, in invoke_method
    return _invoke_locked(pid, hwnd, receiver, method_env, entry, arg_atoms, timeout)
           ^^^^^^^^^^^^^^^^^^^^^^^^^^^^^^^^^^^^^^^^^^^^^^^^^^^^^^^^^^^^^^^^^^^^^^^^^^
  File "C:\Users\Administrator\Desktop\New folder\fbh_v2_ttt_fixed-20260709T181609Z-2-001\fbh_multi_account_infinite_auto\dev_supervisor_target_a_v2_20260814\app\avm_call.py", line 78, in _invoke_locked
    raise ctypes.WinError(ctypes.get_last_error())
OSError: [WinError 87] The parameter is incorrect.

[2026-08-28T05:53:16] Daily luvy: bỏ qua PHỤ BẢN (lỗi): engine exception OSError: [WinError 87] The parameter is incorrect.; trace=Traceback (most recent call last):
  File "C:\Users\Administrator\Desktop\New folder\fbh_v2_ttt_fixed-20260709T181609Z-2-001\fbh_multi_account_infinite_auto\dev_supervisor_target_a_v2_20260814\app\backend.py", line 888, in progress_dungeons
    value = dungeon_runner.advance(
            ^^^^^^^^^^^^^^^^^^^^^^^
  File "C:\Users\Administrator\Desktop\New folder\fbh_v2_ttt_fixed-20260709T181609Z-2-001\fbh_multi_account_infinite_auto\dev_supervisor_target_a_v2_20260814\app\dungeon_runner.py", line 789, in advance
    token = self._receive_token(win, account_id, account_name, quest)
            ^^^^^^^^^^^^^^^^^^^^^^^^^^^^^^^^^^^^^^^^^^^^^^^^^^^^^^^^^
  File "C:\Users\Administrator\Desktop\New folder\fbh_v2_ttt_fixed-20260709T181609Z-2-001\fbh_multi_account_infinite_auto\dev_supervisor_target_a_v2_20260814\app\dungeon_runner.py", line 398, in _receive_token
    action = accept_and_finish(
             ^^^^^^^^^^^^^^^^^^
  File "C:\Users\Administrator\Desktop\New folder\fbh_v2_ttt_fixed-20260709T181609Z-2-001\fbh_multi_account_infinite_auto\dev_supervisor_target_a_v2_20260814\app\quest_memory.py", line 566, in accept_and_finish
    panel, proof = get_panel(mem, pid, hwnd, view, delta, PANEL_QUEST,
                   ^^^^^^^^^^^^^^^^^^^^^^^^^^^^^^^^^^^^^^^^^^^^^^^^^^^
  File "C:\Users\Administrator\Desktop\New folder\fbh_v2_ttt_fixed-20260709T181609Z-2-001\fbh_multi_account_infinite_auto\dev_supervisor_target_a_v2_20260814\app\quest_memory.py", line 163, in get_panel
    call = _call(pid, hwnd, view, method, [int(panel_id)])
           ^^^^^^^^^^^^^^^^^^^^^^^^^^^^^^^^^^^^^^^^^^^^^^^
  File "C:\Users\Administrator\Desktop\New folder\fbh_v2_ttt_fixed-20260709T181609Z-2-001\fbh_multi_account_infinite_auto\dev_supervisor_target_a_v2_20260814\app\quest_memory.py", line 83, in _call
    result = invoke_method(int(pid), int(hwnd), int(receiver),
             ^^^^^^^^^^^^^^^^^^^^^^^^^^^^^^^^^^^^^^^^^^^^^^^^^
  File "C:\Users\Administrator\Desktop\New folder\fbh_v2_ttt_fixed-20260709T181609Z-2-001\fbh_multi_account_infinite_auto\dev_supervisor_target_a_v2_20260814\app\avm_call.py", line 65, in invoke_method
    return _invoke_locked(pid, hwnd, receiver, method_env, entry, arg_atoms, timeout)
           ^^^^^^^^^^^^^^^^^^^^^^^^^^^^^^^^^^^^^^^^^^^^^^^^^^^^^^^^^^^^^^^^^^^^^^^^^^
  File "C:\Users\Administrator\Desktop\New folder\fbh_v2_ttt_fixed-20260709T181609Z-2-001\fbh_multi_account_infinite_auto\dev_supervisor_target_a_v2_20260814\app\avm_call.py", line 78, in _invoke_locked
    raise ctypes.WinError(ctypes.get_last_error())
OSError: [WinError 87] The parameter is incorrect. — evidence: C:\Users\Administrator\Desktop\New folder\fbh_v2_ttt_fixed-20260709T181609Z-2-001\fbh_multi_account_infinite_auto\dev_supervisor_target_a_v2_20260814\logs\daily_errors\acc_5\20260828_055316_PHỤ_BẢN.png
[2026-08-28T05:53:16] Daily luvy: đã reset Flash sau lỗi PHỤ BẢN; tác vụ kế tiếp sẽ đăng nhập từ trạng thái sạch.
[2026-08-28T05:53:16] Daily luvy: client chưa mở, đang đăng nhập trước bước HÀNH LANG...
[2026-08-28T05:53:16] [AUTO_START] WAIT_WINDOW attempt=1 pass=0 pid=15480 Flash launched at original size
[2026-08-28T05:53:20] [AUTO_START] START_CLICKED attempt=1 pass=0 pid=15480 Bắt đầu
[2026-08-28T05:53:24] [AUTO_START] RETRY_START attempt=1 pass=0 pid=15480 chua thay chon kenh, bam lai Bat dau
[2026-08-28T05:53:27] [AUTO_START] START_CLICKED attempt=1 pass=0 pid=15480 Bắt đầu
[2026-08-28T05:53:42] [AUTO_START] RETRY_START attempt=1 pass=0 pid=15480 chua thay chon kenh, bam lai Bat dau
[2026-08-28T05:53:56] [AUTO_START] START_CLICKED attempt=1 pass=0 pid=15480 Bắt đầu
[2026-08-28T05:54:04] [AUTO_START] CHANNEL_SELECTED attempt=1 pass=0 pid=15480 channel=(449, 308) choices=1
[2026-08-28T05:54:08] [AUTO_START] ENTER_GAME_CLICKED attempt=1 pass=0 pid=15480 character_slot=1 slot_verified=True
[2026-08-28T05:54:21] [AUTO_START] MAP_READY_OPEN attempt=1 pass=0 pid=15480 Player=0x102930a0 Core=0x17e760d0 world=(3110,1632)
[2026-08-28T05:54:31] [POPUP] đã đóng cache_notice
[2026-08-28T05:55:01] Daily xong bước HÀNH LANG: đã bấm Nhận Quà Hàng Ngày tại Hành Lang
[2026-08-28T05:55:04] Daily luvy: cleanup memory HÀNH LANG: {'ok': True, 'results': {'npc_dialog': {'ok': True, 'changed': False, 'before': False, 'after': False}}}
[2026-08-28T05:55:26] Daily xong bước THẦN TU: đã bấm đúng Bắt đầu → Có cho THẦN TU
[2026-08-28T05:55:26] Daily: đã đóng Flash sau Thần Tu; chờ 25 phút.
[2026-08-28T06:05:40] [DUNGEON] Auto PB toolbar scan arrow=NutXuong.png score=0.990 box=(313, 28, 21, 23)
[2026-08-28T06:05:43] [DUNGEON] Auto PB panel visible after guarded toolbar click
[2026-08-28T06:05:48] [DUNGEON] Claim Mê Huyễn Động: button score=0.940 box=(202, 177, 60, 19) evidence=C:\Users\Administrator\Desktop\New folder\fbh_v2_ttt_fixed-20260709T181609Z-2-001\fbh_multi_account_infinite_auto\dev_supervisor_target_a_v2_20260814\logs\auto_pb_claim_4016_Mê Huyễn Động_1787871948.png
[2026-08-28T06:05:48] [DUNGEON] Claim Mê Huyễn Động: readback start PASS
[2026-08-28T06:05:58] [DUNGEON] Claim Kho Báu Đại Mạc: button score=1.000 box=(428, 177, 60, 19) evidence=C:\Users\Administrator\Desktop\New folder\fbh_v2_ttt_fixed-20260709T181609Z-2-001\fbh_multi_account_infinite_auto\dev_supervisor_target_a_v2_20260814\logs\auto_pb_claim_4016_Kho Báu Đại Mạc_1787871958.png
[2026-08-28T06:05:59] [DUNGEON] Claim Kho Báu Đại Mạc: readback start PASS
[2026-08-28T06:06:08] [DUNGEON] Claim Lục Tiên Cảnh: button score=1.000 box=(654, 177, 60, 19) evidence=C:\Users\Administrator\Desktop\New folder\fbh_v2_ttt_fixed-20260709T181609Z-2-001\fbh_multi_account_infinite_auto\dev_supervisor_target_a_v2_20260814\logs\auto_pb_claim_4016_Lục Tiên Cảnh_1787871968.png
[2026-08-28T06:06:09] [DUNGEON] Claim Lục Tiên Cảnh: readback start PASS
[2026-08-28T06:06:18] [DUNGEON] Claim Liệt Diễm Thâm Uyên: button score=0.940 box=(202, 280, 60, 19) evidence=C:\Users\Administrator\Desktop\New folder\fbh_v2_ttt_fixed-20260709T181609Z-2-001\fbh_multi_account_infinite_auto\dev_supervisor_target_a_v2_20260814\logs\auto_pb_claim_4016_Liệt Diễm Thâm Uyên_1787871978.png
[2026-08-28T06:06:19] [DUNGEON] Claim Liệt Diễm Thâm Uyên: readback start PASS
[2026-08-28T06:06:31] [DUNGEON] Claim Trở Lại Lang Huyệt: button score=1.000 box=(428, 280, 60, 19) evidence=C:\Users\Administrator\Desktop\New folder\fbh_v2_ttt_fixed-20260709T181609Z-2-001\fbh_multi_account_infinite_auto\dev_supervisor_target_a_v2_20260814\logs\auto_pb_claim_4016_Trở Lại Lang Huyệt_1787871991.png
[2026-08-28T06:06:32] [DUNGEON] Claim Trở Lại Lang Huyệt: readback start PASS
[2026-08-28T06:06:44] [DUNGEON] Claim Quỷ Hút Máu: button score=1.000 box=(654, 280, 60, 19) evidence=C:\Users\Administrator\Desktop\New folder\fbh_v2_ttt_fixed-20260709T181609Z-2-001\fbh_multi_account_infinite_auto\dev_supervisor_target_a_v2_20260814\logs\auto_pb_claim_4016_Quỷ Hút Máu_1787872004.png
[2026-08-28T06:06:44] [DUNGEON] Claim Quỷ Hút Máu: readback start PASS
[2026-08-28T06:06:57] [DUNGEON] Claim Thế Giới Số: button score=0.940 box=(202, 177, 60, 19) evidence=C:\Users\Administrator\Desktop\New folder\fbh_v2_ttt_fixed-20260709T181609Z-2-001\fbh_multi_account_infinite_auto\dev_supervisor_target_a_v2_20260814\logs\auto_pb_claim_4016_Thế Giới Số_1787872017.png
[2026-08-28T06:06:58] [DUNGEON] Claim Thế Giới Số: readback start PASS
[2026-08-28T06:07:09] [DUNGEON] Claim Thám Hiểm: button score=1.000 box=(428, 177, 60, 19) evidence=C:\Users\Administrator\Desktop\New folder\fbh_v2_ttt_fixed-20260709T181609Z-2-001\fbh_multi_account_infinite_auto\dev_supervisor_target_a_v2_20260814\logs\auto_pb_claim_4016_Thám Hiểm_1787872029.png
[2026-08-28T06:07:10] [DUNGEON] Claim Thám Hiểm: readback start PASS
[2026-08-28T06:07:21] Daily PHỤ BẢN lượt đầu: Mê Huyễn Động:claim; Mê Huyễn Động:start; Kho Báu Đại Mạc:claim; Kho Báu Đại Mạc:start; Lục Tiên Cảnh:claim; Lục Tiên Cảnh:start; Liệt Diễm Thâm Uyên:claim; Liệt Diễm Thâm Uyên:start; Trở Lại Lang Huyệt:claim; Trở Lại Lang Huyệt:start; Quỷ Hút Máu:claim; Quỷ Hút Máu:start; Thế Giới Số:claim; Thế Giới Số:start; Thám Hiểm:claim; Thám Hiểm:start
[2026-08-28T06:07:21] Daily xong bước PHỤ BẢN: Mê Huyễn Động:claim; Mê Huyễn Động:start; Kho Báu Đại Mạc:claim; Kho Báu Đại Mạc:start; Lục Tiên Cảnh:claim; Lục Tiên Cảnh:start; Liệt Diễm Thâm Uyên:claim; Liệt Diễm Thâm Uyên:start; Trở Lại Lang Huyệt:claim; Trở Lại Lang Huyệt:start; Quỷ Hút Máu:claim; Quỷ Hút Máu:start; Thế Giới Số:claim; Thế Giới Số:start; Thám Hiểm:claim; Thám Hiểm:start
[2026-08-28T06:07:24] Daily TSk: cleanup memory PHỤ BẢN: {'ok': True, 'results': {'quest': {'ok': True, 'changed': False, 'before': False, 'after': False}, 'npc_dialog': {'ok': True, 'changed': False, 'before': False, 'after': False}, 'auto_dungeon': {'ok': True, 'changed': False, 'before': False, 'after': False}}}
[2026-08-28T06:07:54] Daily xong bước HÀNH LANG: đã bấm Nhận Quà Hàng Ngày tại Hành Lang
[2026-08-28T06:07:57] Daily TSk: cleanup memory HÀNH LANG: {'ok': True, 'results': {'npc_dialog': {'ok': True, 'changed': False, 'before': False, 'after': False}}}
[2026-08-28T06:08:14] Daily xong bước THẦN TU: đã bấm đúng Bắt đầu → Có cho THẦN TU
[2026-08-28T06:08:14] Daily: đã đóng Flash sau Thần Tu; chờ 25 phút.
[2026-08-28T06:20:26] Daily luvy: client chưa mở, đang đăng nhập trước bước mở lại sau Thần Tu...
[2026-08-28T06:20:26] [AUTO_START] WAIT_WINDOW attempt=1 pass=0 pid=9904 Flash launched at original size
[2026-08-28T06:20:31] [AUTO_START] START_CLICKED attempt=1 pass=0 pid=9904 Bắt đầu
[2026-08-28T06:20:36] [AUTO_START] RETRY_START attempt=1 pass=0 pid=9904 chua thay chon kenh, bam lai Bat dau
[2026-08-28T06:20:39] [AUTO_START] START_CLICKED attempt=1 pass=0 pid=9904 Bắt đầu
[2026-08-28T06:20:44] [AUTO_START] RETRY_START attempt=1 pass=0 pid=9904 chua thay chon kenh, bam lai Bat dau
[2026-08-28T06:20:54] [AUTO_START] START_CLICKED attempt=1 pass=0 pid=9904 Bắt đầu
[2026-08-28T06:20:57] [AUTO_START] CHANNEL_SELECTED attempt=1 pass=0 pid=9904 channel=(449, 308) choices=1
[2026-08-28T06:21:01] [AUTO_START] ENTER_GAME_CLICKED attempt=1 pass=0 pid=9904 character_slot=1 slot_verified=True
[2026-08-28T06:21:06] [AUTO_START] MAP_READY_OPEN attempt=1 pass=0 pid=9904 Player=0xd4a20a0 Core=0x14b5d0d0 world=(2223,414)
[2026-08-28T06:21:15] [POPUP] đã đóng cache_notice
[2026-08-28T06:21:42] [DUNGEON] NPC open attempt 1: exact NPC count=0
[2026-08-28T06:21:51] [DUNGEON] NPC open attempt 2: exact NPC count=0
[2026-08-28T06:22:26] [POPUP] đã đóng cache_notice
[2026-08-28T06:23:33] Daily PHỤ BẢN stack trace:
Traceback (most recent call last):
  File "C:\Users\Administrator\Desktop\New folder\fbh_v2_ttt_fixed-20260709T181609Z-2-001\fbh_multi_account_infinite_auto\dev_supervisor_target_a_v2_20260814\app\backend.py", line 888, in progress_dungeons
    value = dungeon_runner.advance(
            ^^^^^^^^^^^^^^^^^^^^^^^
  File "C:\Users\Administrator\Desktop\New folder\fbh_v2_ttt_fixed-20260709T181609Z-2-001\fbh_multi_account_infinite_auto\dev_supervisor_target_a_v2_20260814\app\dungeon_runner.py", line 789, in advance
    # existing memory/chat readback in _receive_token.
                    ^^^^^^^^^^^^^^^^^^^^^^^^^^^^^^^^^^^
  File "C:\Users\Administrator\Desktop\New folder\fbh_v2_ttt_fixed-20260709T181609Z-2-001\fbh_multi_account_infinite_auto\dev_supervisor_target_a_v2_20260814\app\dungeon_runner.py", line 398, in _receive_token
    QUEST_IDS[quest], title,
  File "C:\Users\Administrator\Desktop\New folder\fbh_v2_ttt_fixed-20260709T181609Z-2-001\fbh_multi_account_infinite_auto\dev_supervisor_target_a_v2_20260814\app\quest_memory.py", line 594, in accept_and_finish
    # Re-resolve after the server changes the panel state; the panel singleton
                ^^^^^^^^^^^^^^^^^^^^^^^^^^^^^^^^^^^^
  File "C:\Users\Administrator\Desktop\New folder\fbh_v2_ttt_fixed-20260709T181609Z-2-001\fbh_multi_account_infinite_auto\dev_supervisor_target_a_v2_20260814\app\quest_memory.py", line 83, in _call
    result = invoke_method(int(pid), int(hwnd), int(receiver),
             ^^^^^^^^^^^^^^^^^^^^^^^^^^^^^^^^^^^^^^^^^^^^^^^^^
  File "C:\Users\Administrator\Desktop\New folder\fbh_v2_ttt_fixed-20260709T181609Z-2-001\fbh_multi_account_infinite_auto\dev_supervisor_target_a_v2_20260814\app\avm_call.py", line 65, in invoke_method
    try:
         
  File "C:\Users\Administrator\Desktop\New folder\fbh_v2_ttt_fixed-20260709T181609Z-2-001\fbh_multi_account_infinite_auto\dev_supervisor_target_a_v2_20260814\app\avm_call.py", line 78, in _invoke_locked
OSError: [WinError 87] The parameter is incorrect.

[2026-08-28T06:23:33] Daily luvy: bỏ qua PHỤ BẢN (lỗi): checkpoint 25 phút (mốc 1): engine exception OSError: [WinError 87] The parameter is incorrect.; trace=Traceback (most recent call last):
  File "C:\Users\Administrator\Desktop\New folder\fbh_v2_ttt_fixed-20260709T181609Z-2-001\fbh_multi_account_infinite_auto\dev_supervisor_target_a_v2_20260814\app\backend.py", line 888, in progress_dungeons
    value = dungeon_runner.advance(
            ^^^^^^^^^^^^^^^^^^^^^^^
  File "C:\Users\Administrator\Desktop\New folder\fbh_v2_ttt_fixed-20260709T181609Z-2-001\fbh_multi_account_infinite_auto\dev_supervisor_target_a_v2_20260814\app\dungeon_runner.py", line 789, in advance
    # existing memory/chat readback in _receive_token.
                    ^^^^^^^^^^^^^^^^^^^^^^^^^^^^^^^^^^^
  File "C:\Users\Administrator\Desktop\New folder\fbh_v2_ttt_fixed-20260709T181609Z-2-001\fbh_multi_account_infinite_auto\dev_supervisor_target_a_v2_20260814\app\dungeon_runner.py", line 398, in _receive_token
    QUEST_IDS[quest], title,
  File "C:\Users\Administrator\Desktop\New folder\fbh_v2_ttt_fixed-20260709T181609Z-2-001\fbh_multi_account_infinite_auto\dev_supervisor_target_a_v2_20260814\app\quest_memory.py", line 594, in accept_and_finish
    # Re-resolve after the server changes the panel state; the panel singleton
                ^^^^^^^^^^^^^^^^^^^^^^^^^^^^^^^^^^^^
  File "C:\Users\Administrator\Desktop\New folder\fbh_v2_ttt_fixed-20260709T181609Z-2-001\fbh_multi_account_infinite_auto\dev_supervisor_target_a_v2_20260814\app\quest_memory.py", line 83, in _call
    result = invoke_method(int(pid), int(hwnd), int(receiver),
             ^^^^^^^^^^^^^^^^^^^^^^^^^^^^^^^^^^^^^^^^^^^^^^^^^
  File "C:\Users\Administrator\Desktop\New folder\fbh_v2_ttt_fixed-20260709T181609Z-2-001\fbh_multi_account_infinite_auto\dev_supervisor_target_a_v2_20260814\app\avm_call.py", line 65, in invoke_method
    try:
         
  File "C:\Users\Administrator\Desktop\New folder\fbh_v2_ttt_fixed-20260709T181609Z-2-001\fbh_multi_account_infinite_auto\dev_supervisor_target_a_v2_20260814\app\avm_call.py", line 78, in _invoke_locked
OSError: [WinError 87] The parameter is incorrect. — evidence: C:\Users\Administrator\Desktop\New folder\fbh_v2_ttt_fixed-20260709T181609Z-2-001\fbh_multi_account_infinite_auto\dev_supervisor_target_a_v2_20260814\logs\daily_errors\acc_5\20260828_062333_PHỤ_BẢN.png
[2026-08-28T06:23:33] Daily luvy: đã reset Flash sau lỗi PHỤ BẢN; tác vụ kế tiếp sẽ đăng nhập từ trạng thái sạch.
[2026-08-28T06:23:33] [AUTO_START] WAIT_WINDOW attempt=1 pass=0 pid=14116 Flash launched at original size
[2026-08-28T06:23:38] [AUTO_START] START_CLICKED attempt=1 pass=0 pid=14116 Bắt đầu
[2026-08-28T06:23:43] [AUTO_START] RETRY_START attempt=1 pass=0 pid=14116 chua thay chon kenh, bam lai Bat dau
[2026-08-28T06:24:01] [AUTO_START] START_CLICKED attempt=1 pass=0 pid=14116 Bắt đầu
[2026-08-28T06:24:04] [AUTO_START] CHANNEL_SELECTED attempt=1 pass=0 pid=14116 channel=(449, 308) choices=1
[2026-08-28T06:24:08] [AUTO_START] ENTER_GAME_CLICKED attempt=1 pass=0 pid=14116 character_slot=1 slot_verified=True
[2026-08-28T06:24:13] [AUTO_START] MAP_READY_OPEN attempt=1 pass=0 pid=14116 Player=0x1aa3b0a0 Core=0x156a80d0 world=(3110,1611)
[2026-08-28T06:24:22] [POPUP] đã đóng cache_notice
[2026-08-28T06:24:51] Daily xong bước TU HÀNH: đã bấm đúng Bắt đầu → Có cho TU HÀNH
[2026-08-28T06:24:51] Daily: đã đóng Flash sau Tu Hành; chờ 31 phút.
[2026-08-28T06:33:14] Daily TSk: client chưa mở, đang đăng nhập trước bước mở lại sau Thần Tu...
[2026-08-28T06:33:14] [AUTO_START] WAIT_WINDOW attempt=1 pass=0 pid=2876 Flash launched at original size
[2026-08-28T06:33:19] [AUTO_START] START_CLICKED attempt=1 pass=0 pid=2876 Bắt đầu
[2026-08-28T06:33:24] [AUTO_START] RETRY_START attempt=1 pass=0 pid=2876 chua thay chon kenh, bam lai Bat dau
[2026-08-28T06:33:42] [AUTO_START] START_CLICKED attempt=1 pass=0 pid=2876 Bắt đầu
[2026-08-28T06:33:45] [AUTO_START] CHANNEL_SELECTED attempt=1 pass=0 pid=2876 channel=(449, 308) choices=1
[2026-08-28T06:33:49] [AUTO_START] ENTER_GAME_CLICKED attempt=1 pass=0 pid=2876 character_slot=1 slot_verified=True
[2026-08-28T06:33:54] [AUTO_START] MAP_READY_OPEN attempt=1 pass=0 pid=2876 Player=0x1491d0a0 Core=0xcd520d0 world=(2205,420)
[2026-08-28T06:34:02] [POPUP] đã đóng cache_notice
[2026-08-28T06:34:05] [DUNGEON] Auto PB toolbar scan arrow=NutXuong.png score=0.990 box=(313, 28, 21, 23)
[2026-08-28T06:34:06] [DUNGEON] Auto PB panel visible after guarded toolbar click
[2026-08-28T06:34:08] [DUNGEON] Claim Mê Huyễn Động: button score=0.940 box=(202, 177, 60, 19) evidence=C:\Users\Administrator\Desktop\New folder\fbh_v2_ttt_fixed-20260709T181609Z-2-001\fbh_multi_account_infinite_auto\dev_supervisor_target_a_v2_20260814\logs\auto_pb_claim_2876_Mê Huyễn Động_1787873648.png
[2026-08-28T06:34:09] [DUNGEON] Claim Mê Huyễn Động: readback start PASS
[2026-08-28T06:34:17] [DUNGEON] Claim Kho Báu Đại Mạc: button score=1.000 box=(428, 177, 60, 19) evidence=C:\Users\Administrator\Desktop\New folder\fbh_v2_ttt_fixed-20260709T181609Z-2-001\fbh_multi_account_infinite_auto\dev_supervisor_target_a_v2_20260814\logs\auto_pb_claim_2876_Kho Báu Đại Mạc_1787873657.png
[2026-08-28T06:34:18] [DUNGEON] Claim Kho Báu Đại Mạc: readback start PASS
[2026-08-28T06:34:26] [DUNGEON] Claim Lục Tiên Cảnh: button score=1.000 box=(654, 177, 60, 19) evidence=C:\Users\Administrator\Desktop\New folder\fbh_v2_ttt_fixed-20260709T181609Z-2-001\fbh_multi_account_infinite_auto\dev_supervisor_target_a_v2_20260814\logs\auto_pb_claim_2876_Lục Tiên Cảnh_1787873666.png
[2026-08-28T06:34:27] [DUNGEON] Claim Lục Tiên Cảnh: readback start PASS
[2026-08-28T06:34:36] [DUNGEON] Claim Liệt Diễm Thâm Uyên: button score=0.940 box=(202, 280, 60, 19) evidence=C:\Users\Administrator\Desktop\New folder\fbh_v2_ttt_fixed-20260709T181609Z-2-001\fbh_multi_account_infinite_auto\dev_supervisor_target_a_v2_20260814\logs\auto_pb_claim_2876_Liệt Diễm Thâm Uyên_1787873676.png
[2026-08-28T06:34:37] [DUNGEON] Claim Liệt Diễm Thâm Uyên: readback start PASS
[2026-08-28T06:34:47] [DUNGEON] Claim Trở Lại Lang Huyệt: button score=1.000 box=(428, 280, 60, 19) evidence=C:\Users\Administrator\Desktop\New folder\fbh_v2_ttt_fixed-20260709T181609Z-2-001\fbh_multi_account_infinite_auto\dev_supervisor_target_a_v2_20260814\logs\auto_pb_claim_2876_Trở Lại Lang Huyệt_1787873687.png
[2026-08-28T06:34:48] [DUNGEON] Claim Trở Lại Lang Huyệt: readback start PASS
[2026-08-28T06:34:59] [DUNGEON] Claim Quỷ Hút Máu: button score=1.000 box=(654, 280, 60, 19) evidence=C:\Users\Administrator\Desktop\New folder\fbh_v2_ttt_fixed-20260709T181609Z-2-001\fbh_multi_account_infinite_auto\dev_supervisor_target_a_v2_20260814\logs\auto_pb_claim_2876_Quỷ Hút Máu_1787873699.png
[2026-08-28T06:35:00] [DUNGEON] Claim Quỷ Hút Máu: readback start PASS
[2026-08-28T06:35:11] [DUNGEON] Claim Thế Giới Số: button score=0.940 box=(202, 177, 60, 19) evidence=C:\Users\Administrator\Desktop\New folder\fbh_v2_ttt_fixed-20260709T181609Z-2-001\fbh_multi_account_infinite_auto\dev_supervisor_target_a_v2_20260814\logs\auto_pb_claim_2876_Thế Giới Số_1787873711.png
[2026-08-28T06:35:12] [DUNGEON] Claim Thế Giới Số: readback start PASS
[2026-08-28T06:35:23] [DUNGEON] Claim Thám Hiểm: button score=1.000 box=(428, 177, 60, 19) evidence=C:\Users\Administrator\Desktop\New folder\fbh_v2_ttt_fixed-20260709T181609Z-2-001\fbh_multi_account_infinite_auto\dev_supervisor_target_a_v2_20260814\logs\auto_pb_claim_2876_Thám Hiểm_1787873723.png
[2026-08-28T06:35:24] [DUNGEON] Claim Thám Hiểm: readback start PASS
[2026-08-28T06:35:33] Daily PHỤ BẢN checkpoint 25 phút (mốc 1): Mê Huyễn Động:claim; Mê Huyễn Động:start; Kho Báu Đại Mạc:claim; Kho Báu Đại Mạc:start; Lục Tiên Cảnh:claim; Lục Tiên Cảnh:start; Liệt Diễm Thâm Uyên:claim; Liệt Diễm Thâm Uyên:start; Trở Lại Lang Huyệt:claim; Trở Lại Lang Huyệt:start; Quỷ Hút Máu:claim; Quỷ Hút Máu:start; Thế Giới Số:claim; Thế Giới Số:start; Thám Hiểm:claim; Thám Hiểm:start
[2026-08-28T06:35:46] Daily xong bước TU HÀNH: đã bấm đúng Bắt đầu → Có cho TU HÀNH
[2026-08-28T06:35:46] Daily: đã đóng Flash sau Tu Hành; chờ 31 phút.
[2026-08-28T06:55:51] Daily luvy: client chưa mở, đang đăng nhập trước bước mở lại sau Tu Hành...
[2026-08-28T06:55:51] [AUTO_START] WAIT_WINDOW attempt=1 pass=0 pid=11220 Flash launched at original size
[2026-08-28T06:55:54] [AUTO_START] START_CLICKED attempt=1 pass=0 pid=11220 Bắt đầu
[2026-08-28T06:55:59] [AUTO_START] RETRY_START attempt=1 pass=0 pid=11220 chua thay chon kenh, bam lai Bat dau
[2026-08-28T06:56:02] [AUTO_START] START_CLICKED attempt=1 pass=0 pid=11220 Bắt đầu
[2026-08-28T06:56:07] [AUTO_START] RETRY_START attempt=1 pass=0 pid=11220 chua thay chon kenh, bam lai Bat dau
[2026-08-28T06:56:19] [AUTO_START] START_CLICKED attempt=1 pass=0 pid=11220 Bắt đầu
[2026-08-28T06:56:22] [AUTO_START] CHANNEL_SELECTED attempt=1 pass=0 pid=11220 channel=(449, 308) choices=1
[2026-08-28T06:56:26] [AUTO_START] ENTER_GAME_CLICKED attempt=1 pass=0 pid=11220 character_slot=1 slot_verified=True
[2026-08-28T06:56:34] [AUTO_START] MAP_READY_OPEN attempt=1 pass=0 pid=11220 Player=0x101fc0a0 Core=0xc87d0d0 world=(2220,393)
[2026-08-28T06:56:41] [POPUP] đã đóng cache_notice
[2026-08-28T06:57:34] [POPUP] đã đóng cache_notice
[2026-08-28T07:04:39] [DUNGEON] Auto PB toolbar scan arrow=NutXuong.png score=0.990 box=(313, 28, 21, 23)
[2026-08-28T07:04:41] [DUNGEON] Auto PB panel visible after guarded toolbar click
[2026-08-28T07:05:43] Daily PHỤ BẢN checkpoint 31 phút (mốc 2): Mê Huyễn Động:start; Kho Báu Đại Mạc:start; Lục Tiên Cảnh:start; Liệt Diễm Thâm Uyên:start; Trở Lại Lang Huyệt:start; Quỷ Hút Máu:start; Thế Giới Số:start; Thám Hiểm:start
[2026-08-28T07:06:04] [TRU_MA] TRỪ MA luvy: mở NPC lần 1/8 chưa thành công: exact NPC Quan Quân Nhu (family 306009 rid 3) count=0
[2026-08-28T07:06:07] [TRU_MA] TRỪ MA luvy: mở NPC lần 2/8 chưa thành công: exact NPC Quan Quân Nhu (family 306009 rid 3) count=0
[2026-08-28T07:06:37] [TRU_MA] TRỪ MA luvy: phục hồi nhiệm vụ đã giết xong: Phi Ma Tập Kích
[2026-08-28T07:06:46] Daily TSk: client chưa mở, đang đăng nhập trước bước mở lại sau Tu Hành...
[2026-08-28T07:06:46] [AUTO_START] WAIT_WINDOW attempt=1 pass=0 pid=2472 Flash launched at original size
[2026-08-28T07:06:50] [AUTO_START] START_CLICKED attempt=1 pass=0 pid=2472 Bắt đầu
[2026-08-28T07:06:53] [AUTO_START] RETRY_START attempt=1 pass=0 pid=2472 chua thay chon kenh, bam lai Bat dau
[2026-08-28T07:06:54] [TRU_MA] TRỪ MA luvy: exception OSError: [WinError 87] The parameter is incorrect.
Traceback (most recent call last):
  File "C:\Users\Administrator\Desktop\New folder\fbh_v2_ttt_fixed-20260709T181609Z-2-001\fbh_multi_account_infinite_auto\dev_supervisor_target_a_v2_20260814\app\truma_runner.py", line 286, in _run
    result = self._one_round()
             ^^^^^^^^^^^^^^^^^
  File "C:\Users\Administrator\Desktop\New folder\fbh_v2_ttt_fixed-20260709T181609Z-2-001\fbh_multi_account_infinite_auto\dev_supervisor_target_a_v2_20260814\app\truma_runner.py", line 328, in _one_round
    handed = self._turn_in(quest)
             ^^^^^^^^^^^^^^^^^^^^
  File "C:\Users\Administrator\Desktop\New folder\fbh_v2_ttt_fixed-20260709T181609Z-2-001\fbh_multi_account_infinite_auto\dev_supervisor_target_a_v2_20260814\app\truma_runner.py", line 883, in _turn_in
    selected = select_exact_quest(
               ^^^^^^^^^^^^^^^^^^^
  File "C:\Users\Administrator\Desktop\New folder\fbh_v2_ttt_fixed-20260709T181609Z-2-001\fbh_multi_account_infinite_auto\dev_supervisor_target_a_v2_20260814\app\quest_memory.py", line 450, in select_exact_quest
    select_item = _method(mem, quest_list, LOCAL_SELECTED_ITEM_SET)
                   ^^^^^^^^^^^^^^^^^^^^^^^^^^^^^^^^^^^^^^^^^^
  File "C:\Users\Administrator\Desktop\New folder\fbh_v2_ttt_fixed-20260709T181609Z-2-001\fbh_multi_account_infinite_auto\dev_supervisor_target_a_v2_20260814\app\quest_memory.py", line 83, in _call
    result = invoke_method(int(pid), int(hwnd), int(receiver),
             ^^^^^^^^^^^^^^^^^^^^^^^^^^^^^^^^^^^^^^^^^^^^^^^^^
  File "C:\Users\Administrator\Desktop\New folder\fbh_v2_ttt_fixed-20260709T181609Z-2-001\fbh_multi_account_infinite_auto\dev_supervisor_target_a_v2_20260814\app\avm_call.py", line 65, in invoke_method
    try:
         
  File "C:\Users\Administrator\Desktop\New folder\fbh_v2_ttt_fixed-20260709T181609Z-2-001\fbh_multi_account_infinite_auto\dev_supervisor_target_a_v2_20260814\app\avm_call.py", line 78, in _invoke_locked
OSError: [WinError 87] The parameter is incorrect.

[2026-08-28T07:06:54] Daily luvy: TRỪ MA mất client sau 0/10; relogin phục hồi 1/3.
[2026-08-28T07:06:54] Daily luvy: client chưa mở, đang đăng nhập trước bước phục hồi TRỪ MA lượt 1...
[2026-08-28T07:06:54] [AUTO_START] WAIT_WINDOW attempt=1 pass=0 pid=12156 Flash launched at original size
[2026-08-28T07:06:56] [AUTO_START] START_CLICKED attempt=1 pass=0 pid=2472 Bắt đầu
[2026-08-28T07:07:00] [AUTO_START] START_CLICKED attempt=1 pass=0 pid=12156 Bắt đầu
[2026-08-28T07:07:02] [AUTO_START] RETRY_START attempt=1 pass=0 pid=2472 chua thay chon kenh, bam lai Bat dau
[2026-08-28T07:07:06] [AUTO_START] RETRY_START attempt=1 pass=0 pid=12156 chua thay chon kenh, bam lai Bat dau
[2026-08-28T07:07:15] [AUTO_START] START_CLICKED attempt=1 pass=0 pid=2472 Bắt đầu
[2026-08-28T07:07:15] [AUTO_START] START_CLICKED attempt=1 pass=0 pid=12156 Bắt đầu
[2026-08-28T07:07:18] [AUTO_START] CHANNEL_SELECTED attempt=1 pass=0 pid=12156 channel=(423, 282) choices=1
[2026-08-28T07:07:18] [AUTO_START] CHANNEL_SELECTED attempt=1 pass=0 pid=2472 channel=(449, 308) choices=1
[2026-08-28T07:07:23] [AUTO_START] ENTER_GAME_CLICKED attempt=1 pass=0 pid=2472 character_slot=1 slot_verified=True
[2026-08-28T07:07:29] [AUTO_START] MAP_READY_OPEN attempt=1 pass=0 pid=2472 Player=0x13cc10a0 Core=0x18a0a0d0 world=(2205,420)
[2026-08-28T07:07:37] [POPUP] đã đóng cache_notice
[2026-08-28T07:07:40] [DUNGEON] Auto PB toolbar scan arrow=NutXuong.png score=0.990 box=(313, 28, 21, 23)
[2026-08-28T07:07:42] [DUNGEON] Auto PB panel visible after guarded toolbar click
[2026-08-28T07:07:44] [DUNGEON] Claim Mê Huyễn Động: button score=0.940 box=(202, 177, 60, 19) evidence=C:\Users\Administrator\Desktop\New folder\fbh_v2_ttt_fixed-20260709T181609Z-2-001\fbh_multi_account_infinite_auto\dev_supervisor_target_a_v2_20260814\logs\auto_pb_claim_2472_Mê Huyễn Động_1787875664.png
[2026-08-28T07:07:44] [DUNGEON] Claim Mê Huyễn Động: readback start PASS
[2026-08-28T07:07:47] [DUNGEON] Claim Kho Báu Đại Mạc: button score=1.000 box=(428, 177, 60, 19) evidence=C:\Users\Administrator\Desktop\New folder\fbh_v2_ttt_fixed-20260709T181609Z-2-001\fbh_multi_account_infinite_auto\dev_supervisor_target_a_v2_20260814\logs\auto_pb_claim_2472_Kho Báu Đại Mạc_1787875667.png
[2026-08-28T07:07:48] [DUNGEON] Claim Kho Báu Đại Mạc: readback start PASS
[2026-08-28T07:07:51] [DUNGEON] Claim Lục Tiên Cảnh: button score=1.000 box=(654, 177, 60, 19) evidence=C:\Users\Administrator\Desktop\New folder\fbh_v2_ttt_fixed-20260709T181609Z-2-001\fbh_multi_account_infinite_auto\dev_supervisor_target_a_v2_20260814\logs\auto_pb_claim_2472_Lục Tiên Cảnh_1787875671.png
[2026-08-28T07:07:52] [DUNGEON] Claim Lục Tiên Cảnh: readback start PASS
[2026-08-28T07:07:54] [DUNGEON] Claim Liệt Diễm Thâm Uyên: button score=0.940 box=(202, 280, 60, 19) evidence=C:\Users\Administrator\Desktop\New folder\fbh_v2_ttt_fixed-20260709T181609Z-2-001\fbh_multi_account_infinite_auto\dev_supervisor_target_a_v2_20260814\logs\auto_pb_claim_2472_Liệt Diễm Thâm Uyên_1787875674.png
[2026-08-28T07:07:55] [DUNGEON] Claim Liệt Diễm Thâm Uyên: readback start PASS
[2026-08-28T07:07:58] [DUNGEON] Claim Trở Lại Lang Huyệt: button score=1.000 box=(428, 280, 60, 19) evidence=C:\Users\Administrator\Desktop\New folder\fbh_v2_ttt_fixed-20260709T181609Z-2-001\fbh_multi_account_infinite_auto\dev_supervisor_target_a_v2_20260814\logs\auto_pb_claim_2472_Trở Lại Lang Huyệt_1787875678.png
[2026-08-28T07:07:59] [DUNGEON] Claim Trở Lại Lang Huyệt: readback start PASS
[2026-08-28T07:08:01] [DUNGEON] Claim Quỷ Hút Máu: button score=1.000 box=(654, 280, 60, 19) evidence=C:\Users\Administrator\Desktop\New folder\fbh_v2_ttt_fixed-20260709T181609Z-2-001\fbh_multi_account_infinite_auto\dev_supervisor_target_a_v2_20260814\logs\auto_pb_claim_2472_Quỷ Hút Máu_1787875681.png
[2026-08-28T07:08:02] [DUNGEON] Claim Quỷ Hút Máu: readback start PASS
[2026-08-28T07:08:06] [DUNGEON] Claim Thế Giới Số: button score=0.940 box=(202, 177, 60, 19) evidence=C:\Users\Administrator\Desktop\New folder\fbh_v2_ttt_fixed-20260709T181609Z-2-001\fbh_multi_account_infinite_auto\dev_supervisor_target_a_v2_20260814\logs\auto_pb_claim_2472_Thế Giới Số_1787875686.png
[2026-08-28T07:08:07] [DUNGEON] Claim Thế Giới Số: readback start PASS
[2026-08-28T07:08:10] [DUNGEON] Claim Thám Hiểm: button score=1.000 box=(428, 177, 60, 19) evidence=C:\Users\Administrator\Desktop\New folder\fbh_v2_ttt_fixed-20260709T181609Z-2-001\fbh_multi_account_infinite_auto\dev_supervisor_target_a_v2_20260814\logs\auto_pb_claim_2472_Thám Hiểm_1787875690.png
[2026-08-28T07:08:10] [DUNGEON] Claim Thám Hiểm: readback start PASS
[2026-08-28T07:08:14] Daily PHỤ BẢN checkpoint 31 phút (mốc 2): Mê Huyễn Động:claim; Kho Báu Đại Mạc:claim; Lục Tiên Cảnh:claim; Liệt Diễm Thâm Uyên:claim; Trở Lại Lang Huyệt:claim; Quỷ Hút Máu:claim; Thế Giới Số:claim; Thám Hiểm:claim
[2026-08-28T07:08:36] [TRU_MA] TRỪ MA TSk: mở NPC lần 1/8 chưa thành công: exact NPC Quan Quân Nhu (family 306009 rid 3) count=0
[2026-08-28T07:08:40] [TRU_MA] TRỪ MA TSk: mở NPC lần 2/8 chưa thành công: exact NPC Quan Quân Nhu (family 306009 rid 3) count=0
[2026-08-28T07:09:16] [TRU_MA] TRỪ MA TSk: nhận diện: Phi Ma Tập Kích (id=7668, margin=6)
[2026-08-28T07:09:28] [AUTO_START] FAILED_CLOSED attempt=1 pass=0 pid=12156 timeout before rooted map
[2026-08-28T07:09:28] Daily luvy: đăng nhập lần 1 chưa vào map; thử lại.
[2026-08-28T07:09:31] [AUTO_START] WAIT_WINDOW attempt=1 pass=0 pid=16224 Flash launched at original size
[2026-08-28T07:09:36] [TRU_MA] TRỪ MA TSk: mục tiêu: Thủ Lĩnh Phi Ma id=1114 type=3060100001114 resource=2060090100114
[2026-08-28T07:09:41] [AUTO_START] START_CLICKED attempt=1 pass=0 pid=16224 Bắt đầu
[2026-08-28T07:09:47] [AUTO_BOSS] Start selected-monster NPCView.clickNpc runner generation=1
[2026-08-28T07:09:50] [AUTO_BOSS] selected Thủ Lĩnh Phi Ma id=1173 type=3060100001114 resource=2060090100114 base=0x22d52d70 distance=644
[2026-08-28T07:09:51] [AUTO_BOSS] NPCView session fingerprint native=0x1147cb8 avm=0x5625850 method_info=0xa7e3740 slot322_method_id=18293
[2026-08-28T07:09:51] [AUTO_BOSS] id=1173 distance=644 receiver=0x159d5e50 method=18293 stage=1
[2026-08-28T07:09:56] [AUTO_BOSS] id=1173 distance=55 receiver=0x159d5e50 method=18293 stage=2
[2026-08-28T07:10:00] [AUTO_BOSS] battle edge false->true id=1173
[2026-08-28T07:10:00] [AUTO_START] RETRY_START attempt=1 pass=0 pid=16224 chua thay chon kenh, bam lai Bat dau
[2026-08-28T07:10:23] [AUTO_START] START_CLICKED attempt=1 pass=0 pid=16224 Bắt đầu
[2026-08-28T07:10:46] [AUTO_START] CHANNEL_SELECTED attempt=1 pass=0 pid=16224 channel=(449, 308) choices=1
[2026-08-28T07:11:10] [AUTO_START] ENTER_GAME_CLICKED attempt=1 pass=0 pid=16224 character_slot=1 slot_verified=True
[2026-08-28T07:12:08] [AUTO_START] MAP_READY_OPEN attempt=1 pass=0 pid=16224 Player=0xfbbd0a0 Core=0xbc020d0 world=(2299,1343)
[2026-08-28T07:12:29] [POPUP] đã đóng cache_notice
[2026-08-28T07:13:32] [TRU_MA] TRỪ MA luvy: phục hồi nhiệm vụ đã giết xong: Phi Ma Tập Kích
[2026-08-28T07:14:47] [TRU_MA] TRỪ MA TSk: dừng ở lượt 1: quá 5 phút chưa vào được trận (state=IN_BATTLE, detail=entry=1; target=1173)
[2026-08-28T07:14:48] Daily TSk: bỏ qua TRỪ MA (lỗi): FAILED — 0/10 lượt; dừng ở lượt 1: quá 5 phút chưa vào được trận (state=IN_BATTLE, detail=entry=1; target=1173) — evidence: C:\Users\Administrator\Desktop\New folder\fbh_v2_ttt_fixed-20260709T181609Z-2-001\fbh_multi_account_infinite_auto\dev_supervisor_target_a_v2_20260814\logs\daily_errors\acc_3\20260828_071448_TRỪ_MA.png
[2026-08-28T07:14:48] Daily TSk: đã reset Flash sau lỗi TRỪ MA; tác vụ kế tiếp sẽ đăng nhập từ trạng thái sạch.
[2026-08-28T07:14:48] Daily TSk: client chưa mở, đang đăng nhập trước bước TRỊ AN...
[2026-08-28T07:14:48] [AUTO_START] WAIT_WINDOW attempt=1 pass=0 pid=348 Flash launched at original size
[2026-08-28T07:14:57] [AUTO_START] START_CLICKED attempt=1 pass=0 pid=348 Bắt đầu
[2026-08-28T07:15:01] [AUTO_START] RETRY_START attempt=1 pass=0 pid=348 chua thay chon kenh, bam lai Bat dau
[2026-08-28T07:15:06] [TRU_MA] TRỪ MA luvy: nhiệm vụ cũ Phi Ma Tập Kích chưa trả được; tiếp tục giết đúng mục tiêu rồi xác nhận lại
[2026-08-28T07:15:09] [POPUP] đã đóng npc_dialog
[2026-08-28T07:15:10] [POPUP] phát hiện X lạ ổn định tại (658, 108); UNKNOWN nên không bấm
[2026-08-28T07:15:11] [POPUP] phát hiện X lạ ổn định tại (658, 108); UNKNOWN nên không bấm
[2026-08-28T07:15:12] [POPUP] phát hiện X lạ ổn định tại (658, 108); UNKNOWN nên không bấm
[2026-08-28T07:15:13] [TRU_MA] TRỪ MA luvy: dừng ở lượt 1: không tới Bàng Bối Thành để phục hồi: popup guard: unknown_modal_blocked
[2026-08-28T07:15:14] Daily luvy: bỏ qua TRỪ MA (lỗi): FAILED — 0/10 lượt; dừng ở lượt 1: không tới Bàng Bối Thành để phục hồi: popup guard: unknown_modal_blocked — evidence: C:\Users\Administrator\Desktop\New folder\fbh_v2_ttt_fixed-20260709T181609Z-2-001\fbh_multi_account_infinite_auto\dev_supervisor_target_a_v2_20260814\logs\daily_errors\acc_5\20260828_071514_TRỪ_MA.png
[2026-08-28T07:15:14] Daily luvy: đã reset Flash sau lỗi TRỪ MA; tác vụ kế tiếp sẽ đăng nhập từ trạng thái sạch.
[2026-08-28T07:15:25] [AUTO_START] START_CLICKED attempt=1 pass=0 pid=348 Bắt đầu
[2026-08-28T07:15:29] [AUTO_START] CHANNEL_SELECTED attempt=1 pass=0 pid=348 channel=(449, 308) choices=1
[2026-08-28T07:15:42] [AUTO_START] ENTER_GAME_CLICKED attempt=1 pass=0 pid=348 character_slot=1 slot_verified=True
[2026-08-28T07:15:57] [AUTO_START] MAP_READY_OPEN attempt=1 pass=0 pid=348 Player=0x11adf0a0 Core=0x1669a0d0 world=(1397,627)
[2026-08-28T07:16:08] [POPUP] đã đóng cache_notice
[2026-08-28T07:16:10] [TRI_AN] TRỊ AN luvy: dừng ở lượt 1: mất client giữa lượt ([WinError 87] The parameter is incorrect.)
[2026-08-28T07:16:10] Daily luvy: TRỊ AN mất client sau 0/10; relogin phục hồi 1/3.
[2026-08-28T07:16:10] Daily luvy: client chưa mở, đang đăng nhập trước bước phục hồi TRỊ AN lượt 1...
[2026-08-28T07:16:10] [AUTO_START] WAIT_WINDOW attempt=1 pass=0 pid=15484 Flash launched at original size
[2026-08-28T07:16:15] [AUTO_START] START_CLICKED attempt=1 pass=0 pid=15484 Bắt đầu
[2026-08-28T07:16:28] [TRI_AN] TRỊ AN TSk: mở NPC lần 1/8 chưa thành công: exact NPC Trưởng Cận Vệ Đông Huyền (family 306009 rid 277) count=0
[2026-08-28T07:16:32] [TRI_AN] TRỊ AN TSk: mở NPC lần 2/8 chưa thành công: exact NPC Trưởng Cận Vệ Đông Huyền (family 306009 rid 277) count=0
[2026-08-28T07:16:33] [AUTO_START] RETRY_START attempt=1 pass=0 pid=15484 chua thay chon kenh, bam lai Bat dau
[2026-08-28T07:16:44] [AUTO_START] START_CLICKED attempt=1 pass=0 pid=15484 Bắt đầu
[2026-08-28T07:16:51] [AUTO_START] CHANNEL_SELECTED attempt=1 pass=0 pid=15484 channel=(449, 308) choices=1
[2026-08-28T07:17:02] [AUTO_START] ENTER_GAME_CLICKED attempt=1 pass=0 pid=15484 character_slot=1 slot_verified=True
[2026-08-28T07:17:22] [AUTO_START] MAP_READY_OPEN attempt=1 pass=0 pid=15484 Player=0x64cd0a0 Core=0xb6500d0 world=(3111,844)
[2026-08-28T07:17:32] [POPUP] đã đóng cache_notice
[2026-08-28T07:17:53] [TRI_AN] TRỊ AN luvy: đã nhận nhiệm vụ id=4671 (Truy Bắt Phi Tặc)
[2026-08-28T07:18:17] [TRI_AN] TRỊ AN TSk: đã nhận nhiệm vụ id=không đọc được (id ?)
[2026-08-28T07:18:21] [TRI_AN] TRỊ AN TSk: vật phẩm mã 4843 ở trang 2 ô 7 (sid 2168)
[2026-08-28T07:18:49] [TRI_AN] TRỊ AN TSk: đã dịch chuyển tới map 41 bằng Mật Lệnh Hải Tặc
[2026-08-28T07:18:51] [TRI_AN] TRỊ AN TSk: mục tiêu: Phản Quân Đại Tướng family=306010 id=1071 (khớp theo name)
[2026-08-28T07:19:02] [AUTO_BOSS] Start selected-monster NPCView.clickNpc runner generation=1
[2026-08-28T07:19:05] [AUTO_BOSS] selected Monster 2060090100071 id=13837 type=3060100001071 resource=2060090100071 base=0x2868d850 distance=0
[2026-08-28T07:19:06] [AUTO_BOSS] NPCView session fingerprint native=0x1147cb8 avm=0x1345a0a0 method_info=0xa861468 slot322_method_id=18293
[2026-08-28T07:19:06] [AUTO_BOSS] id=13837 distance=0 receiver=0xd2e3430 method=18293 stage=2
[2026-08-28T07:19:08] [AUTO_BOSS] battle edge false->true id=13837
[2026-08-28T07:19:58] [TRI_AN] TRỊ AN luvy: thiếu vật phẩm; thử lại Nhận trên đúng nhiệm vụ đang giữ: Nhận đã gọi qua AVM (id=4671)
[2026-08-28T07:20:36] [AUTO_BOSS] battle edge true->false clear=1
[2026-08-28T07:22:09] [TRI_AN] TRỊ AN luvy: dừng ở lượt 1: dùng vật phẩm chỉ đường: không thấy Lệnh Truy Bắt / Mật Lệnh Hải Tặc trong túi (đọc bộ nhớ, cả hai mã 2263, 4843)
[2026-08-28T07:22:10] Daily luvy: bỏ qua TRỊ AN (lỗi): FAILED — 0/10 lượt; dừng ở lượt 1: dùng vật phẩm chỉ đường: không thấy Lệnh Truy Bắt / Mật Lệnh Hải Tặc trong túi (đọc bộ nhớ, cả hai mã 2263, 4843) — evidence: C:\Users\Administrator\Desktop\New folder\fbh_v2_ttt_fixed-20260709T181609Z-2-001\fbh_multi_account_infinite_auto\dev_supervisor_target_a_v2_20260814\logs\daily_errors\acc_5\20260828_072210_TRỊ_AN.png
[2026-08-28T07:22:10] Daily luvy: đã reset Flash sau lỗi TRỊ AN; tác vụ kế tiếp sẽ đăng nhập từ trạng thái sạch.
[2026-08-28T07:22:10] [TRI_AN] TRỊ AN TSk: xong lượt 1/10 (Phản Quân Hải Tặc)
[2026-08-28T07:22:10] Daily: đã đóng Flash sau Auto phụ bản lượt cuối (15 phút); chờ 15 phút.
[2026-08-28T07:22:40] [TRI_AN] TRỊ AN TSk: đã nhận nhiệm vụ id=7667 (Phản Quân Hải Tặc)
[2026-08-28T07:22:42] [TRI_AN] TRỊ AN TSk: vật phẩm mã 4843 ở trang 2 ô 7 (sid 2168)
[2026-08-28T07:23:00] [TRI_AN] TRỊ AN TSk: đã dịch chuyển tới map 19 bằng Mật Lệnh Hải Tặc
[2026-08-28T07:23:02] [TRI_AN] TRỊ AN TSk: mục tiêu: Phản Quân Đại Tướng family=306010 id=1071 (khớp theo name)
[2026-08-28T07:23:09] [AUTO_BOSS] Start selected-monster NPCView.clickNpc runner generation=1
[2026-08-28T07:23:12] [AUTO_BOSS] selected Monster 2060090100071 id=13770 type=3060100001071 resource=2060090100071 base=0x2868dae0 distance=0
[2026-08-28T07:23:12] [AUTO_BOSS] NPCView session fingerprint native=0x1147cb8 avm=0x1345a0a0 method_info=0xa861468 slot322_method_id=18293
[2026-08-28T07:23:12] [AUTO_BOSS] id=13770 distance=0 receiver=0xb8feca0 method=18293 stage=2
[2026-08-28T07:23:14] [AUTO_BOSS] battle edge false->true id=13770
[2026-08-28T07:24:41] [AUTO_BOSS] battle edge true->false clear=1
[2026-08-28T07:26:01] [TRI_AN] TRỊ AN TSk: xong lượt 2/10 (Phản Quân Hải Tặc)
[2026-08-28T07:26:30] [TRI_AN] TRỊ AN TSk: đã nhận nhiệm vụ id=7667 (Phản Quân Hải Tặc)
[2026-08-28T07:26:33] [TRI_AN] TRỊ AN TSk: vật phẩm mã 4843 ở trang 2 ô 7 (sid 2168)
[2026-08-28T07:26:51] [TRI_AN] TRỊ AN TSk: đã dịch chuyển tới map 34 bằng Mật Lệnh Hải Tặc
[2026-08-28T07:26:53] [TRI_AN] TRỊ AN TSk: mục tiêu: Phản Quân Đại Tướng family=306010 id=1071 (khớp theo name)
[2026-08-28T07:26:59] [AUTO_BOSS] Start selected-monster NPCView.clickNpc runner generation=1
[2026-08-28T07:27:02] [AUTO_BOSS] selected Monster 2060090100071 id=16529 type=3060100001071 resource=2060090100071 base=0x1ef580a0 distance=0
[2026-08-28T07:27:03] [AUTO_BOSS] NPCView session fingerprint native=0x1147cb8 avm=0x1345a0a0 method_info=0xa861468 slot322_method_id=18293
[2026-08-28T07:27:03] [AUTO_BOSS] id=16529 distance=0 receiver=0x31db9790 method=18293 stage=2
[2026-08-28T07:27:05] [AUTO_BOSS] battle edge false->true id=16529
[2026-08-28T07:28:34] [AUTO_BOSS] battle edge true->false clear=1
[2026-08-28T07:29:53] [TRI_AN] TRỊ AN TSk: xong lượt 3/10 (Phản Quân Hải Tặc)
[2026-08-28T07:30:23] [TRI_AN] TRỊ AN TSk: đã nhận nhiệm vụ id=7667 (Phản Quân Hải Tặc)
[2026-08-28T07:30:26] [TRI_AN] TRỊ AN TSk: vật phẩm mã 4843 ở trang 2 ô 7 (sid 2168)
[2026-08-28T07:30:44] [TRI_AN] TRỊ AN TSk: đã dịch chuyển tới map 16 bằng Mật Lệnh Hải Tặc
[2026-08-28T07:30:46] [TRI_AN] TRỊ AN TSk: mục tiêu: Phản Quân Đại Tướng family=306010 id=1071 (khớp theo name)
[2026-08-28T07:30:53] [AUTO_BOSS] Start selected-monster NPCView.clickNpc runner generation=1
[2026-08-28T07:30:55] [AUTO_BOSS] selected Monster 2060090100071 id=17400 type=3060100001071 resource=2060090100071 base=0x1ef585c0 distance=0
[2026-08-28T07:30:56] [AUTO_BOSS] NPCView session fingerprint native=0x1147cb8 avm=0x1345a0a0 method_info=0xa861468 slot322_method_id=18293
[2026-08-28T07:30:56] [AUTO_BOSS] id=17400 distance=0 receiver=0xb8fe790 method=18293 stage=2
[2026-08-28T07:30:58] [AUTO_BOSS] battle edge false->true id=17400
[2026-08-28T07:32:26] [AUTO_BOSS] battle edge true->false clear=1
[2026-08-28T07:33:50] [TRI_AN] TRỊ AN TSk: xong lượt 4/10 (Phản Quân Hải Tặc)
[2026-08-28T07:34:23] [TRI_AN] TRỊ AN TSk: đã nhận nhiệm vụ id=7667 (Phản Quân Hải Tặc)
[2026-08-28T07:34:26] [TRI_AN] TRỊ AN TSk: vật phẩm mã 4843 ở trang 2 ô 7 (sid 2168)
[2026-08-28T07:34:44] [TRI_AN] TRỊ AN TSk: đã dịch chuyển tới map 36 bằng Mật Lệnh Hải Tặc
[2026-08-28T07:34:47] [TRI_AN] TRỊ AN TSk: chờ Phản Quân Hải Tặc xuất hiện (0s): không thấy đúng mục tiêu Phản Quân Hải Tặc; memory thấy 15 entity ứng viên, mẫu gần nhất=[{'name': 'Mãi Mãi Là 12 Triệu', 'family': '305007', 'id': 3, 'runtime_id': 877, 'distance': 0.0}, {'name': 'Phi Tặc', 'family': '306010', 'id': 37, 'runtime_id': 17482, 'distance': 0.0}, {'name': 'Avatar', 'family': '306010', 'id': 1121, 'runtime_id': 1132, 'distance': 705.6}, {'name': 'Lãnh Chúa Phệ Nhật', 'family': '306010', 'id': 200003, 'runtime_id': 941, 'distance': 775.7}, {'name': 'Người Nuôi Dơi', 'family': '306010', 'id': 200040, 'runtime_id': 942, 'distance': 887.5}, {'name': 'Hổ Lương Thiện', 'family': '306010', 'id': 1085, 'runtime_id': 3001, 'distance': 1279.2}, {'name': 'Trưởng Cận Vệ Đông Huyền', 'family': '306009', 'id': 10, 'runtime_id': 277, 'distance': 1321.6}, {'name': 'Sứ Giả Thần Thánh', 'family': '306010', 'id': 1100, 'runtime_id': 1126, 'distance': 1437.1}, {'name': 'Linh Hồn Thất Lạc', 'family': '306010', 'id': 1059, 'runtime_id': 1125, 'distance': 1438.3}, {'name': 'Diệt Thần Chi Thủ (lv125)', 'family': '306010', 'id': 1114, 'runtime_id': 1652, 'distance': 1558.8}, {'name': 'Đoạt Mộng Ma Linh (lv120)', 'family': '306010', 'id': 1109, 'runtime_id': 1553, 'distance': 1559.2}, {'name': '摁띡慍敤祬\u206e癬5〲〶㤰〰〰㤰0', 'family': '306010', 'id': 1088, 'runtime_id': 14136, 'distance': 1703.0}]
[2026-08-28T07:34:58] [TRI_AN] TRỊ AN TSk: chờ Phản Quân Hải Tặc xuất hiện (10s): không thấy đúng mục tiêu Phản Quân Hải Tặc; memory thấy 15 entity ứng viên, mẫu gần nhất=[{'name': 'Mãi Mãi Là 12 Triệu', 'family': '305007', 'id': 3, 'runtime_id': 877, 'distance': 0.0}, {'name': 'Phi Tặc', 'family': '306010', 'id': 37, 'runtime_id': 17482, 'distance': 0.0}, {'name': 'Avatar', 'family': '306010', 'id': 1121, 'runtime_id': 1132, 'distance': 705.6}, {'name': 'Lãnh Chúa Phệ Nhật', 'family': '306010', 'id': 200003, 'runtime_id': 941, 'distance': 775.7}, {'name': 'Người Nuôi Dơi', 'family': '306010', 'id': 200040, 'runtime_id': 942, 'distance': 887.5}, {'name': 'Hổ Lương Thiện', 'family': '306010', 'id': 1085, 'runtime_id': 3001, 'distance': 1279.2}, {'name': 'Trưởng Cận Vệ Đông Huyền', 'family': '306009', 'id': 10, 'runtime_id': 277, 'distance': 1321.6}, {'name': 'Sứ Giả Thần Thánh', 'family': '306010', 'id': 1100, 'runtime_id': 1126, 'distance': 1437.1}, {'name': 'Linh Hồn Thất Lạc', 'family': '306010', 'id': 1059, 'runtime_id': 1125, 'distance': 1438.3}, {'name': 'Diệt Thần Chi Thủ (lv125)', 'family': '306010', 'id': 1114, 'runtime_id': 1652, 'distance': 1558.8}, {'name': 'Đoạt Mộng Ma Linh (lv120)', 'family': '306010', 'id': 1109, 'runtime_id': 1553, 'distance': 1559.2}, {'name': '摁띡慍敤祬\u206e癬5〲〶㤰〰〰㤰0', 'family': '306010', 'id': 1088, 'runtime_id': 14136, 'distance': 1703.0}]
[2026-08-28T07:35:10] [TRI_AN] TRỊ AN TSk: chờ Phản Quân Hải Tặc xuất hiện (20s): không thấy đúng mục tiêu Phản Quân Hải Tặc; memory thấy 15 entity ứng viên, mẫu gần nhất=[{'name': 'Mãi Mãi Là 12 Triệu', 'family': '305007', 'id': 3, 'runtime_id': 877, 'distance': 0.0}, {'name': 'Phi Tặc', 'family': '306010', 'id': 37, 'runtime_id': 17482, 'distance': 0.0}, {'name': 'Avatar', 'family': '306010', 'id': 1121, 'runtime_id': 1132, 'distance': 705.6}, {'name': 'Lãnh Chúa Phệ Nhật', 'family': '306010', 'id': 200003, 'runtime_id': 941, 'distance': 775.7}, {'name': 'Người Nuôi Dơi', 'family': '306010', 'id': 200040, 'runtime_id': 942, 'distance': 887.5}, {'name': 'Hổ Lương Thiện', 'family': '306010', 'id': 1085, 'runtime_id': 3001, 'distance': 1279.2}, {'name': 'Trưởng Cận Vệ Đông Huyền', 'family': '306009', 'id': 10, 'runtime_id': 277, 'distance': 1321.6}, {'name': 'Sứ Giả Thần Thánh', 'family': '306010', 'id': 1100, 'runtime_id': 1126, 'distance': 1437.1}, {'name': 'Linh Hồn Thất Lạc', 'family': '306010', 'id': 1059, 'runtime_id': 1125, 'distance': 1438.3}, {'name': 'Diệt Thần Chi Thủ (lv125)', 'family': '306010', 'id': 1114, 'runtime_id': 1652, 'distance': 1558.8}, {'name': 'Đoạt Mộng Ma Linh (lv120)', 'family': '306010', 'id': 1109, 'runtime_id': 1553, 'distance': 1559.2}, {'name': '摁띡慍敤祬\u206e癬5〲〶㤰〰〰㤰0', 'family': '306010', 'id': 1088, 'runtime_id': 14136, 'distance': 1703.0}]
[2026-08-28T07:36:04] [TRI_AN] TRỊ AN TSk: lượt thất bại thứ 1 (chờ 30s không thấy mục tiêu Phản Quân Hải Tặc (không thấy đúng mục tiêu Phản Quân Hải Tặc; memory thấy 13 entity ứng viên, mẫu gần nhất=[{'name': 'Mãi Mãi Là 12 Triệu', 'family': '305007', 'id': 3, 'runtime_id': 877, 'distance': 0.0}, {'name': 'Phi Tặc', 'family': '306010', 'id': 37, 'runtime_id': 17482, 'distance': 0.0}, {'name': 'Avatar', 'family': '306010', 'id': 1121, 'runtime_id': 1132, 'distance': 705.6}, {'name': 'Lãnh Chúa Phệ Nhật', 'family': '306010', 'id': 200003, 'runtime_id': 941, 'distance': 775.7}, {'name': 'Người Nuôi Dơi', 'family': '306010', 'id': 200040, 'runtime_id': 942, 'distance': 887.5}, {'name': 'Trưởng Cận Vệ Đông Huyền', 'family': '306009', 'id': 10, 'runtime_id': 277, 'distance': 1321.6}, {'name': 'Sứ Giả Thần Thánh', 'family': '306010', 'id': 1100, 'runtime_id': 1126, 'distance': 1437.1}, {'name': 'Linh Hồn Thất Lạc', 'family': '306010', 'id': 1059, 'runtime_id': 1125, 'distance': 1438.3}, {'name': 'Diệt Thần Chi Thủ (lv125)', 'family': '306010', 'id': 1114, 'runtime_id': 1652, 'distance': 1558.8}, {'name': 'Đoạt Mộng Ma Linh (lv120)', 'family': '306010', 'id': 1109, 'runtime_id': 1553, 'distance': 1559.2}, {'name': '摁띡慍敤祬\u206e癬5〲〶㤰〰〰㤰0', 'family': '306010', 'id': 1088, 'runtime_id': 14136, 'distance': 1703.0}, {'name': 'Lửa Tà Ma', 'family': '306010', 'id': 200019, 'runtime_id': 943, 'distance': 1783.2}])) — đã huỷ, nhận lại.
[2026-08-28T07:36:54] [TRI_AN] TRỊ AN TSk: đã nhận nhiệm vụ id=4671 (Truy Bắt Phi Tặc)
[2026-08-28T07:37:10] Daily luvy: client chưa mở, đang đăng nhập trước bước mở lại sau Auto phụ bản lượt cuối (15 phút)...
[2026-08-28T07:37:10] [AUTO_START] WAIT_WINDOW attempt=1 pass=0 pid=4004 Flash launched at original size
[2026-08-28T07:37:15] [AUTO_START] START_CLICKED attempt=1 pass=0 pid=4004 Bắt đầu
[2026-08-28T07:37:20] [AUTO_START] RETRY_START attempt=1 pass=0 pid=4004 chua thay chon kenh, bam lai Bat dau
[2026-08-28T07:37:42] [AUTO_START] START_CLICKED attempt=1 pass=0 pid=4004 Bắt đầu
[2026-08-28T07:37:47] [AUTO_START] CHANNEL_SELECTED attempt=1 pass=0 pid=4004 channel=(449, 308) choices=1
[2026-08-28T07:37:55] [AUTO_START] ENTER_GAME_CLICKED attempt=1 pass=0 pid=4004 character_slot=1 slot_verified=True
[2026-08-28T07:37:59] [TRI_AN] TRỊ AN TSk: thiếu vật phẩm; thử lại Nhận trên đúng nhiệm vụ đang giữ: Nhận đã gọi qua AVM (id=4671)
[2026-08-28T07:38:13] [AUTO_START] MAP_READY_OPEN attempt=1 pass=0 pid=4004 Player=0x1372a0a0 Core=0x9d0f0d0 world=(3111,844)
[2026-08-28T07:38:23] [POPUP] đã đóng cache_notice
[2026-08-28T07:38:24] [DUNGEON] Auto PB toolbar scan arrow=NutXuong.png score=0.990 box=(313, 28, 21, 23)
[2026-08-28T07:38:25] [DUNGEON] Auto PB panel visible after guarded toolbar click
[2026-08-28T07:38:28] [DUNGEON] Claim Mê Huyễn Động: button score=0.940 box=(202, 177, 60, 19) evidence=C:\Users\Administrator\Desktop\New folder\fbh_v2_ttt_fixed-20260709T181609Z-2-001\fbh_multi_account_infinite_auto\dev_supervisor_target_a_v2_20260814\logs\auto_pb_claim_4004_Mê Huyễn Động_1787877508.png
[2026-08-28T07:38:28] [DUNGEON] Claim Mê Huyễn Động: readback start PASS
[2026-08-28T07:38:40] [DUNGEON] Claim Kho Báu Đại Mạc: button score=1.000 box=(428, 177, 60, 19) evidence=C:\Users\Administrator\Desktop\New folder\fbh_v2_ttt_fixed-20260709T181609Z-2-001\fbh_multi_account_infinite_auto\dev_supervisor_target_a_v2_20260814\logs\auto_pb_claim_4004_Kho Báu Đại Mạc_1787877520.png
[2026-08-28T07:38:41] [DUNGEON] Claim Kho Báu Đại Mạc: readback start PASS
[2026-08-28T07:38:54] [DUNGEON] Claim Lục Tiên Cảnh: button score=1.000 box=(654, 177, 60, 19) evidence=C:\Users\Administrator\Desktop\New folder\fbh_v2_ttt_fixed-20260709T181609Z-2-001\fbh_multi_account_infinite_auto\dev_supervisor_target_a_v2_20260814\logs\auto_pb_claim_4004_Lục Tiên Cảnh_1787877534.png
[2026-08-28T07:38:54] [DUNGEON] Claim Lục Tiên Cảnh: readback start PASS
[2026-08-28T07:39:06] [TRI_AN] TRỊ AN TSk: dừng ở lượt 6: dùng vật phẩm chỉ đường: không thấy Lệnh Truy Bắt / Mật Lệnh Hải Tặc trong túi (đọc bộ nhớ, cả hai mã 2263, 4843)
[2026-08-28T07:39:06] Daily TSk: bỏ qua TRỊ AN (lỗi): FAILED — 4/10 lượt; dừng ở lượt 6: dùng vật phẩm chỉ đường: không thấy Lệnh Truy Bắt / Mật Lệnh Hải Tặc trong túi (đọc bộ nhớ, cả hai mã 2263, 4843) — evidence: C:\Users\Administrator\Desktop\New folder\fbh_v2_ttt_fixed-20260709T181609Z-2-001\fbh_multi_account_infinite_auto\dev_supervisor_target_a_v2_20260814\logs\daily_errors\acc_3\20260828_073906_TRỊ_AN.png
[2026-08-28T07:39:07] Daily TSk: đã reset Flash sau lỗi TRỊ AN; tác vụ kế tiếp sẽ đăng nhập từ trạng thái sạch.
[2026-08-28T07:39:07] Daily hoàn tất đúng plan snapshot: VIP, NHẬN THỜI TRANG, MẬT BẢO, ĐIÊU KHẮC, LẬT THẺ BÀI, PHỤ BẢN, HÀNH LANG, THẦN TU, TU HÀNH, TRỪ MA, TRỊ AN
[2026-08-28T07:39:12] [DUNGEON] Claim Liệt Diễm Thâm Uyên: button score=0.940 box=(202, 280, 60, 19) evidence=C:\Users\Administrator\Desktop\New folder\fbh_v2_ttt_fixed-20260709T181609Z-2-001\fbh_multi_account_infinite_auto\dev_supervisor_target_a_v2_20260814\logs\auto_pb_claim_4004_Liệt Diễm Thâm Uyên_1787877552.png
[2026-08-28T07:39:13] [DUNGEON] Claim Liệt Diễm Thâm Uyên: readback start PASS
[2026-08-28T07:39:24] [DUNGEON] Claim Trở Lại Lang Huyệt: button score=1.000 box=(428, 280, 60, 19) evidence=C:\Users\Administrator\Desktop\New folder\fbh_v2_ttt_fixed-20260709T181609Z-2-001\fbh_multi_account_infinite_auto\dev_supervisor_target_a_v2_20260814\logs\auto_pb_claim_4004_Trở Lại Lang Huyệt_1787877564.png
[2026-08-28T07:39:25] [DUNGEON] Claim Trở Lại Lang Huyệt: readback start PASS
[2026-08-28T07:39:39] [DUNGEON] Claim Quỷ Hút Máu: button score=1.000 box=(654, 280, 60, 19) evidence=C:\Users\Administrator\Desktop\New folder\fbh_v2_ttt_fixed-20260709T181609Z-2-001\fbh_multi_account_infinite_auto\dev_supervisor_target_a_v2_20260814\logs\auto_pb_claim_4004_Quỷ Hút Máu_1787877579.png
[2026-08-28T07:39:40] [DUNGEON] Claim Quỷ Hút Máu: readback start PASS
[2026-08-28T07:39:53] [DUNGEON] Claim Thế Giới Số: button score=0.940 box=(202, 177, 60, 19) evidence=C:\Users\Administrator\Desktop\New folder\fbh_v2_ttt_fixed-20260709T181609Z-2-001\fbh_multi_account_infinite_auto\dev_supervisor_target_a_v2_20260814\logs\auto_pb_claim_4004_Thế Giới Số_1787877593.png
[2026-08-28T07:39:54] [DUNGEON] Claim Thế Giới Số: readback start PASS
[2026-08-28T07:40:05] [DUNGEON] Claim Thám Hiểm: button score=1.000 box=(428, 177, 60, 19) evidence=C:\Users\Administrator\Desktop\New folder\fbh_v2_ttt_fixed-20260709T181609Z-2-001\fbh_multi_account_infinite_auto\dev_supervisor_target_a_v2_20260814\logs\auto_pb_claim_4004_Thám Hiểm_1787877605.png
[2026-08-28T07:40:06] [DUNGEON] Claim Thám Hiểm: readback start PASS
[2026-08-28T07:40:15] Daily PHỤ BẢN checkpoint lượt cuối (15 phút): Mê Huyễn Động:claim; Mê Huyễn Động:start; Kho Báu Đại Mạc:claim; Kho Báu Đại Mạc:start; Lục Tiên Cảnh:claim; Lục Tiên Cảnh:start; Liệt Diễm Thâm Uyên:claim; Liệt Diễm Thâm Uyên:start; Trở Lại Lang Huyệt:claim; Trở Lại Lang Huyệt:start; Quỷ Hút Máu:claim; Quỷ Hút Máu:start; Thế Giới Số:claim; Thế Giới Số:start; Thám Hiểm:claim; Thám Hiểm:start
[2026-08-28T07:40:15] Daily hoàn tất đúng plan snapshot: VIP, NHẬN THỜI TRANG, MẬT BẢO, ĐIÊU KHẮC, LẬT THẺ BÀI, PHỤ BẢN, HÀNH LANG, THẦN TU, TU HÀNH, TRỪ MA, TRỊ AN
[2026-08-28T08:36:59] [AUTO_START] WAIT_WINDOW attempt=1 pass=0 pid=5648 Flash launched at original size
[2026-08-28T08:37:00] Đang đăng nhập 1 acc...
[2026-08-28T08:37:04] [AUTO_START] START_CLICKED attempt=1 pass=0 pid=5648 Bắt đầu
[2026-08-28T08:37:10] [AUTO_START] RETRY_START attempt=1 pass=0 pid=5648 chua thay chon kenh, bam lai Bat dau
[2026-08-28T08:37:13] [AUTO_START] START_CLICKED attempt=1 pass=0 pid=5648 Bắt đầu
[2026-08-28T08:37:19] [AUTO_START] RETRY_START attempt=1 pass=0 pid=5648 chua thay chon kenh, bam lai Bat dau
[2026-08-28T08:37:24] [AUTO_START] START_CLICKED_CAPTURE_FALLBACK attempt=1 pass=0 pid=5648 bounded Flash-stage action
[2026-08-28T08:37:29] [AUTO_START] RETRY_START attempt=1 pass=0 pid=5648 chua thay chon kenh, bam lai Bat dau
[2026-08-28T08:37:32] [AUTO_START] START_CLICKED attempt=1 pass=0 pid=5648 Bắt đầu
[2026-08-28T08:37:35] [AUTO_START] CHANNEL_SELECTED attempt=1 pass=0 pid=5648 channel=(449, 308) choices=1
[2026-08-28T08:37:40] [AUTO_START] ENTER_GAME_CLICKED attempt=1 pass=0 pid=5648 character_slot=1 slot_verified=True
[2026-08-28T08:37:45] [AUTO_START] MAP_READY_OPEN attempt=1 pass=0 pid=5648 Player=0x12c100a0 Core=0xc4800d0 world=(3001,781)
[2026-08-28T08:41:56] [AUTO_START] WAIT_WINDOW attempt=1 pass=0 pid=10716 Flash launched at original size
[2026-08-28T08:44:26] [AUTO_START] FAILED_CLOSED attempt=1 pass=0 pid=10716 timeout before rooted map
[2026-08-28T08:44:26] Daily pepsi: đăng nhập lần 1 chưa vào map; thử lại.
[2026-08-28T08:44:30] [AUTO_START] WAIT_WINDOW attempt=1 pass=0 pid=10332 Flash launched at original size
[2026-08-28T08:47:00] [AUTO_START] FAILED_CLOSED attempt=1 pass=0 pid=10332 timeout before rooted map
[2026-08-28T08:47:00] Daily pepsi: đăng nhập lần 2 chưa vào map; thử lại.
[2026-08-28T08:47:03] [AUTO_START] WAIT_WINDOW attempt=1 pass=0 pid=14360 Flash launched at original size
[2026-08-28T08:49:34] [AUTO_START] FAILED_CLOSED attempt=1 pass=0 pid=14360 timeout before rooted map
[2026-08-28T08:49:34] Daily pepsi: đăng nhập lần 3 chưa vào map; thử lại.
[2026-08-28T09:04:50] LOCAL_COMMAND nhận: trian_start
[2026-08-28T09:04:50] Đã bắt đầu TRỊ AN (10 lượt/acc): acc_2
[2026-08-28T09:04:50] TRỊ AN pepsi: client chưa mở, đang đăng nhập...
[2026-08-28T09:04:50] [AUTO_START] WAIT_WINDOW attempt=1 pass=0 pid=6200 Flash launched at original size
[2026-08-28T09:04:55] [AUTO_START] START_CLICKED attempt=1 pass=0 pid=6200 Bắt đầu
[2026-08-28T09:05:00] [AUTO_START] RETRY_START attempt=1 pass=0 pid=6200 chua thay chon kenh, bam lai Bat dau
[2026-08-28T09:05:17] [AUTO_START] START_CLICKED attempt=1 pass=0 pid=6200 Bắt đầu
[2026-08-28T09:05:20] [AUTO_START] CHANNEL_SELECTED attempt=1 pass=0 pid=6200 channel=(449, 308) choices=1
[2026-08-28T09:05:24] [AUTO_START] ENTER_GAME_CLICKED attempt=1 pass=0 pid=6200 character_slot=1 slot_verified=True
[2026-08-28T09:05:29] [AUTO_START] MAP_READY_OPEN attempt=1 pass=0 pid=6200 Player=0x1fe130a0 Core=0x1754d0d0 world=(3042,755)
[2026-08-28T09:05:43] [POPUP] đã đóng cache_notice
[2026-08-28T09:06:28] [TRI_AN] TRỊ AN pepsi: đã nhận nhiệm vụ id=7667 (Phản Quân Hải Tặc)
[2026-08-28T09:06:31] [TRI_AN] TRỊ AN pepsi: vật phẩm mã 4843 ở trang 10 ô 2 (sid 2403)
[2026-08-28T09:06:44] [TRI_AN] TRỊ AN pepsi: đã dịch chuyển tới map 40 bằng Mật Lệnh Hải Tặc
[2026-08-28T09:06:46] [TRI_AN] TRỊ AN pepsi: mục tiêu: Phản Quân Đại Tướng family=306010 id=1071 (khớp theo name)
[2026-08-28T09:06:48] [AUTO_BOSS] Start selected-monster NPCView.clickNpc runner generation=1
[2026-08-28T09:06:51] [AUTO_BOSS] selected Monster 2060090100071 id=13756 type=3060100001071 resource=2060090100071 base=0x111a45c0 distance=0
[2026-08-28T09:06:51] [AUTO_BOSS] NPCView session fingerprint native=0x1147cb8 avm=0x1025e0a0 method_info=0xb869938 slot322_method_id=18293
[2026-08-28T09:06:51] [AUTO_BOSS] id=13756 distance=0 receiver=0x249e8280 method=18293 stage=2
[2026-08-28T09:06:53] [AUTO_BOSS] battle edge false->true id=13756
[2026-08-28T09:08:55] [AUTO_BOSS] battle edge true->false clear=1
[2026-08-28T09:10:16] [TRI_AN] TRỊ AN pepsi: xong lượt 1/10 (Phản Quân Hải Tặc)
[2026-08-28T09:10:42] [TRI_AN] TRỊ AN pepsi: đã nhận nhiệm vụ id=7667 (Phản Quân Hải Tặc)
[2026-08-28T09:10:45] [TRI_AN] TRỊ AN pepsi: vật phẩm mã 4843 ở trang 3 ô 1 (sid 2192)
[2026-08-28T09:11:24] [TRI_AN] TRỊ AN pepsi: dừng ở lượt 2: dùng vật phẩm chỉ đường: đã nhấp đôi ô 1 trang 3 nhưng map vẫn là 9 sau 25s — vật phẩm mã 4843 chưa dùng được
[2026-08-28T09:11:25] TRỊ AN pepsi: FAILED — 1/10 lượt; dừng ở lượt 2: dùng vật phẩm chỉ đường: đã nhấp đôi ô 1 trang 3 nhưng map vẫn là 9 sau 25s — vật phẩm mã 4843 chưa dùng được
[2026-08-28T10:51:19] LOCAL_COMMAND nhận: trian_start
[2026-08-28T10:51:19] Đã bắt đầu TRỊ AN (10 lượt/acc): acc_2
[2026-08-28T10:51:46] [TRI_AN] TRỊ AN pepsi: đã nhận nhiệm vụ id=7667 (Phản Quân Hải Tặc)
[2026-08-28T10:51:49] [TRI_AN] TRỊ AN pepsi: vật phẩm mã 4843 ở trang 3 ô 1 (sid 2192)
[2026-08-28T10:52:04] [TRI_AN] TRỊ AN pepsi: đã dịch chuyển tới map 23 bằng Mật Lệnh Hải Tặc
[2026-08-28T10:52:07] [TRI_AN] TRỊ AN pepsi: mục tiêu: Phản Quân Đại Tướng family=306010 id=1071 (khớp theo name)
[2026-08-28T10:52:09] [AUTO_BOSS] Start selected-monster NPCView.clickNpc runner generation=1
[2026-08-28T10:52:12] [AUTO_BOSS] selected Monster 2060090100071 id=16405 type=3060100001071 resource=2060090100071 base=0x44a1d5c0 distance=0
[2026-08-28T10:52:12] [AUTO_BOSS] NPCView session fingerprint native=0x1147cb8 avm=0x1025e0a0 method_info=0xb869938 slot322_method_id=18293
[2026-08-28T10:52:12] [AUTO_BOSS] id=16405 distance=0 receiver=0x4612d430 method=18293 stage=2
[2026-08-28T10:52:15] [AUTO_BOSS] battle edge false->true id=16405
[2026-08-28T10:53:44] [AUTO_BOSS] battle edge true->false clear=1
[2026-08-28T10:55:36] [TRI_AN] TRỊ AN pepsi: xong lượt 1/10 (Phản Quân Hải Tặc)
[2026-08-28T10:56:01] [TRI_AN] TRỊ AN pepsi: dừng ở lượt 2: mở dòng Nhiệm Vụ Trị An[Vòng] lỗi: ListBase.dataProvider unresolved
[2026-08-28T10:56:01] TRỊ AN pepsi: FAILED — 1/10 lượt; dừng ở lượt 2: mở dòng Nhiệm Vụ Trị An[Vòng] lỗi: ListBase.dataProvider unresolved
[2026-08-28T10:59:33] LOCAL_COMMAND nhận: trian_start
[2026-08-28T10:59:33] Đã bắt đầu TRỊ AN (10 lượt/acc): acc_2
[2026-08-28T10:59:33] TRỊ AN pepsi: client chưa mở, đang đăng nhập...
[2026-08-28T10:59:33] [AUTO_START] WAIT_WINDOW attempt=1 pass=0 pid=6820 Flash launched at original size
[2026-08-28T10:59:37] [AUTO_START] START_CLICKED attempt=1 pass=0 pid=6820 Bắt đầu
[2026-08-28T10:59:42] [AUTO_START] RETRY_START attempt=1 pass=0 pid=6820 chua thay chon kenh, bam lai Bat dau
[2026-08-28T10:59:45] [AUTO_START] START_CLICKED attempt=1 pass=0 pid=6820 Bắt đầu
[2026-08-28T10:59:50] [AUTO_START] RETRY_START attempt=1 pass=0 pid=6820 chua thay chon kenh, bam lai Bat dau
[2026-08-28T11:00:00] [AUTO_START] START_CLICKED attempt=1 pass=0 pid=6820 Bắt đầu
[2026-08-28T11:00:03] [AUTO_START] CHANNEL_SELECTED attempt=1 pass=0 pid=6820 channel=(449, 308) choices=1
[2026-08-28T11:00:07] [AUTO_START] ENTER_GAME_CLICKED attempt=1 pass=0 pid=6820 character_slot=1 slot_verified=True
[2026-08-28T11:00:13] [AUTO_START] MAP_READY_OPEN attempt=1 pass=0 pid=6820 Player=0x1c2e60a0 Core=0xb4db0d0 world=(3075,852)
[2026-08-28T11:00:24] [POPUP] đã đóng cache_notice
[2026-08-28T11:00:43] [TRI_AN] TRỊ AN pepsi: đã nhận nhiệm vụ id=4671 (Truy Bắt Phi Tặc)
[2026-08-28T11:01:36] [TRI_AN] TRỊ AN pepsi: thiếu vật phẩm; thử lại Nhận trên đúng nhiệm vụ đang giữ: Nhận đã gọi qua AVM (id=4671)
[2026-08-28T11:02:27] [TRI_AN] TRỊ AN pepsi: dừng ở lượt 1: dùng vật phẩm chỉ đường: không thấy Lệnh Truy Bắt / Mật Lệnh Hải Tặc trong túi (đọc bộ nhớ, cả hai mã 2263, 4843)
[2026-08-28T11:02:28] TRỊ AN pepsi: FAILED — 0/10 lượt; dừng ở lượt 1: dùng vật phẩm chỉ đường: không thấy Lệnh Truy Bắt / Mật Lệnh Hải Tặc trong túi (đọc bộ nhớ, cả hai mã 2263, 4843)
[2026-08-28T11:15:30] LOCAL_COMMAND nhận: trian_start
[2026-08-28T11:15:30] Đã bắt đầu TRỊ AN (10 lượt/acc): acc_2
[2026-08-28T11:16:00] [TRI_AN] TRỊ AN pepsi: dừng ở lượt 1: chọn dòng Nhiệm Vụ Trị An[Vòng] lỗi: NpcFuncPanel.questViewList unresolved
[2026-08-28T11:16:01] TRỊ AN pepsi: FAILED — 0/10 lượt; dừng ở lượt 1: chọn dòng Nhiệm Vụ Trị An[Vòng] lỗi: NpcFuncPanel.questViewList unresolved
[2026-08-28T11:17:20] LOCAL_COMMAND nhận: trian_start
[2026-08-28T11:17:20] Đã bắt đầu TRỊ AN (10 lượt/acc): acc_2
[2026-08-28T11:17:20] TRỊ AN pepsi: client chưa mở, đang đăng nhập...
[2026-08-28T11:17:20] [AUTO_START] WAIT_WINDOW attempt=1 pass=0 pid=8324 Flash launched at original size
[2026-08-28T11:17:25] [AUTO_START] START_CLICKED attempt=1 pass=0 pid=8324 Bắt đầu
[2026-08-28T11:17:25] [AUTO_START] FAILED_CLOSED attempt=1 pass=0 pid=8324 Flash window closed before map
[2026-08-28T11:17:25] Daily pepsi: đăng nhập lần 1 chưa vào map; thử lại.
[2026-08-28T11:17:28] [AUTO_START] WAIT_WINDOW attempt=1 pass=0 pid=15824 Flash launched at original size
[2026-08-28T11:17:32] [AUTO_START] START_CLICKED attempt=1 pass=0 pid=15824 Bắt đầu
[2026-08-28T11:17:37] [AUTO_START] RETRY_START attempt=1 pass=0 pid=15824 chua thay chon kenh, bam lai Bat dau
[2026-08-28T11:17:40] [AUTO_START] START_CLICKED attempt=1 pass=0 pid=15824 Bắt đầu
[2026-08-28T11:17:45] [AUTO_START] RETRY_START attempt=1 pass=0 pid=15824 chua thay chon kenh, bam lai Bat dau
[2026-08-28T11:17:56] [AUTO_START] START_CLICKED attempt=1 pass=0 pid=15824 Bắt đầu
[2026-08-28T11:17:59] [AUTO_START] CHANNEL_SELECTED attempt=1 pass=0 pid=15824 channel=(449, 308) choices=1
[2026-08-28T11:18:03] [AUTO_START] ENTER_GAME_CLICKED attempt=1 pass=0 pid=15824 character_slot=1 slot_verified=True
[2026-08-28T11:18:09] [AUTO_START] MAP_READY_OPEN attempt=1 pass=0 pid=15824 Player=0x1192c0a0 Core=0xc5930d0 world=(3075,852)
[2026-08-28T11:18:19] [POPUP] đã đóng cache_notice
[2026-08-28T11:18:22] [TRI_AN] TRỊ AN pepsi: mở NPC lần 1/8 chưa thành công: exact NPC Trưởng Cận Vệ Đông Huyền (family 306009 rid 277) count=0
[2026-08-28T11:18:26] [TRI_AN] TRỊ AN pepsi: mở NPC lần 2/8 chưa thành công: exact NPC Trưởng Cận Vệ Đông Huyền (family 306009 rid 277) count=0
[2026-08-28T11:19:18] [TRI_AN] TRỊ AN pepsi: dừng ở lượt 1: Nhận chưa có readback server cho quest 4671; detail_id=4671
[2026-08-28T11:19:18] TRỊ AN pepsi: FAILED — 0/10 lượt; dừng ở lượt 1: Nhận chưa có readback server cho quest 4671; detail_id=4671
[2026-08-28T11:24:31] LOCAL_COMMAND nhận: trian_start
[2026-08-28T11:24:31] Đã bắt đầu TRỊ AN (10 lượt/acc): acc_2
[2026-08-28T11:25:16] [TRI_AN] TRỊ AN pepsi: dừng ở lượt 1: Nhận chưa có readback server cho quest 4671; detail_id=4671
[2026-08-28T11:25:16] TRỊ AN pepsi: FAILED — 0/10 lượt; dừng ở lượt 1: Nhận chưa có readback server cho quest 4671; detail_id=4671
[2026-08-28T11:28:34] LOCAL_COMMAND nhận: trian_start
[2026-08-28T11:28:34] Đã bắt đầu TRỊ AN (10 lượt/acc): acc_2
[2026-08-28T11:29:04] [TRI_AN] TRỊ AN pepsi: dừng ở lượt 1: Nhận chưa có readback server cho quest 4; detail_id=4671
[2026-08-28T11:29:05] TRỊ AN pepsi: FAILED — 0/10 lượt; dừng ở lượt 1: Nhận chưa có readback server cho quest 4; detail_id=4671
[2026-08-28T11:35:24] LOCAL_COMMAND nhận: trian_start
[2026-08-28T11:35:24] Đã bắt đầu TRỊ AN (10 lượt/acc): acc_2
[2026-08-28T11:35:24] TRỊ AN pepsi: client chưa mở, đang đăng nhập...
[2026-08-28T11:35:24] [AUTO_START] WAIT_WINDOW attempt=1 pass=0 pid=14248 Flash launched at original size
[2026-08-28T11:35:28] [AUTO_START] START_CLICKED attempt=1 pass=0 pid=14248 Bắt đầu
[2026-08-28T11:35:29] [AUTO_START] FAILED_CLOSED attempt=1 pass=0 pid=14248 Flash window closed before map
[2026-08-28T11:35:29] Daily pepsi: đăng nhập lần 1 chưa vào map; thử lại.
[2026-08-28T11:35:32] [AUTO_START] WAIT_WINDOW attempt=1 pass=0 pid=16048 Flash launched at original size
[2026-08-28T11:35:35] [AUTO_START] START_CLICKED attempt=1 pass=0 pid=16048 Bắt đầu
[2026-08-28T11:35:40] [AUTO_START] RETRY_START attempt=1 pass=0 pid=16048 chua thay chon kenh, bam lai Bat dau
[2026-08-28T11:35:43] [AUTO_START] START_CLICKED attempt=1 pass=0 pid=16048 Bắt đầu
[2026-08-28T11:35:48] [AUTO_START] RETRY_START attempt=1 pass=0 pid=16048 chua thay chon kenh, bam lai Bat dau
[2026-08-28T11:35:59] [AUTO_START] START_CLICKED attempt=1 pass=0 pid=16048 Bắt đầu
[2026-08-28T11:36:02] [AUTO_START] CHANNEL_SELECTED attempt=1 pass=0 pid=16048 channel=(449, 308) choices=1
[2026-08-28T11:36:06] [AUTO_START] ENTER_GAME_CLICKED attempt=1 pass=0 pid=16048 character_slot=1 slot_verified=True
[2026-08-28T11:36:11] [AUTO_START] MAP_READY_OPEN attempt=1 pass=0 pid=16048 Player=0x149aa0a0 Core=0x169810d0 world=(3075,852)
[2026-08-28T11:36:21] [POPUP] đã đóng cache_notice
[2026-08-28T11:36:24] [TRI_AN] TRỊ AN pepsi: mở NPC lần 1/8 chưa thành công: exact NPC Trưởng Cận Vệ Đông Huyền (family 306009 rid 277) count=0
[2026-08-28T11:36:28] [TRI_AN] TRỊ AN pepsi: mở NPC lần 2/8 chưa thành công: exact NPC Trưởng Cận Vệ Đông Huyền (family 306009 rid 277) count=0
[2026-08-28T11:37:06] [TRI_AN] TRỊ AN pepsi: dừng ở lượt 1: Nhận chưa có readback server cho quest 7667; detail_id=7667
[2026-08-28T11:37:06] TRỊ AN pepsi: FAILED — 0/10 lượt; dừng ở lượt 1: Nhận chưa có readback server cho quest 7667; detail_id=7667
[2026-08-28T11:52:46] LOCAL_COMMAND nhận: trian_start
[2026-08-28T11:52:46] Đã bắt đầu TRỊ AN (10 lượt/acc): acc_2
[2026-08-28T11:52:46] TRỊ AN pepsi: client chưa mở, đang đăng nhập...
[2026-08-28T11:52:46] [AUTO_START] WAIT_WINDOW attempt=1 pass=0 pid=9200 Flash launched at original size
[2026-08-28T11:52:50] [AUTO_START] START_CLICKED attempt=1 pass=0 pid=9200 Bắt đầu
[2026-08-28T11:52:50] [AUTO_START] FAILED_CLOSED attempt=1 pass=0 pid=9200 Flash window closed before map
[2026-08-28T11:52:50] Daily pepsi: đăng nhập lần 1 chưa vào map; thử lại.
[2026-08-28T11:52:53] [AUTO_START] WAIT_WINDOW attempt=1 pass=0 pid=15000 Flash launched at original size
[2026-08-28T11:52:57] [AUTO_START] START_CLICKED attempt=1 pass=0 pid=15000 Bắt đầu
[2026-08-28T11:53:02] [AUTO_START] RETRY_START attempt=1 pass=0 pid=15000 chua thay chon kenh, bam lai Bat dau
[2026-08-28T11:53:05] [AUTO_START] START_CLICKED attempt=1 pass=0 pid=15000 Bắt đầu
[2026-08-28T11:53:10] [AUTO_START] RETRY_START attempt=1 pass=0 pid=15000 chua thay chon kenh, bam lai Bat dau
[2026-08-28T11:53:20] [AUTO_START] START_CLICKED attempt=1 pass=0 pid=15000 Bắt đầu
[2026-08-28T11:53:23] [AUTO_START] CHANNEL_SELECTED attempt=1 pass=0 pid=15000 channel=(449, 308) choices=1
[2026-08-28T11:53:27] [AUTO_START] ENTER_GAME_CLICKED attempt=1 pass=0 pid=15000 character_slot=1 slot_verified=True
[2026-08-28T11:53:33] [AUTO_START] MAP_READY_OPEN attempt=1 pass=0 pid=15000 Player=0x14e650a0 Core=0x15dbd0d0 world=(3108,839)
[2026-08-28T11:53:43] [POPUP] đã đóng cache_notice
[2026-08-28T11:53:45] [TRI_AN] TRỊ AN pepsi: mở NPC lần 1/8 chưa thành công: exact NPC Trưởng Cận Vệ Đông Huyền (family 306009 rid 277) count=0
[2026-08-28T11:53:49] [TRI_AN] TRỊ AN pepsi: mở NPC lần 2/8 chưa thành công: exact NPC Trưởng Cận Vệ Đông Huyền (family 306009 rid 277) count=0
[2026-08-28T11:54:27] [TRI_AN] TRỊ AN pepsi: đã nhận nhiệm vụ id=4671 (Truy Bắt Phi Tặc)
[2026-08-28T11:55:23] [TRI_AN] TRỊ AN pepsi: thiếu vật phẩm; thử lại Nhận trên đúng nhiệm vụ đang giữ: Nhận đã gọi qua AVM (id=4671)
[2026-08-28T11:56:15] [TRI_AN] TRỊ AN pepsi: dừng ở lượt 1: dùng vật phẩm chỉ đường: không thấy Lệnh Truy Bắt / Mật Lệnh Hải Tặc trong túi (đọc bộ nhớ, cả hai mã 2263, 4843)
[2026-08-28T11:56:15] TRỊ AN pepsi: FAILED — 0/10 lượt; dừng ở lượt 1: dùng vật phẩm chỉ đường: không thấy Lệnh Truy Bắt / Mật Lệnh Hải Tặc trong túi (đọc bộ nhớ, cả hai mã 2263, 4843)
[2026-08-28T11:58:24] LOCAL_COMMAND nhận: truma_start
[2026-08-28T11:58:24] Đã bắt đầu TRỪ MA (10 lượt/acc): acc_2
[2026-08-28T11:58:30] [TRU_MA] TRỪ MA pepsi: mở NPC lần 1/8 chưa thành công: không có view/slot322 trên 1 candidate(s); Core.getNpc base=0x0
[2026-08-28T11:58:35] [TRU_MA] TRỪ MA pepsi: mở NPC lần 2/8 chưa thành công: không có view/slot322 trên 1 candidate(s); Core.getNpc base=0x0
[2026-08-28T11:58:40] [TRU_MA] TRỪ MA pepsi: mở NPC lần 3/8 chưa thành công: không có view/slot322 trên 1 candidate(s); Core.getNpc base=0x0
[2026-08-28T11:58:46] [TRU_MA] TRỪ MA pepsi: mở NPC lần 4/8 chưa thành công: không có view/slot322 trên 1 candidate(s); Core.getNpc base=0x0
[2026-08-28T11:58:52] [TRU_MA] TRỪ MA pepsi: mở NPC lần 5/8 chưa thành công: không có view/slot322 trên 1 candidate(s); Core.getNpc base=0x0
[2026-08-28T11:58:57] [TRU_MA] TRỪ MA pepsi: mở NPC lần 6/8 chưa thành công: không có view/slot322 trên 1 candidate(s); Core.getNpc base=0x0
[2026-08-28T11:59:03] [TRU_MA] TRỪ MA pepsi: mở NPC lần 7/8 chưa thành công: không có view/slot322 trên 1 candidate(s); Core.getNpc base=0x0
[2026-08-28T11:59:08] [TRU_MA] TRỪ MA pepsi: mở NPC lần 8/8 chưa thành công: không có view/slot322 trên 1 candidate(s); Core.getNpc base=0x0
[2026-08-28T11:59:10] [TRU_MA] TRỪ MA pepsi: dừng ở lượt 1: không mở được hộp thoại NPC Quan Quân Nhu
[2026-08-28T11:59:10] TRỪ MA pepsi: FAILED — 0/10 lượt; dừng ở lượt 1: không mở được hộp thoại NPC Quan Quân Nhu
[2026-08-28T15:50:43] Đã bắt đầu TRỪ MA (10 lượt/acc): acc_1
[2026-08-28T15:50:43] TRỪ MA CB: client chưa mở, đang đăng nhập...
[2026-08-28T15:50:43] [AUTO_START] WAIT_WINDOW attempt=1 pass=0 pid=8276 Flash launched at original size
[2026-08-28T15:50:48] [AUTO_START] START_CLICKED attempt=1 pass=0 pid=8276 Bắt đầu
[2026-08-28T15:50:53] [AUTO_START] RETRY_START attempt=1 pass=0 pid=8276 chua thay chon kenh, bam lai Bat dau
[2026-08-28T15:50:56] [AUTO_START] START_CLICKED attempt=1 pass=0 pid=8276 Bắt đầu
[2026-08-28T15:51:01] [AUTO_START] RETRY_START attempt=1 pass=0 pid=8276 chua thay chon kenh, bam lai Bat dau
[2026-08-28T15:51:11] [AUTO_START] START_CLICKED attempt=1 pass=0 pid=8276 Bắt đầu
[2026-08-28T15:51:14] [AUTO_START] CHANNEL_SELECTED attempt=1 pass=0 pid=8276 channel=(449, 308) choices=1
[2026-08-28T15:51:18] [AUTO_START] ENTER_GAME_CLICKED attempt=1 pass=0 pid=8276 character_slot=1 slot_verified=True
[2026-08-28T15:51:24] [AUTO_START] MAP_READY_OPEN attempt=1 pass=0 pid=8276 Player=0x1bdf20a0 Core=0x12cd20d0 world=(2570,1413)
[2026-08-28T15:51:40] [POPUP] đã đóng cache_notice
[2026-08-28T15:52:13] [TRU_MA] TRỪ MA CB: nhận diện: Phong Ấn Cự Ma (id=7670, margin=6)
[2026-08-28T15:52:31] [TRU_MA] TRỪ MA CB: mục tiêu: Viễn Cổ Cự Ma id=1167 type=3060100001167 resource=2060100001167
[2026-08-28T15:52:36] [AUTO_BOSS] Start selected-monster NPCView.clickNpc runner generation=1
[2026-08-28T15:52:39] [AUTO_BOSS] selected Monster 2060100001167 id=2168 type=3060100001167 resource=2060100001167 base=0x1da99850 distance=996
[2026-08-28T15:52:39] [AUTO_BOSS] NPCView session fingerprint native=0x1147cb8 avm=0x1dce1850 method_info=0x1198f708 slot322_method_id=18293
[2026-08-28T15:52:39] [AUTO_BOSS] id=2168 distance=996 receiver=0x243b7af0 method=18293 stage=1
[2026-08-28T15:52:43] [AUTO_BOSS] id=2168 distance=54 receiver=0x243b7af0 method=18293 stage=2
[2026-08-28T15:52:47] [AUTO_BOSS] battle edge false->true id=2168
[2026-08-28T15:52:50] [AUTO_BOSS] battle edge true->false clear=1
[2026-08-28T15:53:43] [TRU_MA] TRỪ MA CB: xong lượt 1/10 (Phong Ấn Cự Ma)
[2026-08-28T15:54:05] [TRU_MA] TRỪ MA CB: nhận diện: Phong Ấn Cự Ma (id=7670, margin=6)
[2026-08-28T15:54:39] [TRU_MA] TRỪ MA CB: mục tiêu: Viễn Cổ Cự Ma id=1167 type=3060100001167 resource=2060100001167
[2026-08-28T15:54:41] [AUTO_BOSS] Start selected-monster NPCView.clickNpc runner generation=1
[2026-08-28T15:54:43] [AUTO_BOSS] selected Monster 2060100001167 id=2168 type=3060100001167 resource=2060100001167 base=0x1da8d850 distance=1018
[2026-08-28T15:54:43] [AUTO_BOSS] NPCView session fingerprint native=0x1147cb8 avm=0x1dce1850 method_info=0x1198f708 slot322_method_id=18293
[2026-08-28T15:54:43] [AUTO_BOSS] id=2168 distance=1018 receiver=0x1a118af0 method=18293 stage=1
[2026-08-28T15:54:56] [AUTO_BOSS] REJECT_ROUTE_TIMEOUT id=2168 base=0x1da8d850
[2026-08-28T15:55:12] [AUTO_BOSS] selected Monster 2060100001167 id=2168 type=3060100001167 resource=2060100001167 base=0x1da8d850 distance=334
[2026-08-28T15:55:12] [AUTO_BOSS] id=2168 distance=334 receiver=0x1a118af0 method=18293 stage=1
[2026-08-28T15:55:14] [AUTO_BOSS] id=2168 distance=125 receiver=0x1a118af0 method=18293 stage=2
[2026-08-28T15:55:18] [AUTO_BOSS] battle edge false->true id=2168
[2026-08-28T15:55:22] [AUTO_BOSS] battle edge true->false clear=1
[2026-08-28T15:56:14] [TRU_MA] TRỪ MA CB: xong lượt 2/10 (Phong Ấn Cự Ma)
[2026-08-28T15:56:35] [TRU_MA] TRỪ MA CB: nhận diện: Phi Ma Tập Kích (id=7668, margin=6)
[2026-08-28T15:57:13] [TRU_MA] TRỪ MA CB: mục tiêu: Thủ Lĩnh Phi Ma id=1114 type=3060100001114 resource=2060090100114
[2026-08-28T15:57:15] [AUTO_BOSS] Start selected-monster NPCView.clickNpc runner generation=1
[2026-08-28T15:57:17] [AUTO_BOSS] selected Thủ Lĩnh Phi Ma id=1173 type=3060100001114 resource=2060090100114 base=0x2cfd3d70 distance=644
[2026-08-28T15:57:17] [AUTO_BOSS] NPCView session fingerprint native=0x1147cb8 avm=0x1dce1850 method_info=0x1198f708 slot322_method_id=18293
[2026-08-28T15:57:18] [AUTO_BOSS] id=1173 distance=644 receiver=0x243b75e0 method=18293 stage=1
[2026-08-28T15:57:21] [AUTO_BOSS] id=1173 distance=114 receiver=0x243b75e0 method=18293 stage=2
[2026-08-28T15:57:25] [AUTO_BOSS] battle edge false->true id=1173
[2026-08-28T15:57:29] [AUTO_BOSS] battle edge true->false clear=1
[2026-08-28T16:58:08] [AUTO_START] WAIT_WINDOW attempt=1 pass=0 pid=5032 Flash launched at original size
[2026-08-28T17:00:39] [AUTO_START] FAILED_CLOSED attempt=1 pass=0 pid=5032 timeout before rooted map
[2026-08-28T17:00:39] Daily CB: đăng nhập lần 1 chưa vào map; thử lại.
[2026-08-28T17:00:42] [AUTO_START] WAIT_WINDOW attempt=1 pass=0 pid=4696 Flash launched at original size
[2026-08-28T17:03:13] [AUTO_START] FAILED_CLOSED attempt=1 pass=0 pid=4696 timeout before rooted map
[2026-08-28T17:03:13] Daily CB: đăng nhập lần 2 chưa vào map; thử lại.
[2026-08-28T17:03:16] [AUTO_START] WAIT_WINDOW attempt=1 pass=0 pid=17244 Flash launched at original size
[2026-08-28T17:05:46] [AUTO_START] FAILED_CLOSED attempt=1 pass=0 pid=17244 timeout before rooted map
[2026-08-28T17:05:46] Daily CB: đăng nhập lần 3 chưa vào map; thử lại.
[2026-08-28T17:19:07] [AUTO_START] WAIT_WINDOW attempt=1 pass=0 pid=14272 Flash launched at original size
[2026-08-28T17:19:39] [AUTO_START] FAILED_CLOSED attempt=1 pass=0 pid=14272 CAPTURE_UNAVAILABLE: Flash window exists but no readable frame for 30s (hwnd=2294868 size=1440x759); no login click was sent while state UNKNOWN
[2026-08-28T17:19:39] Daily CB: đăng nhập lần 1 chưa vào map; thử lại.
[2026-08-28T17:19:42] [AUTO_START] WAIT_WINDOW attempt=1 pass=0 pid=3668 Flash launched at original size
[2026-08-28T17:20:13] [AUTO_START] FAILED_CLOSED attempt=1 pass=0 pid=3668 CAPTURE_UNAVAILABLE: Flash window exists but no readable frame for 30s (hwnd=2687016 size=1440x759); no login click was sent while state UNKNOWN
[2026-08-28T17:20:13] Daily CB: đăng nhập lần 2 chưa vào map; thử lại.
[2026-08-28T17:20:16] [AUTO_START] WAIT_WINDOW attempt=1 pass=0 pid=7656 Flash launched at original size
[2026-08-28T17:20:47] [AUTO_START] FAILED_CLOSED attempt=1 pass=0 pid=7656 CAPTURE_UNAVAILABLE: Flash window exists but no readable frame for 30s (hwnd=2752552 size=1440x759); no login click was sent while state UNKNOWN
[2026-08-28T17:20:47] Daily CB: đăng nhập lần 3 chưa vào map; thử lại.
[2026-08-28T17:26:58] LOCAL_COMMAND nhận: truma_start
[2026-08-28T17:26:58] TRỪ MA acc_1 đã đang chạy, bỏ qua.
[2026-08-28T17:28:07] LOCAL_COMMAND nhận: truma_start
[2026-08-28T17:28:07] Đã bắt đầu TRỪ MA (1 lượt/acc): acc_1
[2026-08-28T17:28:07] TRỪ MA CB: client chưa mở, đang đăng nhập...
[2026-08-28T17:28:08] [AUTO_START] WAIT_WINDOW attempt=1 pass=0 pid=2732 Flash launched at original size
[2026-08-28T17:28:12] [AUTO_START] START_CLICKED attempt=1 pass=0 pid=2732 Bắt đầu
[2026-08-28T17:28:17] [AUTO_START] RETRY_START attempt=1 pass=0 pid=2732 chua thay chon kenh, bam lai Bat dau
[2026-08-28T17:28:36] [AUTO_START] START_CLICKED attempt=1 pass=0 pid=2732 Bắt đầu
[2026-08-28T17:28:39] [AUTO_START] CHANNEL_SELECTED attempt=1 pass=0 pid=2732 channel=(449, 308) choices=1
[2026-08-28T17:28:43] [AUTO_START] ENTER_GAME_CLICKED attempt=1 pass=0 pid=2732 character_slot=1 slot_verified=True
[2026-08-28T17:28:49] [AUTO_START] MAP_READY_OPEN attempt=1 pass=0 pid=2732 Player=0x134d90a0 Core=0xb4ba0d0 world=(2057,1309)
[2026-08-28T17:29:08] [POPUP] đã đóng cache_notice
[2026-08-28T17:29:39] [TRU_MA] TRỪ MA CB: phục hồi nhiệm vụ đã giết xong: Phi Ma Tập Kích
[2026-08-28T17:30:05] [TRU_MA] TRỪ MA CB: xong lượt 1/1 (Phi Ma Tập Kích)
[2026-08-28T17:30:05] [TRU_MA] TRỪ MA CB: hoàn tất 1 lượt.
[2026-08-28T17:30:05] TRỪ MA CB: DONE — 1/1 lượt; hoàn tất 1 lượt.
[2026-08-28T17:30:45] LOCAL_COMMAND nhận: trian_start
[2026-08-28T17:30:45] Đã bắt đầu TRỊ AN (1 lượt/acc): acc_1
[2026-08-28T17:31:56] [TRI_AN] TRỊ AN CB: dừng ở lượt 1: Nhận chưa có readback server cho quest 4; detail_id=0
[2026-08-28T17:31:57] TRỊ AN CB: FAILED — 0/1 lượt; dừng ở lượt 1: Nhận chưa có readback server cho quest 4; detail_id=0
[2026-08-28T22:39:39] [AUTO_START] WAIT_WINDOW attempt=1 pass=0 pid=11120 Flash launched at original size
[2026-08-28T22:39:39] [AUTO_START] WAIT_WINDOW attempt=1 pass=0 pid=11024 Flash launched at original size
[2026-08-28T22:39:39] [AUTO_START] WAIT_WINDOW attempt=1 pass=0 pid=8484 Flash launched at original size
[2026-08-28T22:39:40] Đang đăng nhập 5 acc...
[2026-08-28T22:39:44] [AUTO_START] WAIT_WINDOW attempt=1 pass=0 pid=11556 Flash launched at original size
[2026-08-28T22:39:48] [AUTO_START] START_CLICKED attempt=1 pass=0 pid=11556 Bắt đầu
[2026-08-28T22:39:49] Đã xếp 5 cửa sổ
[2026-08-28T22:39:50] [AUTO_START] START_CLICKED attempt=1 pass=0 pid=11024 Bắt đầu
[2026-08-28T22:39:52] [AUTO_START] START_CLICKED attempt=1 pass=0 pid=8484 Bắt đầu
[2026-08-28T22:39:52] [AUTO_START] RETRY_START attempt=1 pass=0 pid=11556 chua thay chon kenh, bam lai Bat dau
[2026-08-28T22:39:55] [AUTO_START] RETRY_START attempt=1 pass=0 pid=11024 chua thay chon kenh, bam lai Bat dau
[2026-08-28T22:39:55] [AUTO_START] START_CLICKED attempt=1 pass=0 pid=11120 Bắt đầu
[2026-08-28T22:39:56] [AUTO_START] RETRY_START attempt=1 pass=0 pid=8484 chua thay chon kenh, bam lai Bat dau
[2026-08-28T22:39:58] [AUTO_START] START_CLICKED attempt=1 pass=0 pid=11556 Bắt đầu
[2026-08-28T22:40:00] [AUTO_START] RETRY_START attempt=1 pass=0 pid=11120 chua thay chon kenh, bam lai Bat dau
[2026-08-28T22:40:02] [AUTO_START] RETRY_START attempt=1 pass=0 pid=11556 chua thay chon kenh, bam lai Bat dau
[2026-08-28T22:40:13] [AUTO_START] START_CLICKED attempt=1 pass=0 pid=11556 Bắt đầu
[2026-08-28T22:40:15] [AUTO_START] START_CLICKED attempt=1 pass=0 pid=11120 Bắt đầu
[2026-08-28T22:40:15] [AUTO_START] START_CLICKED attempt=1 pass=0 pid=11024 Bắt đầu
[2026-08-28T22:40:15] [AUTO_START] START_CLICKED attempt=1 pass=0 pid=3800 Bắt đầu
[2026-08-28T22:40:17] [AUTO_START] START_CLICKED attempt=1 pass=0 pid=8484 Bắt đầu
[2026-08-28T22:40:18] [AUTO_START] CHANNEL_SELECTED attempt=1 pass=0 pid=11556 channel=(449, 308) choices=1
[2026-08-28T22:40:21] [AUTO_START] CHANNEL_SELECTED attempt=1 pass=0 pid=11120 channel=(449, 308) choices=1
[2026-08-28T22:40:21] [AUTO_START] CHANNEL_SELECTED attempt=1 pass=0 pid=11024 channel=(449, 308) choices=1
[2026-08-28T22:40:21] [AUTO_START] CHANNEL_SELECTED attempt=1 pass=0 pid=3800 channel=(449, 308) choices=1
[2026-08-28T22:40:23] [AUTO_START] CHANNEL_SELECTED attempt=1 pass=0 pid=8484 channel=(449, 308) choices=1
[2026-08-28T22:40:27] [AUTO_START] ENTER_GAME_CLICKED attempt=1 pass=0 pid=11120 character_slot=1 slot_verified=True
[2026-08-28T22:40:27] [AUTO_START] ENTER_GAME_CLICKED attempt=1 pass=0 pid=3800 character_slot=1 slot_verified=True
[2026-08-28T22:40:27] [AUTO_START] ENTER_GAME_CLICKED attempt=1 pass=0 pid=11024 character_slot=1 slot_verified=True
[2026-08-28T22:40:28] [AUTO_START] ENTER_GAME_CLICKED attempt=1 pass=0 pid=11556 character_slot=1 slot_verified=True
[2026-08-28T22:40:29] [AUTO_START] ENTER_GAME_CLICKED attempt=1 pass=0 pid=8484 character_slot=1 slot_verified=True
[2026-08-28T22:40:36] [AUTO_START] MAP_READY_OPEN attempt=1 pass=0 pid=11120 Player=0x1bd130a0 Core=0xaca00d0 world=(3111,844)
[2026-08-28T22:40:41] [AUTO_START] MAP_READY_OPEN attempt=1 pass=0 pid=11024 Player=0x1d1870a0 Core=0x162170d0 world=(3108,838)
[2026-08-28T22:40:42] [AUTO_START] MAP_READY_OPEN attempt=1 pass=0 pid=3800 Player=0x1c5530a0 Core=0x9b970d0 world=(3108,839)
[2026-08-28T22:40:44] [AUTO_START] MAP_READY_OPEN attempt=1 pass=0 pid=11556 Player=0x205a10a0 Core=0x97b90d0 world=(1087,265)
[2026-08-28T22:40:47] [AUTO_START] MAP_READY_OPEN attempt=1 pass=0 pid=8484 Player=0x1c2af0a0 Core=0xb6090d0 world=(3118,1179)
[2026-08-28T23:43:45] LOCAL_COMMAND nhận: trian_start
[2026-08-28T23:43:46] Đã bắt đầu TRỊ AN (1 lượt/acc): acc_1
[2026-08-28T23:43:46] TRỊ AN CB: client chưa mở, đang đăng nhập...
[2026-08-28T23:43:46] [AUTO_START] WAIT_WINDOW attempt=1 pass=0 pid=8840 Flash launched at original size
[2026-08-28T23:43:51] [AUTO_START] START_CLICKED attempt=1 pass=0 pid=8840 Bắt đầu
[2026-08-28T23:43:57] [AUTO_START] RETRY_START attempt=1 pass=0 pid=8840 chua thay chon kenh, bam lai Bat dau
[2026-08-28T23:44:14] [AUTO_START] START_CLICKED attempt=1 pass=0 pid=8840 Bắt đầu
[2026-08-28T23:44:17] [AUTO_START] CHANNEL_SELECTED attempt=1 pass=0 pid=8840 channel=(449, 308) choices=1
[2026-08-28T23:44:21] [AUTO_START] ENTER_GAME_CLICKED attempt=1 pass=0 pid=8840 character_slot=1 slot_verified=True
[2026-08-28T23:44:26] [AUTO_START] MAP_READY_OPEN attempt=1 pass=0 pid=8840 Player=0x149b40a0 Core=0xd06a0d0 world=(1883,1464)
[2026-08-28T23:44:37] [POPUP] đã đóng cache_notice
[2026-08-28T23:44:58] [TRI_AN] TRỊ AN CB: mở NPC lần 1/8 chưa thành công: exact NPC Trưởng Cận Vệ Đông Huyền (family 306009 rid 277) count=0
[2026-08-28T23:45:01] [TRI_AN] TRỊ AN CB: mở NPC lần 2/8 chưa thành công: exact NPC Trưởng Cận Vệ Đông Huyền (family 306009 rid 277) count=0
[2026-08-28T23:46:19] [TRI_AN] TRỊ AN CB: đã nhận nhiệm vụ id=4671 (Truy Bắt Phi Tặc)
[2026-08-28T23:47:18] [TRI_AN] TRỊ AN CB: thiếu vật phẩm; thử lại Nhận trên đúng nhiệm vụ đang giữ: Nhận đã gọi qua AVM (id=4671)
[2026-08-28T23:48:14] [TRI_AN] TRỊ AN CB: dừng ở lượt 1: dùng vật phẩm chỉ đường: không thấy Lệnh Truy Bắt / Mật Lệnh Hải Tặc trong túi (đọc bộ nhớ, cả hai mã 2263, 4843)
[2026-08-28T23:48:14] TRỊ AN CB: FAILED — 0/1 lượt; dừng ở lượt 1: dùng vật phẩm chỉ đường: không thấy Lệnh Truy Bắt / Mật Lệnh Hải Tặc trong túi (đọc bộ nhớ, cả hai mã 2263, 4843)
[2026-08-28T23:50:51] LOCAL_COMMAND nhận: trian_status
[2026-08-28T23:51:48] LOCAL_COMMAND nhận: trian_start
[2026-08-28T23:51:48] Đã bắt đầu TRỊ AN (1 lượt/acc): acc_1
[2026-08-28T23:52:44] [TRI_AN] TRỊ AN CB: dừng ở lượt 1: Nhận chưa có readback server cho quest 4671; detail_id=4671
[2026-08-28T23:52:45] TRỊ AN CB: FAILED — 0/1 lượt; dừng ở lượt 1: Nhận chưa có readback server cho quest 4671; detail_id=4671
[2026-08-28T23:54:39] LOCAL_COMMAND nhận: trian_start
[2026-08-28T23:54:39] Đã bắt đầu TRỊ AN (1 lượt/acc): acc_1
[2026-08-28T23:55:40] [TRI_AN] TRỊ AN CB: lượt thất bại thứ 1 (Nhận chưa có readback server cho quest 4671; detail_id=4671; đã hủy đúng quest để thử lượt kế) — đã huỷ, nhận lại.
[2026-08-28T23:56:08] [TRI_AN] TRỊ AN CB: dừng ở lượt 2: đã mở dòng Trị An[Vòng] nhưng chưa đọc được dòng biến thể; không bấm mù dòng vòng lần nữa
[2026-08-28T23:56:08] TRỊ AN CB: FAILED — 0/1 lượt; dừng ở lượt 2: đã mở dòng Trị An[Vòng] nhưng chưa đọc được dòng biến thể; không bấm mù dòng vòng lần nữa
[2026-08-28T23:57:05] LOCAL_COMMAND nhận: trian_start
[2026-08-28T23:57:05] Đã bắt đầu TRỊ AN (1 lượt/acc): acc_1
[2026-08-28T23:58:06] [TRI_AN] TRỊ AN CB: lượt thất bại thứ 1 (Nhận chưa có readback server cho quest 4671; detail_id=4671; đã hủy đúng quest để thử lượt kế) — đã huỷ, nhận lại.
[2026-08-28T23:58:29] [TRI_AN] TRỊ AN CB: đã nhận nhiệm vụ id=4671 (Truy Bắt Phi Tặc)
[2026-08-28T23:59:28] [TRI_AN] TRỊ AN CB: thiếu vật phẩm; thử lại Nhận trên đúng nhiệm vụ đang giữ: Nhận đã gọi qua AVM (id=4671)
[2026-08-29T00:00:25] [TRI_AN] TRỊ AN CB: dừng ở lượt 2: dùng vật phẩm chỉ đường: không thấy Lệnh Truy Bắt / Mật Lệnh Hải Tặc trong túi (đọc bộ nhớ, cả hai mã 2263, 4843)
[2026-08-29T00:00:26] TRỊ AN CB: FAILED — 0/1 lượt; dừng ở lượt 2: dùng vật phẩm chỉ đường: không thấy Lệnh Truy Bắt / Mật Lệnh Hải Tặc trong túi (đọc bộ nhớ, cả hai mã 2263, 4843)
[2026-08-29T00:00:37] LOCAL_COMMAND nhận: trian_start
[2026-08-29T00:00:37] Đã bắt đầu TRỊ AN (1 lượt/acc): acc_1
[2026-08-29T00:01:16] [TRI_AN] TRỊ AN CB: đã nhận nhiệm vụ id=4671 (Truy Bắt Phi Tặc)
[2026-08-29T00:02:19] [TRI_AN] TRỊ AN CB: thiếu vật phẩm; thử lại Nhận trên đúng nhiệm vụ đang giữ: Nhận đã gọi qua AVM (id=4671)
[2026-08-29T00:03:23] [TRI_AN] TRỊ AN CB: lượt thất bại thứ 1 (quest 4671 không cấp item 2263; đã hủy đúng quest để thử lượt kế) — đã huỷ, nhận lại.
[2026-08-29T00:03:56] [TRI_AN] TRỊ AN CB: đã nhận nhiệm vụ id=4671 (Truy Bắt Phi Tặc)
[2026-08-29T00:04:59] [TRI_AN] TRỊ AN CB: thiếu vật phẩm; thử lại Nhận trên đúng nhiệm vụ đang giữ: Nhận đã gọi qua AVM (id=4671)
[2026-08-29T00:05:32] LOCAL_COMMAND nhận: trian_start
[2026-08-29T00:05:32] Đã bắt đầu TRỊ AN (1 lượt/acc): acc_1
[2026-08-29T00:06:27] [TRI_AN] TRỊ AN CB: đã nhận nhiệm vụ id=7667 (Phản Quân Hải Tặc)
[2026-08-29T00:06:30] [TRI_AN] TRỊ AN CB: vật phẩm mã 4843 ở trang 2 ô 20 (sid 2181)
[2026-08-29T00:06:46] [TRI_AN] TRỊ AN CB: đã dịch chuyển tới map 67 bằng Mật Lệnh Hải Tặc
[2026-08-29T00:06:48] [TRI_AN] TRỊ AN CB: mục tiêu: Phản Quân Đại Tướng family=306010 id=1071 (khớp theo name)
[2026-08-29T00:06:51] [AUTO_BOSS] Start selected-monster NPCView.clickNpc runner generation=1
[2026-08-29T00:06:54] [AUTO_BOSS] selected Monster 2060090100071 id=10869 type=3060100001071 resource=2060090100071 base=0x11725850 distance=0
[2026-08-29T00:06:54] [AUTO_BOSS] NPCView session fingerprint native=0xdb7cb8 avm=0x10618850 method_info=0xb580970 slot322_method_id=18293
[2026-08-29T00:06:54] [AUTO_BOSS] id=10869 distance=0 receiver=0x67e80d0 method=18293 stage=2
[2026-08-29T00:06:57] [AUTO_BOSS] battle edge false->true id=10869
[2026-08-29T00:08:26] [AUTO_BOSS] battle edge true->false clear=1
[2026-08-29T00:09:58] [TRI_AN] TRỊ AN CB: xong lượt 1/1 (Phản Quân Hải Tặc)
[2026-08-29T00:09:58] [TRI_AN] TRỊ AN CB: hoàn tất 1 lượt thành công (0 lượt thất bại).
[2026-08-29T00:09:59] TRỊ AN CB: DONE — 1/1 lượt; hoàn tất 1 lượt thành công (0 lượt thất bại).
[2026-08-29T00:13:28] LOCAL_COMMAND nhận: trian_start
[2026-08-29T00:13:28] Đã bắt đầu TRỊ AN (9 lượt/acc): acc_1
[2026-08-29T00:13:59] [TRI_AN] TRỊ AN CB: đã nhận nhiệm vụ id=7667 (Phản Quân Hải Tặc)
[2026-08-29T00:14:02] [TRI_AN] TRỊ AN CB: vật phẩm mã 4843 ở trang 2 ô 20 (sid 2181)
[2026-08-29T00:14:09] [TRI_AN] TRỊ AN CB: dừng ở lượt 1: dùng vật phẩm chỉ đường: không mở được túi đồ qua memory: {'ok': False, 'state': 'UNKNOWN', 'before': False, 'detail': 'post-state unreadable; do not retry'}
[2026-08-29T00:14:09] TRỊ AN CB: FAILED — 0/9 lượt; dừng ở lượt 1: dùng vật phẩm chỉ đường: không mở được túi đồ qua memory: {'ok': False, 'state': 'UNKNOWN', 'before': False, 'detail': 'post-state unreadable; do not retry'}
[2026-08-29T00:14:55] LOCAL_COMMAND nhận: trian_start
[2026-08-29T00:14:55] Đã bắt đầu TRỊ AN (9 lượt/acc): acc_1
[2026-08-29T00:14:55] TRỊ AN CB: client chưa mở, đang đăng nhập...
[2026-08-29T00:14:55] [AUTO_START] WAIT_WINDOW attempt=1 pass=0 pid=16056 Flash launched at original size
[2026-08-29T00:15:00] [AUTO_START] START_CLICKED attempt=1 pass=0 pid=16056 Bắt đầu
[2026-08-29T00:15:05] [AUTO_START] RETRY_START attempt=1 pass=0 pid=16056 chua thay chon kenh, bam lai Bat dau
[2026-08-29T00:15:08] [AUTO_START] START_CLICKED attempt=1 pass=0 pid=16056 Bắt đầu
[2026-08-29T00:15:14] [AUTO_START] RETRY_START attempt=1 pass=0 pid=16056 chua thay chon kenh, bam lai Bat dau
[2026-08-29T00:15:24] [AUTO_START] START_CLICKED attempt=1 pass=0 pid=16056 Bắt đầu
[2026-08-29T00:15:27] [AUTO_START] CHANNEL_SELECTED attempt=1 pass=0 pid=16056 channel=(449, 308) choices=1
[2026-08-29T00:15:31] [AUTO_START] ENTER_GAME_CLICKED attempt=1 pass=0 pid=16056 character_slot=1 slot_verified=True
[2026-08-29T00:15:36] [AUTO_START] MAP_READY_OPEN attempt=1 pass=0 pid=16056 Player=0xc0d20a0 Core=0x151190d0 world=(3108,839)
[2026-08-29T00:15:47] [POPUP] đã đóng cache_notice
[2026-08-29T00:15:50] [TRI_AN] TRỊ AN CB: mở NPC lần 1/8 chưa thành công: exact NPC Trưởng Cận Vệ Đông Huyền (family 306009 rid 277) count=0
[2026-08-29T00:15:53] [TRI_AN] TRỊ AN CB: mở NPC lần 2/8 chưa thành công: exact NPC Trưởng Cận Vệ Đông Huyền (family 306009 rid 277) count=0
[2026-08-29T00:16:22] [TRI_AN] TRỊ AN CB: đã nhận nhiệm vụ id=7667 (Phản Quân Hải Tặc)
[2026-08-29T00:16:24] [TRI_AN] TRỊ AN CB: vật phẩm mã 4843 ở trang 2 ô 20 (sid 2181)
[2026-08-29T00:16:38] [TRI_AN] TRỊ AN CB: đã dịch chuyển tới map 15 bằng Mật Lệnh Hải Tặc
[2026-08-29T00:16:40] [TRI_AN] TRỊ AN CB: mục tiêu: Phản Quân Đại Tướng family=306010 id=1071 (khớp theo name)
[2026-08-29T00:16:42] [AUTO_BOSS] Start selected-monster NPCView.clickNpc runner generation=1
[2026-08-29T00:16:44] [AUTO_BOSS] selected Monster 2060090100071 id=16949 type=3060100001071 resource=2060090100071 base=0xd768ae0 distance=0
[2026-08-29T00:16:44] [AUTO_BOSS] NPCView session fingerprint native=0xdb7cb8 avm=0xce14850 method_info=0xadbb9e0 slot322_method_id=18293
[2026-08-29T00:16:44] [AUTO_BOSS] id=16949 distance=0 receiver=0x1fe0dca0 method=18293 stage=2
[2026-08-29T00:16:46] [AUTO_BOSS] battle edge false->true id=16949
[2026-08-29T00:18:19] [AUTO_BOSS] battle edge true->false clear=1
[2026-08-29T00:19:28] [TRI_AN] TRỊ AN CB: mở NPC lần 1/8 chưa thành công: không có view/slot322 trên 1 bản ghi exact NPC
[2026-08-29T00:19:34] [TRI_AN] TRỊ AN CB: mở NPC lần 2/8 chưa thành công: không có view/slot322 trên 1 bản ghi exact NPC
[2026-08-29T00:19:52] [TRI_AN] TRỊ AN CB: xong lượt 1/9 (Phản Quân Hải Tặc)
[2026-08-29T00:20:22] [TRI_AN] TRỊ AN CB: đã nhận nhiệm vụ id=7667 (Phản Quân Hải Tặc)
[2026-08-29T00:20:25] [TRI_AN] TRỊ AN CB: vật phẩm mã 4843 ở trang 2 ô 23 (sid 2184)
[2026-08-29T00:20:39] [TRI_AN] TRỊ AN CB: đã dịch chuyển tới map 27 bằng Mật Lệnh Hải Tặc
[2026-08-29T00:20:41] [TRI_AN] TRỊ AN CB: chờ Phản Quân Hải Tặc xuất hiện (0s): không thấy đúng mục tiêu Phản Quân Hải Tặc; memory thấy 21 entity ứng viên, mẫu gần nhất=[{'name': 'Ragnir', 'family': '305008', 'id': 1, 'runtime_id': 3220, 'distance': 0.0}, {'name': 'Phi Tặc', 'family': '306010', 'id': 37, 'runtime_id': 13568, 'distance': 0.0}, {'name': 'Nấm Yêu Huyết Hồng (lv40)', 'family': '306010', 'id': 16, 'runtime_id': 717, 'distance': 186.5}, {'name': 'Cận Vệ Của Rink', 'family': '305007', 'id': 5, 'runtime_id': 601, 'distance': 302.6}, {'name': 'Thợ Đốn Gỗ', 'family': '306009', 'id': 8, 'runtime_id': 613, 'distance': 384.1}, {'name': 'Thương Nhân Thần Bí', 'family': '306009', 'id': 57, 'runtime_id': 74, 'distance': 512.6}, {'name': 'Đại Khâu Lăng Sơn Quái', 'family': '306010', 'id': 19, 'runtime_id': 449, 'distance': 732.2}, {'name': 'Hám Địa Long', 'family': '306010', 'id': 48, 'runtime_id': 11190, 'distance': 774.5}, {'name': '', 'family': '306010', 'id': 1088, 'runtime_id': 13071, 'distance': 793.6}, {'name': 'Thợ Săn Luca', 'family': '306010', 'id': 29, 'runtime_id': 403, 'distance': 1090.2}, {'name': 'Tử Thi', 'family': '306009', 'id': 43, 'runtime_id': 616, 'distance': 1133.9}, {'name': 'Viễn Cổ Cự Thú', 'family': '306010', 'id': 1161, 'runtime_id': 2169, 'distance': 1162.2}]
[2026-08-29T00:20:53] [TRI_AN] TRỊ AN CB: chờ Phản Quân Hải Tặc xuất hiện (10s): không thấy đúng mục tiêu Phản Quân Hải Tặc; memory thấy 21 entity ứng viên, mẫu gần nhất=[{'name': 'Ragnir', 'family': '305008', 'id': 1, 'runtime_id': 3220, 'distance': 0.0}, {'name': 'Phi Tặc', 'family': '306010', 'id': 37, 'runtime_id': 13568, 'distance': 0.0}, {'name': 'Nấm Yêu Huyết Hồng (lv40)', 'family': '306010', 'id': 16, 'runtime_id': 717, 'distance': 186.5}, {'name': 'Cận Vệ Của Rink', 'family': '305007', 'id': 5, 'runtime_id': 601, 'distance': 302.6}, {'name': 'Thợ Đốn Gỗ', 'family': '306009', 'id': 8, 'runtime_id': 613, 'distance': 384.1}, {'name': 'Thương Nhân Thần Bí', 'family': '306009', 'id': 57, 'runtime_id': 74, 'distance': 512.6}, {'name': 'Đại Khâu Lăng Sơn Quái', 'family': '306010', 'id': 19, 'runtime_id': 449, 'distance': 732.2}, {'name': 'Hám Địa Long', 'family': '306010', 'id': 48, 'runtime_id': 11190, 'distance': 774.5}, {'name': '', 'family': '306010', 'id': 1088, 'runtime_id': 13071, 'distance': 793.6}, {'name': 'Thợ Săn Luca', 'family': '306010', 'id': 29, 'runtime_id': 403, 'distance': 1090.2}, {'name': 'Tử Thi', 'family': '306009', 'id': 43, 'runtime_id': 616, 'distance': 1133.9}, {'name': 'Viễn Cổ Cự Thú', 'family': '306010', 'id': 1161, 'runtime_id': 2169, 'distance': 1162.2}]
[2026-08-29T00:21:05] [TRI_AN] TRỊ AN CB: chờ Phản Quân Hải Tặc xuất hiện (20s): không thấy đúng mục tiêu Phản Quân Hải Tặc; memory thấy 21 entity ứng viên, mẫu gần nhất=[{'name': 'Ragnir', 'family': '305008', 'id': 1, 'runtime_id': 3220, 'distance': 0.0}, {'name': 'Phi Tặc', 'family': '306010', 'id': 37, 'runtime_id': 13568, 'distance': 0.0}, {'name': 'Nấm Yêu Huyết Hồng (lv40)', 'family': '306010', 'id': 16, 'runtime_id': 717, 'distance': 186.5}, {'name': 'Cận Vệ Của Rink', 'family': '305007', 'id': 5, 'runtime_id': 601, 'distance': 302.6}, {'name': 'Thợ Đốn Gỗ', 'family': '306009', 'id': 8, 'runtime_id': 613, 'distance': 384.1}, {'name': 'Thương Nhân Thần Bí', 'family': '306009', 'id': 57, 'runtime_id': 74, 'distance': 512.6}, {'name': 'Đại Khâu Lăng Sơn Quái', 'family': '306010', 'id': 19, 'runtime_id': 449, 'distance': 732.2}, {'name': 'Hám Địa Long', 'family': '306010', 'id': 48, 'runtime_id': 11190, 'distance': 774.5}, {'name': '', 'family': '306010', 'id': 1088, 'runtime_id': 13071, 'distance': 793.6}, {'name': 'Thợ Săn Luca', 'family': '306010', 'id': 29, 'runtime_id': 403, 'distance': 1090.2}, {'name': 'Tử Thi', 'family': '306009', 'id': 43, 'runtime_id': 616, 'distance': 1133.9}, {'name': 'Viễn Cổ Cự Thú', 'family': '306010', 'id': 1161, 'runtime_id': 2169, 'distance': 1162.2}]
[2026-08-29T00:21:59] [TRI_AN] TRỊ AN CB: lượt thất bại thứ 1 (chờ 30s không thấy mục tiêu Phản Quân Hải Tặc (không thấy đúng mục tiêu Phản Quân Hải Tặc; memory thấy 21 entity ứng viên, mẫu gần nhất=[{'name': 'Ragnir', 'family': '305008', 'id': 1, 'runtime_id': 3220, 'distance': 0.0}, {'name': 'Phi Tặc', 'family': '306010', 'id': 37, 'runtime_id': 13568, 'distance': 0.0}, {'name': 'Nấm Yêu Huyết Hồng (lv40)', 'family': '306010', 'id': 16, 'runtime_id': 717, 'distance': 186.5}, {'name': 'Cận Vệ Của Rink', 'family': '305007', 'id': 5, 'runtime_id': 601, 'distance': 302.6}, {'name': 'Thợ Đốn Gỗ', 'family': '306009', 'id': 8, 'runtime_id': 613, 'distance': 384.1}, {'name': 'Thương Nhân Thần Bí', 'family': '306009', 'id': 57, 'runtime_id': 74, 'distance': 512.6}, {'name': 'Đại Khâu Lăng Sơn Quái', 'family': '306010', 'id': 19, 'runtime_id': 449, 'distance': 732.2}, {'name': 'Hám Địa Long', 'family': '306010', 'id': 48, 'runtime_id': 11190, 'distance': 774.5}, {'name': '', 'family': '306010', 'id': 1088, 'runtime_id': 13071, 'distance': 793.6}, {'name': 'Thợ Săn Luca', 'family': '306010', 'id': 29, 'runtime_id': 403, 'distance': 1090.2}, {'name': 'Tử Thi', 'family': '306009', 'id': 43, 'runtime_id': 616, 'distance': 1133.9}, {'name': 'Viễn Cổ Cự Thú', 'family': '306010', 'id': 1161, 'runtime_id': 2169, 'distance': 1162.2}])) — đã huỷ, nhận lại.
[2026-08-29T00:24:10] LOCAL_COMMAND nhận: trian_status
[2026-08-29T00:26:42] [TRI_AN] TRỊ AN CB: dừng ở lượt 3: Nhận chưa có readback server cho quest 4671; detail_id=4671; hủy recovery lỗi: mất client
[2026-08-29T00:26:43] TRỊ AN CB: FAILED — 1/9 lượt; dừng ở lượt 3: Nhận chưa có readback server cho quest 4671; detail_id=4671; hủy recovery lỗi: mất client
[2026-08-29T00:27:36] LOCAL_COMMAND nhận: trian_start
[2026-08-29T00:27:36] Đã bắt đầu TRỊ AN (8 lượt/acc): acc_1
[2026-08-29T00:27:36] TRỊ AN CB: client chưa mở, đang đăng nhập...
[2026-08-29T00:27:36] [AUTO_START] WAIT_WINDOW attempt=1 pass=0 pid=4044 Flash launched at original size
[2026-08-29T00:27:41] [AUTO_START] START_CLICKED attempt=1 pass=0 pid=4044 Bắt đầu
[2026-08-29T00:27:46] [AUTO_START] RETRY_START attempt=1 pass=0 pid=4044 chua thay chon kenh, bam lai Bat dau
[2026-08-29T00:28:02] [AUTO_START] START_CLICKED attempt=1 pass=0 pid=4044 Bắt đầu
[2026-08-29T00:28:05] [AUTO_START] CHANNEL_SELECTED attempt=1 pass=0 pid=4044 channel=(449, 308) choices=1
[2026-08-29T00:28:10] [AUTO_START] ENTER_GAME_CLICKED attempt=1 pass=0 pid=4044 character_slot=1 slot_verified=True
[2026-08-29T00:28:15] [AUTO_START] MAP_READY_OPEN attempt=1 pass=0 pid=4044 Player=0x136570a0 Core=0xd4b10d0 world=(3108,838)
[2026-08-29T00:28:26] [POPUP] đã đóng cache_notice
[2026-08-29T00:28:29] [TRI_AN] TRỊ AN CB: mở NPC lần 1/8 chưa thành công: exact NPC Trưởng Cận Vệ Đông Huyền (family 306009 rid 277) count=0
[2026-08-29T00:28:33] [TRI_AN] TRỊ AN CB: mở NPC lần 2/8 chưa thành công: exact NPC Trưởng Cận Vệ Đông Huyền (family 306009 rid 277) count=0
[2026-08-29T00:29:48] TRỊ AN CB: CLIENT_CRASH — process da tat; dừng memory scan và relogin.
[2026-08-29T00:29:48] [AUTO_START] WAIT_WINDOW attempt=1 pass=0 pid=2344 Flash launched at original size
[2026-08-29T00:29:52] [AUTO_START] START_CLICKED attempt=1 pass=0 pid=2344 Bắt đầu
[2026-08-29T00:29:53] [TRI_AN] TRỊ AN CB: lượt thất bại thứ 1 (Nhận chưa có readback server cho quest 4671; detail_id=4671; đã hủy đúng quest để thử lượt kế) — đã huỷ, nhận lại.
[2026-08-29T00:29:57] [AUTO_START] RETRY_START attempt=1 pass=0 pid=2344 chua thay chon kenh, bam lai Bat dau
[2026-08-29T00:30:00] [AUTO_START] START_CLICKED attempt=1 pass=0 pid=2344 Bắt đầu
[2026-08-29T00:30:05] [AUTO_START] RETRY_START attempt=1 pass=0 pid=2344 chua thay chon kenh, bam lai Bat dau
[2026-08-29T00:30:16] [AUTO_START] START_CLICKED attempt=1 pass=0 pid=2344 Bắt đầu
[2026-08-29T00:30:18] [AUTO_START] CHANNEL_SELECTED attempt=1 pass=0 pid=2344 channel=(449, 308) choices=1
[2026-08-29T00:30:23] [AUTO_START] ENTER_GAME_CLICKED attempt=1 pass=0 pid=2344 character_slot=1 slot_verified=True
[2026-08-29T00:30:28] [AUTO_START] MAP_READY_OPEN attempt=1 pass=0 pid=2344 Player=0x11b780a0 Core=0x1586b0d0 world=(3108,838)
[2026-08-29T00:30:33] TRỊ AN CB: RESUME sau crash 1/3, còn 8 lượt.
[2026-08-29T00:30:38] [POPUP] đã đóng cache_notice
[2026-08-29T00:31:06] LOCAL_COMMAND nhận: trian_stop
[2026-08-29T00:31:06] Đã yêu cầu dừng TRỊ AN: acc_1
[2026-08-29T00:31:07] TRỊ AN CB: STOPPED — 0/8 lượt; -
[2026-08-29T00:31:15] Đã bắt đầu TRỊ AN (10 lượt/acc): acc_1
[2026-08-29T00:31:15] TRỊ AN CB: client chưa mở, đang đăng nhập...
[2026-08-29T00:31:15] [AUTO_START] WAIT_WINDOW attempt=1 pass=0 pid=12824 Flash launched at original size
[2026-08-29T00:31:21] [AUTO_START] START_CLICKED attempt=1 pass=0 pid=12824 Bắt đầu
[2026-08-29T00:31:28] [AUTO_START] RETRY_START attempt=1 pass=0 pid=12824 chua thay chon kenh, bam lai Bat dau
[2026-08-29T00:31:28] [TRI_AN] TRỊ AN CB: dừng ở lượt 1: Nhận chưa có readback server cho quest 4671; detail_id=4671; hủy recovery lỗi: không resolve được ViewManager
[2026-08-29T00:31:28] LOCAL_COMMAND nhận: trian_stop
[2026-08-29T00:31:28] Không có TRỊ AN đang chạy trong phạm vi đã chọn.
[2026-08-29T00:31:44] [AUTO_START] START_CLICKED attempt=1 pass=0 pid=12824 Bắt đầu
[2026-08-29T00:31:47] [AUTO_START] CHANNEL_SELECTED attempt=1 pass=0 pid=12824 channel=(449, 308) choices=1
[2026-08-29T00:31:51] [AUTO_START] ENTER_GAME_CLICKED attempt=1 pass=0 pid=12824 character_slot=1 slot_verified=True
[2026-08-29T00:31:56] [AUTO_START] MAP_READY_OPEN attempt=1 pass=0 pid=12824 Player=0x158800a0 Core=0xdbeb0d0 world=(2976,713)
[2026-08-29T00:32:01] Daily CB: đăng nhập lần 1 chưa vào map; thử lại.
[2026-08-29T00:32:04] [AUTO_START] WAIT_WINDOW attempt=1 pass=0 pid=3308 Flash launched at original size
[2026-08-29T00:32:09] [AUTO_START] START_CLICKED attempt=1 pass=0 pid=3308 Bắt đầu
[2026-08-29T00:32:14] [AUTO_START] RETRY_START attempt=1 pass=0 pid=3308 chua thay chon kenh, bam lai Bat dau
[2026-08-29T00:32:17] [AUTO_START] START_CLICKED attempt=1 pass=0 pid=3308 Bắt đầu
[2026-08-29T00:32:23] [AUTO_START] RETRY_START attempt=1 pass=0 pid=3308 chua thay chon kenh, bam lai Bat dau
[2026-08-29T00:32:34] [AUTO_START] START_CLICKED attempt=1 pass=0 pid=3308 Bắt đầu
[2026-08-29T00:32:36] [AUTO_START] CHANNEL_SELECTED attempt=1 pass=0 pid=3308 channel=(449, 308) choices=1
[2026-08-29T00:32:41] [AUTO_START] ENTER_GAME_CLICKED attempt=1 pass=0 pid=3308 character_slot=1 slot_verified=True
[2026-08-29T00:32:46] [AUTO_START] MAP_READY_OPEN attempt=1 pass=0 pid=3308 Player=0xe6770a0 Core=0xac4c0d0 world=(2976,713)
[2026-08-29T00:32:56] [POPUP] đã đóng cache_notice
[2026-08-29T00:33:42] [TRI_AN] TRỊ AN CB: dừng ở lượt 1: đã mở dòng Trị An[Vòng] nhưng chưa đọc được dòng biến thể; không bấm mù dòng vòng lần nữa
[2026-08-29T00:33:43] TRỊ AN CB: FAILED — 0/10 lượt; dừng ở lượt 1: đã mở dòng Trị An[Vòng] nhưng chưa đọc được dòng biến thể; không bấm mù dòng vòng lần nữa
[2026-08-29T00:54:32] [AUTO_START] WAIT_WINDOW attempt=1 pass=0 pid=16364 Flash launched at original size
[2026-08-29T00:54:32] Đang đăng nhập 1 acc...
[2026-08-29T00:54:37] [AUTO_START] START_CLICKED attempt=1 pass=0 pid=16364 Bắt đầu
[2026-08-29T00:54:42] [AUTO_START] RETRY_START attempt=1 pass=0 pid=16364 chua thay chon kenh, bam lai Bat dau
[2026-08-29T00:54:45] [AUTO_START] START_CLICKED attempt=1 pass=0 pid=16364 Bắt đầu
[2026-08-29T00:54:51] [AUTO_START] RETRY_START attempt=1 pass=0 pid=16364 chua thay chon kenh, bam lai Bat dau
[2026-08-29T00:55:03] [AUTO_START] START_CLICKED attempt=1 pass=0 pid=16364 Bắt đầu
[2026-08-29T00:55:06] [AUTO_START] CHANNEL_SELECTED attempt=1 pass=0 pid=16364 channel=(449, 308) choices=1
[2026-08-29T00:55:10] [AUTO_START] ENTER_GAME_CLICKED attempt=1 pass=0 pid=16364 character_slot=1 slot_verified=True
[2026-08-29T00:55:16] [AUTO_START] MAP_READY_OPEN attempt=1 pass=0 pid=16364 Player=0x1d9e80a0 Core=0xcde30d0 world=(3111,796)
[2026-08-29T02:20:21] Đã bắt đầu Daily theo cấu hình riêng: acc_1
[2026-08-29T02:20:21] Daily CB: client chưa mở, đang đăng nhập trước bước VIP...
[2026-08-29T02:20:21] [AUTO_START] WAIT_WINDOW attempt=1 pass=0 pid=9892 Flash launched at original size
[2026-08-29T02:20:26] [AUTO_START] START_CLICKED attempt=1 pass=0 pid=9892 Bắt đầu
[2026-08-29T02:20:32] [AUTO_START] RETRY_START attempt=1 pass=0 pid=9892 chua thay chon kenh, bam lai Bat dau
[2026-08-29T02:20:49] [AUTO_START] START_CLICKED attempt=1 pass=0 pid=9892 Bắt đầu
[2026-08-29T02:20:52] [AUTO_START] CHANNEL_SELECTED attempt=1 pass=0 pid=9892 channel=(449, 308) choices=1
[2026-08-29T02:20:56] [AUTO_START] ENTER_GAME_CLICKED attempt=1 pass=0 pid=9892 character_slot=1 slot_verified=True
[2026-08-29T02:21:01] [AUTO_START] MAP_READY_OPEN attempt=1 pass=0 pid=9892 Player=0x14ac60a0 Core=0x17ca00d0 world=(2875,837)
[2026-08-29T02:21:01] acc_1: FPS FPS_NO_UI_CONTROL: target=30 current=None
[2026-08-29T02:21:09] [POPUP] đã đóng cache_notice
[2026-08-29T02:21:16] Daily xong bước VIP: đã thử claim 5/5 dòng VIP
[2026-08-29T02:21:18] Daily CB: cleanup memory VIP: {'ok': True, 'results': {'vip': {'ok': True, 'changed': False, 'before': False, 'after': False}}}
[2026-08-29T02:21:27] Daily xong bước NHẬN THỜI TRANG: đã Rút Bộ thường, bấm Xác nhận và đọc lại popup đã đóng
[2026-08-29T02:21:30] Daily CB: cleanup memory NHẬN THỜI TRANG: {'ok': True, 'results': {'character': {'ok': True, 'changed': False, 'before': False, 'after': False}}}
[2026-08-29T02:22:15] Daily xong bước MẬT BẢO: đã dò cấp 6→6, chọn công thức cấp 6 và bấm Chế tạo Mật Bảo 20 lần
[2026-08-29T02:22:18] Daily CB: cleanup memory MẬT BẢO: {'ok': True, 'results': {'character': {'ok': True, 'changed': False, 'before': False, 'after': False}}}
[2026-08-29T02:22:29] Daily xong bước ĐIÊU KHẮC: đã bấm Đổi miễn phí và xác nhận Có trong KGĐK
[2026-08-29T02:22:32] Daily CB: cleanup memory ĐIÊU KHẮC: {'ok': True, 'results': {'character': {'ok': True, 'changed': False, 'before': False, 'after': False}}}
[2026-08-29T02:23:23] Daily xong bước LẬT THẺ BÀI: đã phát bài, nhận thưởng và xác nhận Có 10/10 lượt
[2026-08-29T02:23:25] Daily CB: cleanup memory LẬT THẺ BÀI: {'ok': True, 'results': {'card_game': {'ok': True, 'changed': False, 'before': False, 'after': False}}}
[2026-08-29T02:23:47] [DUNGEON] NPC live-panel probe: 2.62s panel=0x0
[2026-08-29T02:23:54] [DUNGEON] NPC open attempt 1: exact NPC count=0 elapsed=7.53s
[2026-08-29T02:24:04] [DUNGEON] NPC open attempt 2: exact NPC count=0 elapsed=7.72s
[2026-08-29T02:24:18] [DUNGEON] NPC live-panel probe: 3.03s panel=0x13e43ae0
[2026-08-29T02:24:45] [DUNGEON] NPC live-panel probe: 2.94s panel=0x13e43ae0
[2026-08-29T02:25:10] [DUNGEON] NPC live-panel probe: 3.41s panel=0x13e43ae0
[2026-08-29T02:25:34] [DUNGEON] NPC live-panel probe: 3.14s panel=0x13e43ae0
[2026-08-29T02:25:59] [DUNGEON] NPC live-panel probe: 3.19s panel=0x13e43ae0
[2026-08-29T02:26:16] Daily PHỤ BẢN lượt đầu: Liệt Diễm Thâm Uyên: Xong qua memory chưa có readback
[2026-08-29T02:26:16] Daily CB: bỏ qua PHỤ BẢN (lỗi): Liệt Diễm Thâm Uyên: Xong qua memory chưa có readback — evidence: C:\Users\Administrator\Desktop\New folder\fbh_v2_ttt_fixed-20260709T181609Z-2-001\fbh_multi_account_infinite_auto\dev_supervisor_target_a_v2_20260814\logs\daily_errors\acc_1\20260829_022616_PHỤ_BẢN.png
[2026-08-29T02:26:16] Daily CB: đã reset Flash sau lỗi PHỤ BẢN; tác vụ kế tiếp sẽ đăng nhập từ trạng thái sạch.
[2026-08-29T02:26:16] Daily CB: client chưa mở, đang đăng nhập trước bước HÀNH LANG...
[2026-08-29T02:26:16] [AUTO_START] WAIT_WINDOW attempt=1 pass=0 pid=16140 Flash launched at original size
[2026-08-29T02:26:20] [AUTO_START] START_CLICKED attempt=1 pass=0 pid=16140 Bắt đầu
[2026-08-29T02:26:25] [AUTO_START] RETRY_START attempt=1 pass=0 pid=16140 chua thay chon kenh, bam lai Bat dau
[2026-08-29T02:26:27] [AUTO_START] START_CLICKED attempt=1 pass=0 pid=16140 Bắt đầu
[2026-08-29T02:26:33] [AUTO_START] RETRY_START attempt=1 pass=0 pid=16140 chua thay chon kenh, bam lai Bat dau
[2026-08-29T02:26:43] [AUTO_START] START_CLICKED attempt=1 pass=0 pid=16140 Bắt đầu
[2026-08-29T02:26:46] [AUTO_START] CHANNEL_SELECTED attempt=1 pass=0 pid=16140 channel=(449, 308) choices=1
[2026-08-29T02:26:50] [AUTO_START] ENTER_GAME_CLICKED attempt=1 pass=0 pid=16140 character_slot=1 slot_verified=True
[2026-08-29T02:26:55] [AUTO_START] MAP_READY_OPEN attempt=1 pass=0 pid=16140 Player=0x144120a0 Core=0xc7030d0 world=(3090,1603)
[2026-08-29T02:26:55] acc_1: FPS FPS_NO_UI_CONTROL: target=30 current=None
[2026-08-29T02:27:04] [POPUP] đã đóng cache_notice
[2026-08-29T02:27:28] Daily xong bước HÀNH LANG: đã bấm Nhận Quà Hàng Ngày tại Hành Lang
[2026-08-29T02:27:30] Daily CB: cleanup memory HÀNH LANG: {'ok': True, 'results': {'npc_dialog': {'ok': True, 'changed': False, 'before': False, 'after': False}}}
[2026-08-29T02:27:42] [POPUP] đã đóng npc_dialog
[2026-08-29T02:27:51] Daily xong bước THẦN TU: đã bấm đúng Bắt đầu → Có cho THẦN TU
[2026-08-29T02:27:51] Daily: đã đóng Flash sau Thần Tu; chờ 25 phút.
[2026-08-29T02:52:51] Daily CB: client chưa mở, đang đăng nhập trước bước mở lại sau Thần Tu...
[2026-08-29T02:52:51] [AUTO_START] WAIT_WINDOW attempt=1 pass=0 pid=4568 Flash launched at original size
[2026-08-29T02:52:55] [AUTO_START] START_CLICKED attempt=1 pass=0 pid=4568 Bắt đầu
[2026-08-29T02:53:00] [AUTO_START] RETRY_START attempt=1 pass=0 pid=4568 chua thay chon kenh, bam lai Bat dau
[2026-08-29T02:53:02] [AUTO_START] START_CLICKED attempt=1 pass=0 pid=4568 Bắt đầu
[2026-08-29T02:53:07] [AUTO_START] RETRY_START attempt=1 pass=0 pid=4568 chua thay chon kenh, bam lai Bat dau
[2026-08-29T02:53:17] [AUTO_START] START_CLICKED attempt=1 pass=0 pid=4568 Bắt đầu
[2026-08-29T02:53:20] [AUTO_START] CHANNEL_SELECTED attempt=1 pass=0 pid=4568 channel=(449, 308) choices=1
[2026-08-29T02:53:24] [AUTO_START] ENTER_GAME_CLICKED attempt=1 pass=0 pid=4568 character_slot=1 slot_verified=True
[2026-08-29T02:53:29] [AUTO_START] MAP_READY_OPEN attempt=1 pass=0 pid=4568 Player=0x135f90a0 Core=0xc3550d0 world=(2099,413)
[2026-08-29T02:53:29] acc_1: FPS FPS_NO_UI_CONTROL: target=30 current=None
[2026-08-29T02:53:37] [POPUP] đã đóng cache_notice
[2026-08-29T02:53:58] [DUNGEON] NPC live-panel probe: 2.45s panel=0x0
[2026-08-29T02:54:06] [DUNGEON] NPC open attempt 1: exact NPC count=0 elapsed=7.22s
[2026-08-29T02:54:15] [DUNGEON] NPC open attempt 2: exact NPC count=0 elapsed=7.36s
[2026-08-29T02:54:28] [DUNGEON] NPC live-panel probe: 2.78s panel=0x21c775c0
[2026-08-29T02:54:53] [DUNGEON] NPC live-panel probe: 2.83s panel=0x21c775c0
[2026-08-29T02:55:04] Daily PHỤ BẢN checkpoint 25 phút (mốc 1): Trở Lại Lang Huyệt: quest id=3985 exact title not in 6 list items
[2026-08-29T02:55:04] Daily CB: bỏ qua PHỤ BẢN (lỗi): checkpoint 25 phút (mốc 1): Trở Lại Lang Huyệt: quest id=3985 exact title not in 6 list items — evidence: C:\Users\Administrator\Desktop\New folder\fbh_v2_ttt_fixed-20260709T181609Z-2-001\fbh_multi_account_infinite_auto\dev_supervisor_target_a_v2_20260814\logs\daily_errors\acc_1\20260829_025504_PHỤ_BẢN.png
[2026-08-29T02:55:04] Daily CB: đã reset Flash sau lỗi PHỤ BẢN; tác vụ kế tiếp sẽ đăng nhập từ trạng thái sạch.
[2026-08-29T02:55:04] [AUTO_START] WAIT_WINDOW attempt=1 pass=0 pid=12652 Flash launched at original size
[2026-08-29T02:55:09] [AUTO_START] START_CLICKED attempt=1 pass=0 pid=12652 Bắt đầu
[2026-08-29T02:55:14] [AUTO_START] RETRY_START attempt=1 pass=0 pid=12652 chua thay chon kenh, bam lai Bat dau
[2026-08-29T02:55:30] [AUTO_START] START_CLICKED attempt=1 pass=0 pid=12652 Bắt đầu
[2026-08-29T02:55:33] [AUTO_START] CHANNEL_SELECTED attempt=1 pass=0 pid=12652 channel=(449, 308) choices=1
[2026-08-29T02:55:37] [AUTO_START] ENTER_GAME_CLICKED attempt=1 pass=0 pid=12652 character_slot=1 slot_verified=True
[2026-08-29T02:55:42] [AUTO_START] MAP_READY_OPEN attempt=1 pass=0 pid=12652 Player=0x1ed6d0a0 Core=0x17fba0d0 world=(3083,1619)
[2026-08-29T02:55:42] acc_1: FPS FPS_NO_UI_CONTROL: target=30 current=None
[2026-08-29T02:55:51] [POPUP] đã đóng cache_notice
[2026-08-29T02:56:25] Daily xong bước TU HÀNH: đã bấm đúng Bắt đầu → Có cho TU HÀNH
[2026-08-29T02:56:25] Daily: đã đóng Flash sau Tu Hành; chờ 31 phút.
[2026-08-29T08:01:35] Đã bắt đầu Daily theo cấu hình riêng: acc_1
[2026-08-29T08:01:35] Daily CB: client chưa mở, đang đăng nhập trước bước VIP...
[2026-08-29T08:01:35] [AUTO_START] WAIT_WINDOW attempt=1 pass=0 pid=17100 Flash launched at original size
[2026-08-29T08:01:40] [AUTO_START] START_CLICKED attempt=1 pass=0 pid=17100 Bắt đầu
[2026-08-29T08:01:45] [AUTO_START] RETRY_START attempt=1 pass=0 pid=17100 chua thay chon kenh, bam lai Bat dau
[2026-08-29T08:01:48] [AUTO_START] START_CLICKED attempt=1 pass=0 pid=17100 Bắt đầu
[2026-08-29T08:01:53] [AUTO_START] RETRY_START attempt=1 pass=0 pid=17100 chua thay chon kenh, bam lai Bat dau
[2026-08-29T08:02:05] [AUTO_START] START_CLICKED attempt=1 pass=0 pid=17100 Bắt đầu
[2026-08-29T08:02:08] [AUTO_START] CHANNEL_SELECTED attempt=1 pass=0 pid=17100 channel=(449, 308) choices=1
[2026-08-29T08:02:12] [AUTO_START] ENTER_GAME_CLICKED attempt=1 pass=0 pid=17100 character_slot=1 slot_verified=True
[2026-08-29T08:02:17] [AUTO_START] MAP_READY_OPEN attempt=1 pass=0 pid=17100 Player=0x1b6a10a0 Core=0x112600d0 world=(2172,457)
[2026-08-29T08:02:17] acc_1: FPS FPS_NO_UI_CONTROL: target=30 current=None
[2026-08-29T08:02:28] [POPUP] đã đóng cache_notice
[2026-08-29T08:02:36] Daily xong bước VIP: đã thử claim 5/5 dòng VIP
[2026-08-29T08:02:39] Daily CB: cleanup memory VIP: {'ok': True, 'results': {'vip': {'ok': True, 'changed': False, 'before': False, 'after': False}}}
[2026-08-29T08:02:51] Daily xong bước NHẬN THỜI TRANG: đã bấm Rút thưởng nhưng không thấy popup Chúc mừng — có thể lượt miễn phí hôm nay đã dùng, không tính là đã nhận
[2026-08-29T08:02:54] Daily CB: cleanup memory NHẬN THỜI TRANG: {'ok': True, 'results': {'character': {'ok': True, 'changed': False, 'before': False, 'after': False}}}
[2026-08-29T08:03:40] Daily xong bước MẬT BẢO: đã dò cấp 6→6, chọn công thức cấp 6 và bấm Chế tạo Mật Bảo 20 lần
[2026-08-29T08:03:43] Daily CB: cleanup memory MẬT BẢO: {'ok': True, 'results': {'character': {'ok': True, 'changed': False, 'before': False, 'after': False}}}
[2026-08-29T08:03:55] Daily xong bước ĐIÊU KHẮC: đã bấm Đổi miễn phí và xác nhận Có trong KGĐK
[2026-08-29T08:03:58] Daily CB: cleanup memory ĐIÊU KHẮC: {'ok': True, 'results': {'character': {'ok': True, 'changed': False, 'before': False, 'after': False}}}
[2026-08-29T08:04:05] Daily xong bước LẬT THẺ BÀI: panel Thẻ bài đã mở nhưng không thấy nút Bắt đầu phát bài (có thể đã hết lượt phát bài hôm nay)
[2026-08-29T08:04:07] Daily CB: cleanup memory LẬT THẺ BÀI: {'ok': True, 'results': {'card_game': {'ok': True, 'changed': False, 'before': False, 'after': False}}}
[2026-08-29T08:04:30] [DUNGEON] NPC live-panel probe: 2.59s panel=0x0
[2026-08-29T08:04:38] [DUNGEON] NPC open attempt 1: exact NPC count=0 elapsed=7.70s
[2026-08-29T08:04:47] [DUNGEON] NPC open attempt 2: exact NPC count=0 elapsed=7.94s
[2026-08-29T08:05:03] [DUNGEON] NPC live-panel probe: 3.52s panel=0x3218eae0
[2026-08-29T08:05:17] [DUNGEON] Trở Lại Lang Huyệt: bỏ qua lượt này — Trở Lại Lang Huyệt: không có trong list account/level hiện tại
[2026-08-29T08:05:17] [POPUP] đã đóng npc_dialog
[2026-08-29T08:05:26] [DUNGEON] NPC live-panel probe: 3.14s panel=0x3218eae0
[2026-08-29T08:05:37] [DUNGEON] Quỷ Hút Máu: bỏ qua lượt này — Quỷ Hút Máu: NPC không chào quest này ở lượt hiện tại (đã nhận hoặc hết lượt)
[2026-08-29T08:05:45] [DUNGEON] NPC live-panel probe: 3.17s panel=0x3218eae0
[2026-08-29T08:05:55] [DUNGEON] Thế Giới Số: bỏ qua lượt này — Thế Giới Số: NPC không chào quest này ở lượt hiện tại (đã nhận hoặc hết lượt)
[2026-08-29T08:06:03] [DUNGEON] NPC live-panel probe: 3.08s panel=0x3218eae0
[2026-08-29T08:06:36] [DUNGEON] NPC live-panel probe: 3.02s panel=0x3218eae0
[2026-08-29T08:07:06] [DUNGEON] Auto PB toolbar scan arrow=NutXuong.png score=0.990 box=(363, 28, 21, 23)
[2026-08-29T08:07:07] [DUNGEON] Auto PB panel visible after guarded toolbar click
[2026-08-29T08:07:56] Daily PHỤ BẢN lượt đầu: Trở Lại Lang Huyệt: ledger vật phẩm 0 không đủ cho lượt start 1
[2026-08-29T08:07:56] Daily CB: bỏ qua PHỤ BẢN (lỗi): Trở Lại Lang Huyệt: ledger vật phẩm 0 không đủ cho lượt start 1 — evidence: C:\Users\Administrator\Desktop\New folder\fbh_v2_ttt_fixed-20260709T181609Z-2-001\fbh_multi_account_infinite_auto\dev_supervisor_target_a_v2_20260814\logs\daily_errors\acc_1\20260829_080756_PHỤ_BẢN.png
[2026-08-29T08:07:56] Daily CB: đã reset Flash sau lỗi PHỤ BẢN; tác vụ kế tiếp sẽ đăng nhập từ trạng thái sạch.
[2026-08-29T08:07:56] Daily CB: client chưa mở, đang đăng nhập trước bước HÀNH LANG...
[2026-08-29T08:07:56] [AUTO_START] WAIT_WINDOW attempt=1 pass=0 pid=16024 Flash launched at original size
[2026-08-29T08:08:01] [AUTO_START] START_CLICKED attempt=1 pass=0 pid=16024 Bắt đầu
[2026-08-29T08:08:06] [AUTO_START] RETRY_START attempt=1 pass=0 pid=16024 chua thay chon kenh, bam lai Bat dau
[2026-08-29T08:08:22] [AUTO_START] START_CLICKED attempt=1 pass=0 pid=16024 Bắt đầu
[2026-08-29T08:08:25] [AUTO_START] CHANNEL_SELECTED attempt=1 pass=0 pid=16024 channel=(449, 308) choices=1
[2026-08-29T08:08:29] [AUTO_START] ENTER_GAME_CLICKED attempt=1 pass=0 pid=16024 character_slot=1 slot_verified=True
[2026-08-29T08:08:34] [AUTO_START] MAP_READY_OPEN attempt=1 pass=0 pid=16024 Player=0x120fb0a0 Core=0xd1920d0 world=(3107,1568)
[2026-08-29T08:08:34] acc_1: FPS FPS_NO_UI_CONTROL: target=30 current=None
[2026-08-29T08:08:43] [POPUP] đã đóng cache_notice
[2026-08-29T08:08:46] [POPUP] popup vẫn còn sau một lần đóng: cache_notice; không bấm lại
[2026-08-29T08:08:47] Daily CB: bỏ qua HÀNH LANG (lỗi): không tới Quyến Cố Thành: popup guard trước chuyển map: known_popup_persistent — evidence: C:\Users\Administrator\Desktop\New folder\fbh_v2_ttt_fixed-20260709T181609Z-2-001\fbh_multi_account_infinite_auto\dev_supervisor_target_a_v2_20260814\logs\daily_errors\acc_1\20260829_080846_HÀNH_LANG.png
[2026-08-29T08:08:47] Daily CB: đã reset Flash sau lỗi HÀNH LANG; tác vụ kế tiếp sẽ đăng nhập từ trạng thái sạch.
[2026-08-29T08:08:47] Daily CB: client chưa mở, đang đăng nhập trước bước THẦN TU...
[2026-08-29T08:08:47] [AUTO_START] WAIT_WINDOW attempt=1 pass=0 pid=8652 Flash launched at original size
[2026-08-29T08:08:51] [AUTO_START] START_CLICKED attempt=1 pass=0 pid=8652 Bắt đầu
[2026-08-29T08:08:57] [AUTO_START] RETRY_START attempt=1 pass=0 pid=8652 chua thay chon kenh, bam lai Bat dau
[2026-08-29T08:09:13] [AUTO_START] START_CLICKED attempt=1 pass=0 pid=8652 Bắt đầu
[2026-08-29T08:09:16] [AUTO_START] CHANNEL_SELECTED attempt=1 pass=0 pid=8652 channel=(449, 308) choices=1
[2026-08-29T08:09:20] [AUTO_START] ENTER_GAME_CLICKED attempt=1 pass=0 pid=8652 character_slot=1 slot_verified=True
[2026-08-29T08:09:26] [AUTO_START] MAP_READY_OPEN attempt=1 pass=0 pid=8652 Player=0x146da0a0 Core=0xc3320d0 world=(3107,1568)
[2026-08-29T08:09:26] acc_1: FPS FPS_NO_UI_CONTROL: target=30 current=None
[2026-08-29T08:09:35] [POPUP] đã đóng cache_notice
[2026-08-29T08:09:38] [POPUP] popup vẫn còn sau một lần đóng: cache_notice; không bấm lại
[2026-08-29T08:09:38] Daily CB: bỏ qua THẦN TU (lỗi): không tới được Quyến Cố Thành: popup guard trước chuyển map: known_popup_persistent — evidence: C:\Users\Administrator\Desktop\New folder\fbh_v2_ttt_fixed-20260709T181609Z-2-001\fbh_multi_account_infinite_auto\dev_supervisor_target_a_v2_20260814\logs\daily_errors\acc_1\20260829_080938_THẦN_TU.png
[2026-08-29T08:09:39] Daily CB: đã reset Flash sau lỗi THẦN TU; tác vụ kế tiếp sẽ đăng nhập từ trạng thái sạch.
[2026-08-29T08:09:39] Daily CB: client chưa mở, đang đăng nhập trước bước TU HÀNH...
[2026-08-29T08:09:39] [AUTO_START] WAIT_WINDOW attempt=1 pass=0 pid=3636 Flash launched at original size
[2026-08-29T08:09:43] [AUTO_START] START_CLICKED attempt=1 pass=0 pid=3636 Bắt đầu
[2026-08-29T08:09:49] [AUTO_START] RETRY_START attempt=1 pass=0 pid=3636 chua thay chon kenh, bam lai Bat dau
[2026-08-29T08:10:05] [AUTO_START] START_CLICKED attempt=1 pass=0 pid=3636 Bắt đầu
[2026-08-29T08:10:08] [AUTO_START] CHANNEL_SELECTED attempt=1 pass=0 pid=3636 channel=(449, 308) choices=1
[2026-08-29T08:10:12] [AUTO_START] ENTER_GAME_CLICKED attempt=1 pass=0 pid=3636 character_slot=1 slot_verified=True
[2026-08-29T08:10:17] [AUTO_START] MAP_READY_OPEN attempt=1 pass=0 pid=3636 Player=0x14ee10a0 Core=0xd0290d0 world=(3107,1568)
[2026-08-29T08:10:17] acc_1: FPS FPS_NO_UI_CONTROL: target=30 current=None
[2026-08-29T08:10:28] [POPUP] đã đóng cache_notice
[2026-08-29T08:10:33] [POPUP] popup vẫn còn sau một lần đóng: cache_notice; không bấm lại
[2026-08-29T08:10:33] Daily CB: bỏ qua TU HÀNH (lỗi): không tới được Quyến Cố Thành: popup guard trước chuyển map: known_popup_persistent — evidence: C:\Users\Administrator\Desktop\New folder\fbh_v2_ttt_fixed-20260709T181609Z-2-001\fbh_multi_account_infinite_auto\dev_supervisor_target_a_v2_20260814\logs\daily_errors\acc_1\20260829_081033_TU_HÀNH.png
[2026-08-29T08:10:33] Daily CB: đã reset Flash sau lỗi TU HÀNH; tác vụ kế tiếp sẽ đăng nhập từ trạng thái sạch.
[2026-08-29T08:10:33] Daily CB: client chưa mở, đang đăng nhập trước bước TRỪ MA...
[2026-08-29T08:10:33] [AUTO_START] WAIT_WINDOW attempt=1 pass=0 pid=10620 Flash launched at original size
[2026-08-29T08:10:38] [AUTO_START] START_CLICKED attempt=1 pass=0 pid=10620 Bắt đầu
[2026-08-29T08:10:43] [AUTO_START] RETRY_START attempt=1 pass=0 pid=10620 chua thay chon kenh, bam lai Bat dau
[2026-08-29T08:11:00] [AUTO_START] START_CLICKED attempt=1 pass=0 pid=10620 Bắt đầu
[2026-08-29T08:11:02] [AUTO_START] CHANNEL_SELECTED attempt=1 pass=0 pid=10620 channel=(449, 308) choices=1
[2026-08-29T08:11:07] [AUTO_START] ENTER_GAME_CLICKED attempt=1 pass=0 pid=10620 character_slot=1 slot_verified=True
[2026-08-29T08:11:12] [AUTO_START] MAP_READY_OPEN attempt=1 pass=0 pid=10620 Player=0x133010a0 Core=0xd08e0d0 world=(3107,1568)
[2026-08-29T08:11:12] acc_1: FPS FPS_NO_UI_CONTROL: target=30 current=None
[2026-08-29T08:11:24] [POPUP] đã đóng cache_notice
[2026-08-29T08:11:45] [TRU_MA] TRỪ MA CB: mở NPC lần 1/8 chưa thành công: exact NPC Quan Quân Nhu (family 306009 rid 3) count=0
[2026-08-29T08:11:48] [TRU_MA] TRỪ MA CB: mở NPC lần 2/8 chưa thành công: exact NPC Quan Quân Nhu (family 306009 rid 3) count=0
[2026-08-29T08:12:22] [TRU_MA] TRỪ MA CB: nhận diện: Phong Ấn Cự Ma (id=7670, margin=6)
[2026-08-29T08:12:42] [TRU_MA] TRỪ MA CB: mục tiêu: Viễn Cổ Cự Ma id=1167 type=3060100001167 resource=2060100001167
[2026-08-29T08:12:47] [AUTO_BOSS] Start selected-monster NPCView.clickNpc runner generation=1
[2026-08-29T08:12:49] [AUTO_BOSS] selected Monster 2060100001167 id=2168 type=3060100001167 resource=2060100001167 base=0x24a3c850 distance=996
[2026-08-29T08:12:49] [AUTO_BOSS] NPCView session fingerprint native=0x1317cb8 avm=0x160d40a0 method_info=0xc2a0ac0 slot322_method_id=18293
[2026-08-29T08:12:49] [AUTO_BOSS] id=2168 distance=996 receiver=0xd08ee50 method=18293 stage=1
[2026-08-29T08:12:55] [AUTO_BOSS] id=2168 distance=74 receiver=0xd08ee50 method=18293 stage=2
[2026-08-29T08:12:58] [AUTO_BOSS] battle edge false->true id=2168
[2026-08-29T08:13:02] [AUTO_BOSS] battle edge true->false clear=1
[2026-08-29T08:13:54] [TRU_MA] TRỪ MA CB: xong lượt 1/10 (Phong Ấn Cự Ma)
[2026-08-29T08:14:16] [TRU_MA] TRỪ MA CB: nhận diện: Phong Ấn Cự Ma (id=7670, margin=19)
[2026-08-29T08:14:50] [TRU_MA] TRỪ MA CB: mục tiêu: Viễn Cổ Cự Ma id=1167 type=3060100001167 resource=2060100001167
[2026-08-29T08:14:52] [AUTO_BOSS] Start selected-monster NPCView.clickNpc runner generation=1
[2026-08-29T08:14:55] [AUTO_BOSS] selected Monster 2060100001167 id=2168 type=3060100001167 resource=2060100001167 base=0x2ee400a0 distance=996
[2026-08-29T08:14:55] [AUTO_BOSS] NPCView session fingerprint native=0x1317cb8 avm=0x160d40a0 method_info=0xc2a0ac0 slot322_method_id=18293
[2026-08-29T08:14:55] [AUTO_BOSS] id=2168 distance=996 receiver=0x12efb430 method=18293 stage=1
[2026-08-29T08:15:01] [AUTO_BOSS] id=2168 distance=49 receiver=0x12efb430 method=18293 stage=2
[2026-08-29T08:15:04] [AUTO_BOSS] battle edge false->true id=2168
[2026-08-29T08:15:08] [AUTO_BOSS] battle edge true->false clear=1
[2026-08-29T08:15:59] [TRU_MA] TRỪ MA CB: xong lượt 2/10 (Phong Ấn Cự Ma)
[2026-08-29T08:16:24] [TRU_MA] TRỪ MA CB: nhận diện: Phong Ấn Cự Ma (id=7670, margin=10)
[2026-08-29T08:17:00] [TRU_MA] TRỪ MA CB: mục tiêu: Viễn Cổ Cự Ma id=1167 type=3060100001167 resource=2060100001167
[2026-08-29T08:17:03] [AUTO_BOSS] Start selected-monster NPCView.clickNpc runner generation=1
[2026-08-29T08:17:05] [AUTO_BOSS] selected Monster 2060100001167 id=2168 type=3060100001167 resource=2060100001167 base=0x1fca9ae0 distance=996
[2026-08-29T08:17:05] [AUTO_BOSS] NPCView session fingerprint native=0x1317cb8 avm=0x160d40a0 method_info=0xc2a0ac0 slot322_method_id=18293
[2026-08-29T08:17:05] [AUTO_BOSS] id=2168 distance=996 receiver=0x6c00430 method=18293 stage=1
[2026-08-29T08:17:11] [AUTO_BOSS] id=2168 distance=46 receiver=0x6c00430 method=18293 stage=2
[2026-08-29T08:17:15] [AUTO_BOSS] battle edge false->true id=2168
[2026-08-29T08:17:19] [AUTO_BOSS] battle edge true->false clear=1
[2026-08-29T08:19:59] [TRU_MA] TRỪ MA CB: dừng ở lượt 3: không thấy dòng Phong Ấn Cự Ma (id=7670) để trả sau vài lần MỞ LẠI dialog: ['Phong Ấn Cự Ma']
[2026-08-29T08:19:59] Daily CB: bỏ qua TRỪ MA (lỗi): FAILED — 2/10 lượt; dừng ở lượt 3: không thấy dòng Phong Ấn Cự Ma (id=7670) để trả sau vài lần MỞ LẠI dialog: ['Phong Ấn Cự Ma'] — evidence: C:\Users\Administrator\Desktop\New folder\fbh_v2_ttt_fixed-20260709T181609Z-2-001\fbh_multi_account_infinite_auto\dev_supervisor_target_a_v2_20260814\logs\daily_errors\acc_1\20260829_081959_TRỪ_MA.png
[2026-08-29T08:19:59] Daily CB: đã reset Flash sau lỗi TRỪ MA; tác vụ kế tiếp sẽ đăng nhập từ trạng thái sạch.
[2026-08-29T08:19:59] Daily CB: client chưa mở, đang đăng nhập trước bước TRỊ AN...
[2026-08-29T08:19:59] [AUTO_START] WAIT_WINDOW attempt=1 pass=0 pid=4280 Flash launched at original size
[2026-08-29T08:20:04] [AUTO_START] START_CLICKED attempt=1 pass=0 pid=4280 Bắt đầu
[2026-08-29T08:20:09] [AUTO_START] RETRY_START attempt=1 pass=0 pid=4280 chua thay chon kenh, bam lai Bat dau
[2026-08-29T08:20:28] [AUTO_START] START_CLICKED attempt=1 pass=0 pid=4280 Bắt đầu
[2026-08-29T08:20:30] [AUTO_START] CHANNEL_SELECTED attempt=1 pass=0 pid=4280 channel=(449, 308) choices=1
[2026-08-29T08:20:35] [AUTO_START] ENTER_GAME_CLICKED attempt=1 pass=0 pid=4280 character_slot=1 slot_verified=True
[2026-08-29T08:20:40] [AUTO_START] MAP_READY_OPEN attempt=1 pass=0 pid=4280 Player=0x16e7f0a0 Core=0x117cb0d0 world=(2299,1343)
[2026-08-29T08:20:40] acc_1: FPS FPS_NO_UI_CONTROL: target=30 current=None
[2026-08-29T08:20:51] [POPUP] đã đóng cache_notice
[2026-08-29T08:21:46] [TRI_AN] TRỊ AN CB: đã nhận nhiệm vụ id=7667 (Phản Quân Hải Tặc)
[2026-08-29T08:21:48] [TRI_AN] TRỊ AN CB: vật phẩm mã 4843 ở trang 2 ô 22 (sid 2183)
[2026-08-29T08:21:55] [TRI_AN] TRỊ AN CB: dừng ở lượt 1: dùng vật phẩm chỉ đường: không mở được túi đồ qua memory: {'ok': False, 'state': 'UNKNOWN', 'before': False, 'detail': 'post-state unreadable; do not retry'}
[2026-08-29T08:21:56] Daily CB: bỏ qua TRỊ AN (lỗi): FAILED — 0/10 lượt; dừng ở lượt 1: dùng vật phẩm chỉ đường: không mở được túi đồ qua memory: {'ok': False, 'state': 'UNKNOWN', 'before': False, 'detail': 'post-state unreadable; do not retry'} — evidence: C:\Users\Administrator\Desktop\New folder\fbh_v2_ttt_fixed-20260709T181609Z-2-001\fbh_multi_account_infinite_auto\dev_supervisor_target_a_v2_20260814\logs\daily_errors\acc_1\20260829_082156_TRỊ_AN.png
[2026-08-29T08:21:56] Daily CB: đã reset Flash sau lỗi TRỊ AN; tác vụ kế tiếp sẽ đăng nhập từ trạng thái sạch.
[2026-08-29T08:21:56] Daily CB: client chưa mở, đang đăng nhập trước bước checkpoint Auto phụ bản...
[2026-08-29T08:21:56] [AUTO_START] WAIT_WINDOW attempt=1 pass=0 pid=5480 Flash launched at original size
[2026-08-29T08:22:01] [AUTO_START] START_CLICKED attempt=1 pass=0 pid=5480 Bắt đầu
[2026-08-29T08:22:06] [AUTO_START] RETRY_START attempt=1 pass=0 pid=5480 chua thay chon kenh, bam lai Bat dau
[2026-08-29T08:22:09] [AUTO_START] START_CLICKED attempt=1 pass=0 pid=5480 Bắt đầu
[2026-08-29T08:22:15] [AUTO_START] RETRY_START attempt=1 pass=0 pid=5480 chua thay chon kenh, bam lai Bat dau
[2026-08-29T08:22:23] [AUTO_START] START_CLICKED attempt=1 pass=0 pid=5480 Bắt đầu
[2026-08-29T08:22:25] [AUTO_START] CHANNEL_SELECTED attempt=1 pass=0 pid=5480 channel=(449, 308) choices=1
[2026-08-29T08:22:30] [AUTO_START] ENTER_GAME_CLICKED attempt=1 pass=0 pid=5480 character_slot=1 slot_verified=True
[2026-08-29T08:22:35] [AUTO_START] MAP_READY_OPEN attempt=1 pass=0 pid=5480 Player=0x13c650a0 Core=0xc4850d0 world=(3075,773)
[2026-08-29T08:22:35] acc_1: FPS FPS_NO_UI_CONTROL: target=30 current=None
[2026-08-29T08:22:40] Daily: đã đóng Flash sau Auto phụ bản checkpoint 1; chờ 25 phút.
[2026-08-29T08:32:37] Đã bắt đầu Daily theo cấu hình riêng: acc_1
[2026-08-29T08:32:37] Daily CB: client chưa mở, đang đăng nhập trước bước VIP...
[2026-08-29T08:32:37] [AUTO_START] WAIT_WINDOW attempt=1 pass=0 pid=15956 Flash launched at original size
[2026-08-29T08:32:42] [AUTO_START] START_CLICKED attempt=1 pass=0 pid=15956 Bắt đầu
[2026-08-29T08:32:48] [AUTO_START] RETRY_START attempt=1 pass=0 pid=15956 chua thay chon kenh, bam lai Bat dau
[2026-08-29T08:32:50] [AUTO_START] START_CLICKED attempt=1 pass=0 pid=15956 Bắt đầu
[2026-08-29T08:32:56] [AUTO_START] RETRY_START attempt=1 pass=0 pid=15956 chua thay chon kenh, bam lai Bat dau
[2026-08-29T08:33:04] [AUTO_START] START_CLICKED attempt=1 pass=0 pid=15956 Bắt đầu
[2026-08-29T08:33:07] [AUTO_START] CHANNEL_SELECTED attempt=1 pass=0 pid=15956 channel=(449, 308) choices=1
[2026-08-29T08:33:11] [AUTO_START] ENTER_GAME_CLICKED attempt=1 pass=0 pid=15956 character_slot=1 slot_verified=True
[2026-08-29T08:33:16] [AUTO_START] MAP_READY_OPEN attempt=1 pass=0 pid=15956 Player=0x1c66e0a0 Core=0x17fec0d0 world=(3075,773)
[2026-08-29T08:33:17] acc_1: FPS FPS_NO_UI_CONTROL: target=30 current=None
[2026-08-29T08:33:25] [POPUP] đã đóng cache_notice
[2026-08-29T08:33:32] Daily xong bước VIP: đã thử claim 5/5 dòng VIP
[2026-08-29T08:33:35] Daily CB: cleanup memory VIP: {'ok': True, 'results': {'vip': {'ok': True, 'changed': False, 'before': False, 'after': False}}}
[2026-08-29T08:33:47] Daily xong bước NHẬN THỜI TRANG: đã bấm Rút thưởng nhưng không thấy popup Chúc mừng — có thể lượt miễn phí hôm nay đã dùng, không tính là đã nhận
[2026-08-29T08:33:50] Daily CB: cleanup memory NHẬN THỜI TRANG: {'ok': True, 'results': {'character': {'ok': True, 'changed': False, 'before': False, 'after': False}}}
[2026-08-29T08:34:35] Daily xong bước MẬT BẢO: đã dò cấp 6→6, chọn công thức cấp 6 và bấm Chế tạo Mật Bảo 20 lần
[2026-08-29T08:34:38] Daily CB: cleanup memory MẬT BẢO: {'ok': True, 'results': {'character': {'ok': True, 'changed': False, 'before': False, 'after': False}}}
[2026-08-29T08:34:49] Daily xong bước ĐIÊU KHẮC: đã bấm Đổi miễn phí và xác nhận Có trong KGĐK
[2026-08-29T08:34:52] Daily CB: cleanup memory ĐIÊU KHẮC: {'ok': True, 'results': {'character': {'ok': True, 'changed': False, 'before': False, 'after': False}}}
[2026-08-29T08:34:58] Daily xong bước LẬT THẺ BÀI: panel Thẻ bài đã mở nhưng không thấy nút Bắt đầu phát bài (có thể đã hết lượt phát bài hôm nay)
[2026-08-29T08:35:01] Daily CB: cleanup memory LẬT THẺ BÀI: {'ok': True, 'results': {'card_game': {'ok': True, 'changed': False, 'before': False, 'after': False}}}
[2026-08-29T08:35:22] [DUNGEON] NPC live-panel probe: 2.69s panel=0x0
[2026-08-29T08:35:30] [DUNGEON] NPC open attempt 1: exact NPC count=0 elapsed=8.19s
[2026-08-29T08:35:40] [DUNGEON] NPC open attempt 2: exact NPC count=0 elapsed=8.12s
[2026-08-29T08:35:55] [DUNGEON] NPC live-panel probe: 3.06s panel=0x2a406ae0
[2026-08-29T08:36:07] [DUNGEON] Trở Lại Lang Huyệt: bỏ qua lượt này — Trở Lại Lang Huyệt: không có trong list account/level hiện tại
[2026-08-29T08:36:08] [POPUP] đã đóng npc_dialog
[2026-08-29T08:36:15] [DUNGEON] NPC live-panel probe: 3.05s panel=0x2a406ae0
[2026-08-29T08:36:25] [DUNGEON] Quỷ Hút Máu: bỏ qua lượt này — Quỷ Hút Máu: NPC không chào quest này ở lượt hiện tại (đã nhận hoặc hết lượt)
[2026-08-29T08:36:31] [DUNGEON] NPC live-panel probe: 3.05s panel=0x2a406ae0
[2026-08-29T08:36:41] [DUNGEON] Thế Giới Số: bỏ qua lượt này — Thế Giới Số: NPC không chào quest này ở lượt hiện tại (đã nhận hoặc hết lượt)
[2026-08-29T08:36:42] [DUNGEON] Auto PB toolbar scan arrow=NutXuong.png score=0.990 box=(363, 28, 21, 23)
[2026-08-29T08:36:43] [DUNGEON] Auto PB panel visible after guarded toolbar click
[2026-08-29T08:36:45] [DUNGEON] Claim Mê Huyễn Động: button score=0.940 box=(202, 177, 60, 19) evidence=C:\Users\Administrator\Desktop\New folder\fbh_v2_ttt_fixed-20260709T181609Z-2-001\fbh_multi_account_infinite_auto\dev_supervisor_target_a_v2_20260814\logs\auto_pb_claim_15956_Mê Huyễn Động_1787967405.png
[2026-08-29T08:36:46] [DUNGEON] Claim Mê Huyễn Động: readback start PASS
[2026-08-29T08:36:50] [DUNGEON] Claim Kho Báu Đại Mạc: button score=1.000 box=(428, 177, 60, 19) evidence=C:\Users\Administrator\Desktop\New folder\fbh_v2_ttt_fixed-20260709T181609Z-2-001\fbh_multi_account_infinite_auto\dev_supervisor_target_a_v2_20260814\logs\auto_pb_claim_15956_Kho Báu Đại Mạc_1787967410.png
[2026-08-29T08:36:50] [DUNGEON] Claim Kho Báu Đại Mạc: readback start PASS
[2026-08-29T08:36:54] [DUNGEON] Claim Lục Tiên Cảnh: button score=1.000 box=(654, 177, 60, 19) evidence=C:\Users\Administrator\Desktop\New folder\fbh_v2_ttt_fixed-20260709T181609Z-2-001\fbh_multi_account_infinite_auto\dev_supervisor_target_a_v2_20260814\logs\auto_pb_claim_15956_Lục Tiên Cảnh_1787967414.png
[2026-08-29T08:36:55] [DUNGEON] Claim Lục Tiên Cảnh: readback start PASS
[2026-08-29T08:36:58] [DUNGEON] Claim Liệt Diễm Thâm Uyên: button score=0.940 box=(202, 280, 60, 19) evidence=C:\Users\Administrator\Desktop\New folder\fbh_v2_ttt_fixed-20260709T181609Z-2-001\fbh_multi_account_infinite_auto\dev_supervisor_target_a_v2_20260814\logs\auto_pb_claim_15956_Liệt Diễm Thâm Uyên_1787967418.png
[2026-08-29T08:36:59] [DUNGEON] Claim Liệt Diễm Thâm Uyên: readback start PASS
[2026-08-29T08:37:15] [DUNGEON] Trở Lại Lang Huyệt: bỏ start — ledger vật phẩm 0 chưa đủ cho lượt 1
[2026-08-29T08:37:16] [DUNGEON] Quỷ Hút Máu: bỏ start — ledger vật phẩm 0 chưa đủ cho lượt 1
[2026-08-29T08:37:18] [DUNGEON] Thế Giới Số: bỏ start — ledger vật phẩm 0 chưa đủ cho lượt 1
[2026-08-29T08:37:27] Daily PHỤ BẢN lượt đầu: Mê Huyễn Động:claim; Kho Báu Đại Mạc:claim; Lục Tiên Cảnh:claim; Liệt Diễm Thâm Uyên:claim; Liệt Diễm Thâm Uyên:start; Thám Hiểm:start | bỏ qua (NPC không chào): Trở Lại Lang Huyệt, Quỷ Hút Máu, Thế Giới Số, Trở Lại Lang Huyệt, Quỷ Hút Máu, Thế Giới Số
[2026-08-29T08:37:27] Daily xong bước PHỤ BẢN: Mê Huyễn Động:claim; Kho Báu Đại Mạc:claim; Lục Tiên Cảnh:claim; Liệt Diễm Thâm Uyên:claim; Liệt Diễm Thâm Uyên:start; Thám Hiểm:start | bỏ qua (NPC không chào): Trở Lại Lang Huyệt, Quỷ Hút Máu, Thế Giới Số, Trở Lại Lang Huyệt, Quỷ Hút Máu, Thế Giới Số
[2026-08-29T08:37:32] Daily CB: cleanup memory PHỤ BẢN: {'ok': True, 'results': {'quest': {'ok': True, 'changed': False, 'before': False, 'after': False}, 'npc_dialog': {'ok': True, 'changed': False, 'before': False, 'after': False}, 'auto_dungeon': {'ok': True, 'changed': False, 'before': False, 'after': False}}}
[2026-08-29T08:37:57] Daily xong bước HÀNH LANG: đã bấm Nhận Quà Hàng Ngày tại Hành Lang
[2026-08-29T08:38:00] Daily CB: cleanup memory HÀNH LANG: {'ok': True, 'results': {'npc_dialog': {'ok': True, 'changed': False, 'before': False, 'after': False}}}
[2026-08-29T08:38:20] Daily xong bước THẦN TU: THẦN TU: server từ chối — cần kích hoạt VIP; không chờ mốc thời gian
[2026-08-29T08:38:20] Daily CB: THẦN TU SERVER_REJECTED — bỏ mốc chờ 25 phút.
[2026-08-29T08:38:21] [POPUP] phát hiện X lạ ổn định tại (778, 108); UNKNOWN nên không bấm
[2026-08-29T08:38:21] Daily CB: bỏ qua TU HÀNH (lỗi): không tới được Quyến Cố Thành: popup guard trước chuyển map: unknown_modal_blocked — evidence: C:\Users\Administrator\Desktop\New folder\fbh_v2_ttt_fixed-20260709T181609Z-2-001\fbh_multi_account_infinite_auto\dev_supervisor_target_a_v2_20260814\logs\daily_errors\acc_1\20260829_083821_TU_HÀNH.png
[2026-08-29T08:38:21] Daily CB: đã reset Flash sau lỗi TU HÀNH; tác vụ kế tiếp sẽ đăng nhập từ trạng thái sạch.
[2026-08-29T08:38:21] Daily CB: client chưa mở, đang đăng nhập trước bước TRỪ MA...
[2026-08-29T08:38:21] [AUTO_START] WAIT_WINDOW attempt=1 pass=0 pid=16048 Flash launched at original size
[2026-08-29T08:38:26] [AUTO_START] START_CLICKED attempt=1 pass=0 pid=16048 Bắt đầu
[2026-08-29T08:38:31] [AUTO_START] RETRY_START attempt=1 pass=0 pid=16048 chua thay chon kenh, bam lai Bat dau
[2026-08-29T08:38:47] [AUTO_START] START_CLICKED attempt=1 pass=0 pid=16048 Bắt đầu
[2026-08-29T08:38:50] [AUTO_START] CHANNEL_SELECTED attempt=1 pass=0 pid=16048 channel=(449, 308) choices=1
[2026-08-29T08:38:54] [AUTO_START] ENTER_GAME_CLICKED attempt=1 pass=0 pid=16048 character_slot=1 slot_verified=True
[2026-08-29T08:38:59] [AUTO_START] MAP_READY_OPEN attempt=1 pass=0 pid=16048 Player=0x142fe0a0 Core=0xc09a0d0 world=(2218,398)
[2026-08-29T08:38:59] acc_1: FPS FPS_NO_UI_CONTROL: target=30 current=None
[2026-08-29T08:39:11] [POPUP] đã đóng cache_notice
[2026-08-29T08:39:31] [TRU_MA] TRỪ MA CB: mở NPC lần 1/8 chưa thành công: exact NPC Quan Quân Nhu (family 306009 rid 3) count=0
[2026-08-29T08:39:35] [TRU_MA] TRỪ MA CB: mở NPC lần 2/8 chưa thành công: exact NPC Quan Quân Nhu (family 306009 rid 3) count=0
[2026-08-29T08:40:07] [TRU_MA] TRỪ MA CB: phục hồi nhiệm vụ đã giết xong: Phong Ấn Cự Thú
[2026-08-29T08:40:57] [TRU_MA] TRỪ MA CB: trả Phong Ấn Cự Thú: chat toast không còn trong heap, nhưng NPC đã trả về dòng vòng mới — xác nhận server OK
[2026-08-29T08:40:57] [TRU_MA] TRỪ MA CB: xong lượt 1/10 (Phong Ấn Cự Thú)
[2026-08-29T08:41:24] [TRU_MA] TRỪ MA CB: nhận diện: Phong Ấn Cự Ma (id=7670, margin=6)
[2026-08-29T08:41:43] [TRU_MA] TRỪ MA CB: mục tiêu: Viễn Cổ Cự Ma id=1167 type=3060100001167 resource=2060100001167
[2026-08-29T08:41:47] [AUTO_BOSS] Start selected-monster NPCView.clickNpc runner generation=1
[2026-08-29T08:41:50] [AUTO_BOSS] selected Monster 2060100001167 id=2168 type=3060100001167 resource=2060100001167 base=0x12813d70 distance=996
[2026-08-29T08:41:50] [AUTO_BOSS] NPCView session fingerprint native=0x1317cb8 avm=0x11654850 method_info=0xa090ac0 slot322_method_id=18293
[2026-08-29T08:41:50] [AUTO_BOSS] id=2168 distance=996 receiver=0x2124caf0 method=18293 stage=1
[2026-08-29T08:41:56] [AUTO_BOSS] id=2168 distance=187 receiver=0x2124caf0 method=18293 stage=2
[2026-08-29T08:42:00] [AUTO_BOSS] battle edge false->true id=2168
[2026-08-29T08:42:04] [AUTO_BOSS] battle edge true->false clear=1
[2026-08-29T08:42:58] [TRU_MA] TRỪ MA CB: xong lượt 2/10 (Phong Ấn Cự Ma)
[2026-08-29T08:43:21] [TRU_MA] TRỪ MA CB: nhận diện: Phong Ấn Cự Ma (id=7670, margin=7)
[2026-08-29T08:43:58] [TRU_MA] TRỪ MA CB: mục tiêu: Viễn Cổ Cự Ma id=1167 type=3060100001167 resource=2060100001167
[2026-08-29T08:44:00] [AUTO_BOSS] Start selected-monster NPCView.clickNpc runner generation=1
[2026-08-29T08:44:03] [AUTO_BOSS] selected Monster 2060100001167 id=2168 type=3060100001167 resource=2060100001167 base=0x268ec330 distance=996
[2026-08-29T08:44:03] [AUTO_BOSS] NPCView session fingerprint native=0x1317cb8 avm=0x11654850 method_info=0xa090ac0 slot322_method_id=18293
[2026-08-29T08:44:03] [AUTO_BOSS] id=2168 distance=996 receiver=0x12449e50 method=18293 stage=1
[2026-08-29T08:44:07] [AUTO_BOSS] id=2168 distance=225 receiver=0x12449e50 method=18293 stage=2
[2026-08-29T08:44:11] [AUTO_BOSS] battle edge false->true id=2168
[2026-08-29T08:44:15] [AUTO_BOSS] battle edge true->false clear=1
[2026-08-29T08:45:09] [TRU_MA] TRỪ MA CB: xong lượt 3/10 (Phong Ấn Cự Ma)
[2026-08-29T08:45:31] [TRU_MA] TRỪ MA CB: nhận diện: Phi Ma Tập Kích (id=7668, margin=3)
[2026-08-29T08:46:08] [TRU_MA] TRỪ MA CB: mục tiêu: Thủ Lĩnh Phi Ma id=1114 type=3060100001114 resource=2060090100114
[2026-08-29T08:46:11] [AUTO_BOSS] Start selected-monster NPCView.clickNpc runner generation=1
[2026-08-29T08:46:14] [AUTO_BOSS] selected Thủ Lĩnh Phi Ma id=1173 type=3060100001114 resource=2060090100114 base=0x23f295c0 distance=644
[2026-08-29T08:46:14] [AUTO_BOSS] NPCView session fingerprint native=0x1317cb8 avm=0x11654850 method_info=0xa090ac0 slot322_method_id=18293
[2026-08-29T08:46:14] [AUTO_BOSS] id=1173 distance=644 receiver=0x212d4280 method=18293 stage=1
[2026-08-29T08:46:18] [AUTO_BOSS] id=1173 distance=47 receiver=0x212d4280 method=18293 stage=2
[2026-08-29T08:46:22] [AUTO_BOSS] battle edge false->true id=1173
[2026-08-29T08:46:26] [AUTO_BOSS] battle edge true->false clear=1
[2026-08-29T08:47:22] [TRU_MA] TRỪ MA CB: xong lượt 4/10 (Phi Ma Tập Kích)
[2026-08-29T08:47:45] [TRU_MA] TRỪ MA CB: nhận diện: Phong Ấn Cự Ma (id=7670, margin=6)
[2026-08-29T08:48:21] [TRU_MA] TRỪ MA CB: mục tiêu: Viễn Cổ Cự Ma id=1167 type=3060100001167 resource=2060100001167
[2026-08-29T08:48:23] [AUTO_BOSS] Start selected-monster NPCView.clickNpc runner generation=1
[2026-08-29T08:48:26] [AUTO_BOSS] selected Monster 2060100001167 id=2168 type=3060100001167 resource=2060100001167 base=0x2f7ae330 distance=1014
[2026-08-29T08:48:26] [AUTO_BOSS] NPCView session fingerprint native=0x1317cb8 avm=0x11654850 method_info=0xa090ac0 slot322_method_id=18293
[2026-08-29T08:48:26] [AUTO_BOSS] id=2168 distance=1014 receiver=0x2124c430 method=18293 stage=1
[2026-08-29T08:48:30] [AUTO_BOSS] id=2168 distance=211 receiver=0x2124c430 method=18293 stage=2
[2026-08-29T08:48:34] [AUTO_BOSS] battle edge false->true id=2168
[2026-08-29T08:48:38] [AUTO_BOSS] battle edge true->false clear=1
[2026-08-29T08:49:33] [TRU_MA] TRỪ MA CB: xong lượt 5/10 (Phong Ấn Cự Ma)
[2026-08-29T08:49:56] [TRU_MA] TRỪ MA CB: nhận diện: Phong Ấn Cự Ma (id=7670, margin=8)
[2026-08-29T08:50:34] [TRU_MA] TRỪ MA CB: mục tiêu: Viễn Cổ Cự Ma id=1167 type=3060100001167 resource=2060100001167
[2026-08-29T08:50:36] [AUTO_BOSS] Start selected-monster NPCView.clickNpc runner generation=1
[2026-08-29T08:50:39] [AUTO_BOSS] selected Monster 2060100001167 id=2168 type=3060100001167 resource=2060100001167 base=0x20386ae0 distance=996
[2026-08-29T08:50:39] [AUTO_BOSS] NPCView session fingerprint native=0x1317cb8 avm=0x11654850 method_info=0xa090ac0 slot322_method_id=18293
[2026-08-29T08:50:39] [AUTO_BOSS] id=2168 distance=996 receiver=0x2124c790 method=18293 stage=1
[2026-08-29T08:50:44] [AUTO_BOSS] id=2168 distance=171 receiver=0x2124c790 method=18293 stage=2
[2026-08-29T08:50:48] [AUTO_BOSS] battle edge false->true id=2168
[2026-08-29T08:50:52] [AUTO_BOSS] battle edge true->false clear=1
[2026-08-29T08:51:49] [TRU_MA] TRỪ MA CB: xong lượt 6/10 (Phong Ấn Cự Ma)
[2026-08-29T08:52:13] [TRU_MA] TRỪ MA CB: nhận diện: Phong Ấn Cự Thú (id=7669, margin=4)
[2026-08-29T08:52:48] [TRU_MA] TRỪ MA CB: mục tiêu: Viễn Cổ Cự Thú id=1161 type=3060100001161 resource=2060100001161
[2026-08-29T08:52:51] [AUTO_BOSS] Start selected-monster NPCView.clickNpc runner generation=1
[2026-08-29T08:52:54] [AUTO_BOSS] selected Monster 2060100001161 id=2169 type=3060100001161 resource=2060100001161 base=0x1d45d330 distance=429
[2026-08-29T08:52:54] [AUTO_BOSS] NPCView session fingerprint native=0x1317cb8 avm=0x11654850 method_info=0xa090ac0 slot322_method_id=18293
[2026-08-29T08:52:54] [AUTO_BOSS] id=2169 distance=429 receiver=0x2124c790 method=18293 stage=1
[2026-08-29T08:52:57] [AUTO_BOSS] id=2169 distance=170 receiver=0x2124c790 method=18293 stage=2
[2026-08-29T08:53:00] [AUTO_BOSS] battle edge false->true id=2169
[2026-08-29T08:53:04] [AUTO_BOSS] battle edge true->false clear=1
[2026-08-29T08:54:01] [TRU_MA] TRỪ MA CB: xong lượt 7/10 (Phong Ấn Cự Thú)
[2026-08-29T08:54:24] [TRU_MA] TRỪ MA CB: nhận diện: Phong Ấn Cự Thú (id=7669, margin=4)
[2026-08-29T08:55:02] [TRU_MA] TRỪ MA CB: mục tiêu: Viễn Cổ Cự Thú id=1161 type=3060100001161 resource=2060100001161
[2026-08-29T08:55:04] [AUTO_BOSS] Start selected-monster NPCView.clickNpc runner generation=1
[2026-08-29T08:55:08] [AUTO_BOSS] selected Monster 2060100001161 id=2169 type=3060100001161 resource=2060100001161 base=0x20386d70 distance=429
[2026-08-29T08:55:08] [AUTO_BOSS] NPCView session fingerprint native=0x1317cb8 avm=0x11654850 method_info=0xa090ac0 slot322_method_id=18293
[2026-08-29T08:55:08] [AUTO_BOSS] id=2169 distance=429 receiver=0x2124c940 method=18293 stage=1
[2026-08-29T08:55:10] [AUTO_BOSS] id=2169 distance=182 receiver=0x2124c940 method=18293 stage=2
[2026-08-29T08:55:14] [AUTO_BOSS] battle edge false->true id=2169
[2026-08-29T08:55:18] [AUTO_BOSS] battle edge true->false clear=1
[2026-08-29T08:56:14] [TRU_MA] TRỪ MA CB: xong lượt 8/10 (Phong Ấn Cự Thú)
[2026-08-29T08:56:38] [TRU_MA] TRỪ MA CB: nhận diện: Phi Ma Tập Kích (id=7668, margin=6)
[2026-08-29T08:57:17] [TRU_MA] TRỪ MA CB: mục tiêu: Thủ Lĩnh Phi Ma id=1114 type=3060100001114 resource=2060090100114
[2026-08-29T08:57:20] [AUTO_BOSS] Start selected-monster NPCView.clickNpc runner generation=1
[2026-08-29T08:57:22] [AUTO_BOSS] selected Thủ Lĩnh Phi Ma id=1173 type=3060100001114 resource=2060090100114 base=0x2e448330 distance=644
[2026-08-29T08:57:22] [AUTO_BOSS] NPCView session fingerprint native=0x1317cb8 avm=0x11654850 method_info=0xa090ac0 slot322_method_id=18293
[2026-08-29T08:57:23] [AUTO_BOSS] id=1173 distance=644 receiver=0x212d4ca0 method=18293 stage=1
[2026-08-29T08:57:27] [AUTO_BOSS] id=1173 distance=47 receiver=0x212d4ca0 method=18293 stage=2
[2026-08-29T08:57:31] [AUTO_BOSS] battle edge false->true id=1173
[2026-08-29T08:57:35] [AUTO_BOSS] battle edge true->false clear=1
[2026-08-29T08:58:31] [TRU_MA] TRỪ MA CB: xong lượt 9/10 (Phi Ma Tập Kích)
[2026-08-29T08:58:51] [TRU_MA] TRỪ MA CB: hết lượt Trừ Ma hôm nay sau 9 lần (bảng NPC không còn nhiệm vụ Trừ Ma nào) — dừng.
[2026-08-29T08:58:51] Daily xong bước TRỪ MA: DONE_NO_QUEST — 9/10 lượt; hết lượt Trừ Ma hôm nay sau 9 lần (bảng NPC không còn nhiệm vụ Trừ Ma nào) — dừng.
[2026-08-29T08:58:56] Daily CB: cleanup memory TRỪ MA: {'ok': True, 'results': {'quest': {'ok': True, 'changed': False, 'before': False, 'after': False}, 'npc_dialog': {'ok': True, 'changed': True, 'before': True, 'after': False, 'detail': 'readback confirmed'}}}
[2026-08-29T08:59:22] [TRI_AN] TRỊ AN CB: mở NPC lần 1/8 chưa thành công: không tới được NPC: no progress; route likely obstructed
[2026-08-29T08:59:52] [TRI_AN] TRỊ AN CB: đã nhận nhiệm vụ id=7667 (Phản Quân Hải Tặc)
[2026-08-29T08:59:55] [TRI_AN] TRỊ AN CB: vật phẩm mã 4843 ở trang 2 ô 22 (sid 2183)
[2026-08-29T09:00:03] [TRI_AN] TRỊ AN CB: dừng ở lượt 1: dùng vật phẩm chỉ đường: không mở được túi đồ qua memory: {'ok': False, 'state': 'UNKNOWN', 'detail': 'show/hide did not complete'}
[2026-08-29T09:00:04] Daily CB: bỏ qua TRỊ AN (lỗi): FAILED — 0/10 lượt; dừng ở lượt 1: dùng vật phẩm chỉ đường: không mở được túi đồ qua memory: {'ok': False, 'state': 'UNKNOWN', 'detail': 'show/hide did not complete'} — evidence: C:\Users\Administrator\Desktop\New folder\fbh_v2_ttt_fixed-20260709T181609Z-2-001\fbh_multi_account_infinite_auto\dev_supervisor_target_a_v2_20260814\logs\daily_errors\acc_1\20260829_090004_TRỊ_AN.png
[2026-08-29T09:00:04] Daily CB: đã reset Flash sau lỗi TRỊ AN; tác vụ kế tiếp sẽ đăng nhập từ trạng thái sạch.
[2026-08-29T09:00:04] Daily CB: client chưa mở, đang đăng nhập trước bước checkpoint Auto phụ bản...
[2026-08-29T09:00:04] [AUTO_START] WAIT_WINDOW attempt=1 pass=0 pid=10056 Flash launched at original size
[2026-08-29T09:00:09] [AUTO_START] START_CLICKED attempt=1 pass=0 pid=10056 Bắt đầu
[2026-08-29T09:00:14] [AUTO_START] RETRY_START attempt=1 pass=0 pid=10056 chua thay chon kenh, bam lai Bat dau
[2026-08-29T09:00:31] [AUTO_START] START_CLICKED attempt=1 pass=0 pid=10056 Bắt đầu
[2026-08-29T09:00:33] [AUTO_START] CHANNEL_SELECTED attempt=1 pass=0 pid=10056 channel=(449, 308) choices=1
[2026-08-29T09:00:38] [AUTO_START] ENTER_GAME_CLICKED attempt=1 pass=0 pid=10056 character_slot=1 slot_verified=True
[2026-08-29T09:00:43] [AUTO_START] MAP_READY_OPEN attempt=1 pass=0 pid=10056 Player=0x106570a0 Core=0x176430d0 world=(3123,753)
[2026-08-29T09:00:43] acc_1: FPS FPS_NO_UI_CONTROL: target=30 current=None
[2026-08-29T09:00:48] Daily: đã đóng Flash sau Auto phụ bản checkpoint 1; chờ 25 phút.
[2026-08-29T09:25:48] Daily CB: client chưa mở, đang đăng nhập trước bước mở lại sau Auto phụ bản checkpoint 1...
[2026-08-29T09:25:48] [AUTO_START] WAIT_WINDOW attempt=1 pass=0 pid=12312 Flash launched at original size
[2026-08-29T09:25:52] [AUTO_START] START_CLICKED attempt=1 pass=0 pid=12312 Bắt đầu
[2026-08-29T09:25:57] [AUTO_START] RETRY_START attempt=1 pass=0 pid=12312 chua thay chon kenh, bam lai Bat dau
[2026-08-29T09:26:00] [AUTO_START] START_CLICKED attempt=1 pass=0 pid=12312 Bắt đầu
[2026-08-29T09:26:05] [AUTO_START] RETRY_START attempt=1 pass=0 pid=12312 chua thay chon kenh, bam lai Bat dau
[2026-08-29T09:26:16] [AUTO_START] START_CLICKED attempt=1 pass=0 pid=12312 Bắt đầu
[2026-08-29T09:26:19] [AUTO_START] CHANNEL_SELECTED attempt=1 pass=0 pid=12312 channel=(449, 308) choices=1
[2026-08-29T09:26:23] [AUTO_START] ENTER_GAME_CLICKED attempt=1 pass=0 pid=12312 character_slot=1 slot_verified=True
[2026-08-29T09:26:28] [AUTO_START] MAP_READY_OPEN attempt=1 pass=0 pid=12312 Player=0xe7ba0a0 Core=0x1501c0d0 world=(3123,753)
[2026-08-29T09:26:28] acc_1: FPS FPS_NO_UI_CONTROL: target=30 current=None
[2026-08-29T09:26:37] [POPUP] đã đóng cache_notice
[2026-08-29T09:26:59] [DUNGEON] NPC live-panel probe: 2.66s panel=0x0
[2026-08-29T09:27:06] [DUNGEON] NPC open attempt 1: exact NPC count=0 elapsed=7.44s
[2026-08-29T09:27:15] [DUNGEON] NPC open attempt 2: exact NPC count=0 elapsed=7.67s
[2026-08-29T09:27:29] [DUNGEON] NPC live-panel probe: 2.92s panel=0x24f380a0
[2026-08-29T09:27:41] [DUNGEON] Trở Lại Lang Huyệt: bỏ qua lượt này — Trở Lại Lang Huyệt: không có trong list account/level hiện tại
[2026-08-29T09:27:41] [POPUP] đã đóng npc_dialog
[2026-08-29T09:27:46] [POPUP] đã đóng cache_notice
[2026-08-29T09:27:54] [DUNGEON] NPC live-panel probe: 2.84s panel=0x24f380a0
[2026-08-29T09:28:03] [DUNGEON] Quỷ Hút Máu: bỏ qua lượt này — Quỷ Hút Máu: NPC không chào quest này ở lượt hiện tại (đã nhận hoặc hết lượt)
[2026-08-29T09:28:09] [DUNGEON] NPC live-panel probe: 2.94s panel=0x24f380a0
[2026-08-29T09:28:18] [DUNGEON] Thế Giới Số: bỏ qua lượt này — Thế Giới Số: NPC không chào quest này ở lượt hiện tại (đã nhận hoặc hết lượt)
[2026-08-29T09:28:21] [DUNGEON] Auto PB toolbar scan arrow=NutXuong.png score=0.990 box=(363, 28, 21, 23)
[2026-08-29T09:28:22] [DUNGEON] Auto PB panel visible after guarded toolbar click
[2026-08-29T09:28:32] [DUNGEON] Claim Liệt Diễm Thâm Uyên: button score=0.940 box=(202, 280, 60, 19) evidence=C:\Users\Administrator\Desktop\New folder\fbh_v2_ttt_fixed-20260709T181609Z-2-001\fbh_multi_account_infinite_auto\dev_supervisor_target_a_v2_20260814\logs\auto_pb_claim_12312_Liệt Diễm Thâm Uyên_1787970512.png
[2026-08-29T09:28:33] [DUNGEON] Claim Liệt Diễm Thâm Uyên: readback start PASS
[2026-08-29T09:28:43] [DUNGEON] Trở Lại Lang Huyệt: bỏ start — ledger vật phẩm 0 chưa đủ cho lượt 1
[2026-08-29T09:28:44] [DUNGEON] Quỷ Hút Máu: bỏ start — ledger vật phẩm 0 chưa đủ cho lượt 1
[2026-08-29T09:28:54] [DUNGEON] Thế Giới Số: bỏ start — ledger vật phẩm 0 chưa đủ cho lượt 1
[2026-08-29T09:28:56] [DUNGEON] Claim Thám Hiểm: button score=1.000 box=(428, 177, 60, 19) evidence=C:\Users\Administrator\Desktop\New folder\fbh_v2_ttt_fixed-20260709T181609Z-2-001\fbh_multi_account_infinite_auto\dev_supervisor_target_a_v2_20260814\logs\auto_pb_claim_12312_Thám Hiểm_1787970536.png
[2026-08-29T09:28:57] [DUNGEON] Claim Thám Hiểm: readback start PASS
[2026-08-29T09:29:14] Daily PHỤ BẢN checkpoint độc lập 1 (25 phút): Liệt Diễm Thâm Uyên:claim; Thám Hiểm:claim; Thám Hiểm:start | bỏ qua (NPC không chào): Trở Lại Lang Huyệt, Quỷ Hút Máu, Thế Giới Số, Trở Lại Lang Huyệt, Quỷ Hút Máu, Thế Giới Số
[2026-08-29T09:29:14] Daily: đã đóng Flash sau Auto phụ bản checkpoint 2; chờ 31 phút.
[2026-08-29T10:00:14] Daily CB: client chưa mở, đang đăng nhập trước bước mở lại sau Auto phụ bản checkpoint 2...
[2026-08-29T10:00:14] [AUTO_START] WAIT_WINDOW attempt=1 pass=0 pid=14496 Flash launched at original size
[2026-08-29T10:00:18] [AUTO_START] START_CLICKED attempt=1 pass=0 pid=14496 Bắt đầu
[2026-08-29T10:00:24] [AUTO_START] RETRY_START attempt=1 pass=0 pid=14496 chua thay chon kenh, bam lai Bat dau
[2026-08-29T10:00:42] [AUTO_START] START_CLICKED attempt=1 pass=0 pid=14496 Bắt đầu
[2026-08-29T10:00:45] [AUTO_START] CHANNEL_SELECTED attempt=1 pass=0 pid=14496 channel=(449, 308) choices=1
[2026-08-29T10:00:49] [AUTO_START] ENTER_GAME_CLICKED attempt=1 pass=0 pid=14496 character_slot=1 slot_verified=True
[2026-08-29T10:00:54] [AUTO_START] MAP_READY_OPEN attempt=1 pass=0 pid=14496 Player=0x1c6b90a0 Core=0xa61c0d0 world=(3109,1636)
[2026-08-29T10:00:54] acc_1: FPS FPS_NO_UI_CONTROL: target=30 current=None
[2026-08-29T10:01:03] [POPUP] đã đóng cache_notice
[2026-08-29T10:01:13] [DUNGEON] NPC live-panel probe: 4.94s panel=0x0
[2026-08-29T10:01:21] [DUNGEON] NPC open attempt 1: {'completed': False, 'wedged': True, 'detail': 'client wedged by an earlier injection; relaunch it'} elapsed=7.94s
[2026-08-29T10:01:21] Daily PHỤ BẢN checkpoint độc lập 2 (31 phút): không mở được NPC Sử Giả Mở Phụ Bản bằng memory
[2026-08-29T10:01:21] Daily CB: bỏ qua PHỤ BẢN (lỗi): checkpoint độc lập: không mở được NPC Sử Giả Mở Phụ Bản bằng memory — evidence: C:\Users\Administrator\Desktop\New folder\fbh_v2_ttt_fixed-20260709T181609Z-2-001\fbh_multi_account_infinite_auto\dev_supervisor_target_a_v2_20260814\logs\daily_errors\acc_1\20260829_100121_PHỤ_BẢN.png
[2026-08-29T10:01:21] Daily CB: đã reset Flash sau lỗi PHỤ BẢN; tác vụ kế tiếp sẽ đăng nhập từ trạng thái sạch.
[2026-08-29T10:01:21] Daily CB: bỏ qua PHỤ BẢN (lỗi): hết ba checkpoint nhưng card chưa hoàn tất
[2026-08-29T10:01:21] Daily CB: đã reset Flash sau lỗi PHỤ BẢN; tác vụ kế tiếp sẽ đăng nhập từ trạng thái sạch.
[2026-08-29T10:01:21] Daily hoàn tất đúng plan snapshot: VIP, NHẬN THỜI TRANG, MẬT BẢO, ĐIÊU KHẮC, LẬT THẺ BÀI, PHỤ BẢN, HÀNH LANG, THẦN TU, TU HÀNH, TRỪ MA, TRỊ AN
[2026-08-29T10:04:11] Đã bắt đầu Daily theo cấu hình riêng: acc_1
[2026-08-29T10:04:11] Daily CB: client chưa mở, đang đăng nhập trước bước TRỊ AN...
[2026-08-29T10:04:11] [AUTO_START] WAIT_WINDOW attempt=1 pass=0 pid=14876 Flash launched at original size
[2026-08-29T10:04:16] [AUTO_START] START_CLICKED attempt=1 pass=0 pid=14876 Bắt đầu
[2026-08-29T10:04:22] [AUTO_START] RETRY_START attempt=1 pass=0 pid=14876 chua thay chon kenh, bam lai Bat dau
[2026-08-29T10:04:38] [AUTO_START] START_CLICKED attempt=1 pass=0 pid=14876 Bắt đầu
[2026-08-29T10:04:41] [AUTO_START] CHANNEL_SELECTED attempt=1 pass=0 pid=14876 channel=(449, 308) choices=1
[2026-08-29T10:04:45] [AUTO_START] ENTER_GAME_CLICKED attempt=1 pass=0 pid=14876 character_slot=1 slot_verified=True
[2026-08-29T10:04:51] [AUTO_START] MAP_READY_OPEN attempt=1 pass=0 pid=14876 Player=0x1b9610a0 Core=0x1319b0d0 world=(3109,1636)
[2026-08-29T10:04:51] acc_1: FPS FPS_NO_UI_CONTROL: target=30 current=None
[2026-08-29T10:05:02] [POPUP] đã đóng cache_notice
[2026-08-29T10:05:22] [TRI_AN] TRỊ AN CB: mở NPC lần 1/8 chưa thành công: exact NPC Trưởng Cận Vệ Đông Huyền (family 306009 rid 277) count=0
[2026-08-29T10:05:25] [TRI_AN] TRỊ AN CB: mở NPC lần 2/8 chưa thành công: exact NPC Trưởng Cận Vệ Đông Huyền (family 306009 rid 277) count=0
[2026-08-29T10:05:29] [TRI_AN] TRỊ AN CB: mở NPC lần 3/8 chưa thành công: exact NPC Trưởng Cận Vệ Đông Huyền (family 306009 rid 277) count=0
[2026-08-29T10:05:32] [TRI_AN] TRỊ AN CB: mở NPC lần 4/8 chưa thành công: exact NPC Trưởng Cận Vệ Đông Huyền (family 306009 rid 277) count=0
[2026-08-29T10:05:36] [TRI_AN] TRỊ AN CB: mở NPC lần 5/8 chưa thành công: exact NPC Trưởng Cận Vệ Đông Huyền (family 306009 rid 277) count=0
[2026-08-29T10:05:39] [TRI_AN] TRỊ AN CB: mở NPC lần 6/8 chưa thành công: exact NPC Trưởng Cận Vệ Đông Huyền (family 306009 rid 277) count=0
[2026-08-29T10:05:43] [TRI_AN] TRỊ AN CB: mở NPC lần 7/8 chưa thành công: exact NPC Trưởng Cận Vệ Đông Huyền (family 306009 rid 277) count=0
[2026-08-29T10:05:46] [TRI_AN] TRỊ AN CB: mở NPC lần 8/8 chưa thành công: exact NPC Trưởng Cận Vệ Đông Huyền (family 306009 rid 277) count=0
[2026-08-29T10:05:48] [TRI_AN] TRỊ AN CB: dừng ở lượt 1: không mở được hộp thoại NPC Trưởng Cận Vệ Đông Huyền
[2026-08-29T10:05:49] Daily CB: bỏ qua TRỊ AN (lỗi): FAILED — 0/10 lượt; dừng ở lượt 1: không mở được hộp thoại NPC Trưởng Cận Vệ Đông Huyền — evidence: C:\Users\Administrator\Desktop\New folder\fbh_v2_ttt_fixed-20260709T181609Z-2-001\fbh_multi_account_infinite_auto\dev_supervisor_target_a_v2_20260814\logs\daily_errors\acc_1\20260829_100549_TRỊ_AN.png
[2026-08-29T10:05:49] Daily CB: đã reset Flash sau lỗi TRỊ AN; tác vụ kế tiếp sẽ đăng nhập từ trạng thái sạch.
[2026-08-29T10:05:49] Daily hoàn tất đúng plan snapshot: TRỊ AN
[2026-08-29T10:14:39] Đã bắt đầu Daily theo cấu hình riêng: acc_1
[2026-08-29T10:14:39] Daily CB: client chưa mở, đang đăng nhập trước bước TRỊ AN...
[2026-08-29T10:14:39] [AUTO_START] WAIT_WINDOW attempt=1 pass=0 pid=11472 Flash launched at original size
[2026-08-29T10:14:44] [AUTO_START] START_CLICKED attempt=1 pass=0 pid=11472 Bắt đầu
[2026-08-29T10:14:49] [AUTO_START] RETRY_START attempt=1 pass=0 pid=11472 chua thay chon kenh, bam lai Bat dau
[2026-08-29T10:15:06] [AUTO_START] START_CLICKED attempt=1 pass=0 pid=11472 Bắt đầu
[2026-08-29T10:15:09] [AUTO_START] CHANNEL_SELECTED attempt=1 pass=0 pid=11472 channel=(449, 308) choices=1
[2026-08-29T10:15:13] [AUTO_START] ENTER_GAME_CLICKED attempt=1 pass=0 pid=11472 character_slot=1 slot_verified=True
[2026-08-29T10:15:18] [AUTO_START] MAP_READY_OPEN attempt=1 pass=0 pid=11472 Player=0xd14a0a0 Core=0x11a440d0 world=(2023,1339)
[2026-08-29T10:15:18] acc_1: FPS FPS_NO_UI_CONTROL: target=30 current=None
[2026-08-29T10:15:30] [POPUP] đã đóng cache_notice
[2026-08-29T10:15:33] [TRI_AN] TRỊ AN CB: mở NPC lần 1/8 chưa thành công: exact NPC Trưởng Cận Vệ Đông Huyền (family 306009 rid 277) count=0
[2026-08-29T10:15:33] [TRI_AN] TRỊ AN CB: NPC không có trong snapshot — đi lại tới NPC (lần 1/2)
[2026-08-29T10:15:42] [TRI_AN] TRỊ AN CB: mở NPC lần 2/8 chưa thành công: exact NPC Trưởng Cận Vệ Đông Huyền (family 306009 rid 277) count=0
[2026-08-29T10:15:42] [TRI_AN] TRỊ AN CB: NPC không có trong snapshot — đi lại tới NPC (lần 2/2)
[2026-08-29T10:15:51] [TRI_AN] TRỊ AN CB: mở NPC lần 3/8 chưa thành công: exact NPC Trưởng Cận Vệ Đông Huyền (family 306009 rid 277) count=0
[2026-08-29T10:15:54] [TRI_AN] TRỊ AN CB: mở NPC lần 4/8 chưa thành công: exact NPC Trưởng Cận Vệ Đông Huyền (family 306009 rid 277) count=0
[2026-08-29T10:15:58] [TRI_AN] TRỊ AN CB: mở NPC lần 5/8 chưa thành công: exact NPC Trưởng Cận Vệ Đông Huyền (family 306009 rid 277) count=0
[2026-08-29T10:16:01] [TRI_AN] TRỊ AN CB: mở NPC lần 6/8 chưa thành công: exact NPC Trưởng Cận Vệ Đông Huyền (family 306009 rid 277) count=0
[2026-08-29T10:16:05] [TRI_AN] TRỊ AN CB: mở NPC lần 7/8 chưa thành công: exact NPC Trưởng Cận Vệ Đông Huyền (family 306009 rid 277) count=0
[2026-08-29T10:16:08] [TRI_AN] TRỊ AN CB: mở NPC lần 8/8 chưa thành công: exact NPC Trưởng Cận Vệ Đông Huyền (family 306009 rid 277) count=0
[2026-08-29T10:16:10] [TRI_AN] TRỊ AN CB: dừng ở lượt 1: không mở được hộp thoại NPC Trưởng Cận Vệ Đông Huyền
[2026-08-29T10:16:10] Daily CB: bỏ qua TRỊ AN (lỗi): FAILED — 0/10 lượt; dừng ở lượt 1: không mở được hộp thoại NPC Trưởng Cận Vệ Đông Huyền — evidence: C:\Users\Administrator\Desktop\New folder\fbh_v2_ttt_fixed-20260709T181609Z-2-001\fbh_multi_account_infinite_auto\dev_supervisor_target_a_v2_20260814\logs\daily_errors\acc_1\20260829_101610_TRỊ_AN.png
[2026-08-29T10:16:10] Daily CB: đã reset Flash sau lỗi TRỊ AN; tác vụ kế tiếp sẽ đăng nhập từ trạng thái sạch.
[2026-08-29T10:16:10] Daily hoàn tất đúng plan snapshot: TRỊ AN
[2026-08-29T11:36:45] Đã thêm "tshihi"
[2026-08-29T11:37:15] [AUTO_START] WAIT_WINDOW attempt=1 pass=0 pid=4832 Flash launched at original size
[2026-08-29T11:37:15] Đang đăng nhập 1 acc...
[2026-08-29T11:37:19] [AUTO_START] START_CLICKED attempt=1 pass=0 pid=4832 Bắt đầu
[2026-08-29T11:37:25] [AUTO_START] RETRY_START attempt=1 pass=0 pid=4832 chua thay chon kenh, bam lai Bat dau
[2026-08-29T11:37:33] [AUTO_START] START_CLICKED attempt=1 pass=0 pid=4832 Bắt đầu
[2026-08-29T11:37:39] [AUTO_START] RETRY_START attempt=1 pass=0 pid=4832 chua thay chon kenh, bam lai Bat dau
[2026-08-29T11:37:42] [AUTO_START] START_CLICKED attempt=1 pass=0 pid=4832 Bắt đầu
[2026-08-29T11:37:48] [AUTO_START] RETRY_START attempt=1 pass=0 pid=4832 chua thay chon kenh, bam lai Bat dau
[2026-08-29T11:37:52] [AUTO_START] START_CLICKED attempt=1 pass=0 pid=4832 Bắt đầu
[2026-08-29T11:37:57] [AUTO_START] MAP_READY_OPEN attempt=1 pass=0 pid=4832 Player=0x1518f0a0 Core=0x8d550d0 world=(1407,1301)
[2026-08-29T11:37:57] acc_7: FPS FPS_CONFIG_INVALID: target=None current=None account acc_7 chưa có FPS trong config; không dùng giá trị mặc định
[2026-08-29T13:44:33] Đã bắt đầu Daily theo cấu hình riêng: acc_1
[2026-08-29T13:44:33] Daily CB: client chưa mở, đang đăng nhập trước bước TRỊ AN...
[2026-08-29T13:44:33] [AUTO_START] WAIT_WINDOW attempt=1 pass=0 pid=12976 Flash launched at original size
[2026-08-29T13:44:37] [AUTO_START] START_CLICKED attempt=1 pass=0 pid=12976 Bắt đầu
[2026-08-29T13:44:42] [AUTO_START] RETRY_START attempt=1 pass=0 pid=12976 chua thay chon kenh, bam lai Bat dau
[2026-08-29T13:44:45] [AUTO_START] START_CLICKED attempt=1 pass=0 pid=12976 Bắt đầu
[2026-08-29T13:44:50] [AUTO_START] RETRY_START attempt=1 pass=0 pid=12976 chua thay chon kenh, bam lai Bat dau
[2026-08-29T13:45:01] [AUTO_START] START_CLICKED attempt=1 pass=0 pid=12976 Bắt đầu
[2026-08-29T13:45:04] [AUTO_START] CHANNEL_SELECTED attempt=1 pass=0 pid=12976 channel=(449, 308) choices=1
[2026-08-29T13:45:08] [AUTO_START] ENTER_GAME_CLICKED attempt=1 pass=0 pid=12976 character_slot=1 slot_verified=True
[2026-08-29T13:45:13] [AUTO_START] MAP_READY_OPEN attempt=1 pass=0 pid=12976 Player=0x1cea70a0 Core=0xb6570d0 world=(3065,820)
[2026-08-29T13:45:13] acc_1: FPS FPS_NO_UI_CONTROL: target=30 current=None
[2026-08-29T13:45:23] [POPUP] đã đóng cache_notice
[2026-08-29T13:45:26] [TRI_AN] TRỊ AN CB: mở NPC lần 1/8 chưa thành công: exact NPC Trưởng Cận Vệ Đông Huyền (family 306009 rid 277) count=0
[2026-08-29T13:45:26] [TRI_AN] TRỊ AN CB: NPC không có trong snapshot — đi lại tới NPC (lần 1/2)
[2026-08-29T13:45:35] [TRI_AN] TRỊ AN CB: mở NPC lần 2/8 chưa thành công: exact NPC Trưởng Cận Vệ Đông Huyền (family 306009 rid 277) count=0
[2026-08-29T13:45:35] [TRI_AN] TRỊ AN CB: NPC không có trong snapshot — đi lại tới NPC (lần 2/2)
[2026-08-29T13:45:43] [TRI_AN] TRỊ AN CB: mở NPC lần 3/8 chưa thành công: exact NPC Trưởng Cận Vệ Đông Huyền (family 306009 rid 277) count=0
[2026-08-29T13:45:47] [TRI_AN] TRỊ AN CB: mở NPC lần 4/8 chưa thành công: exact NPC Trưởng Cận Vệ Đông Huyền (family 306009 rid 277) count=0
[2026-08-29T13:45:50] [TRI_AN] TRỊ AN CB: mở NPC lần 5/8 chưa thành công: exact NPC Trưởng Cận Vệ Đông Huyền (family 306009 rid 277) count=0
[2026-08-29T13:45:54] [TRI_AN] TRỊ AN CB: mở NPC lần 6/8 chưa thành công: exact NPC Trưởng Cận Vệ Đông Huyền (family 306009 rid 277) count=0
[2026-08-29T13:45:57] [TRI_AN] TRỊ AN CB: mở NPC lần 7/8 chưa thành công: exact NPC Trưởng Cận Vệ Đông Huyền (family 306009 rid 277) count=0
[2026-08-29T13:46:01] [TRI_AN] TRỊ AN CB: mở NPC lần 8/8 chưa thành công: exact NPC Trưởng Cận Vệ Đông Huyền (family 306009 rid 277) count=0
[2026-08-29T13:46:02] [TRI_AN] TRỊ AN CB: dừng ở lượt 1: không mở được hộp thoại NPC Trưởng Cận Vệ Đông Huyền
[2026-08-29T13:46:03] Daily CB: bỏ qua TRỊ AN (lỗi): FAILED — 0/10 lượt; dừng ở lượt 1: không mở được hộp thoại NPC Trưởng Cận Vệ Đông Huyền — evidence: C:\Users\Administrator\Desktop\New folder\fbh_v2_ttt_fixed-20260709T181609Z-2-001\fbh_multi_account_infinite_auto\dev_supervisor_target_a_v2_20260814\logs\daily_errors\acc_1\20260829_134603_TRỊ_AN.png
[2026-08-29T13:46:03] Daily CB: đã reset Flash sau lỗi TRỊ AN; tác vụ kế tiếp sẽ đăng nhập từ trạng thái sạch.
[2026-08-29T13:46:03] Daily hoàn tất đúng plan snapshot: TRỊ AN
[2026-08-29T13:54:11] Đã bắt đầu Daily theo cấu hình riêng: acc_1
[2026-08-29T13:54:11] Daily CB: client chưa mở, đang đăng nhập trước bước TRỊ AN...
[2026-08-29T13:54:11] [AUTO_START] WAIT_WINDOW attempt=1 pass=0 pid=18356 Flash launched at original size
[2026-08-29T13:54:15] [AUTO_START] START_CLICKED attempt=1 pass=0 pid=18356 Bắt đầu
[2026-08-29T13:54:20] [AUTO_START] RETRY_START attempt=1 pass=0 pid=18356 chua thay chon kenh, bam lai Bat dau
[2026-08-29T13:54:38] [AUTO_START] START_CLICKED attempt=1 pass=0 pid=18356 Bắt đầu
[2026-08-29T13:54:41] [AUTO_START] CHANNEL_SELECTED attempt=1 pass=0 pid=18356 channel=(449, 308) choices=1
[2026-08-29T13:54:45] [AUTO_START] ENTER_GAME_CLICKED attempt=1 pass=0 pid=18356 character_slot=1 slot_verified=True
[2026-08-29T13:54:51] [AUTO_START] MAP_READY_OPEN attempt=1 pass=0 pid=18356 Player=0xf0c50a0 Core=0x11c470d0 world=(3065,820)
[2026-08-29T13:54:51] acc_1: FPS FPS_NO_UI_CONTROL: target=30 current=None
[2026-08-29T13:55:01] [POPUP] đã đóng cache_notice
[2026-08-29T13:55:04] [TRI_AN] TRỊ AN CB: mở NPC lần 1/8 chưa thành công: exact NPC Trưởng Cận Vệ Đông Huyền (family 306009 rid 277) count=0
[2026-08-29T13:55:04] [TRI_AN] TRỊ AN CB: NPC không có trong snapshot — đi lại tới NPC (lần 1/2)
[2026-08-29T13:55:44] [TRI_AN] TRỊ AN CB: dừng ở lượt 1: đã mở dòng Trị An[Vòng] nhưng chưa đọc được dòng biến thể; không bấm mù dòng vòng lần nữa
[2026-08-29T13:55:45] Daily CB: bỏ qua TRỊ AN (lỗi): FAILED — 0/10 lượt; dừng ở lượt 1: đã mở dòng Trị An[Vòng] nhưng chưa đọc được dòng biến thể; không bấm mù dòng vòng lần nữa — evidence: C:\Users\Administrator\Desktop\New folder\fbh_v2_ttt_fixed-20260709T181609Z-2-001\fbh_multi_account_infinite_auto\dev_supervisor_target_a_v2_20260814\logs\daily_errors\acc_1\20260829_135545_TRỊ_AN.png
[2026-08-29T13:55:45] Daily CB: đã reset Flash sau lỗi TRỊ AN; tác vụ kế tiếp sẽ đăng nhập từ trạng thái sạch.
[2026-08-29T13:55:45] Daily hoàn tất đúng plan snapshot: TRỊ AN
[2026-08-29T14:59:05] Đã bắt đầu Daily theo cấu hình riêng: acc_1
[2026-08-29T14:59:05] Daily CB: client chưa mở, đang đăng nhập trước bước PHỤ BẢN...
[2026-08-29T14:59:05] [AUTO_START] WAIT_WINDOW attempt=1 pass=0 pid=12232 Flash launched at original size
[2026-08-29T14:59:11] [AUTO_START] START_CLICKED attempt=1 pass=0 pid=12232 Bắt đầu
[2026-08-29T14:59:16] [AUTO_START] RETRY_START attempt=1 pass=0 pid=12232 chua thay chon kenh, bam lai Bat dau
[2026-08-29T14:59:32] [AUTO_START] START_CLICKED attempt=1 pass=0 pid=12232 Bắt đầu
[2026-08-29T14:59:35] [AUTO_START] CHANNEL_SELECTED attempt=1 pass=0 pid=12232 channel=(449, 308) choices=1
[2026-08-29T14:59:40] [AUTO_START] ENTER_GAME_CLICKED attempt=1 pass=0 pid=12232 character_slot=1 slot_verified=True
[2026-08-29T14:59:45] [AUTO_START] MAP_READY_OPEN attempt=1 pass=0 pid=12232 Player=0x1cfe80a0 Core=0xb27b0d0 world=(3000,1800)
[2026-08-29T14:59:45] acc_1: FPS FPS_NO_UI_CONTROL: target=30 current=None
[2026-08-29T14:59:54] [POPUP] đã đóng cache_notice
[2026-08-29T15:00:01] [DUNGEON] NPC live-panel probe: 2.91s panel=0x0
[2026-08-29T15:00:09] [DUNGEON] NPC open attempt 1: exact NPC count=0 elapsed=7.33s
[2026-08-29T15:00:18] [DUNGEON] NPC open attempt 2: exact NPC count=0 elapsed=7.55s
[2026-08-29T15:00:32] [DUNGEON] NPC live-panel probe: 3.06s panel=0x2280cae0
[2026-08-29T15:00:51] [POPUP] đã đóng cache_notice
[2026-08-29T15:01:03] [DUNGEON] NPC live-panel probe: 3.01s panel=0x2280cae0
[2026-08-29T15:01:27] [DUNGEON] NPC live-panel probe: 2.76s panel=0x2280cae0
[2026-08-29T15:01:47] [DUNGEON] Auto PB toolbar scan arrow=NutXuong.png score=0.990 box=(363, 28, 21, 23)
[2026-08-29T15:01:49] [DUNGEON] Auto PB panel visible after guarded toolbar click
[2026-08-29T15:02:17] Daily PHỤ BẢN lượt đầu: Mê Huyễn Động:start; Kho Báu Đại Mạc:start; Lục Tiên Cảnh:start
[2026-08-29T15:02:17] Daily xong bước PHỤ BẢN: Mê Huyễn Động:start; Kho Báu Đại Mạc:start; Lục Tiên Cảnh:start
[2026-08-29T15:02:21] Daily CB: cleanup memory PHỤ BẢN: {'ok': True, 'results': {'quest': {'ok': True, 'changed': False, 'before': False, 'after': False}, 'npc_dialog': {'ok': True, 'changed': False, 'before': False, 'after': False}, 'auto_dungeon': {'ok': True, 'changed': False, 'before': False, 'after': False}}}
[2026-08-29T15:02:21] Daily: đã đóng Flash sau Auto phụ bản checkpoint 1; chờ 25 phút.
[2026-08-29T15:27:21] Daily CB: client chưa mở, đang đăng nhập trước bước mở lại sau Auto phụ bản checkpoint 1...
[2026-08-29T15:27:21] [AUTO_START] WAIT_WINDOW attempt=1 pass=0 pid=4940 Flash launched at original size
[2026-08-29T15:27:25] [AUTO_START] START_CLICKED attempt=1 pass=0 pid=4940 Bắt đầu
[2026-08-29T15:27:30] [AUTO_START] RETRY_START attempt=1 pass=0 pid=4940 chua thay chon kenh, bam lai Bat dau
[2026-08-29T15:27:32] [AUTO_START] START_CLICKED attempt=1 pass=0 pid=4940 Bắt đầu
[2026-08-29T15:27:38] [AUTO_START] RETRY_START attempt=1 pass=0 pid=4940 chua thay chon kenh, bam lai Bat dau
[2026-08-29T15:27:48] [AUTO_START] START_CLICKED attempt=1 pass=0 pid=4940 Bắt đầu
[2026-08-29T15:27:51] [AUTO_START] CHANNEL_SELECTED attempt=1 pass=0 pid=4940 channel=(449, 308) choices=1
[2026-08-29T15:27:55] [AUTO_START] ENTER_GAME_CLICKED attempt=1 pass=0 pid=4940 character_slot=1 slot_verified=True
[2026-08-29T15:28:01] [AUTO_START] MAP_READY_OPEN attempt=1 pass=0 pid=4940 Player=0x12fbb0a0 Core=0x6b740d0 world=(3101,1653)
[2026-08-29T15:28:01] acc_1: FPS FPS_NO_UI_CONTROL: target=30 current=None
[2026-08-29T15:28:10] [POPUP] đã đóng cache_notice
[2026-08-29T15:28:14] [DUNGEON] Auto PB toolbar scan arrow=NutXuong.png score=0.990 box=(363, 28, 21, 23)
[2026-08-29T15:28:15] [DUNGEON] Auto PB panel visible after guarded toolbar click
[2026-08-29T15:28:17] [DUNGEON] Claim Mê Huyễn Động: button score=0.940 box=(202, 177, 60, 19) evidence=C:\Users\Administrator\Desktop\New folder\fbh_v2_ttt_fixed-20260709T181609Z-2-001\fbh_multi_account_infinite_auto\dev_supervisor_target_a_v2_20260814\logs\auto_pb_claim_4940_Mê Huyễn Động_1787992097.png
[2026-08-29T15:28:18] [DUNGEON] Claim Mê Huyễn Động: readback start PASS
[2026-08-29T15:28:22] [DUNGEON] Claim Kho Báu Đại Mạc: button score=1.000 box=(428, 177, 60, 19) evidence=C:\Users\Administrator\Desktop\New folder\fbh_v2_ttt_fixed-20260709T181609Z-2-001\fbh_multi_account_infinite_auto\dev_supervisor_target_a_v2_20260814\logs\auto_pb_claim_4940_Kho Báu Đại Mạc_1787992102.png
[2026-08-29T15:28:23] [DUNGEON] Claim Kho Báu Đại Mạc: readback start PASS
[2026-08-29T15:28:26] [DUNGEON] Claim Lục Tiên Cảnh: button score=1.000 box=(654, 177, 60, 19) evidence=C:\Users\Administrator\Desktop\New folder\fbh_v2_ttt_fixed-20260709T181609Z-2-001\fbh_multi_account_infinite_auto\dev_supervisor_target_a_v2_20260814\logs\auto_pb_claim_4940_Lục Tiên Cảnh_1787992106.png
[2026-08-29T15:28:27] [DUNGEON] Claim Lục Tiên Cảnh: readback start PASS
[2026-08-29T15:28:31] Daily PHỤ BẢN checkpoint độc lập 1 (25 phút): Mê Huyễn Động:claim; Kho Báu Đại Mạc:claim; Lục Tiên Cảnh:claim
[2026-08-29T15:28:31] Daily hoàn tất đúng plan snapshot: PHỤ BẢN
[2026-08-29T15:34:24] Đã bắt đầu Daily theo cấu hình riêng: acc_2
[2026-08-29T15:34:24] Daily pepsi: client chưa mở, đang đăng nhập trước bước VIP...
[2026-08-29T15:34:24] [AUTO_START] WAIT_WINDOW attempt=1 pass=0 pid=7648 Flash launched at original size
[2026-08-29T15:34:28] [AUTO_START] START_CLICKED attempt=1 pass=0 pid=7648 Bắt đầu
[2026-08-29T15:34:33] [AUTO_START] RETRY_START attempt=1 pass=0 pid=7648 chua thay chon kenh, bam lai Bat dau
[2026-08-29T15:34:35] [AUTO_START] START_CLICKED attempt=1 pass=0 pid=7648 Bắt đầu
[2026-08-29T15:34:41] [AUTO_START] RETRY_START attempt=1 pass=0 pid=7648 chua thay chon kenh, bam lai Bat dau
[2026-08-29T15:34:52] [AUTO_START] START_CLICKED attempt=1 pass=0 pid=7648 Bắt đầu
[2026-08-29T15:34:55] [AUTO_START] CHANNEL_SELECTED attempt=1 pass=0 pid=7648 channel=(449, 308) choices=1
[2026-08-29T15:34:59] [AUTO_START] ENTER_GAME_CLICKED attempt=1 pass=0 pid=7648 character_slot=1 slot_verified=True
[2026-08-29T15:35:04] [AUTO_START] MAP_READY_OPEN attempt=1 pass=0 pid=7648 Player=0x131330a0 Core=0x15dfa0d0 world=(2223,1292)
[2026-08-29T15:35:04] acc_2: FPS FPS_NO_UI_CONTROL: target=30 current=None
[2026-08-29T15:35:13] [POPUP] đã đóng cache_notice
[2026-08-29T15:35:20] Daily xong bước VIP: đã thử claim 5/5 dòng VIP
[2026-08-29T15:35:23] Daily pepsi: cleanup memory VIP: {'ok': True, 'results': {'vip': {'ok': True, 'changed': False, 'before': False, 'after': False}}}
[2026-08-29T15:35:32] Daily xong bước NHẬN THỜI TRANG: đã Rút Bộ thường, bấm Xác nhận và đọc lại popup đã đóng
[2026-08-29T15:35:35] Daily pepsi: cleanup memory NHẬN THỜI TRANG: {'ok': True, 'results': {'character': {'ok': True, 'changed': False, 'before': False, 'after': False}}}
[2026-08-29T15:36:21] Daily xong bước MẬT BẢO: đã dò cấp 6→6, chọn công thức cấp 6 và bấm Chế tạo Mật Bảo 20 lần
[2026-08-29T15:36:24] Daily pepsi: cleanup memory MẬT BẢO: {'ok': True, 'results': {'character': {'ok': True, 'changed': False, 'before': False, 'after': False}}}
[2026-08-29T15:36:35] Daily xong bước ĐIÊU KHẮC: đã bấm Đổi miễn phí và xác nhận Có trong KGĐK
[2026-08-29T15:36:38] Daily pepsi: cleanup memory ĐIÊU KHẮC: {'ok': True, 'results': {'character': {'ok': True, 'changed': False, 'before': False, 'after': False}}}
[2026-08-29T15:37:32] Daily xong bước LẬT THẺ BÀI: đã phát bài, nhận thưởng và xác nhận Có 10/10 lượt
[2026-08-29T15:37:35] Daily pepsi: cleanup memory LẬT THẺ BÀI: {'ok': True, 'results': {'card_game': {'ok': True, 'changed': False, 'before': False, 'after': False}}}
[2026-08-29T15:37:54] [DUNGEON] NPC live-panel probe: 2.64s panel=0x0
[2026-08-29T15:38:02] [DUNGEON] NPC open attempt 1: exact NPC count=0 elapsed=7.86s
[2026-08-29T15:38:12] [DUNGEON] NPC open attempt 2: exact NPC count=0 elapsed=8.09s
[2026-08-29T15:38:27] [DUNGEON] NPC live-panel probe: 3.17s panel=0x39bd8ae0
[2026-08-29T15:39:01] [DUNGEON] NPC live-panel probe: 3.06s panel=0x39bd8ae0
[2026-08-29T15:39:35] [DUNGEON] NPC live-panel probe: 3.38s panel=0x39bd8ae0
[2026-08-29T15:40:07] [DUNGEON] NPC live-panel probe: 3.22s panel=0x39bd8ae0
[2026-08-29T15:40:39] [DUNGEON] NPC live-panel probe: 3.14s panel=0x39bd8ae0
[2026-08-29T15:41:02] Daily PHỤ BẢN lượt đầu: Kho Báu Đại Mạc: Xong qua memory chưa có readback
[2026-08-29T15:41:02] Daily pepsi: bỏ qua PHỤ BẢN (lỗi): Kho Báu Đại Mạc: Xong qua memory chưa có readback — evidence: C:\Users\Administrator\Desktop\New folder\fbh_v2_ttt_fixed-20260709T181609Z-2-001\fbh_multi_account_infinite_auto\dev_supervisor_target_a_v2_20260814\logs\daily_errors\acc_2\20260829_154102_PHỤ_BẢN.png
[2026-08-29T15:41:02] Daily pepsi: đã reset Flash sau lỗi PHỤ BẢN; tác vụ kế tiếp sẽ đăng nhập từ trạng thái sạch.
[2026-08-29T15:41:02] Daily pepsi: client chưa mở, đang đăng nhập trước bước HÀNH LANG...
[2026-08-29T15:41:02] [AUTO_START] WAIT_WINDOW attempt=1 pass=0 pid=6768 Flash launched at original size
[2026-08-29T15:41:08] [AUTO_START] START_CLICKED attempt=1 pass=0 pid=6768 Bắt đầu
[2026-08-29T15:41:13] [AUTO_START] RETRY_START attempt=1 pass=0 pid=6768 chua thay chon kenh, bam lai Bat dau
[2026-08-29T15:41:29] [AUTO_START] START_CLICKED attempt=1 pass=0 pid=6768 Bắt đầu
[2026-08-29T15:41:31] [AUTO_START] CHANNEL_SELECTED attempt=1 pass=0 pid=6768 channel=(449, 308) choices=1
[2026-08-29T15:41:36] [AUTO_START] ENTER_GAME_CLICKED attempt=1 pass=0 pid=6768 character_slot=1 slot_verified=True
[2026-08-29T15:41:41] [AUTO_START] MAP_READY_OPEN attempt=1 pass=0 pid=6768 Player=0x8fae0a0 Core=0xb5330d0 world=(3111,1561)
[2026-08-29T15:41:41] acc_2: FPS FPS_NO_UI_CONTROL: target=30 current=None
[2026-08-29T15:41:49] [POPUP] đã đóng cache_notice
[2026-08-29T15:41:59] [POPUP] popup vẫn còn sau một lần đóng: cache_notice; không bấm lại
[2026-08-29T15:41:59] Daily pepsi: bỏ qua HÀNH LANG (lỗi): không tới Quyến Cố Thành: popup guard trước chuyển map: known_popup_persistent — evidence: C:\Users\Administrator\Desktop\New folder\fbh_v2_ttt_fixed-20260709T181609Z-2-001\fbh_multi_account_infinite_auto\dev_supervisor_target_a_v2_20260814\logs\daily_errors\acc_2\20260829_154159_HÀNH_LANG.png
[2026-08-29T15:41:59] Daily pepsi: đã reset Flash sau lỗi HÀNH LANG; tác vụ kế tiếp sẽ đăng nhập từ trạng thái sạch.
[2026-08-29T15:41:59] Daily pepsi: client chưa mở, đang đăng nhập trước bước THẦN TU...
[2026-08-29T15:41:59] [AUTO_START] WAIT_WINDOW attempt=1 pass=0 pid=15608 Flash launched at original size
[2026-08-29T15:42:03] [AUTO_START] START_CLICKED attempt=1 pass=0 pid=15608 Bắt đầu
[2026-08-29T15:42:08] [AUTO_START] RETRY_START attempt=1 pass=0 pid=15608 chua thay chon kenh, bam lai Bat dau
[2026-08-29T15:42:27] [AUTO_START] START_CLICKED attempt=1 pass=0 pid=15608 Bắt đầu
[2026-08-29T15:42:29] [AUTO_START] CHANNEL_SELECTED attempt=1 pass=0 pid=15608 channel=(449, 308) choices=1
[2026-08-29T15:42:33] [AUTO_START] ENTER_GAME_CLICKED attempt=1 pass=0 pid=15608 character_slot=1 slot_verified=True
[2026-08-29T15:42:38] [AUTO_START] MAP_READY_OPEN attempt=1 pass=0 pid=15608 Player=0x1bcc40a0 Core=0x13fbd0d0 world=(3111,1561)
[2026-08-29T15:42:38] acc_2: FPS FPS_NO_UI_CONTROL: target=30 current=None
[2026-08-29T15:42:47] [POPUP] đã đóng cache_notice
[2026-08-29T15:42:56] [POPUP] popup vẫn còn sau một lần đóng: cache_notice; không bấm lại
[2026-08-29T15:42:56] Daily pepsi: bỏ qua THẦN TU (lỗi): không tới được Quyến Cố Thành: popup guard trước chuyển map: known_popup_persistent — evidence: C:\Users\Administrator\Desktop\New folder\fbh_v2_ttt_fixed-20260709T181609Z-2-001\fbh_multi_account_infinite_auto\dev_supervisor_target_a_v2_20260814\logs\daily_errors\acc_2\20260829_154256_THẦN_TU.png
[2026-08-29T15:42:56] Daily pepsi: đã reset Flash sau lỗi THẦN TU; tác vụ kế tiếp sẽ đăng nhập từ trạng thái sạch.
[2026-08-29T15:42:56] Daily pepsi: client chưa mở, đang đăng nhập trước bước TU HÀNH...
[2026-08-29T15:42:57] [AUTO_START] WAIT_WINDOW attempt=1 pass=0 pid=10648 Flash launched at original size
[2026-08-29T15:43:00] [AUTO_START] START_CLICKED attempt=1 pass=0 pid=10648 Bắt đầu
[2026-08-29T15:43:05] [AUTO_START] RETRY_START attempt=1 pass=0 pid=10648 chua thay chon kenh, bam lai Bat dau
[2026-08-29T15:43:08] [AUTO_START] START_CLICKED attempt=1 pass=0 pid=10648 Bắt đầu
[2026-08-29T15:43:13] [AUTO_START] RETRY_START attempt=1 pass=0 pid=10648 chua thay chon kenh, bam lai Bat dau
[2026-08-29T15:43:24] [AUTO_START] START_CLICKED attempt=1 pass=0 pid=10648 Bắt đầu
[2026-08-29T15:43:27] [AUTO_START] CHANNEL_SELECTED attempt=1 pass=0 pid=10648 channel=(449, 308) choices=1
[2026-08-29T15:43:31] [AUTO_START] ENTER_GAME_CLICKED attempt=1 pass=0 pid=10648 character_slot=1 slot_verified=True
[2026-08-29T15:43:36] [AUTO_START] MAP_READY_OPEN attempt=1 pass=0 pid=10648 Player=0x1c0fb0a0 Core=0xf2950d0 world=(3111,1561)
[2026-08-29T15:43:36] acc_2: FPS FPS_NO_UI_CONTROL: target=30 current=None
[2026-08-29T15:43:45] [POPUP] đã đóng cache_notice
[2026-08-29T15:43:55] [POPUP] popup vẫn còn sau một lần đóng: cache_notice; không bấm lại
[2026-08-29T15:43:55] Daily pepsi: bỏ qua TU HÀNH (lỗi): không tới được Quyến Cố Thành: popup guard trước chuyển map: known_popup_persistent — evidence: C:\Users\Administrator\Desktop\New folder\fbh_v2_ttt_fixed-20260709T181609Z-2-001\fbh_multi_account_infinite_auto\dev_supervisor_target_a_v2_20260814\logs\daily_errors\acc_2\20260829_154355_TU_HÀNH.png
[2026-08-29T15:43:55] Daily pepsi: đã reset Flash sau lỗi TU HÀNH; tác vụ kế tiếp sẽ đăng nhập từ trạng thái sạch.
[2026-08-29T15:43:55] Daily pepsi: client chưa mở, đang đăng nhập trước bước TRỪ MA...
[2026-08-29T15:43:55] [AUTO_START] WAIT_WINDOW attempt=1 pass=0 pid=11072 Flash launched at original size
[2026-08-29T15:43:59] [AUTO_START] START_CLICKED attempt=1 pass=0 pid=11072 Bắt đầu
[2026-08-29T15:44:03] [AUTO_START] RETRY_START attempt=1 pass=0 pid=11072 chua thay chon kenh, bam lai Bat dau
[2026-08-29T15:44:06] [AUTO_START] START_CLICKED attempt=1 pass=0 pid=11072 Bắt đầu
[2026-08-29T15:44:11] [AUTO_START] RETRY_START attempt=1 pass=0 pid=11072 chua thay chon kenh, bam lai Bat dau
[2026-08-29T15:44:22] [AUTO_START] START_CLICKED attempt=1 pass=0 pid=11072 Bắt đầu
[2026-08-29T15:44:25] [AUTO_START] CHANNEL_SELECTED attempt=1 pass=0 pid=11072 channel=(449, 308) choices=1
[2026-08-29T15:44:29] [AUTO_START] ENTER_GAME_CLICKED attempt=1 pass=0 pid=11072 character_slot=1 slot_verified=True
[2026-08-29T15:44:34] [AUTO_START] MAP_READY_OPEN attempt=1 pass=0 pid=11072 Player=0x1395a0a0 Core=0x159fa0d0 world=(3111,1561)
[2026-08-29T15:44:34] acc_2: FPS FPS_NO_UI_CONTROL: target=30 current=None
[2026-08-29T15:44:45] [POPUP] đã đóng cache_notice
[2026-08-29T15:44:54] [POPUP] popup vẫn còn sau một lần đóng: cache_notice; không bấm lại
[2026-08-29T15:44:58] [POPUP] đã đóng cache_notice
[2026-08-29T15:45:49] [TRU_MA] TRỪ MA pepsi: nhận diện: Phi Ma Tập Kích (id=7668, margin=6)
[2026-08-29T15:46:09] [TRU_MA] TRỪ MA pepsi: mục tiêu: Thủ Lĩnh Phi Ma id=1114 type=3060100001114 resource=2060090100114
[2026-08-29T15:46:14] [AUTO_BOSS] Start selected-monster NPCView.clickNpc runner generation=1
[2026-08-29T15:46:17] [AUTO_BOSS] selected Thủ Lĩnh Phi Ma id=1173 type=3060100001114 resource=2060090100114 base=0x2505ed70 distance=644
[2026-08-29T15:46:17] [AUTO_BOSS] NPCView session fingerprint native=0x1317cb8 avm=0x11bed0a0 method_info=0x9ab4a50 slot322_method_id=18293
[2026-08-29T15:46:17] [AUTO_BOSS] id=1173 distance=644 receiver=0x941ae50 method=18293 stage=1
[2026-08-29T15:46:21] [AUTO_BOSS] id=1173 distance=95 receiver=0x941ae50 method=18293 stage=2
[2026-08-29T15:46:25] [AUTO_BOSS] battle edge false->true id=1173
[2026-08-29T15:46:28] [AUTO_BOSS] battle edge true->false clear=1
[2026-08-29T15:47:21] [TRU_MA] TRỪ MA pepsi: xong lượt 1/10 (Phi Ma Tập Kích)
[2026-08-29T15:47:44] [TRU_MA] TRỪ MA pepsi: nhận diện: Phong Ấn Cự Thú (id=7669, margin=6)
[2026-08-29T15:48:19] [TRU_MA] TRỪ MA pepsi: mục tiêu: Viễn Cổ Cự Thú id=1161 type=3060100001161 resource=2060100001161
[2026-08-29T15:48:22] [AUTO_BOSS] Start selected-monster NPCView.clickNpc runner generation=1
[2026-08-29T15:48:24] [AUTO_BOSS] selected Monster 2060100001161 id=2169 type=3060100001161 resource=2060100001161 base=0x1dd7e5c0 distance=429
[2026-08-29T15:48:24] [AUTO_BOSS] NPCView session fingerprint native=0x1317cb8 avm=0x11bed0a0 method_info=0x9ab4a50 slot322_method_id=18293
[2026-08-29T15:48:25] [AUTO_BOSS] id=2169 distance=429 receiver=0xe2445e0 method=18293 stage=1
[2026-08-29T15:48:27] [AUTO_BOSS] id=2169 distance=212 receiver=0xe2445e0 method=18293 stage=2
[2026-08-29T15:48:30] [AUTO_BOSS] battle edge false->true id=2169
[2026-08-29T15:48:32] [AUTO_BOSS] battle edge true->false clear=1
[2026-08-29T15:49:26] [TRU_MA] TRỪ MA pepsi: xong lượt 2/10 (Phong Ấn Cự Thú)
[2026-08-29T15:49:47] [TRU_MA] TRỪ MA pepsi: nhận diện: Phong Ấn Cự Thú (id=7669, margin=6)
[2026-08-29T15:50:24] [TRU_MA] TRỪ MA pepsi: mục tiêu: Viễn Cổ Cự Thú id=1161 type=3060100001161 resource=2060100001161
[2026-08-29T15:50:26] [AUTO_BOSS] Start selected-monster NPCView.clickNpc runner generation=1
[2026-08-29T15:50:29] [AUTO_BOSS] selected Monster 2060100001161 id=2169 type=3060100001161 resource=2060100001161 base=0x136ac0a0 distance=429
[2026-08-29T15:50:29] [AUTO_BOSS] NPCView session fingerprint native=0x1317cb8 avm=0x11bed0a0 method_info=0x9ab4a50 slot322_method_id=18293
[2026-08-29T15:50:29] [AUTO_BOSS] id=2169 distance=429 receiver=0xe244430 method=18293 stage=1
[2026-08-29T15:50:31] [AUTO_BOSS] id=2169 distance=226 receiver=0xe244430 method=18293 stage=2
[2026-08-29T15:50:35] [AUTO_BOSS] battle edge false->true id=2169
[2026-08-29T15:50:37] [AUTO_BOSS] battle edge true->false clear=1
[2026-08-29T15:51:31] [TRU_MA] TRỪ MA pepsi: xong lượt 3/10 (Phong Ấn Cự Thú)
[2026-08-29T15:51:52] [TRU_MA] TRỪ MA pepsi: nhận diện: Phong Ấn Cự Thú (id=7669, margin=3)
[2026-08-29T15:52:29] [TRU_MA] TRỪ MA pepsi: mục tiêu: Viễn Cổ Cự Thú id=1161 type=3060100001161 resource=2060100001161
[2026-08-29T15:52:32] [AUTO_BOSS] Start selected-monster NPCView.clickNpc runner generation=1
[2026-08-29T15:52:34] [AUTO_BOSS] selected Monster 2060100001161 id=2169 type=3060100001161 resource=2060100001161 base=0x136ac330 distance=429
[2026-08-29T15:52:34] [AUTO_BOSS] NPCView session fingerprint native=0x1317cb8 avm=0x11bed0a0 method_info=0x9ab4a50 slot322_method_id=18293
[2026-08-29T15:52:34] [AUTO_BOSS] id=2169 distance=429 receiver=0x2466e280 method=18293 stage=1
[2026-08-29T15:52:38] [AUTO_BOSS] id=2169 distance=131 receiver=0x2466e280 method=18293 stage=2
[2026-08-29T15:52:42] [AUTO_BOSS] battle edge false->true id=2169
[2026-08-29T15:52:44] [AUTO_BOSS] battle edge true->false clear=1
[2026-08-29T15:53:36] [TRU_MA] TRỪ MA pepsi: xong lượt 4/10 (Phong Ấn Cự Thú)
[2026-08-29T15:53:58] [TRU_MA] TRỪ MA pepsi: nhận diện: Phong Ấn Cự Thú (id=7669, margin=6)
[2026-08-29T15:54:35] [TRU_MA] TRỪ MA pepsi: mục tiêu: Viễn Cổ Cự Thú id=1161 type=3060100001161 resource=2060100001161
[2026-08-29T15:54:37] [AUTO_BOSS] Start selected-monster NPCView.clickNpc runner generation=1
[2026-08-29T15:54:40] [AUTO_BOSS] selected Monster 2060100001161 id=2169 type=3060100001161 resource=2060100001161 base=0x22fd3850 distance=429
[2026-08-29T15:54:40] [AUTO_BOSS] NPCView session fingerprint native=0x1317cb8 avm=0x11bed0a0 method_info=0x9ab4a50 slot322_method_id=18293
[2026-08-29T15:54:40] [AUTO_BOSS] id=2169 distance=429 receiver=0x221c4280 method=18293 stage=1
[2026-08-29T15:54:44] [AUTO_BOSS] id=2169 distance=122 receiver=0x221c4280 method=18293 stage=2
[2026-08-29T15:54:47] [AUTO_BOSS] battle edge false->true id=2169
[2026-08-29T15:54:49] [AUTO_BOSS] battle edge true->false clear=1
[2026-08-29T15:55:43] [TRU_MA] TRỪ MA pepsi: xong lượt 5/10 (Phong Ấn Cự Thú)
[2026-08-29T15:55:54] [TRU_MA] TRỪ MA pepsi: mở NPC lần 1/8 chưa thành công: {'completed': False, 'result': 0, 'thread_id': 15980, 'stub': '0x750000', 'wedged': True}
[2026-08-29T15:56:09] [TRU_MA] TRỪ MA pepsi: mở NPC lần 2/8 chưa thành công: {'completed': False, 'wedged': True, 'detail': 'client wedged by an earlier injection; relaunch it'}
[2026-08-29T15:56:16] [TRU_MA] TRỪ MA pepsi: mở NPC lần 3/8 chưa thành công: {'completed': False, 'wedged': True, 'detail': 'client wedged by an earlier injection; relaunch it'}
[2026-08-29T15:56:22] [TRU_MA] TRỪ MA pepsi: mở NPC lần 4/8 chưa thành công: {'completed': False, 'wedged': True, 'detail': 'client wedged by an earlier injection; relaunch it'}
[2026-08-29T15:56:28] [TRU_MA] TRỪ MA pepsi: mở NPC lần 5/8 chưa thành công: {'completed': False, 'wedged': True, 'detail': 'client wedged by an earlier injection; relaunch it'}
[2026-08-29T15:56:35] [TRU_MA] TRỪ MA pepsi: mở NPC lần 6/8 chưa thành công: {'completed': False, 'wedged': True, 'detail': 'client wedged by an earlier injection; relaunch it'}
[2026-08-29T15:56:41] [TRU_MA] TRỪ MA pepsi: mở NPC lần 7/8 chưa thành công: {'completed': False, 'wedged': True, 'detail': 'client wedged by an earlier injection; relaunch it'}
[2026-08-29T15:56:47] [TRU_MA] TRỪ MA pepsi: mở NPC lần 8/8 chưa thành công: {'completed': False, 'wedged': True, 'detail': 'client wedged by an earlier injection; relaunch it'}
[2026-08-29T15:56:49] [TRU_MA] TRỪ MA pepsi: dừng ở lượt 6: không mở được hộp thoại NPC Quan Quân Nhu
[2026-08-29T15:56:50] Daily pepsi: bỏ qua TRỪ MA (lỗi): FAILED — 5/10 lượt; dừng ở lượt 6: không mở được hộp thoại NPC Quan Quân Nhu — evidence: C:\Users\Administrator\Desktop\New folder\fbh_v2_ttt_fixed-20260709T181609Z-2-001\fbh_multi_account_infinite_auto\dev_supervisor_target_a_v2_20260814\logs\daily_errors\acc_2\20260829_155650_TRỪ_MA.png
[2026-08-29T15:56:50] Daily pepsi: đã reset Flash sau lỗi TRỪ MA; tác vụ kế tiếp sẽ đăng nhập từ trạng thái sạch.
[2026-08-29T15:56:50] Daily pepsi: client chưa mở, đang đăng nhập trước bước TRỊ AN...
[2026-08-29T15:56:50] [AUTO_START] WAIT_WINDOW attempt=1 pass=0 pid=9580 Flash launched at original size
[2026-08-29T15:56:54] [AUTO_START] START_CLICKED attempt=1 pass=0 pid=9580 Bắt đầu
[2026-08-29T15:56:58] [AUTO_START] RETRY_START attempt=1 pass=0 pid=9580 chua thay chon kenh, bam lai Bat dau
[2026-08-29T15:57:17] [AUTO_START] START_CLICKED attempt=1 pass=0 pid=9580 Bắt đầu
[2026-08-29T15:57:20] [AUTO_START] CHANNEL_SELECTED attempt=1 pass=0 pid=9580 channel=(449, 308) choices=1
[2026-08-29T15:57:24] [AUTO_START] ENTER_GAME_CLICKED attempt=1 pass=0 pid=9580 character_slot=1 slot_verified=True
[2026-08-29T15:57:29] [AUTO_START] MAP_READY_OPEN attempt=1 pass=0 pid=9580 Player=0x11a230a0 Core=0x1233b0d0 world=(2248,1343)
[2026-08-29T15:57:29] acc_2: FPS FPS_NO_UI_CONTROL: target=30 current=None
[2026-08-29T15:57:39] [POPUP] đã đóng cache_notice
[2026-08-29T15:59:20] [TRI_AN] TRỊ AN pepsi: lượt thất bại thứ 1 (Nhận chưa có readback server cho quest 4671; detail_id=4671; đã hủy đúng quest để thử lượt kế) — đã huỷ, nhận lại.
[2026-08-29T16:00:33] [TRI_AN] TRỊ AN pepsi: lượt thất bại thứ 2 (Nhận chưa có readback server cho quest 4671; detail_id=4671; đã hủy đúng quest để thử lượt kế) — đã huỷ, nhận lại.
[2026-08-29T16:01:49] [TRI_AN] TRỊ AN pepsi: lượt thất bại thứ 3 (Nhận chưa có readback server cho quest 4671; detail_id=4671; đã hủy đúng quest để thử lượt kế) — đã huỷ, nhận lại.
[2026-08-29T16:02:00] [TRI_AN] TRỊ AN pepsi: mở NPC lần 1/8 chưa thành công: không tới được NPC: không nhích được ở bước 1 (bị chắn)
[2026-08-29T16:02:08] [TRI_AN] TRỊ AN pepsi: mở NPC lần 2/8 chưa thành công: không tới được NPC: không nhích được ở bước 0 (bị chắn)
[2026-08-29T16:02:15] [TRI_AN] TRỊ AN pepsi: mở NPC lần 3/8 chưa thành công: không tới được NPC: không nhích được ở bước 0 (bị chắn)
[2026-08-29T16:02:22] [TRI_AN] TRỊ AN pepsi: mở NPC lần 4/8 chưa thành công: không tới được NPC: không nhích được ở bước 0 (bị chắn)
[2026-08-29T16:02:30] [TRI_AN] TRỊ AN pepsi: mở NPC lần 5/8 chưa thành công: không tới được NPC: không nhích được ở bước 0 (bị chắn)
[2026-08-29T16:02:38] [TRI_AN] TRỊ AN pepsi: mở NPC lần 6/8 chưa thành công: không tới được NPC: không nhích được ở bước 0 (bị chắn)
[2026-08-29T16:02:45] [TRI_AN] TRỊ AN pepsi: mở NPC lần 7/8 chưa thành công: không tới được NPC: không nhích được ở bước 0 (bị chắn)
[2026-08-29T16:02:52] [TRI_AN] TRỊ AN pepsi: mở NPC lần 8/8 chưa thành công: không tới được NPC: không nhích được ở bước 0 (bị chắn)
[2026-08-29T16:02:54] [TRI_AN] TRỊ AN pepsi: dừng ở lượt 4: không mở được hộp thoại NPC Trưởng Cận Vệ Đông Huyền
[2026-08-29T16:02:55] Daily pepsi: bỏ qua TRỊ AN (lỗi): FAILED — 0/10 lượt; dừng ở lượt 4: không mở được hộp thoại NPC Trưởng Cận Vệ Đông Huyền — evidence: C:\Users\Administrator\Desktop\New folder\fbh_v2_ttt_fixed-20260709T181609Z-2-001\fbh_multi_account_infinite_auto\dev_supervisor_target_a_v2_20260814\logs\daily_errors\acc_2\20260829_160255_TRỊ_AN.png
[2026-08-29T16:02:55] Daily pepsi: đã reset Flash sau lỗi TRỊ AN; tác vụ kế tiếp sẽ đăng nhập từ trạng thái sạch.
[2026-08-29T16:02:55] Daily pepsi: client chưa mở, đang đăng nhập trước bước checkpoint Auto phụ bản...
[2026-08-29T16:02:55] [AUTO_START] WAIT_WINDOW attempt=1 pass=0 pid=16516 Flash launched at original size
[2026-08-29T16:02:59] [AUTO_START] START_CLICKED attempt=1 pass=0 pid=16516 Bắt đầu
[2026-08-29T16:03:03] [AUTO_START] RETRY_START attempt=1 pass=0 pid=16516 chua thay chon kenh, bam lai Bat dau
[2026-08-29T16:03:06] [AUTO_START] START_CLICKED attempt=1 pass=0 pid=16516 Bắt đầu
[2026-08-29T16:03:11] [AUTO_START] RETRY_START attempt=1 pass=0 pid=16516 chua thay chon kenh, bam lai Bat dau
[2026-08-29T16:03:21] [AUTO_START] START_CLICKED attempt=1 pass=0 pid=16516 Bắt đầu
[2026-08-29T16:03:24] [AUTO_START] CHANNEL_SELECTED attempt=1 pass=0 pid=16516 channel=(449, 308) choices=1
[2026-08-29T16:03:28] [AUTO_START] ENTER_GAME_CLICKED attempt=1 pass=0 pid=16516 character_slot=1 slot_verified=True
[2026-08-29T16:03:34] [AUTO_START] MAP_READY_OPEN attempt=1 pass=0 pid=16516 Player=0xf7430a0 Core=0xbb530d0 world=(3019,739)
[2026-08-29T16:03:34] acc_2: FPS FPS_NO_UI_CONTROL: target=30 current=None
[2026-08-29T16:03:39] Daily: đã đóng Flash sau Auto phụ bản checkpoint 1; chờ 25 phút.
[2026-08-29T16:14:23] Đã bắt đầu Daily theo cấu hình riêng: acc_2
[2026-08-29T16:14:24] Daily pepsi: client chưa mở, đang đăng nhập trước bước VIP...
[2026-08-29T16:14:24] [AUTO_START] WAIT_WINDOW attempt=1 pass=0 pid=13580 Flash launched at original size
[2026-08-29T16:14:28] [AUTO_START] START_CLICKED attempt=1 pass=0 pid=13580 Bắt đầu
[2026-08-29T16:14:33] [AUTO_START] RETRY_START attempt=1 pass=0 pid=13580 chua thay chon kenh, bam lai Bat dau
[2026-08-29T16:14:35] [AUTO_START] START_CLICKED attempt=1 pass=0 pid=13580 Bắt đầu
[2026-08-29T16:14:40] [AUTO_START] RETRY_START attempt=1 pass=0 pid=13580 chua thay chon kenh, bam lai Bat dau
[2026-08-29T16:14:53] [AUTO_START] START_CLICKED attempt=1 pass=0 pid=13580 Bắt đầu
[2026-08-29T16:14:56] [AUTO_START] CHANNEL_SELECTED attempt=1 pass=0 pid=13580 channel=(449, 308) choices=1
[2026-08-29T16:15:00] [AUTO_START] ENTER_GAME_CLICKED attempt=1 pass=0 pid=13580 character_slot=1 slot_verified=True
[2026-08-29T16:15:05] [AUTO_START] MAP_READY_OPEN attempt=1 pass=0 pid=13580 Player=0xfa3a0a0 Core=0x10a910d0 world=(3019,739)
[2026-08-29T16:15:05] acc_2: FPS FPS_NO_UI_CONTROL: target=30 current=None
[2026-08-29T16:15:14] [POPUP] đã đóng cache_notice
[2026-08-29T16:15:21] Daily xong bước VIP: đã thử claim 5/5 dòng VIP
[2026-08-29T16:15:24] Daily pepsi: cleanup memory VIP: {'ok': True, 'results': {'vip': {'ok': True, 'changed': False, 'before': False, 'after': False}}}
[2026-08-29T16:15:35] Daily xong bước NHẬN THỜI TRANG: đã bấm Rút thưởng nhưng không thấy popup Chúc mừng — có thể lượt miễn phí hôm nay đã dùng, không tính là đã nhận
[2026-08-29T16:15:38] Daily pepsi: cleanup memory NHẬN THỜI TRANG: {'ok': True, 'results': {'character': {'ok': True, 'changed': False, 'before': False, 'after': False}}}
[2026-08-29T16:16:23] Daily xong bước MẬT BẢO: đã dò cấp 6→6, chọn công thức cấp 6 và bấm Chế tạo Mật Bảo 20 lần
[2026-08-29T16:16:26] Daily pepsi: cleanup memory MẬT BẢO: {'ok': True, 'results': {'character': {'ok': True, 'changed': False, 'before': False, 'after': False}}}
[2026-08-29T16:16:37] Daily xong bước ĐIÊU KHẮC: đã bấm Đổi miễn phí và xác nhận Có trong KGĐK
[2026-08-29T16:16:40] Daily pepsi: cleanup memory ĐIÊU KHẮC: {'ok': True, 'results': {'character': {'ok': True, 'changed': False, 'before': False, 'after': False}}}
[2026-08-29T16:16:49] Daily xong bước LẬT THẺ BÀI: panel Thẻ bài đã mở nhưng không thấy nút Bắt đầu phát bài (có thể đã hết lượt phát bài hôm nay)
[2026-08-29T16:16:52] Daily pepsi: cleanup memory LẬT THẺ BÀI: {'ok': True, 'results': {'card_game': {'ok': True, 'changed': False, 'before': False, 'after': False}}}
[2026-08-29T16:17:13] [DUNGEON] NPC live-panel probe: 2.64s panel=0x0
[2026-08-29T16:17:26] [DUNGEON] NPC live-panel probe: 3.03s panel=0x1f7c6ae0
[2026-08-29T16:17:58] [DUNGEON] NPC live-panel probe: 2.81s panel=0x1f7c6ae0
[2026-08-29T16:18:14] [POPUP] phát hiện X lạ ổn định tại (658, 108); UNKNOWN nên không bấm
[2026-08-29T16:18:14] [POPUP] phát hiện X lạ ổn định tại (658, 108); UNKNOWN nên không bấm
[2026-08-29T16:18:17] [POPUP] phát hiện X lạ ổn định tại (658, 108); UNKNOWN nên không bấm
[2026-08-29T16:18:21] [DUNGEON] NPC live-panel probe: 2.83s panel=0x1f7c6ae0
[2026-08-29T16:18:51] [DUNGEON] NPC live-panel probe: 2.89s panel=0x1f7c6ae0
[2026-08-29T16:19:22] [DUNGEON] NPC live-panel probe: 2.94s panel=0x1f7c6ae0
[2026-08-29T16:19:52] [DUNGEON] NPC live-panel probe: 2.84s panel=0x1f7c6ae0
[2026-08-29T16:20:24] [DUNGEON] NPC live-panel probe: 3.14s panel=0x1f7c6ae0
[2026-08-29T16:20:55] [DUNGEON] NPC live-panel probe: 3.12s panel=0x1f7c6ae0
[2026-08-29T16:21:27] [DUNGEON] NPC live-panel probe: 3.06s panel=0x1f7c6ae0
[2026-08-29T16:21:58] [DUNGEON] NPC live-panel probe: 3.02s panel=0x1f7c6ae0
[2026-08-29T16:22:29] [DUNGEON] NPC live-panel probe: 3.02s panel=0x1f7c6ae0
[2026-08-29T16:23:01] [DUNGEON] NPC live-panel probe: 3.17s panel=0x1f7c6ae0
[2026-08-29T16:23:33] [DUNGEON] NPC live-panel probe: 3.20s panel=0x1f7c6ae0
[2026-08-29T16:24:04] [DUNGEON] NPC live-panel probe: 3.05s panel=0x1f7c6ae0
[2026-08-29T16:24:35] [DUNGEON] NPC live-panel probe: 3.20s panel=0x1f7c6ae0
[2026-08-29T16:25:06] [DUNGEON] NPC live-panel probe: 2.99s panel=0x1f7c6ae0
[2026-08-29T16:25:38] [DUNGEON] NPC live-panel probe: 3.16s panel=0x1f7c6ae0
[2026-08-29T16:26:09] [DUNGEON] NPC live-panel probe: 3.14s panel=0x1f7c6ae0
[2026-08-29T16:26:38] [DUNGEON] Auto PB toolbar scan arrow=NutXuong.png score=0.990 box=(313, 28, 21, 23)
[2026-08-29T16:26:39] [DUNGEON] Auto PB panel visible after guarded toolbar click
[2026-08-29T16:27:52] Daily PHỤ BẢN lượt đầu: Mê Huyễn Động:start; Kho Báu Đại Mạc:start; Lục Tiên Cảnh:start; Liệt Diễm Thâm Uyên:start; Trở Lại Lang Huyệt:start; Quỷ Hút Máu:start; Thế Giới Số:start; Thám Hiểm:start
[2026-08-29T16:27:52] Daily xong bước PHỤ BẢN: Mê Huyễn Động:start; Kho Báu Đại Mạc:start; Lục Tiên Cảnh:start; Liệt Diễm Thâm Uyên:start; Trở Lại Lang Huyệt:start; Quỷ Hút Máu:start; Thế Giới Số:start; Thám Hiểm:start
[2026-08-29T16:27:56] Daily pepsi: cleanup memory PHỤ BẢN: {'ok': True, 'results': {'quest': {'ok': True, 'changed': False, 'before': False, 'after': False}, 'npc_dialog': {'ok': True, 'changed': False, 'before': False, 'after': False}, 'auto_dungeon': {'ok': True, 'changed': False, 'before': False, 'after': False}}}
[2026-08-29T16:28:25] Daily xong bước HÀNH LANG: đã bấm Nhận Quà Hàng Ngày tại Hành Lang
[2026-08-29T16:28:28] Daily pepsi: cleanup memory HÀNH LANG: {'ok': True, 'results': {'npc_dialog': {'ok': True, 'changed': False, 'before': False, 'after': False}}}
[2026-08-29T16:28:59] Daily xong bước THẦN TU: THẦN TU: đồng hồ đang đếm (diff=3.34)
[2026-08-29T16:28:59] Daily: đã đóng Flash sau Thần Tu; chờ 25 phút.
[2026-08-29T16:53:59] Daily pepsi: client chưa mở, đang đăng nhập trước bước mở lại sau Thần Tu...
[2026-08-29T16:53:59] [AUTO_START] WAIT_WINDOW attempt=1 pass=0 pid=18108 Flash launched at original size
[2026-08-29T16:54:03] [AUTO_START] START_CLICKED attempt=1 pass=0 pid=18108 Bắt đầu
[2026-08-29T16:54:08] [AUTO_START] RETRY_START attempt=1 pass=0 pid=18108 chua thay chon kenh, bam lai Bat dau
[2026-08-29T16:54:10] [AUTO_START] START_CLICKED attempt=1 pass=0 pid=18108 Bắt đầu
[2026-08-29T16:54:16] [AUTO_START] RETRY_START attempt=1 pass=0 pid=18108 chua thay chon kenh, bam lai Bat dau
[2026-08-29T16:54:26] [AUTO_START] START_CLICKED attempt=1 pass=0 pid=18108 Bắt đầu
[2026-08-29T16:54:29] [AUTO_START] CHANNEL_SELECTED attempt=1 pass=0 pid=18108 channel=(449, 308) choices=1
[2026-08-29T16:54:34] [AUTO_START] ENTER_GAME_CLICKED attempt=1 pass=0 pid=18108 character_slot=1 slot_verified=True
[2026-08-29T16:54:39] [AUTO_START] MAP_READY_OPEN attempt=1 pass=0 pid=18108 Player=0x1d5cf0a0 Core=0x163e90d0 world=(2210,401)
[2026-08-29T16:54:39] acc_2: FPS FPS_NO_UI_CONTROL: target=30 current=None
[2026-08-29T16:54:47] [POPUP] đã đóng cache_notice
[2026-08-29T16:54:50] [DUNGEON] Auto PB toolbar scan arrow=NutXuong.png score=0.990 box=(313, 28, 21, 23)
[2026-08-29T16:54:51] [DUNGEON] Auto PB panel visible after guarded toolbar click
[2026-08-29T16:54:52] [DUNGEON] Claim Mê Huyễn Động: button score=0.940 box=(202, 177, 60, 19) evidence=C:\Users\Administrator\Desktop\New folder\fbh_v2_ttt_fixed-20260709T181609Z-2-001\fbh_multi_account_infinite_auto\dev_supervisor_target_a_v2_20260814\logs\auto_pb_claim_18108_Mê Huyễn Động_1787997292.png
[2026-08-29T16:54:53] [DUNGEON] Claim Mê Huyễn Động: readback start PASS
[2026-08-29T16:55:03] [DUNGEON] Claim Kho Báu Đại Mạc: button score=1.000 box=(428, 177, 60, 19) evidence=C:\Users\Administrator\Desktop\New folder\fbh_v2_ttt_fixed-20260709T181609Z-2-001\fbh_multi_account_infinite_auto\dev_supervisor_target_a_v2_20260814\logs\auto_pb_claim_18108_Kho Báu Đại Mạc_1787997303.png
[2026-08-29T16:55:04] [DUNGEON] Claim Kho Báu Đại Mạc: readback start PASS
[2026-08-29T16:55:13] [DUNGEON] Claim Lục Tiên Cảnh: button score=1.000 box=(654, 177, 60, 19) evidence=C:\Users\Administrator\Desktop\New folder\fbh_v2_ttt_fixed-20260709T181609Z-2-001\fbh_multi_account_infinite_auto\dev_supervisor_target_a_v2_20260814\logs\auto_pb_claim_18108_Lục Tiên Cảnh_1787997313.png
[2026-08-29T16:55:14] [DUNGEON] Claim Lục Tiên Cảnh: readback start PASS
[2026-08-29T16:55:24] [DUNGEON] Claim Liệt Diễm Thâm Uyên: button score=0.940 box=(202, 280, 60, 19) evidence=C:\Users\Administrator\Desktop\New folder\fbh_v2_ttt_fixed-20260709T181609Z-2-001\fbh_multi_account_infinite_auto\dev_supervisor_target_a_v2_20260814\logs\auto_pb_claim_18108_Liệt Diễm Thâm Uyên_1787997324.png
[2026-08-29T16:55:25] [DUNGEON] Claim Liệt Diễm Thâm Uyên: readback start PASS
[2026-08-29T16:55:36] [DUNGEON] Claim Trở Lại Lang Huyệt: button score=1.000 box=(428, 280, 60, 19) evidence=C:\Users\Administrator\Desktop\New folder\fbh_v2_ttt_fixed-20260709T181609Z-2-001\fbh_multi_account_infinite_auto\dev_supervisor_target_a_v2_20260814\logs\auto_pb_claim_18108_Trở Lại Lang Huyệt_1787997336.png
[2026-08-29T16:55:37] [DUNGEON] Claim Trở Lại Lang Huyệt: readback start PASS
[2026-08-29T16:55:49] [DUNGEON] Claim Quỷ Hút Máu: button score=1.000 box=(654, 280, 60, 19) evidence=C:\Users\Administrator\Desktop\New folder\fbh_v2_ttt_fixed-20260709T181609Z-2-001\fbh_multi_account_infinite_auto\dev_supervisor_target_a_v2_20260814\logs\auto_pb_claim_18108_Quỷ Hút Máu_1787997349.png
[2026-08-29T16:55:50] [DUNGEON] Claim Quỷ Hút Máu: readback start PASS
[2026-08-29T16:56:03] [DUNGEON] Claim Thế Giới Số: button score=0.940 box=(202, 177, 60, 19) evidence=C:\Users\Administrator\Desktop\New folder\fbh_v2_ttt_fixed-20260709T181609Z-2-001\fbh_multi_account_infinite_auto\dev_supervisor_target_a_v2_20260814\logs\auto_pb_claim_18108_Thế Giới Số_1787997363.png
[2026-08-29T16:56:04] [DUNGEON] Claim Thế Giới Số: readback start PASS
[2026-08-29T16:56:07] [DUNGEON] Claim Thám Hiểm: button score=1.000 box=(428, 177, 60, 19) evidence=C:\Users\Administrator\Desktop\New folder\fbh_v2_ttt_fixed-20260709T181609Z-2-001\fbh_multi_account_infinite_auto\dev_supervisor_target_a_v2_20260814\logs\auto_pb_claim_18108_Thám Hiểm_1787997367.png
[2026-08-29T16:56:08] [DUNGEON] Claim Thám Hiểm: readback start PASS
[2026-08-29T16:56:17] Daily PHỤ BẢN checkpoint 25 phút (mốc 1): Mê Huyễn Động:claim; Mê Huyễn Động:start; Kho Báu Đại Mạc:claim; Kho Báu Đại Mạc:start; Lục Tiên Cảnh:claim; Lục Tiên Cảnh:start; Liệt Diễm Thâm Uyên:claim; Liệt Diễm Thâm Uyên:start; Trở Lại Lang Huyệt:claim; Trở Lại Lang Huyệt:start; Quỷ Hút Máu:claim; Quỷ Hút Máu:start; Thế Giới Số:claim; Thám Hiểm:claim; Thám Hiểm:start
[2026-08-29T16:56:31] Daily xong bước TU HÀNH: TU HÀNH: đồng hồ đang đếm (diff=3.28)
[2026-08-29T16:56:32] Daily: đã đóng Flash sau Tu Hành; chờ 31 phút.
[2026-08-29T17:27:32] Daily pepsi: client chưa mở, đang đăng nhập trước bước mở lại sau Tu Hành...
[2026-08-29T17:27:32] [AUTO_START] WAIT_WINDOW attempt=1 pass=0 pid=5156 Flash launched at original size
[2026-08-29T17:27:35] [AUTO_START] START_CLICKED attempt=1 pass=0 pid=5156 Bắt đầu
[2026-08-29T17:27:40] [AUTO_START] RETRY_START attempt=1 pass=0 pid=5156 chua thay chon kenh, bam lai Bat dau
[2026-08-29T17:27:43] [AUTO_START] START_CLICKED attempt=1 pass=0 pid=5156 Bắt đầu
[2026-08-29T17:27:48] [AUTO_START] RETRY_START attempt=1 pass=0 pid=5156 chua thay chon kenh, bam lai Bat dau
[2026-08-29T17:27:59] [AUTO_START] START_CLICKED attempt=1 pass=0 pid=5156 Bắt đầu
[2026-08-29T17:28:02] [AUTO_START] CHANNEL_SELECTED attempt=1 pass=0 pid=5156 channel=(449, 308) choices=1
[2026-08-29T17:28:06] [AUTO_START] ENTER_GAME_CLICKED attempt=1 pass=0 pid=5156 character_slot=1 slot_verified=True
[2026-08-29T17:28:11] [AUTO_START] MAP_READY_OPEN attempt=1 pass=0 pid=5156 Player=0x1c63b0a0 Core=0xc18a0d0 world=(2210,401)
[2026-08-29T17:28:11] acc_2: FPS FPS_NO_UI_CONTROL: target=30 current=None
[2026-08-29T17:28:20] [POPUP] đã đóng cache_notice
[2026-08-29T17:28:23] [DUNGEON] Auto PB toolbar scan arrow=NutXuong.png score=0.990 box=(313, 28, 21, 23)
[2026-08-29T17:28:24] [DUNGEON] Auto PB panel visible after guarded toolbar click
[2026-08-29T17:28:25] [DUNGEON] Claim Mê Huyễn Động: button score=0.940 box=(202, 177, 60, 19) evidence=C:\Users\Administrator\Desktop\New folder\fbh_v2_ttt_fixed-20260709T181609Z-2-001\fbh_multi_account_infinite_auto\dev_supervisor_target_a_v2_20260814\logs\auto_pb_claim_5156_Mê Huyễn Động_1787999305.png
[2026-08-29T17:28:26] [DUNGEON] Claim Mê Huyễn Động: readback start PASS
[2026-08-29T17:28:36] [DUNGEON] Claim Kho Báu Đại Mạc: button score=1.000 box=(428, 177, 60, 19) evidence=C:\Users\Administrator\Desktop\New folder\fbh_v2_ttt_fixed-20260709T181609Z-2-001\fbh_multi_account_infinite_auto\dev_supervisor_target_a_v2_20260814\logs\auto_pb_claim_5156_Kho Báu Đại Mạc_1787999316.png
[2026-08-29T17:28:37] [DUNGEON] Claim Kho Báu Đại Mạc: unexpected readback state=unknown
[2026-08-29T17:28:38] Daily PHỤ BẢN checkpoint 31 phút (mốc 2): Kho Báu Đại Mạc: claim không có readback
[2026-08-29T17:28:38] Daily pepsi: bỏ qua PHỤ BẢN (lỗi): checkpoint 31 phút (mốc 2): Kho Báu Đại Mạc: claim không có readback — evidence: C:\Users\Administrator\Desktop\New folder\fbh_v2_ttt_fixed-20260709T181609Z-2-001\fbh_multi_account_infinite_auto\dev_supervisor_target_a_v2_20260814\logs\daily_errors\acc_2\20260829_172838_PHỤ_BẢN.png
[2026-08-29T17:28:38] Daily pepsi: đã reset Flash sau lỗi PHỤ BẢN; tác vụ kế tiếp sẽ đăng nhập từ trạng thái sạch.
[2026-08-29T17:28:38] Daily pepsi: client chưa mở, đang đăng nhập trước bước TRỪ MA...
[2026-08-29T17:28:38] [AUTO_START] WAIT_WINDOW attempt=1 pass=0 pid=3620 Flash launched at original size
[2026-08-29T17:28:43] [AUTO_START] START_CLICKED attempt=1 pass=0 pid=3620 Bắt đầu
[2026-08-29T17:28:48] [AUTO_START] RETRY_START attempt=1 pass=0 pid=3620 chua thay chon kenh, bam lai Bat dau
[2026-08-29T17:28:51] [AUTO_START] START_CLICKED attempt=1 pass=0 pid=3620 Bắt đầu
[2026-08-29T17:28:56] [AUTO_START] RETRY_START attempt=1 pass=0 pid=3620 chua thay chon kenh, bam lai Bat dau
[2026-08-29T17:29:06] [AUTO_START] START_CLICKED attempt=1 pass=0 pid=3620 Bắt đầu
[2026-08-29T17:29:09] [AUTO_START] CHANNEL_SELECTED attempt=1 pass=0 pid=3620 channel=(449, 308) choices=1
[2026-08-29T17:29:13] [AUTO_START] ENTER_GAME_CLICKED attempt=1 pass=0 pid=3620 character_slot=1 slot_verified=True
[2026-08-29T17:29:18] [AUTO_START] MAP_READY_OPEN attempt=1 pass=0 pid=3620 Player=0xf2190a0 Core=0x132cb0d0 world=(2210,401)
[2026-08-29T17:29:18] acc_2: FPS FPS_NO_UI_CONTROL: target=30 current=None
[2026-08-29T17:29:28] [POPUP] đã đóng cache_notice
[2026-08-29T17:30:20] [TRU_MA] TRỪ MA pepsi: nhận diện: Phi Ma Tập Kích (id=7668, margin=6)
[2026-08-29T17:30:41] [TRU_MA] TRỪ MA pepsi: mục tiêu: Thủ Lĩnh Phi Ma id=1114 type=3060100001114 resource=2060090100114
[2026-08-29T17:30:46] [AUTO_BOSS] Start selected-monster NPCView.clickNpc runner generation=1
[2026-08-29T17:30:48] [AUTO_BOSS] selected Thủ Lĩnh Phi Ma id=1173 type=3060100001114 resource=2060090100114 base=0x21c5cd70 distance=644
[2026-08-29T17:30:48] [AUTO_BOSS] NPCView session fingerprint native=0x1317cb8 avm=0xdb650a0 method_info=0x91f6ac0 slot322_method_id=18293
[2026-08-29T17:30:48] [AUTO_BOSS] id=1173 distance=644 receiver=0x19241ca0 method=18293 stage=1
[2026-08-29T17:30:52] [AUTO_BOSS] id=1173 distance=63 receiver=0x19241ca0 method=18293 stage=2
[2026-08-29T17:30:55] [AUTO_BOSS] battle edge false->true id=1173
[2026-08-29T17:31:03] [AUTO_BOSS] battle edge true->false clear=1
[2026-08-29T17:31:55] [TRU_MA] TRỪ MA pepsi: xong lượt 1/10 (Phi Ma Tập Kích)
[2026-08-29T17:32:17] [TRU_MA] TRỪ MA pepsi: nhận diện: Phong Ấn Cự Thú (id=7669, margin=4)
[2026-08-29T17:32:53] [TRU_MA] TRỪ MA pepsi: mục tiêu: Viễn Cổ Cự Thú id=1161 type=3060100001161 resource=2060100001161
[2026-08-29T17:32:55] [AUTO_BOSS] Start selected-monster NPCView.clickNpc runner generation=1
[2026-08-29T17:32:58] [AUTO_BOSS] selected Monster 2060100001161 id=2169 type=3060100001161 resource=2060100001161 base=0x25ff6d70 distance=449
[2026-08-29T17:32:58] [AUTO_BOSS] NPCView session fingerprint native=0x1317cb8 avm=0xdb650a0 method_info=0x91f6ac0 slot322_method_id=18293
[2026-08-29T17:32:58] [AUTO_BOSS] id=2169 distance=449 receiver=0x1e9ff430 method=18293 stage=1
[2026-08-29T17:33:02] [AUTO_BOSS] id=2169 distance=108 receiver=0x1e9ff430 method=18293 stage=2
[2026-08-29T17:33:06] [AUTO_BOSS] battle edge false->true id=2169
[2026-08-29T17:33:07] [AUTO_BOSS] battle edge true->false clear=1
[2026-08-29T17:34:01] [TRU_MA] TRỪ MA pepsi: xong lượt 2/10 (Phong Ấn Cự Thú)
[2026-08-29T17:34:27] [TRU_MA] TRỪ MA pepsi: nhận diện: Phi Ma Tập Kích (id=7668, margin=5)
[2026-08-29T17:35:01] [TRU_MA] TRỪ MA pepsi: mục tiêu: Thủ Lĩnh Phi Ma id=1114 type=3060100001114 resource=2060090100114
[2026-08-29T17:35:04] [AUTO_BOSS] Start selected-monster NPCView.clickNpc runner generation=1
[2026-08-29T17:35:06] [AUTO_BOSS] selected Thủ Lĩnh Phi Ma id=1173 type=3060100001114 resource=2060090100114 base=0x2d265d70 distance=644
[2026-08-29T17:35:06] [AUTO_BOSS] NPCView session fingerprint native=0x1317cb8 avm=0xdb650a0 method_info=0x91f6ac0 slot322_method_id=18293
[2026-08-29T17:35:07] [AUTO_BOSS] id=1173 distance=644 receiver=0x2ef1fe50 method=18293 stage=1
[2026-08-29T17:35:11] [AUTO_BOSS] id=1173 distance=50 receiver=0x2ef1fe50 method=18293 stage=2
[2026-08-29T17:35:14] [AUTO_BOSS] battle edge false->true id=1173
[2026-08-29T17:35:16] [AUTO_BOSS] battle edge true->false clear=1
[2026-08-29T17:36:13] [TRU_MA] TRỪ MA pepsi: xong lượt 3/10 (Phi Ma Tập Kích)
[2026-08-29T17:36:36] [TRU_MA] TRỪ MA pepsi: nhận diện: Phong Ấn Cự Thú (id=7669, margin=5)
[2026-08-29T17:37:14] [TRU_MA] TRỪ MA pepsi: mục tiêu: Viễn Cổ Cự Thú id=1161 type=3060100001161 resource=2060100001161
[2026-08-29T17:37:16] [AUTO_BOSS] Start selected-monster NPCView.clickNpc runner generation=1
[2026-08-29T17:37:19] [AUTO_BOSS] selected Monster 2060100001161 id=2169 type=3060100001161 resource=2060100001161 base=0x2d265330 distance=429
[2026-08-29T17:37:19] [AUTO_BOSS] NPCView session fingerprint native=0x1317cb8 avm=0xdb650a0 method_info=0x91f6ac0 slot322_method_id=18293
[2026-08-29T17:37:19] [AUTO_BOSS] id=2169 distance=429 receiver=0x3b137280 method=18293 stage=1
[2026-08-29T17:37:23] [AUTO_BOSS] id=2169 distance=97 receiver=0x3b137280 method=18293 stage=2
[2026-08-29T17:37:27] [AUTO_BOSS] battle edge false->true id=2169
[2026-08-29T17:37:28] [AUTO_BOSS] battle edge true->false clear=1
[2026-08-29T17:38:23] [TRU_MA] TRỪ MA pepsi: xong lượt 4/10 (Phong Ấn Cự Thú)
[2026-08-29T17:38:47] [TRU_MA] TRỪ MA pepsi: dừng ở lượt 5: chọn dòng Nhiệm Vụ Trừ Ma[Vòng] lỗi: ListBase.dataProvider unresolved after list refresh
[2026-08-29T17:38:48] Daily pepsi: bỏ qua TRỪ MA (lỗi): FAILED — 4/10 lượt; dừng ở lượt 5: chọn dòng Nhiệm Vụ Trừ Ma[Vòng] lỗi: ListBase.dataProvider unresolved after list refresh — evidence: C:\Users\Administrator\Desktop\New folder\fbh_v2_ttt_fixed-20260709T181609Z-2-001\fbh_multi_account_infinite_auto\dev_supervisor_target_a_v2_20260814\logs\daily_errors\acc_2\20260829_173848_TRỪ_MA.png
[2026-08-29T17:38:48] Daily pepsi: đã reset Flash sau lỗi TRỪ MA; tác vụ kế tiếp sẽ đăng nhập từ trạng thái sạch.
[2026-08-29T17:38:48] Daily pepsi: client chưa mở, đang đăng nhập trước bước TRỊ AN...
[2026-08-29T17:38:48] [AUTO_START] WAIT_WINDOW attempt=1 pass=0 pid=16540 Flash launched at original size
[2026-08-29T17:38:52] [AUTO_START] START_CLICKED attempt=1 pass=0 pid=16540 Bắt đầu
[2026-08-29T17:38:57] [AUTO_START] RETRY_START attempt=1 pass=0 pid=16540 chua thay chon kenh, bam lai Bat dau
[2026-08-29T17:39:00] [AUTO_START] START_CLICKED attempt=1 pass=0 pid=16540 Bắt đầu
[2026-08-29T17:39:05] [AUTO_START] RETRY_START attempt=1 pass=0 pid=16540 chua thay chon kenh, bam lai Bat dau
[2026-08-29T17:39:15] [AUTO_START] START_CLICKED attempt=1 pass=0 pid=16540 Bắt đầu
[2026-08-29T17:39:18] [AUTO_START] CHANNEL_SELECTED attempt=1 pass=0 pid=16540 channel=(449, 308) choices=1
[2026-08-29T17:39:22] [AUTO_START] ENTER_GAME_CLICKED attempt=1 pass=0 pid=16540 character_slot=1 slot_verified=True
[2026-08-29T17:39:28] [AUTO_START] MAP_READY_OPEN attempt=1 pass=0 pid=16540 Player=0x122b20a0 Core=0xb46f0d0 world=(2299,1343)
[2026-08-29T17:39:28] acc_2: FPS FPS_NO_UI_CONTROL: target=30 current=None
[2026-08-29T17:39:40] [POPUP] đã đóng cache_notice
[2026-08-29T17:39:42] [TRI_AN] TRỊ AN pepsi: mở NPC lần 1/8 chưa thành công: exact NPC Trưởng Cận Vệ Đông Huyền (family 306009 rid 277) count=0
[2026-08-29T17:39:42] [TRI_AN] TRỊ AN pepsi: NPC không có trong snapshot — đi lại tới NPC (lần 1/2)
[2026-08-29T17:40:41] [TRI_AN] TRỊ AN pepsi: dừng ở lượt 1: đọc bảng nhiệm vụ lỗi: questViewList unavailable
[2026-08-29T17:40:42] Daily pepsi: bỏ qua TRỊ AN (lỗi): FAILED — 0/10 lượt; dừng ở lượt 1: đọc bảng nhiệm vụ lỗi: questViewList unavailable — evidence: C:\Users\Administrator\Desktop\New folder\fbh_v2_ttt_fixed-20260709T181609Z-2-001\fbh_multi_account_infinite_auto\dev_supervisor_target_a_v2_20260814\logs\daily_errors\acc_2\20260829_174042_TRỊ_AN.png
[2026-08-29T17:40:42] Daily pepsi: đã reset Flash sau lỗi TRỊ AN; tác vụ kế tiếp sẽ đăng nhập từ trạng thái sạch.
[2026-08-29T17:40:42] Daily hoàn tất đúng plan snapshot: VIP, NHẬN THỜI TRANG, MẬT BẢO, ĐIÊU KHẮC, LẬT THẺ BÀI, PHỤ BẢN, HÀNH LANG, THẦN TU, TU HÀNH, TRỪ MA, TRỊ AN
[2026-08-29T17:40:55] Đã bắt đầu Daily theo cấu hình riêng: acc_5
[2026-08-29T17:40:55] Daily luvy: client chưa mở, đang đăng nhập trước bước VIP...
[2026-08-29T17:40:55] [AUTO_START] WAIT_WINDOW attempt=1 pass=0 pid=9704 Flash launched at original size
[2026-08-29T17:40:59] [AUTO_START] START_CLICKED attempt=1 pass=0 pid=9704 Bắt đầu
[2026-08-29T17:41:04] [AUTO_START] RETRY_START attempt=1 pass=0 pid=9704 chua thay chon kenh, bam lai Bat dau
[2026-08-29T17:41:23] [AUTO_START] START_CLICKED attempt=1 pass=0 pid=9704 Bắt đầu
[2026-08-29T17:41:26] [AUTO_START] CHANNEL_SELECTED attempt=1 pass=0 pid=9704 channel=(449, 308) choices=1
[2026-08-29T17:41:30] [AUTO_START] ENTER_GAME_CLICKED attempt=1 pass=0 pid=9704 character_slot=1 slot_verified=True
[2026-08-29T17:41:35] [AUTO_START] MAP_READY_OPEN attempt=1 pass=0 pid=9704 Player=0x1d1440a0 Core=0xa8bc0d0 world=(1752,1173)
[2026-08-29T17:41:35] acc_5: FPS FPS_NO_UI_CONTROL: target=30 current=None
[2026-08-29T17:41:43] [POPUP] đã đóng cache_notice
[2026-08-29T17:41:50] Daily xong bước VIP: đã thử claim 5/5 dòng VIP
[2026-08-29T17:41:53] Daily luvy: cleanup memory VIP: {'ok': True, 'results': {'vip': {'ok': True, 'changed': False, 'before': False, 'after': False}}}
[2026-08-29T17:42:03] Daily xong bước NHẬN THỜI TRANG: đã Rút Bộ thường, bấm Xác nhận và đọc lại popup đã đóng
[2026-08-29T17:42:06] Daily luvy: cleanup memory NHẬN THỜI TRANG: {'ok': True, 'results': {'character': {'ok': True, 'changed': False, 'before': False, 'after': False}}}
[2026-08-29T17:42:51] Daily xong bước MẬT BẢO: đã dò cấp 6→6, chọn công thức cấp 6 và bấm Chế tạo Mật Bảo 20 lần
[2026-08-29T17:42:54] Daily luvy: cleanup memory MẬT BẢO: {'ok': True, 'results': {'character': {'ok': True, 'changed': False, 'before': False, 'after': False}}}
[2026-08-29T17:43:05] Daily xong bước ĐIÊU KHẮC: đã bấm Đổi miễn phí và xác nhận Có trong KGĐK
[2026-08-29T17:43:08] Daily luvy: cleanup memory ĐIÊU KHẮC: {'ok': True, 'results': {'character': {'ok': True, 'changed': False, 'before': False, 'after': False}}}
[2026-08-29T17:44:02] Daily xong bước LẬT THẺ BÀI: đã phát bài, nhận thưởng và xác nhận Có 10/10 lượt
[2026-08-29T17:44:06] Daily luvy: cleanup memory LẬT THẺ BÀI: {'ok': True, 'results': {'card_game': {'ok': True, 'changed': False, 'before': False, 'after': False}}}
[2026-08-29T17:44:27] [DUNGEON] NPC live-panel probe: 2.86s panel=0x0
[2026-08-29T17:44:35] [DUNGEON] NPC open attempt 1: exact NPC count=0 elapsed=8.09s
[2026-08-29T17:44:44] [DUNGEON] NPC open attempt 2: exact NPC count=0 elapsed=7.62s
[2026-08-29T17:44:59] [DUNGEON] NPC live-panel probe: 3.23s panel=0x28e5cae0
[2026-08-29T17:45:32] [DUNGEON] NPC live-panel probe: 3.20s panel=0x28e5cae0
[2026-08-29T17:46:02] [DUNGEON] NPC live-panel probe: 3.12s panel=0x28e5cae0
[2026-08-29T17:46:33] [DUNGEON] NPC live-panel probe: 3.09s panel=0x28e5cae0
[2026-08-29T17:47:04] [DUNGEON] NPC live-panel probe: 3.06s panel=0x28e5cae0
[2026-08-29T17:47:24] Daily PHỤ BẢN lượt đầu: Kho Báu Đại Mạc: Xong qua memory chưa có readback
[2026-08-29T17:47:24] Daily luvy: bỏ qua PHỤ BẢN (lỗi): Kho Báu Đại Mạc: Xong qua memory chưa có readback — evidence: C:\Users\Administrator\Desktop\New folder\fbh_v2_ttt_fixed-20260709T181609Z-2-001\fbh_multi_account_infinite_auto\dev_supervisor_target_a_v2_20260814\logs\daily_errors\acc_5\20260829_174724_PHỤ_BẢN.png
[2026-08-29T17:47:24] Daily luvy: đã reset Flash sau lỗi PHỤ BẢN; tác vụ kế tiếp sẽ đăng nhập từ trạng thái sạch.
[2026-08-29T17:47:24] Daily luvy: client chưa mở, đang đăng nhập trước bước HÀNH LANG...
[2026-08-29T17:47:24] [AUTO_START] WAIT_WINDOW attempt=1 pass=0 pid=7868 Flash launched at original size
[2026-08-29T17:47:28] [AUTO_START] START_CLICKED attempt=1 pass=0 pid=7868 Bắt đầu
[2026-08-29T17:47:33] [AUTO_START] RETRY_START attempt=1 pass=0 pid=7868 chua thay chon kenh, bam lai Bat dau
[2026-08-29T17:47:36] [AUTO_START] START_CLICKED attempt=1 pass=0 pid=7868 Bắt đầu
[2026-08-29T17:47:41] [AUTO_START] RETRY_START attempt=1 pass=0 pid=7868 chua thay chon kenh, bam lai Bat dau
[2026-08-29T17:47:52] [AUTO_START] START_CLICKED attempt=1 pass=0 pid=7868 Bắt đầu
[2026-08-29T17:47:55] [AUTO_START] CHANNEL_SELECTED attempt=1 pass=0 pid=7868 channel=(449, 308) choices=1
[2026-08-29T17:47:59] [AUTO_START] ENTER_GAME_CLICKED attempt=1 pass=0 pid=7868 character_slot=1 slot_verified=True
[2026-08-29T17:48:04] [AUTO_START] MAP_READY_OPEN attempt=1 pass=0 pid=7868 Player=0x1d2d80a0 Core=0x162cf0d0 world=(3111,1561)
[2026-08-29T17:48:04] acc_5: FPS FPS_NO_UI_CONTROL: target=30 current=None
[2026-08-29T17:48:13] [POPUP] đã đóng cache_notice
[2026-08-29T17:48:25] [POPUP] đã đóng cache_notice
[2026-08-29T17:48:50] Daily xong bước HÀNH LANG: đã bấm Nhận Quà Hàng Ngày tại Hành Lang
[2026-08-29T17:48:53] Daily luvy: cleanup memory HÀNH LANG: {'ok': True, 'results': {'npc_dialog': {'ok': True, 'changed': False, 'before': False, 'after': False}}}
[2026-08-29T17:49:11] Daily xong bước THẦN TU: THẦN TU: đồng hồ đang đếm (diff=3.28)
[2026-08-29T17:49:11] Daily: đã đóng Flash sau Thần Tu; chờ 25 phút.
[2026-08-29T18:14:11] Daily luvy: client chưa mở, đang đăng nhập trước bước mở lại sau Thần Tu...
[2026-08-29T18:14:11] [AUTO_START] WAIT_WINDOW attempt=1 pass=0 pid=2248 Flash launched at original size
[2026-08-29T18:14:15] [AUTO_START] START_CLICKED attempt=1 pass=0 pid=2248 Bắt đầu
[2026-08-29T18:14:20] [AUTO_START] RETRY_START attempt=1 pass=0 pid=2248 chua thay chon kenh, bam lai Bat dau
[2026-08-29T18:14:22] [AUTO_START] START_CLICKED attempt=1 pass=0 pid=2248 Bắt đầu
[2026-08-29T18:14:28] [AUTO_START] RETRY_START attempt=1 pass=0 pid=2248 chua thay chon kenh, bam lai Bat dau
[2026-08-29T18:14:38] [AUTO_START] START_CLICKED attempt=1 pass=0 pid=2248 Bắt đầu
[2026-08-29T18:14:41] [AUTO_START] CHANNEL_SELECTED attempt=1 pass=0 pid=2248 channel=(449, 308) choices=1
[2026-08-29T18:14:45] [AUTO_START] ENTER_GAME_CLICKED attempt=1 pass=0 pid=2248 character_slot=1 slot_verified=True
[2026-08-29T18:14:50] [AUTO_START] MAP_READY_OPEN attempt=1 pass=0 pid=2248 Player=0x12e340a0 Core=0xcbdb0d0 world=(2076,418)
[2026-08-29T18:14:50] acc_5: FPS FPS_NO_UI_CONTROL: target=30 current=None
[2026-08-29T18:14:58] [POPUP] đã đóng cache_notice
[2026-08-29T18:15:20] [DUNGEON] NPC live-panel probe: 2.66s panel=0x0
[2026-08-29T18:15:32] [DUNGEON] NPC live-panel probe: 2.77s panel=0x21cb9ae0
[2026-08-29T18:15:50] [POPUP] phát hiện X lạ ổn định tại (479, 163); UNKNOWN nên không bấm
[2026-08-29T18:15:52] [POPUP] phát hiện X lạ ổn định tại (479, 163); UNKNOWN nên không bấm
[2026-08-29T18:15:57] [DUNGEON] NPC live-panel probe: 3.00s panel=0x21cb9ae0
[2026-08-29T18:16:18] Daily PHỤ BẢN checkpoint 25 phút (mốc 1): Kho Báu Đại Mạc: Xong qua memory chưa có readback
[2026-08-29T18:16:18] Daily luvy: bỏ qua PHỤ BẢN (lỗi): checkpoint 25 phút (mốc 1): Kho Báu Đại Mạc: Xong qua memory chưa có readback — evidence: C:\Users\Administrator\Desktop\New folder\fbh_v2_ttt_fixed-20260709T181609Z-2-001\fbh_multi_account_infinite_auto\dev_supervisor_target_a_v2_20260814\logs\daily_errors\acc_5\20260829_181618_PHỤ_BẢN.png
[2026-08-29T18:16:18] Daily luvy: đã reset Flash sau lỗi PHỤ BẢN; tác vụ kế tiếp sẽ đăng nhập từ trạng thái sạch.
[2026-08-29T18:16:18] [AUTO_START] WAIT_WINDOW attempt=1 pass=0 pid=11780 Flash launched at original size
[2026-08-29T18:16:23] [AUTO_START] START_CLICKED attempt=1 pass=0 pid=11780 Bắt đầu
[2026-08-29T18:16:28] [AUTO_START] RETRY_START attempt=1 pass=0 pid=11780 chua thay chon kenh, bam lai Bat dau
[2026-08-29T18:16:45] [AUTO_START] START_CLICKED attempt=1 pass=0 pid=11780 Bắt đầu
[2026-08-29T18:16:47] [AUTO_START] CHANNEL_SELECTED attempt=1 pass=0 pid=11780 channel=(449, 308) choices=1
[2026-08-29T18:16:52] [AUTO_START] ENTER_GAME_CLICKED attempt=1 pass=0 pid=11780 character_slot=1 slot_verified=True
[2026-08-29T18:16:57] [AUTO_START] MAP_READY_OPEN attempt=1 pass=0 pid=11780 Player=0x146740a0 Core=0xc0430d0 world=(3083,1619)
[2026-08-29T18:16:57] acc_5: FPS FPS_NO_UI_CONTROL: target=30 current=None
[2026-08-29T18:17:06] [POPUP] đã đóng cache_notice
[2026-08-29T18:17:39] Daily xong bước TU HÀNH: TU HÀNH: đồng hồ đang đếm (diff=3.28)
[2026-08-29T18:17:39] Daily: đã đóng Flash sau Tu Hành; chờ 31 phút.
[2026-08-29T18:20:38] Đã bắt đầu Daily theo cấu hình riêng: acc_5
[2026-08-29T18:20:38] Daily luvy: client chưa mở, đang đăng nhập trước bước VIP...
[2026-08-29T18:20:38] [AUTO_START] WAIT_WINDOW attempt=1 pass=0 pid=14812 Flash launched at original size
[2026-08-29T18:20:43] [AUTO_START] START_CLICKED attempt=1 pass=0 pid=14812 Bắt đầu
[2026-08-29T18:20:48] [AUTO_START] RETRY_START attempt=1 pass=0 pid=14812 chua thay chon kenh, bam lai Bat dau
[2026-08-29T18:21:04] [AUTO_START] START_CLICKED attempt=1 pass=0 pid=14812 Bắt đầu
[2026-08-29T18:21:07] [AUTO_START] CHANNEL_SELECTED attempt=1 pass=0 pid=14812 channel=(449, 308) choices=1
[2026-08-29T18:21:11] [AUTO_START] ENTER_GAME_CLICKED attempt=1 pass=0 pid=14812 character_slot=1 slot_verified=True
[2026-08-29T18:21:16] [AUTO_START] MAP_READY_OPEN attempt=1 pass=0 pid=14812 Player=0x1c3a00a0 Core=0x1640f0d0 world=(2216,422)
[2026-08-29T18:21:16] acc_5: FPS FPS_NO_UI_CONTROL: target=30 current=None
[2026-08-29T18:21:25] [POPUP] đã đóng cache_notice
[2026-08-29T18:21:32] Daily xong bước VIP: đã thử claim 5/5 dòng VIP
[2026-08-29T18:21:35] Daily luvy: cleanup memory VIP: {'ok': True, 'results': {'vip': {'ok': True, 'changed': False, 'before': False, 'after': False}}}
[2026-08-29T18:21:48] Daily xong bước NHẬN THỜI TRANG: đã bấm Rút thưởng nhưng không thấy popup Chúc mừng — có thể lượt miễn phí hôm nay đã dùng, không tính là đã nhận
[2026-08-29T18:21:50] Daily luvy: cleanup memory NHẬN THỜI TRANG: {'ok': True, 'results': {'character': {'ok': True, 'changed': False, 'before': False, 'after': False}}}
[2026-08-29T18:22:36] Daily xong bước MẬT BẢO: đã dò cấp 6→6, chọn công thức cấp 6 và bấm Chế tạo Mật Bảo 20 lần
[2026-08-29T18:22:39] Daily luvy: cleanup memory MẬT BẢO: {'ok': True, 'results': {'character': {'ok': True, 'changed': False, 'before': False, 'after': False}}}
[2026-08-29T18:22:51] Daily xong bước ĐIÊU KHẮC: đã bấm Đổi miễn phí và xác nhận Có trong KGĐK
[2026-08-29T18:22:54] Daily luvy: cleanup memory ĐIÊU KHẮC: {'ok': True, 'results': {'character': {'ok': True, 'changed': False, 'before': False, 'after': False}}}
[2026-08-29T18:23:04] Daily xong bước LẬT THẺ BÀI: panel Thẻ bài đã mở nhưng không thấy nút Bắt đầu phát bài (có thể đã hết lượt phát bài hôm nay)
[2026-08-29T18:23:07] Daily luvy: cleanup memory LẬT THẺ BÀI: {'ok': True, 'results': {'card_game': {'ok': True, 'changed': False, 'before': False, 'after': False}}}
[2026-08-29T18:23:28] [DUNGEON] NPC live-panel probe: 2.56s panel=0x0
[2026-08-29T18:23:35] [DUNGEON] NPC open attempt 1: exact NPC count=0 elapsed=6.48s
[2026-08-29T18:23:43] [DUNGEON] NPC open attempt 2: exact NPC count=0 elapsed=6.56s
[2026-08-29T18:23:56] [DUNGEON] NPC live-panel probe: 2.88s panel=0x3057cae0
[2026-08-29T18:24:17] Daily PHỤ BẢN lượt đầu: Kho Báu Đại Mạc: Xong qua memory chưa có readback
[2026-08-29T18:24:17] Daily luvy: bỏ qua PHỤ BẢN (lỗi): Kho Báu Đại Mạc: Xong qua memory chưa có readback — evidence: C:\Users\Administrator\Desktop\New folder\fbh_v2_ttt_fixed-20260709T181609Z-2-001\fbh_multi_account_infinite_auto\dev_supervisor_target_a_v2_20260814\logs\daily_errors\acc_5\20260829_182417_PHỤ_BẢN.png
[2026-08-29T18:24:17] Daily luvy: đã reset Flash sau lỗi PHỤ BẢN; tác vụ kế tiếp sẽ đăng nhập từ trạng thái sạch.
[2026-08-29T18:24:17] Daily luvy: client chưa mở, đang đăng nhập trước bước HÀNH LANG...
[2026-08-29T18:24:17] [AUTO_START] WAIT_WINDOW attempt=1 pass=0 pid=1548 Flash launched at original size
[2026-08-29T18:24:22] [AUTO_START] START_CLICKED attempt=1 pass=0 pid=1548 Bắt đầu
[2026-08-29T18:24:27] [AUTO_START] RETRY_START attempt=1 pass=0 pid=1548 chua thay chon kenh, bam lai Bat dau
[2026-08-29T18:24:43] [AUTO_START] START_CLICKED attempt=1 pass=0 pid=1548 Bắt đầu
[2026-08-29T18:24:46] [AUTO_START] CHANNEL_SELECTED attempt=1 pass=0 pid=1548 channel=(449, 308) choices=1
[2026-08-29T18:24:50] [AUTO_START] ENTER_GAME_CLICKED attempt=1 pass=0 pid=1548 character_slot=1 slot_verified=True
[2026-08-29T18:24:55] [AUTO_START] MAP_READY_OPEN attempt=1 pass=0 pid=1548 Player=0x11c410a0 Core=0x144e40d0 world=(3085,1601)
[2026-08-29T18:24:55] acc_5: FPS FPS_NO_UI_CONTROL: target=30 current=None
[2026-08-29T18:25:04] [POPUP] đã đóng cache_notice
[2026-08-29T18:25:28] Daily xong bước HÀNH LANG: đã bấm Nhận Quà Hàng Ngày tại Hành Lang
[2026-08-29T18:25:31] Daily luvy: cleanup memory HÀNH LANG: {'ok': True, 'results': {'npc_dialog': {'ok': True, 'changed': False, 'before': False, 'after': False}}}
[2026-08-29T18:25:49] Daily xong bước THẦN TU: THẦN TU: đã bấm Bắt đầu → Có nhưng chưa đọc được đồng hồ chạy (diff=0.00)
[2026-08-29T18:25:49] Daily CB: THẦN TU ATTEMPTED — bỏ mốc chờ 25 phút.
[2026-08-29T18:25:50] [POPUP] phát hiện X lạ ổn định tại (778, 108); UNKNOWN nên không bấm
[2026-08-29T18:25:50] Daily luvy: bỏ qua TU HÀNH (lỗi): không tới được Quyến Cố Thành: popup guard trước chuyển map: unknown_modal_blocked — evidence: C:\Users\Administrator\Desktop\New folder\fbh_v2_ttt_fixed-20260709T181609Z-2-001\fbh_multi_account_infinite_auto\dev_supervisor_target_a_v2_20260814\logs\daily_errors\acc_5\20260829_182550_TU_HÀNH.png
[2026-08-29T18:25:50] Daily luvy: đã reset Flash sau lỗi TU HÀNH; tác vụ kế tiếp sẽ đăng nhập từ trạng thái sạch.
[2026-08-29T18:25:50] Daily luvy: client chưa mở, đang đăng nhập trước bước TRỪ MA...
[2026-08-29T18:25:50] [AUTO_START] WAIT_WINDOW attempt=1 pass=0 pid=11296 Flash launched at original size
[2026-08-29T18:25:53] [AUTO_START] START_CLICKED attempt=1 pass=0 pid=11296 Bắt đầu
[2026-08-29T18:25:58] [AUTO_START] RETRY_START attempt=1 pass=0 pid=11296 chua thay chon kenh, bam lai Bat dau
[2026-08-29T18:26:01] [AUTO_START] START_CLICKED attempt=1 pass=0 pid=11296 Bắt đầu
[2026-08-29T18:26:07] [AUTO_START] RETRY_START attempt=1 pass=0 pid=11296 chua thay chon kenh, bam lai Bat dau
[2026-08-29T18:26:17] [AUTO_START] START_CLICKED attempt=1 pass=0 pid=11296 Bắt đầu
[2026-08-29T18:26:20] [AUTO_START] CHANNEL_SELECTED attempt=1 pass=0 pid=11296 channel=(449, 308) choices=1
[2026-08-29T18:26:24] [AUTO_START] ENTER_GAME_CLICKED attempt=1 pass=0 pid=11296 character_slot=1 slot_verified=True
[2026-08-29T18:26:29] [AUTO_START] MAP_READY_OPEN attempt=1 pass=0 pid=11296 Player=0x141a10a0 Core=0x99100d0 world=(2215,407)
[2026-08-29T18:26:29] acc_5: FPS FPS_NO_UI_CONTROL: target=30 current=None
[2026-08-29T18:26:39] [POPUP] đã đóng cache_notice
[2026-08-29T18:27:32] [TRU_MA] TRỪ MA luvy: nhận diện: Phong Ấn Cự Thú (id=7669, margin=6)
[2026-08-29T18:27:52] [TRU_MA] TRỪ MA luvy: mục tiêu: Viễn Cổ Cự Thú id=1161 type=3060100001161 resource=2060100001161
[2026-08-29T18:27:56] [AUTO_BOSS] Start selected-monster NPCView.clickNpc runner generation=1
[2026-08-29T18:27:59] [AUTO_BOSS] selected Monster 2060100001161 id=2169 type=3060100001161 resource=2060100001161 base=0x389c25c0 distance=429
[2026-08-29T18:27:59] [AUTO_BOSS] NPCView session fingerprint native=0x1317cb8 avm=0x146760a0 method_info=0xb7c2900 slot322_method_id=18293
[2026-08-29T18:27:59] [AUTO_BOSS] id=2169 distance=429 receiver=0x16639e50 method=18293 stage=1
[2026-08-29T18:28:01] [AUTO_BOSS] id=2169 distance=202 receiver=0x16639e50 method=18293 stage=2
[2026-08-29T18:28:05] [AUTO_BOSS] battle edge false->true id=2169
[2026-08-29T18:28:09] [AUTO_BOSS] battle edge true->false clear=1
[2026-08-29T18:29:02] [TRU_MA] TRỪ MA luvy: xong lượt 1/10 (Phong Ấn Cự Thú)
[2026-08-29T18:29:25] [TRU_MA] TRỪ MA luvy: dừng ở lượt 2: chọn dòng Nhiệm Vụ Trừ Ma[Vòng] lỗi: ListBase.dataProvider unresolved after list refresh
[2026-08-29T18:29:26] Daily luvy: bỏ qua TRỪ MA (lỗi): FAILED — 1/10 lượt; dừng ở lượt 2: chọn dòng Nhiệm Vụ Trừ Ma[Vòng] lỗi: ListBase.dataProvider unresolved after list refresh — evidence: C:\Users\Administrator\Desktop\New folder\fbh_v2_ttt_fixed-20260709T181609Z-2-001\fbh_multi_account_infinite_auto\dev_supervisor_target_a_v2_20260814\logs\daily_errors\acc_5\20260829_182926_TRỪ_MA.png
[2026-08-29T18:29:26] Daily luvy: đã reset Flash sau lỗi TRỪ MA; tác vụ kế tiếp sẽ đăng nhập từ trạng thái sạch.
[2026-08-29T18:29:26] Daily luvy: client chưa mở, đang đăng nhập trước bước TRỊ AN...
[2026-08-29T18:29:26] [AUTO_START] WAIT_WINDOW attempt=1 pass=0 pid=13588 Flash launched at original size
[2026-08-29T18:29:31] [AUTO_START] START_CLICKED attempt=1 pass=0 pid=13588 Bắt đầu
[2026-08-29T18:29:36] [AUTO_START] RETRY_START attempt=1 pass=0 pid=13588 chua thay chon kenh, bam lai Bat dau
[2026-08-29T18:29:52] [AUTO_START] START_CLICKED attempt=1 pass=0 pid=13588 Bắt đầu
[2026-08-29T18:29:55] [AUTO_START] CHANNEL_SELECTED attempt=1 pass=0 pid=13588 channel=(449, 308) choices=1
[2026-08-29T18:29:59] [AUTO_START] ENTER_GAME_CLICKED attempt=1 pass=0 pid=13588 character_slot=1 slot_verified=True
[2026-08-29T18:30:07] [AUTO_START] MAP_READY_OPEN attempt=1 pass=0 pid=13588 Player=0xe47a0a0 Core=0x16e640d0 world=(2284,1340)
[2026-08-29T18:30:07] acc_5: FPS FPS_NO_UI_CONTROL: target=30 current=None
[2026-08-29T18:30:20] [POPUP] đã đóng cache_notice
[2026-08-29T18:31:25] [TRI_AN] TRỊ AN luvy: dừng ở lượt 1: đã mở dòng Trị An[Vòng] nhưng chưa đọc được dòng biến thể; không bấm mù dòng vòng lần nữa
[2026-08-29T18:31:25] Daily luvy: bỏ qua TRỊ AN (lỗi): FAILED — 0/10 lượt; dừng ở lượt 1: đã mở dòng Trị An[Vòng] nhưng chưa đọc được dòng biến thể; không bấm mù dòng vòng lần nữa — evidence: C:\Users\Administrator\Desktop\New folder\fbh_v2_ttt_fixed-20260709T181609Z-2-001\fbh_multi_account_infinite_auto\dev_supervisor_target_a_v2_20260814\logs\daily_errors\acc_5\20260829_183125_TRỊ_AN.png
[2026-08-29T18:31:25] Daily luvy: đã reset Flash sau lỗi TRỊ AN; tác vụ kế tiếp sẽ đăng nhập từ trạng thái sạch.
[2026-08-29T18:31:25] Daily luvy: client chưa mở, đang đăng nhập trước bước checkpoint Auto phụ bản...
[2026-08-29T18:31:25] [AUTO_START] WAIT_WINDOW attempt=1 pass=0 pid=12148 Flash launched at original size
[2026-08-29T18:31:29] [AUTO_START] START_CLICKED attempt=1 pass=0 pid=12148 Bắt đầu
[2026-08-29T18:31:34] [AUTO_START] RETRY_START attempt=1 pass=0 pid=12148 chua thay chon kenh, bam lai Bat dau
[2026-08-29T18:31:53] [AUTO_START] START_CLICKED attempt=1 pass=0 pid=12148 Bắt đầu
[2026-08-29T18:31:55] [AUTO_START] CHANNEL_SELECTED attempt=1 pass=0 pid=12148 channel=(449, 308) choices=1
[2026-08-29T18:32:00] [AUTO_START] ENTER_GAME_CLICKED attempt=1 pass=0 pid=12148 character_slot=1 slot_verified=True
[2026-08-29T18:32:05] [AUTO_START] MAP_READY_OPEN attempt=1 pass=0 pid=12148 Player=0xd6dc0a0 Core=0x8f9c0d0 world=(3144,824)
[2026-08-29T18:32:05] acc_5: FPS FPS_NO_UI_CONTROL: target=30 current=None
[2026-08-29T18:32:10] Daily: đã đóng Flash sau Auto phụ bản checkpoint 1; chờ 25 phút.
[2026-08-29T18:34:07] Đã bắt đầu Daily theo cấu hình riêng: acc_5
[2026-08-29T18:34:07] Daily luvy: client chưa mở, đang đăng nhập trước bước VIP...
[2026-08-29T18:34:07] [AUTO_START] WAIT_WINDOW attempt=1 pass=0 pid=17684 Flash launched at original size
[2026-08-29T18:34:11] [AUTO_START] START_CLICKED attempt=1 pass=0 pid=17684 Bắt đầu
[2026-08-29T18:34:16] [AUTO_START] RETRY_START attempt=1 pass=0 pid=17684 chua thay chon kenh, bam lai Bat dau
[2026-08-29T18:34:19] [AUTO_START] START_CLICKED attempt=1 pass=0 pid=17684 Bắt đầu
[2026-08-29T18:34:25] [AUTO_START] RETRY_START attempt=1 pass=0 pid=17684 chua thay chon kenh, bam lai Bat dau
[2026-08-29T18:34:35] [AUTO_START] START_CLICKED attempt=1 pass=0 pid=17684 Bắt đầu
[2026-08-29T18:34:38] [AUTO_START] CHANNEL_SELECTED attempt=1 pass=0 pid=17684 channel=(449, 308) choices=1
[2026-08-29T18:34:42] [AUTO_START] ENTER_GAME_CLICKED attempt=1 pass=0 pid=17684 character_slot=1 slot_verified=True
[2026-08-29T18:34:48] [AUTO_START] MAP_READY_OPEN attempt=1 pass=0 pid=17684 Player=0xe7ec0a0 Core=0x10d5e0d0 world=(3144,824)
[2026-08-29T18:34:48] acc_5: FPS FPS_NO_UI_CONTROL: target=30 current=None
[2026-08-29T18:34:56] [POPUP] đã đóng cache_notice
[2026-08-29T18:35:03] Daily xong bước VIP: đã thử claim 5/5 dòng VIP
[2026-08-29T18:35:06] Daily luvy: cleanup memory VIP: {'ok': True, 'results': {'vip': {'ok': True, 'changed': False, 'before': False, 'after': False}}}
[2026-08-29T18:35:18] Daily xong bước NHẬN THỜI TRANG: đã bấm Rút thưởng nhưng không thấy popup Chúc mừng — có thể lượt miễn phí hôm nay đã dùng, không tính là đã nhận
[2026-08-29T18:35:21] Daily luvy: cleanup memory NHẬN THỜI TRANG: {'ok': True, 'results': {'character': {'ok': True, 'changed': False, 'before': False, 'after': False}}}
[2026-08-29T18:36:06] Daily xong bước MẬT BẢO: đã dò cấp 6→6, chọn công thức cấp 6 và bấm Chế tạo Mật Bảo 20 lần
[2026-08-29T18:36:09] Daily luvy: cleanup memory MẬT BẢO: {'ok': True, 'results': {'character': {'ok': True, 'changed': False, 'before': False, 'after': False}}}
[2026-08-29T18:36:21] Daily xong bước ĐIÊU KHẮC: đã bấm Đổi miễn phí và xác nhận Có trong KGĐK
[2026-08-29T18:36:24] Daily luvy: cleanup memory ĐIÊU KHẮC: {'ok': True, 'results': {'character': {'ok': True, 'changed': False, 'before': False, 'after': False}}}
[2026-08-29T18:36:33] Daily xong bước LẬT THẺ BÀI: panel Thẻ bài đã mở nhưng không thấy nút Bắt đầu phát bài (có thể đã hết lượt phát bài hôm nay)
[2026-08-29T18:36:36] Daily luvy: cleanup memory LẬT THẺ BÀI: {'ok': True, 'results': {'card_game': {'ok': True, 'changed': False, 'before': False, 'after': False}}}
[2026-08-29T18:36:58] [DUNGEON] NPC live-panel probe: 2.92s panel=0x0
[2026-08-29T18:37:06] [DUNGEON] NPC open attempt 1: exact NPC count=0 elapsed=8.14s
[2026-08-29T18:37:15] [DUNGEON] NPC open attempt 2: exact NPC count=0 elapsed=8.19s
[2026-08-29T18:37:32] [DUNGEON] NPC live-panel probe: 3.34s panel=0x24613ae0
[2026-08-29T18:37:54] Daily PHỤ BẢN lượt đầu: Kho Báu Đại Mạc: Xong qua memory chưa có readback
[2026-08-29T18:37:54] Daily luvy: bỏ qua PHỤ BẢN (lỗi): Kho Báu Đại Mạc: Xong qua memory chưa có readback — evidence: C:\Users\Administrator\Desktop\New folder\fbh_v2_ttt_fixed-20260709T181609Z-2-001\fbh_multi_account_infinite_auto\dev_supervisor_target_a_v2_20260814\logs\daily_errors\acc_5\20260829_183754_PHỤ_BẢN.png
[2026-08-29T18:37:55] Daily luvy: đã reset Flash sau lỗi PHỤ BẢN; tác vụ kế tiếp sẽ đăng nhập từ trạng thái sạch.
[2026-08-29T18:37:55] Daily luvy: client chưa mở, đang đăng nhập trước bước HÀNH LANG...
[2026-08-29T18:37:55] [AUTO_START] WAIT_WINDOW attempt=1 pass=0 pid=12408 Flash launched at original size
[2026-08-29T18:37:59] [AUTO_START] START_CLICKED attempt=1 pass=0 pid=12408 Bắt đầu
[2026-08-29T18:38:05] [AUTO_START] RETRY_START attempt=1 pass=0 pid=12408 chua thay chon kenh, bam lai Bat dau
[2026-08-29T18:38:21] [AUTO_START] START_CLICKED attempt=1 pass=0 pid=12408 Bắt đầu
[2026-08-29T18:38:23] [AUTO_START] CHANNEL_SELECTED attempt=1 pass=0 pid=12408 channel=(449, 308) choices=1
[2026-08-29T18:38:27] [AUTO_START] ENTER_GAME_CLICKED attempt=1 pass=0 pid=12408 character_slot=1 slot_verified=True
[2026-08-29T18:38:36] [AUTO_START] MAP_READY_OPEN attempt=1 pass=0 pid=12408 Player=0x66130a0 Core=0xe0e10d0 world=(3103,1575)
[2026-08-29T18:38:36] acc_5: FPS FPS_NO_UI_CONTROL: target=30 current=None
[2026-08-29T18:38:44] [POPUP] đã đóng cache_notice
[2026-08-29T18:38:56] [POPUP] đã đóng cache_notice
[2026-08-29T18:39:21] Daily xong bước HÀNH LANG: đã bấm Nhận Quà Hàng Ngày tại Hành Lang
[2026-08-29T18:39:24] Daily luvy: cleanup memory HÀNH LANG: {'ok': True, 'results': {'npc_dialog': {'ok': True, 'changed': False, 'before': False, 'after': False}}}
[2026-08-29T18:39:42] Daily xong bước THẦN TU: THẦN TU: đã bấm Bắt đầu → Có nhưng chưa đọc được đồng hồ chạy (diff=0.00)
[2026-08-29T18:39:42] Daily CB: THẦN TU ATTEMPTED — bỏ mốc chờ 25 phút.
[2026-08-29T18:39:43] [POPUP] phát hiện X lạ ổn định tại (778, 108); UNKNOWN nên không bấm
[2026-08-29T18:39:43] Daily luvy: bỏ qua TU HÀNH (lỗi): không tới được Quyến Cố Thành: popup guard trước chuyển map: unknown_modal_blocked — evidence: C:\Users\Administrator\Desktop\New folder\fbh_v2_ttt_fixed-20260709T181609Z-2-001\fbh_multi_account_infinite_auto\dev_supervisor_target_a_v2_20260814\logs\daily_errors\acc_5\20260829_183943_TU_HÀNH.png
[2026-08-29T18:39:43] Daily luvy: đã reset Flash sau lỗi TU HÀNH; tác vụ kế tiếp sẽ đăng nhập từ trạng thái sạch.
[2026-08-29T18:39:43] Daily luvy: client chưa mở, đang đăng nhập trước bước TRỪ MA...
[2026-08-29T18:39:43] [AUTO_START] WAIT_WINDOW attempt=1 pass=0 pid=16240 Flash launched at original size
[2026-08-29T18:39:48] [AUTO_START] START_CLICKED attempt=1 pass=0 pid=16240 Bắt đầu
[2026-08-29T18:39:53] [AUTO_START] RETRY_START attempt=1 pass=0 pid=16240 chua thay chon kenh, bam lai Bat dau
[2026-08-29T18:40:09] [AUTO_START] START_CLICKED attempt=1 pass=0 pid=16240 Bắt đầu
[2026-08-29T18:40:12] [AUTO_START] CHANNEL_SELECTED attempt=1 pass=0 pid=16240 channel=(449, 308) choices=1
[2026-08-29T18:40:16] [AUTO_START] ENTER_GAME_CLICKED attempt=1 pass=0 pid=16240 character_slot=1 slot_verified=True
[2026-08-29T18:40:21] [AUTO_START] MAP_READY_OPEN attempt=1 pass=0 pid=16240 Player=0x159130a0 Core=0x1836d0d0 world=(2220,402)
[2026-08-29T18:40:21] acc_5: FPS FPS_NO_UI_CONTROL: target=30 current=None
[2026-08-29T18:40:32] [POPUP] đã đóng cache_notice
[2026-08-29T18:41:24] [TRU_MA] TRỪ MA luvy: nhận diện: Phong Ấn Cự Thú (id=7669, margin=6)
[2026-08-29T18:41:45] [TRU_MA] TRỪ MA luvy: mục tiêu: Viễn Cổ Cự Thú id=1161 type=3060100001161 resource=2060100001161
[2026-08-29T18:41:50] [AUTO_BOSS] Start selected-monster NPCView.clickNpc runner generation=1
[2026-08-29T18:41:52] [AUTO_BOSS] selected Monster 2060100001161 id=2169 type=3060100001161 resource=2060100001161 base=0x10fb2ae0 distance=429
[2026-08-29T18:41:52] [AUTO_BOSS] NPCView session fingerprint native=0x1317cb8 avm=0x107fa850 method_info=0xc251af8 slot322_method_id=18293
[2026-08-29T18:41:52] [AUTO_BOSS] id=2169 distance=429 receiver=0x147b20d0 method=18293 stage=1
[2026-08-29T18:41:54] [AUTO_BOSS] id=2169 distance=201 receiver=0x147b20d0 method=18293 stage=2
[2026-08-29T18:41:58] [AUTO_BOSS] battle edge false->true id=2169
[2026-08-29T18:42:00] [AUTO_BOSS] battle edge true->false clear=1
[2026-08-29T18:42:52] [TRU_MA] TRỪ MA luvy: xong lượt 1/10 (Phong Ấn Cự Thú)
[2026-08-29T18:43:15] [TRU_MA] TRỪ MA luvy: nhận diện: Phong Ấn Cự Ma (id=7670, margin=6)
[2026-08-29T18:43:48] [TRU_MA] TRỪ MA luvy: mục tiêu: Viễn Cổ Cự Ma id=1167 type=3060100001167 resource=2060100001167
[2026-08-29T18:43:51] [AUTO_BOSS] Start selected-monster NPCView.clickNpc runner generation=1
[2026-08-29T18:43:54] [AUTO_BOSS] selected Monster 2060100001167 id=2168 type=3060100001167 resource=2060100001167 base=0x229fed70 distance=996
[2026-08-29T18:43:54] [AUTO_BOSS] NPCView session fingerprint native=0x1317cb8 avm=0x107fa850 method_info=0xc251af8 slot322_method_id=18293
[2026-08-29T18:43:54] [AUTO_BOSS] id=2168 distance=996 receiver=0x249b60d0 method=18293 stage=1
[2026-08-29T18:43:58] [AUTO_BOSS] id=2168 distance=198 receiver=0x249b60d0 method=18293 stage=2
[2026-08-29T18:44:01] [AUTO_BOSS] battle edge false->true id=2168
[2026-08-29T18:44:03] [AUTO_BOSS] battle edge true->false clear=1
[2026-08-29T18:44:58] [TRU_MA] TRỪ MA luvy: xong lượt 2/10 (Phong Ấn Cự Ma)
[2026-08-29T18:45:22] [TRU_MA] TRỪ MA luvy: nhận diện: Phong Ấn Cự Thú (id=7669, margin=4)
[2026-08-29T18:45:35] [TRU_MA] TRỪ MA luvy: dừng ở lượt 3: không tới Trầm Thụy Lâm: mất client
[2026-08-29T18:45:36] Daily luvy: TRỪ MA mất client sau 2/10; relogin phục hồi 1/3.
[2026-08-29T18:45:36] Daily luvy: client chưa mở, đang đăng nhập trước bước phục hồi TRỪ MA lượt 3...
[2026-08-29T18:45:36] [AUTO_START] WAIT_WINDOW attempt=1 pass=0 pid=13888 Flash launched at original size
[2026-08-29T18:45:41] [AUTO_START] START_CLICKED attempt=1 pass=0 pid=13888 Bắt đầu
[2026-08-29T18:45:46] [AUTO_START] RETRY_START attempt=1 pass=0 pid=13888 chua thay chon kenh, bam lai Bat dau
[2026-08-29T18:46:02] [AUTO_START] START_CLICKED attempt=1 pass=0 pid=13888 Bắt đầu
[2026-08-29T18:46:05] [AUTO_START] CHANNEL_SELECTED attempt=1 pass=0 pid=13888 channel=(449, 308) choices=1
[2026-08-29T18:46:09] [AUTO_START] ENTER_GAME_CLICKED attempt=1 pass=0 pid=13888 character_slot=1 slot_verified=True
[2026-08-29T18:46:14] [AUTO_START] MAP_READY_OPEN attempt=1 pass=0 pid=13888 Player=0x119c40a0 Core=0xbc6e0d0 world=(2285,1340)
[2026-08-29T18:46:14] acc_5: FPS FPS_NO_UI_CONTROL: target=30 current=None
[2026-08-29T18:46:29] [POPUP] đã đóng cache_notice
[2026-08-29T18:46:46] [TRU_MA] TRỪ MA luvy: phục hồi nhiệm vụ đã giết xong: Phong Ấn Cự Thú
[2026-08-29T18:47:36] [TRU_MA] TRỪ MA luvy: nhiệm vụ cũ Phong Ấn Cự Thú chưa trả được; tiếp tục giết đúng mục tiêu rồi xác nhận lại
[2026-08-29T18:47:38] [POPUP] đã đóng npc_dialog
[2026-08-29T18:47:57] [TRU_MA] TRỪ MA luvy: mục tiêu: Viễn Cổ Cự Thú id=1161 type=3060100001161 resource=2060100001161
[2026-08-29T18:48:02] [AUTO_BOSS] Start selected-monster NPCView.clickNpc runner generation=1
[2026-08-29T18:48:05] [AUTO_BOSS] selected Monster 2060100001161 id=2169 type=3060100001161 resource=2060100001161 base=0x1e82d330 distance=429
[2026-08-29T18:48:05] [AUTO_BOSS] NPCView session fingerprint native=0x1317cb8 avm=0xf50e0a0 method_info=0xa4aaa88 slot322_method_id=18293
[2026-08-29T18:48:05] [AUTO_BOSS] id=2169 distance=429 receiver=0x30f8eaf0 method=18293 stage=1
[2026-08-29T18:48:07] [AUTO_BOSS] id=2169 distance=219 receiver=0x30f8eaf0 method=18293 stage=2
[2026-08-29T18:48:11] [AUTO_BOSS] battle edge false->true id=2169
[2026-08-29T18:48:13] [AUTO_BOSS] battle edge true->false clear=1
[2026-08-29T18:49:08] [TRU_MA] TRỪ MA luvy: xong lượt 1/8 (Phong Ấn Cự Thú)
[2026-08-29T18:49:33] [TRU_MA] TRỪ MA luvy: nhận diện: Phi Ma Tập Kích (id=7668, margin=4)
[2026-08-29T18:50:09] [TRU_MA] TRỪ MA luvy: mục tiêu: Thủ Lĩnh Phi Ma id=1114 type=3060100001114 resource=2060090100114
[2026-08-29T18:50:12] [AUTO_BOSS] Start selected-monster NPCView.clickNpc runner generation=1
[2026-08-29T18:50:15] [AUTO_BOSS] selected Thủ Lĩnh Phi Ma id=1173 type=3060100001114 resource=2060090100114 base=0x10eb1d70 distance=644
[2026-08-29T18:50:15] [AUTO_BOSS] NPCView session fingerprint native=0x1317cb8 avm=0xf50e0a0 method_info=0xa4aaa88 slot322_method_id=18293
[2026-08-29T18:50:15] [AUTO_BOSS] id=1173 distance=644 receiver=0x22dd3430 method=18293 stage=1
[2026-08-29T18:50:19] [AUTO_BOSS] id=1173 distance=45 receiver=0x22dd3430 method=18293 stage=2
[2026-08-29T18:50:23] [AUTO_BOSS] battle edge false->true id=1173
[2026-08-29T18:50:24] [AUTO_BOSS] battle edge true->false clear=1
[2026-08-29T18:51:19] [TRU_MA] TRỪ MA luvy: xong lượt 2/8 (Phi Ma Tập Kích)
[2026-08-29T18:51:42] [TRU_MA] TRỪ MA luvy: nhận diện: Phi Ma Tập Kích (id=7668, margin=7)
[2026-08-29T18:52:00] [POPUP] phát hiện X lạ ổn định tại (240, 22); UNKNOWN nên không bấm
[2026-08-29T18:52:01] [POPUP] phát hiện X lạ ổn định tại (240, 22); UNKNOWN nên không bấm
[2026-08-29T18:52:02] [TRU_MA] TRỪ MA luvy: dừng ở lượt 3: không tới Bàng Bối Thành: popup guard: unknown_modal_blocked
[2026-08-29T18:52:03] Daily luvy: bỏ qua TRỪ MA (lỗi): FAILED — 4/10 lượt; dừng ở lượt 3: không tới Bàng Bối Thành: popup guard: unknown_modal_blocked — evidence: C:\Users\Administrator\Desktop\New folder\fbh_v2_ttt_fixed-20260709T181609Z-2-001\fbh_multi_account_infinite_auto\dev_supervisor_target_a_v2_20260814\logs\daily_errors\acc_5\20260829_185203_TRỪ_MA.png
[2026-08-29T18:52:03] Daily luvy: đã reset Flash sau lỗi TRỪ MA; tác vụ kế tiếp sẽ đăng nhập từ trạng thái sạch.
[2026-08-29T18:52:24] [TRI_AN] TRỊ AN luvy: mở NPC lần 1/8 chưa thành công: không tới được NPC: không nhích được ở bước 3 (bị chắn)
[2026-08-29T18:52:32] [TRI_AN] TRỊ AN luvy: mở NPC lần 2/8 chưa thành công: không tới được NPC: không nhích được ở bước 0 (bị chắn)
[2026-08-29T18:52:40] [TRI_AN] TRỊ AN luvy: mở NPC lần 3/8 chưa thành công: không tới được NPC: không nhích được ở bước 0 (bị chắn)
[2026-08-29T18:52:48] [TRI_AN] TRỊ AN luvy: mở NPC lần 4/8 chưa thành công: không tới được NPC: không nhích được ở bước 0 (bị chắn)
[2026-08-29T18:52:56] [TRI_AN] TRỊ AN luvy: mở NPC lần 5/8 chưa thành công: không tới được NPC: không nhích được ở bước 0 (bị chắn)
[2026-08-29T18:53:03] [TRI_AN] TRỊ AN luvy: mở NPC lần 6/8 chưa thành công: không tới được NPC: không nhích được ở bước 0 (bị chắn)
[2026-08-29T18:53:11] [TRI_AN] TRỊ AN luvy: mở NPC lần 7/8 chưa thành công: không tới được NPC: không nhích được ở bước 0 (bị chắn)
[2026-08-29T18:53:19] [TRI_AN] TRỊ AN luvy: mở NPC lần 8/8 chưa thành công: không tới được NPC: không nhích được ở bước 0 (bị chắn)
[2026-08-29T18:53:21] [TRI_AN] TRỊ AN luvy: dừng ở lượt 1: không mở được hộp thoại NPC Trưởng Cận Vệ Đông Huyền
[2026-08-29T18:53:22] Daily luvy: bỏ qua TRỊ AN (lỗi): FAILED — 0/10 lượt; dừng ở lượt 1: không mở được hộp thoại NPC Trưởng Cận Vệ Đông Huyền — evidence: C:\Users\Administrator\Desktop\New folder\fbh_v2_ttt_fixed-20260709T181609Z-2-001\fbh_multi_account_infinite_auto\dev_supervisor_target_a_v2_20260814\logs\daily_errors\acc_5\20260829_185321_TRỊ_AN.png
[2026-08-29T18:53:22] Daily luvy: đã reset Flash sau lỗi TRỊ AN; tác vụ kế tiếp sẽ đăng nhập từ trạng thái sạch.
[2026-08-29T18:53:22] Daily luvy: client chưa mở, đang đăng nhập trước bước checkpoint Auto phụ bản...
[2026-08-29T18:53:22] [AUTO_START] WAIT_WINDOW attempt=1 pass=0 pid=13748 Flash launched at original size
[2026-08-29T18:53:26] [AUTO_START] START_CLICKED attempt=1 pass=0 pid=13748 Bắt đầu
[2026-08-29T18:53:32] [AUTO_START] RETRY_START attempt=1 pass=0 pid=13748 chua thay chon kenh, bam lai Bat dau
[2026-08-29T18:53:48] [AUTO_START] START_CLICKED attempt=1 pass=0 pid=13748 Bắt đầu
[2026-08-29T18:53:51] [AUTO_START] CHANNEL_SELECTED attempt=1 pass=0 pid=13748 channel=(449, 308) choices=1
[2026-08-29T18:53:55] [AUTO_START] ENTER_GAME_CLICKED attempt=1 pass=0 pid=13748 character_slot=1 slot_verified=True
[2026-08-29T18:54:01] [AUTO_START] MAP_READY_OPEN attempt=1 pass=0 pid=13748 Player=0x1020d0a0 Core=0x1712b0d0 world=(2592,1152)
[2026-08-29T18:54:01] acc_5: FPS FPS_NO_UI_CONTROL: target=30 current=None
[2026-08-29T18:54:06] Daily: đã đóng Flash sau Auto phụ bản checkpoint 1; chờ 25 phút.
[2026-08-29T18:57:10] Daily luvy: client chưa mở, đang đăng nhập trước bước mở lại sau Auto phụ bản checkpoint 1...
[2026-08-29T18:57:10] [AUTO_START] WAIT_WINDOW attempt=1 pass=0 pid=3284 Flash launched at original size
[2026-08-29T18:57:14] [AUTO_START] START_CLICKED attempt=1 pass=0 pid=3284 Bắt đầu
[2026-08-29T18:57:19] [AUTO_START] RETRY_START attempt=1 pass=0 pid=3284 chua thay chon kenh, bam lai Bat dau
[2026-08-29T18:57:21] [AUTO_START] START_CLICKED attempt=1 pass=0 pid=3284 Bắt đầu
[2026-08-29T18:57:27] [AUTO_START] RETRY_START attempt=1 pass=0 pid=3284 chua thay chon kenh, bam lai Bat dau
[2026-08-29T18:57:37] [AUTO_START] START_CLICKED attempt=1 pass=0 pid=3284 Bắt đầu
[2026-08-29T18:57:40] [AUTO_START] CHANNEL_SELECTED attempt=1 pass=0 pid=3284 channel=(449, 308) choices=1
[2026-08-29T18:57:44] [AUTO_START] ENTER_GAME_CLICKED attempt=1 pass=0 pid=3284 character_slot=1 slot_verified=True
[2026-08-29T18:57:49] [AUTO_START] MAP_READY_OPEN attempt=1 pass=0 pid=3284 Player=0x1be5e0a0 Core=0xb6ae0d0 world=(2592,1152)
[2026-08-29T18:57:49] acc_5: FPS FPS_NO_UI_CONTROL: target=30 current=None
[2026-08-29T18:57:58] [POPUP] đã đóng cache_notice
[2026-08-29T18:58:19] [DUNGEON] NPC live-panel probe: 2.51s panel=0x0
[2026-08-29T18:58:27] [DUNGEON] NPC open attempt 1: exact NPC count=0 elapsed=7.66s
[2026-08-29T18:58:36] [DUNGEON] NPC open attempt 2: exact NPC count=0 elapsed=7.62s
[2026-08-29T18:58:51] [DUNGEON] NPC live-panel probe: 2.86s panel=0x1e65e0a0
[2026-08-29T18:59:12] Daily PHỤ BẢN checkpoint độc lập 1 (25 phút): Kho Báu Đại Mạc: Xong qua memory chưa có readback
[2026-08-29T18:59:12] Daily luvy: bỏ qua PHỤ BẢN (lỗi): checkpoint độc lập: Kho Báu Đại Mạc: Xong qua memory chưa có readback — evidence: C:\Users\Administrator\Desktop\New folder\fbh_v2_ttt_fixed-20260709T181609Z-2-001\fbh_multi_account_infinite_auto\dev_supervisor_target_a_v2_20260814\logs\daily_errors\acc_5\20260829_185912_PHỤ_BẢN.png
[2026-08-29T18:59:13] Daily luvy: đã reset Flash sau lỗi PHỤ BẢN; tác vụ kế tiếp sẽ đăng nhập từ trạng thái sạch.
[2026-08-29T18:59:13] Daily luvy: bỏ qua PHỤ BẢN (lỗi): hết ba checkpoint nhưng card chưa hoàn tất
[2026-08-29T18:59:13] Daily luvy: đã reset Flash sau lỗi PHỤ BẢN; tác vụ kế tiếp sẽ đăng nhập từ trạng thái sạch.
[2026-08-29T18:59:13] Daily hoàn tất đúng plan snapshot: VIP, NHẬN THỜI TRANG, MẬT BẢO, ĐIÊU KHẮC, LẬT THẺ BÀI, PHỤ BẢN, HÀNH LANG, THẦN TU, TU HÀNH, TRỪ MA, TRỊ AN
[2026-08-29T18:59:23] Đã bắt đầu Daily theo cấu hình riêng: acc_3
[2026-08-29T18:59:23] Daily TSk: client chưa mở, đang đăng nhập trước bước VIP...
[2026-08-29T18:59:23] [AUTO_START] WAIT_WINDOW attempt=1 pass=0 pid=17960 Flash launched at original size
[2026-08-29T18:59:28] [AUTO_START] START_CLICKED attempt=1 pass=0 pid=17960 Bắt đầu
[2026-08-29T18:59:34] [AUTO_START] RETRY_START attempt=1 pass=0 pid=17960 chua thay chon kenh, bam lai Bat dau
[2026-08-29T18:59:49] [AUTO_START] START_CLICKED attempt=1 pass=0 pid=17960 Bắt đầu
[2026-08-29T18:59:53] [AUTO_START] CHANNEL_SELECTED attempt=1 pass=0 pid=17960 channel=(449, 308) choices=1
[2026-08-29T18:59:57] [AUTO_START] ENTER_GAME_CLICKED attempt=1 pass=0 pid=17960 character_slot=1 slot_verified=True
[2026-08-29T19:00:02] [AUTO_START] MAP_READY_OPEN attempt=1 pass=0 pid=17960 Player=0x1017b0a0 Core=0x15f220d0 world=(1109,362)
[2026-08-29T19:00:02] acc_3: FPS FPS_NO_UI_CONTROL: target=30 current=None
[2026-08-29T19:00:10] [POPUP] đã đóng cache_notice
[2026-08-29T19:00:17] Daily xong bước VIP: đã thử claim 5/5 dòng VIP
[2026-08-29T19:00:20] Daily TSk: cleanup memory VIP: {'ok': True, 'results': {'vip': {'ok': True, 'changed': False, 'before': False, 'after': False}}}
[2026-08-29T19:00:29] Daily xong bước NHẬN THỜI TRANG: đã Rút Bộ thường, bấm Xác nhận và đọc lại popup đã đóng
[2026-08-29T19:00:32] Daily TSk: cleanup memory NHẬN THỜI TRANG: {'ok': True, 'results': {'character': {'ok': True, 'changed': False, 'before': False, 'after': False}}}
[2026-08-29T19:01:18] Daily xong bước MẬT BẢO: đã dò cấp 6→6, chọn công thức cấp 6 và bấm Chế tạo Mật Bảo 20 lần
[2026-08-29T19:01:21] Daily TSk: cleanup memory MẬT BẢO: {'ok': True, 'results': {'character': {'ok': True, 'changed': False, 'before': False, 'after': False}}}
[2026-08-29T19:01:32] Daily xong bước ĐIÊU KHẮC: đã bấm Đổi miễn phí và xác nhận Có trong KGĐK
[2026-08-29T19:01:35] Daily TSk: cleanup memory ĐIÊU KHẮC: {'ok': True, 'results': {'character': {'ok': True, 'changed': False, 'before': False, 'after': False}}}
[2026-08-29T19:02:29] Daily xong bước LẬT THẺ BÀI: đã phát bài, nhận thưởng và xác nhận Có 10/10 lượt
[2026-08-29T19:02:32] Daily TSk: cleanup memory LẬT THẺ BÀI: {'ok': True, 'results': {'card_game': {'ok': True, 'changed': False, 'before': False, 'after': False}}}
[2026-08-29T19:06:48] Daily PHỤ BẢN lượt đầu: không tới Tiên Lạp nhận Q Mê Huyễn Động: map render timeout
[2026-08-29T19:06:48] Daily TSk: bỏ qua PHỤ BẢN (lỗi): không tới Tiên Lạp nhận Q Mê Huyễn Động: map render timeout — evidence: C:\Users\Administrator\Desktop\New folder\fbh_v2_ttt_fixed-20260709T181609Z-2-001\fbh_multi_account_infinite_auto\dev_supervisor_target_a_v2_20260814\logs\daily_errors\acc_3\20260829_190648_PHỤ_BẢN.png
[2026-08-29T19:06:48] Daily TSk: đã reset Flash sau lỗi PHỤ BẢN; tác vụ kế tiếp sẽ đăng nhập từ trạng thái sạch.
[2026-08-29T19:06:48] Daily TSk: client chưa mở, đang đăng nhập trước bước HÀNH LANG...
[2026-08-29T19:06:48] [AUTO_START] WAIT_WINDOW attempt=1 pass=0 pid=12332 Flash launched at original size
[2026-08-29T19:06:53] [AUTO_START] START_CLICKED attempt=1 pass=0 pid=12332 Bắt đầu
[2026-08-29T19:06:58] [AUTO_START] RETRY_START attempt=1 pass=0 pid=12332 chua thay chon kenh, bam lai Bat dau
[2026-08-29T19:07:14] [AUTO_START] START_CLICKED attempt=1 pass=0 pid=12332 Bắt đầu
[2026-08-29T19:07:17] [AUTO_START] CHANNEL_SELECTED attempt=1 pass=0 pid=12332 channel=(449, 308) choices=1
[2026-08-29T19:07:21] [AUTO_START] ENTER_GAME_CLICKED attempt=1 pass=0 pid=12332 character_slot=1 slot_verified=True
[2026-08-29T19:07:26] [AUTO_START] MAP_READY_OPEN attempt=1 pass=0 pid=12332 Player=0x1122a0a0 Core=0xc77d0d0 world=(1109,362)
[2026-08-29T19:07:26] acc_3: FPS FPS_NO_UI_CONTROL: target=30 current=None
[2026-08-29T19:07:34] [POPUP] đã đóng cache_notice
[2026-08-29T19:08:16] Daily TSk: bỏ qua HÀNH LANG (lỗi): không tới Quyến Cố Thành: map render timeout — evidence: C:\Users\Administrator\Desktop\New folder\fbh_v2_ttt_fixed-20260709T181609Z-2-001\fbh_multi_account_infinite_auto\dev_supervisor_target_a_v2_20260814\logs\daily_errors\acc_3\20260829_190816_HÀNH_LANG.png
[2026-08-29T19:08:16] Daily TSk: đã reset Flash sau lỗi HÀNH LANG; tác vụ kế tiếp sẽ đăng nhập từ trạng thái sạch.
[2026-08-29T19:08:16] Daily TSk: client chưa mở, đang đăng nhập trước bước THẦN TU...
[2026-08-29T19:08:16] [AUTO_START] WAIT_WINDOW attempt=1 pass=0 pid=16888 Flash launched at original size
[2026-08-29T19:08:21] [AUTO_START] START_CLICKED attempt=1 pass=0 pid=16888 Bắt đầu
[2026-08-29T19:08:26] [AUTO_START] RETRY_START attempt=1 pass=0 pid=16888 chua thay chon kenh, bam lai Bat dau
[2026-08-29T19:08:42] [AUTO_START] START_CLICKED attempt=1 pass=0 pid=16888 Bắt đầu
[2026-08-29T19:08:45] [AUTO_START] CHANNEL_SELECTED attempt=1 pass=0 pid=16888 channel=(449, 308) choices=1
[2026-08-29T19:08:49] [AUTO_START] ENTER_GAME_CLICKED attempt=1 pass=0 pid=16888 character_slot=1 slot_verified=True
[2026-08-29T19:08:54] [AUTO_START] MAP_READY_OPEN attempt=1 pass=0 pid=16888 Player=0x130470a0 Core=0xcc270d0 world=(1109,362)
[2026-08-29T19:08:54] acc_3: FPS FPS_NO_UI_CONTROL: target=30 current=None
[2026-08-29T19:09:02] [POPUP] đã đóng cache_notice
[2026-08-29T19:09:44] Daily TSk: bỏ qua THẦN TU (lỗi): không tới được Quyến Cố Thành: map render timeout — evidence: C:\Users\Administrator\Desktop\New folder\fbh_v2_ttt_fixed-20260709T181609Z-2-001\fbh_multi_account_infinite_auto\dev_supervisor_target_a_v2_20260814\logs\daily_errors\acc_3\20260829_190944_THẦN_TU.png
[2026-08-29T19:09:44] Daily TSk: đã reset Flash sau lỗi THẦN TU; tác vụ kế tiếp sẽ đăng nhập từ trạng thái sạch.
[2026-08-29T19:09:44] Daily TSk: client chưa mở, đang đăng nhập trước bước TU HÀNH...
[2026-08-29T19:09:44] [AUTO_START] WAIT_WINDOW attempt=1 pass=0 pid=4608 Flash launched at original size
[2026-08-29T19:09:49] [AUTO_START] START_CLICKED attempt=1 pass=0 pid=4608 Bắt đầu
[2026-08-29T19:09:54] [AUTO_START] RETRY_START attempt=1 pass=0 pid=4608 chua thay chon kenh, bam lai Bat dau
[2026-08-29T19:10:11] [AUTO_START] START_CLICKED attempt=1 pass=0 pid=4608 Bắt đầu
[2026-08-29T19:10:14] [AUTO_START] CHANNEL_SELECTED attempt=1 pass=0 pid=4608 channel=(449, 308) choices=1
[2026-08-29T19:10:18] [AUTO_START] ENTER_GAME_CLICKED attempt=1 pass=0 pid=4608 character_slot=1 slot_verified=True
[2026-08-29T19:10:23] [AUTO_START] MAP_READY_OPEN attempt=1 pass=0 pid=4608 Player=0x119dc0a0 Core=0x174ee0d0 world=(1109,362)
[2026-08-29T19:10:23] acc_3: FPS FPS_NO_UI_CONTROL: target=30 current=None
[2026-08-29T19:10:31] [POPUP] đã đóng cache_notice
[2026-08-29T19:11:12] Daily TSk: bỏ qua TU HÀNH (lỗi): không tới được Quyến Cố Thành: map render timeout — evidence: C:\Users\Administrator\Desktop\New folder\fbh_v2_ttt_fixed-20260709T181609Z-2-001\fbh_multi_account_infinite_auto\dev_supervisor_target_a_v2_20260814\logs\daily_errors\acc_3\20260829_191112_TU_HÀNH.png
[2026-08-29T19:11:12] Daily TSk: đã reset Flash sau lỗi TU HÀNH; tác vụ kế tiếp sẽ đăng nhập từ trạng thái sạch.
[2026-08-29T19:11:12] Daily TSk: client chưa mở, đang đăng nhập trước bước TRỪ MA...
[2026-08-29T19:11:12] [AUTO_START] WAIT_WINDOW attempt=1 pass=0 pid=15264 Flash launched at original size
[2026-08-29T19:11:17] [AUTO_START] START_CLICKED attempt=1 pass=0 pid=15264 Bắt đầu
[2026-08-29T19:11:22] [AUTO_START] RETRY_START attempt=1 pass=0 pid=15264 chua thay chon kenh, bam lai Bat dau
[2026-08-29T19:11:39] [AUTO_START] START_CLICKED attempt=1 pass=0 pid=15264 Bắt đầu
[2026-08-29T19:11:42] [AUTO_START] CHANNEL_SELECTED attempt=1 pass=0 pid=15264 channel=(449, 308) choices=1
[2026-08-29T19:11:46] [AUTO_START] ENTER_GAME_CLICKED attempt=1 pass=0 pid=15264 character_slot=1 slot_verified=True
[2026-08-29T19:11:52] [AUTO_START] MAP_READY_OPEN attempt=1 pass=0 pid=15264 Player=0x1540a0a0 Core=0xca510d0 world=(3000,1800)
[2026-08-29T19:11:52] acc_3: FPS FPS_NO_UI_CONTROL: target=30 current=None
[2026-08-29T19:12:02] [POPUP] đã đóng cache_notice
[2026-08-29T19:12:51] [TRU_MA] TRỪ MA TSk: phục hồi nhiệm vụ đã giết xong: Phi Ma Tập Kích
[2026-08-29T19:13:40] [TRU_MA] TRỪ MA TSk: nhiệm vụ cũ Phi Ma Tập Kích chưa trả được; tiếp tục giết đúng mục tiêu rồi xác nhận lại
[2026-08-29T19:13:42] [POPUP] đã đóng npc_dialog
[2026-08-29T19:14:01] [TRU_MA] TRỪ MA TSk: mục tiêu: Thủ Lĩnh Phi Ma id=1114 type=3060100001114 resource=2060090100114
[2026-08-29T19:14:06] [AUTO_BOSS] Start selected-monster NPCView.clickNpc runner generation=1
[2026-08-29T19:14:09] [AUTO_BOSS] selected Thủ Lĩnh Phi Ma id=1173 type=3060100001114 resource=2060090100114 base=0x29f83850 distance=703
[2026-08-29T19:14:09] [AUTO_BOSS] NPCView session fingerprint native=0x1317cb8 avm=0x1068a850 method_info=0xae288c8 slot322_method_id=18293
[2026-08-29T19:14:09] [AUTO_BOSS] id=1173 distance=703 receiver=0x118fbaf0 method=18293 stage=1
[2026-08-29T19:14:13] [AUTO_BOSS] id=1173 distance=48 receiver=0x118fbaf0 method=18293 stage=2
[2026-08-29T19:14:16] [AUTO_BOSS] battle edge false->true id=1173
[2026-08-29T19:14:20] [AUTO_BOSS] battle edge true->false clear=1
[2026-08-29T19:15:12] [TRU_MA] TRỪ MA TSk: xong lượt 1/10 (Phi Ma Tập Kích)
[2026-08-29T19:15:34] [TRU_MA] TRỪ MA TSk: nhận diện: Phong Ấn Cự Ma (id=7670, margin=6)
[2026-08-29T19:16:09] [TRU_MA] TRỪ MA TSk: mục tiêu: Viễn Cổ Cự Ma id=1167 type=3060100001167 resource=2060100001167
[2026-08-29T19:16:12] [AUTO_BOSS] Start selected-monster NPCView.clickNpc runner generation=1
[2026-08-29T19:16:14] [AUTO_BOSS] selected Monster 2060100001167 id=2168 type=3060100001167 resource=2060100001167 base=0x21a33d70 distance=1027
[2026-08-29T19:16:14] [AUTO_BOSS] NPCView session fingerprint native=0x1317cb8 avm=0x1068a850 method_info=0xae288c8 slot322_method_id=18293
[2026-08-29T19:16:14] [AUTO_BOSS] id=2168 distance=1027 receiver=0x25fb5280 method=18293 stage=1
[2026-08-29T19:16:18] [AUTO_BOSS] id=2168 distance=233 receiver=0x25fb5280 method=18293 stage=2
[2026-08-29T19:16:22] [AUTO_BOSS] battle edge false->true id=2168
[2026-08-29T19:16:26] [AUTO_BOSS] battle edge true->false clear=1
[2026-08-29T19:17:19] [TRU_MA] TRỪ MA TSk: xong lượt 2/10 (Phong Ấn Cự Ma)
[2026-08-29T19:17:41] [TRU_MA] TRỪ MA TSk: nhận diện: Phong Ấn Cự Thú (id=7669, margin=6)
[2026-08-29T19:18:17] [TRU_MA] TRỪ MA TSk: mục tiêu: Viễn Cổ Cự Thú id=1161 type=3060100001161 resource=2060100001161
[2026-08-29T19:18:20] [AUTO_BOSS] Start selected-monster NPCView.clickNpc runner generation=1
[2026-08-29T19:18:23] [AUTO_BOSS] selected Monster 2060100001161 id=2169 type=3060100001161 resource=2060100001161 base=0x25d040a0 distance=429
[2026-08-29T19:18:23] [AUTO_BOSS] NPCView session fingerprint native=0x1317cb8 avm=0x1068a850 method_info=0xae288c8 slot322_method_id=18293
[2026-08-29T19:18:23] [AUTO_BOSS] id=2169 distance=429 receiver=0x25fb5430 method=18293 stage=1
[2026-08-29T19:18:25] [AUTO_BOSS] id=2169 distance=180 receiver=0x25fb5430 method=18293 stage=2
[2026-08-29T19:18:28] [AUTO_BOSS] battle edge false->true id=2169
[2026-08-29T19:18:32] [AUTO_BOSS] battle edge true->false clear=1
[2026-08-29T19:19:06] Daily luvy: client chưa mở, đang đăng nhập trước bước mở lại sau Auto phụ bản checkpoint 1...
[2026-08-29T19:19:06] [AUTO_START] WAIT_WINDOW attempt=1 pass=0 pid=5372 Flash launched at original size
[2026-08-29T19:19:11] [AUTO_START] START_CLICKED attempt=1 pass=0 pid=5372 Bắt đầu
[2026-08-29T19:19:17] [AUTO_START] RETRY_START attempt=1 pass=0 pid=5372 chua thay chon kenh, bam lai Bat dau
[2026-08-29T19:19:26] [TRU_MA] TRỪ MA TSk: xong lượt 3/10 (Phong Ấn Cự Thú)
[2026-08-29T19:19:34] [AUTO_START] START_CLICKED attempt=1 pass=0 pid=5372 Bắt đầu
[2026-08-29T19:19:37] [AUTO_START] CHANNEL_SELECTED attempt=1 pass=0 pid=5372 channel=(449, 308) choices=1
[2026-08-29T19:19:41] [AUTO_START] ENTER_GAME_CLICKED attempt=1 pass=0 pid=5372 character_slot=1 slot_verified=True
[2026-08-29T19:19:46] [AUTO_START] MAP_READY_OPEN attempt=1 pass=0 pid=5372 Player=0x12de60a0 Core=0x1790d0d0 world=(3089,1607)
[2026-08-29T19:19:46] acc_5: FPS FPS_NO_UI_CONTROL: target=30 current=None
[2026-08-29T19:19:50] [TRU_MA] TRỪ MA TSk: nhận diện: Phi Ma Tập Kích (id=7668, margin=6)
[2026-08-29T19:19:55] [POPUP] đã đóng cache_notice
[2026-08-29T19:20:02] [DUNGEON] NPC live-panel probe: 2.73s panel=0x0
[2026-08-29T19:20:09] [DUNGEON] NPC open attempt 1: exact NPC count=0 elapsed=6.99s
[2026-08-29T19:20:17] [DUNGEON] NPC open attempt 2: exact NPC count=0 elapsed=6.95s
[2026-08-29T19:20:26] [TRU_MA] TRỪ MA TSk: mục tiêu: Thủ Lĩnh Phi Ma id=1114 type=3060100001114 resource=2060090100114
[2026-08-29T19:20:29] [AUTO_BOSS] Start selected-monster NPCView.clickNpc runner generation=1
[2026-08-29T19:20:30] [DUNGEON] NPC live-panel probe: 3.03s panel=0x28f5eae0
[2026-08-29T19:20:31] [AUTO_BOSS] selected Thủ Lĩnh Phi Ma id=1173 type=3060100001114 resource=2060090100114 base=0x272070a0 distance=691
[2026-08-29T19:20:31] [AUTO_BOSS] NPCView session fingerprint native=0x1317cb8 avm=0x1068a850 method_info=0xae288c8 slot322_method_id=18293
[2026-08-29T19:20:32] [AUTO_BOSS] id=1173 distance=691 receiver=0x1adfa430 method=18293 stage=1
[2026-08-29T19:20:36] [AUTO_BOSS] id=1173 distance=73 receiver=0x1adfa430 method=18293 stage=2
[2026-08-29T19:20:39] [AUTO_BOSS] battle edge false->true id=1173
[2026-08-29T19:20:43] [AUTO_BOSS] battle edge true->false clear=1
[2026-08-29T19:20:53] [POPUP] phát hiện X lạ ổn định tại (658, 108); UNKNOWN nên không bấm
[2026-08-29T19:20:54] [POPUP] phát hiện X lạ ổn định tại (658, 108); UNKNOWN nên không bấm
[2026-08-29T19:20:54] Daily PHỤ BẢN checkpoint độc lập 1 (25 phút): Kho Báu Đại Mạc: Xong qua memory chưa có readback
[2026-08-29T19:20:54] Daily luvy: bỏ qua PHỤ BẢN (lỗi): checkpoint độc lập: Kho Báu Đại Mạc: Xong qua memory chưa có readback — evidence: C:\Users\Administrator\Desktop\New folder\fbh_v2_ttt_fixed-20260709T181609Z-2-001\fbh_multi_account_infinite_auto\dev_supervisor_target_a_v2_20260814\logs\daily_errors\acc_5\20260829_192054_PHỤ_BẢN.png
[2026-08-29T19:20:54] Daily luvy: đã reset Flash sau lỗi PHỤ BẢN; tác vụ kế tiếp sẽ đăng nhập từ trạng thái sạch.
[2026-08-29T19:20:54] Daily luvy: bỏ qua PHỤ BẢN (lỗi): hết ba checkpoint nhưng card chưa hoàn tất
[2026-08-29T19:20:54] Daily luvy: đã reset Flash sau lỗi PHỤ BẢN; tác vụ kế tiếp sẽ đăng nhập từ trạng thái sạch.
[2026-08-29T19:20:54] Daily hoàn tất đúng plan snapshot: VIP, NHẬN THỜI TRANG, MẬT BẢO, ĐIÊU KHẮC, LẬT THẺ BÀI, PHỤ BẢN, HÀNH LANG, THẦN TU, TU HÀNH, TRỪ MA, TRỊ AN
[2026-08-29T19:20:59] [TRU_MA] TRỪ MA TSk: dừng ở lượt 4: không về Đông Huyền Thành trả nhiệm vụ: mất client
[2026-08-29T19:21:00] Daily TSk: TRỪ MA mất client sau 3/10; relogin phục hồi 1/3.
[2026-08-29T19:21:00] Daily TSk: client chưa mở, đang đăng nhập trước bước phục hồi TRỪ MA lượt 4...
[2026-08-29T19:21:00] [AUTO_START] WAIT_WINDOW attempt=1 pass=0 pid=8924 Flash launched at original size
[2026-08-29T19:21:05] [AUTO_START] START_CLICKED attempt=1 pass=0 pid=8924 Bắt đầu
[2026-08-29T19:21:11] [AUTO_START] RETRY_START attempt=1 pass=0 pid=8924 chua thay chon kenh, bam lai Bat dau
[2026-08-29T19:21:12] [AUTO_START] START_CLICKED attempt=1 pass=0 pid=8924 Bắt đầu
[2026-08-29T19:21:12] [AUTO_START] FAILED_CLOSED attempt=1 pass=0 pid=8924 Flash window closed before map
[2026-08-29T19:21:14] [AUTO_START] WAIT_WINDOW attempt=1 pass=0 pid=5568 Flash launched at original size
[2026-08-29T19:21:14] Đã bắt đầu Daily theo cấu hình riêng: acc_3
[2026-08-29T19:21:18] Daily TSk: bỏ qua VIP (lỗi): không xác minh panel VIP: clear — evidence: C:\Users\Administrator\Desktop\New folder\fbh_v2_ttt_fixed-20260709T181609Z-2-001\fbh_multi_account_infinite_auto\dev_supervisor_target_a_v2_20260814\logs\daily_errors\acc_3\20260829_192118_VIP.png
[2026-08-29T19:21:18] Daily TSk: đã reset Flash sau lỗi VIP; tác vụ kế tiếp sẽ đăng nhập từ trạng thái sạch.
[2026-08-29T19:21:18] Daily TSk: client chưa mở, đang đăng nhập trước bước NHẬN THỜI TRANG...
[2026-08-29T19:21:18] [AUTO_START] WAIT_WINDOW attempt=1 pass=0 pid=4888 Flash launched at original size
[2026-08-29T19:21:18] [AUTO_START] START_CLICKED attempt=1 pass=0 pid=5568 Bắt đầu
[2026-08-29T19:21:21] [AUTO_START] RETRY_START attempt=1 pass=0 pid=5568 chua thay chon kenh, bam lai Bat dau
[2026-08-29T19:21:22] [AUTO_START] START_CLICKED attempt=1 pass=0 pid=4888 Bắt đầu
[2026-08-29T19:21:22] [AUTO_START] START_CLICKED attempt=1 pass=0 pid=5568 Bắt đầu
[2026-08-29T19:21:27] [AUTO_START] RETRY_START attempt=1 pass=0 pid=5568 chua thay chon kenh, bam lai Bat dau
[2026-08-29T19:21:27] [AUTO_START] RETRY_START attempt=1 pass=0 pid=4888 chua thay chon kenh, bam lai Bat dau
[2026-08-29T19:21:28] [AUTO_START] START_CLICKED attempt=1 pass=0 pid=5568 Bắt đầu
[2026-08-29T19:21:29] [AUTO_START] START_CLICKED attempt=1 pass=0 pid=4888 Bắt đầu
[2026-08-29T19:21:32] [AUTO_START] RETRY_START attempt=1 pass=0 pid=5568 chua thay chon kenh, bam lai Bat dau
[2026-08-29T19:21:35] [AUTO_START] RETRY_START attempt=1 pass=0 pid=4888 chua thay chon kenh, bam lai Bat dau
[2026-08-29T19:21:44] [AUTO_START] START_CLICKED attempt=1 pass=0 pid=5568 Bắt đầu
[2026-08-29T19:21:45] [AUTO_START] CHANNEL_SELECTED attempt=1 pass=0 pid=5568 channel=(449, 308) choices=1
[2026-08-29T19:21:46] [AUTO_START] START_CLICKED attempt=1 pass=0 pid=4888 Bắt đầu
[2026-08-29T19:21:48] [AUTO_START] ENTER_GAME_CLICKED attempt=1 pass=0 pid=5568 character_slot=1 slot_verified=True
[2026-08-29T19:21:49] [AUTO_START] WAIT_MAP attempt=1 pass=0 pid=5568 Player not rooted; character/login screen
[2026-08-29T19:21:53] [AUTO_START] MAP_READY_OPEN attempt=1 pass=0 pid=5568 Visual map stable 3/3; map_hud=True rendered=0.994
[2026-08-29T19:21:53] acc_3: FPS FPS_NO_UI_CONTROL: target=30 current=None
[2026-08-29T19:21:54] [AUTO_START] MAP_READY_OPEN attempt=1 pass=0 pid=4888 Player=0xe4a3850 Core=0xfc7f0d0 world=(2008,1351)
[2026-08-29T19:21:54] acc_3: FPS FPS_NO_UI_CONTROL: target=30 current=None
[2026-08-29T19:22:04] [POPUP] đã đóng cache_notice
[2026-08-29T19:22:28] [TRU_MA] TRỪ MA TSk: mở NPC lần 1/8 chưa thành công: không có view/slot322 trên 1 candidate(s); Core.getNpc base=0x0
[2026-08-29T19:22:31] [TRU_MA] TRỪ MA TSk: mở NPC lần 2/8 chưa thành công: không có view/slot322 trên 1 candidate(s); Core.getNpc base=0x0
[2026-08-29T19:22:36] [TRU_MA] TRỪ MA TSk: mở NPC lần 3/8 chưa thành công: không có view/slot322 trên 1 candidate(s); Core.getNpc base=0x0
[2026-08-29T19:22:40] [TRU_MA] TRỪ MA TSk: mở NPC lần 4/8 chưa thành công: không có view/slot322 trên 1 candidate(s); Core.getNpc base=0x0
[2026-08-29T19:22:44] [TRU_MA] TRỪ MA TSk: mở NPC lần 5/8 chưa thành công: không có view/slot322 trên 1 candidate(s); Core.getNpc base=0x0
[2026-08-29T19:22:48] [TRU_MA] TRỪ MA TSk: mở NPC lần 6/8 chưa thành công: không có view/slot322 trên 1 candidate(s); Core.getNpc base=0x0
[2026-08-29T19:22:52] [TRU_MA] TRỪ MA TSk: mở NPC lần 7/8 chưa thành công: không có view/slot322 trên 1 candidate(s); Core.getNpc base=0x0
[2026-08-29T19:22:56] [TRU_MA] TRỪ MA TSk: mở NPC lần 8/8 chưa thành công: không có view/slot322 trên 1 candidate(s); Core.getNpc base=0x0
[2026-08-29T19:22:58] [TRU_MA] TRỪ MA TSk: dừng ở lượt 1: không mở được hộp thoại NPC Quan Quân Nhu
[2026-08-29T19:22:58] Daily TSk: bỏ qua TRỪ MA (lỗi): FAILED — 3/10 lượt; dừng ở lượt 1: không mở được hộp thoại NPC Quan Quân Nhu — evidence: C:\Users\Administrator\Desktop\New folder\fbh_v2_ttt_fixed-20260709T181609Z-2-001\fbh_multi_account_infinite_auto\dev_supervisor_target_a_v2_20260814\logs\daily_errors\acc_3\20260829_192258_TRỪ_MA.png
[2026-08-29T19:22:58] Daily TSk: đã reset Flash sau lỗi TRỪ MA; tác vụ kế tiếp sẽ đăng nhập từ trạng thái sạch.
[2026-08-29T19:22:58] Daily TSk: client chưa mở, đang đăng nhập trước bước TRỊ AN...
[2026-08-29T19:22:58] [AUTO_START] WAIT_WINDOW attempt=1 pass=0 pid=14616 Flash launched at original size
[2026-08-29T19:23:03] [AUTO_START] START_CLICKED attempt=1 pass=0 pid=14616 Bắt đầu
[2026-08-29T19:23:09] [AUTO_START] RETRY_START attempt=1 pass=0 pid=14616 chua thay chon kenh, bam lai Bat dau
[2026-08-29T19:23:27] [AUTO_START] START_CLICKED attempt=1 pass=0 pid=14616 Bắt đầu
[2026-08-29T19:23:34] [AUTO_START] RETRY_AFTER_ALERT attempt=1 pass=0 pid=14616 lan 1/5: nut=0.464 hthoai=0.08
[2026-08-29T19:23:37] [AUTO_START] START_CLICKED attempt=1 pass=0 pid=14616 Bắt đầu
[2026-08-29T19:23:40] [AUTO_START] RETRY_AFTER_ALERT attempt=1 pass=0 pid=14616 lan 2/5: nut=0.464 hthoai=0.079
[2026-08-29T19:23:43] [AUTO_START] START_CLICKED attempt=1 pass=0 pid=14616 Bắt đầu
[2026-08-29T19:23:46] [AUTO_START] CHANNEL_SELECTED attempt=1 pass=0 pid=14616 channel=(449, 308) choices=1
[2026-08-29T19:23:50] [AUTO_START] ENTER_GAME_CLICKED attempt=1 pass=0 pid=14616 character_slot=1 slot_verified=True
[2026-08-29T19:23:56] [AUTO_START] MAP_READY_OPEN attempt=1 pass=0 pid=14616 Player=0x11f800a0 Core=0xc7a70d0 world=(2008,1351)
[2026-08-29T19:23:56] acc_3: FPS FPS_NO_UI_CONTROL: target=30 current=None
[2026-08-29T19:24:01] acc_3: đóng 1 client do owner sở hữu (operation ERROR)
[2026-08-29T19:24:01] Daily TSk: bỏ qua TRỊ AN (lỗi): đăng nhập thất bại: RuntimeError: MAP_READY nhưng client đóng ngay sau đó
[2026-08-29T19:24:01] Daily TSk: đã reset Flash sau lỗi TRỊ AN; tác vụ kế tiếp sẽ đăng nhập từ trạng thái sạch.
[2026-08-29T19:24:01] Daily TSk: client chưa mở, đang đăng nhập trước bước checkpoint Auto phụ bản...
[2026-08-29T19:24:01] [AUTO_START] WAIT_WINDOW attempt=1 pass=0 pid=9056 Flash launched at original size
[2026-08-29T19:24:06] [AUTO_START] START_CLICKED attempt=1 pass=0 pid=9056 Bắt đầu
[2026-08-29T19:24:12] [AUTO_START] RETRY_START attempt=1 pass=0 pid=9056 chua thay chon kenh, bam lai Bat dau
[2026-08-29T19:24:28] [AUTO_START] START_CLICKED attempt=1 pass=0 pid=9056 Bắt đầu
[2026-08-29T19:24:31] [AUTO_START] CHANNEL_SELECTED attempt=1 pass=0 pid=9056 channel=(449, 308) choices=1
[2026-08-29T19:24:35] [AUTO_START] ENTER_GAME_CLICKED attempt=1 pass=0 pid=9056 character_slot=1 slot_verified=True
[2026-08-29T19:24:41] [AUTO_START] MAP_READY_OPEN attempt=1 pass=0 pid=9056 Player=0x141810a0 Core=0x178930d0 world=(2008,1351)
[2026-08-29T19:24:41] acc_3: FPS FPS_NO_UI_CONTROL: target=30 current=None
[2026-08-29T19:24:46] acc_3: đóng 1 client do owner sở hữu (operation ERROR)
[2026-08-29T19:24:46] Daily dừng tại checkpoint Auto phụ bản: đăng nhập thất bại: RuntimeError: MAP_READY nhưng client đóng ngay sau đó
[2026-08-29T19:24:46] Daily TSk: bỏ qua PHỤ BẢN (lỗi): hết ba checkpoint nhưng card chưa hoàn tất
[2026-08-29T19:24:46] Daily TSk: đã reset Flash sau lỗi PHỤ BẢN; tác vụ kế tiếp sẽ đăng nhập từ trạng thái sạch.
[2026-08-29T19:24:46] Daily hoàn tất đúng plan snapshot: VIP, NHẬN THỜI TRANG, MẬT BẢO, ĐIÊU KHẮC, LẬT THẺ BÀI, PHỤ BẢN, HÀNH LANG, THẦN TU, TU HÀNH, TRỪ MA, TRỊ AN
[2026-08-29T19:24:54] Daily TSk: bỏ qua NHẬN THỜI TRANG (lỗi): không xác minh được panel Tủ Đồ — evidence: C:\Users\Administrator\Desktop\New folder\fbh_v2_ttt_fixed-20260709T181609Z-2-001\fbh_multi_account_infinite_auto\dev_supervisor_target_a_v2_20260814\logs\daily_errors\acc_3\20260829_192454_NHẬN_THỜI_TRANG.png
[2026-08-29T19:24:54] Daily TSk: đã reset Flash sau lỗi NHẬN THỜI TRANG; tác vụ kế tiếp sẽ đăng nhập từ trạng thái sạch.
[2026-08-29T19:24:54] Daily TSk: client chưa mở, đang đăng nhập trước bước MẬT BẢO...
[2026-08-29T19:24:54] [AUTO_START] WAIT_WINDOW attempt=1 pass=0 pid=14588 Flash launched at original size
[2026-08-29T19:24:59] [AUTO_START] START_CLICKED attempt=1 pass=0 pid=14588 Bắt đầu
[2026-08-29T19:25:04] [AUTO_START] RETRY_START attempt=1 pass=0 pid=14588 chua thay chon kenh, bam lai Bat dau
[2026-08-29T19:25:21] [AUTO_START] START_CLICKED attempt=1 pass=0 pid=14588 Bắt đầu
[2026-08-29T19:25:24] [AUTO_START] CHANNEL_SELECTED attempt=1 pass=0 pid=14588 channel=(449, 308) choices=1
[2026-08-29T19:25:28] [AUTO_START] ENTER_GAME_CLICKED attempt=1 pass=0 pid=14588 character_slot=1 slot_verified=True
[2026-08-29T19:25:33] [AUTO_START] MAP_READY_OPEN attempt=1 pass=0 pid=14588 Player=0x10acd0a0 Core=0x17b080d0 world=(2008,1351)
[2026-08-29T19:25:33] acc_3: FPS FPS_NO_UI_CONTROL: target=30 current=None
[2026-08-29T19:25:43] [POPUP] đã đóng cache_notice
[2026-08-29T19:26:30] Daily xong bước MẬT BẢO: đã dò cấp 6→6, chọn công thức cấp 6 và bấm Chế tạo Mật Bảo 20 lần
[2026-08-29T19:26:33] Daily TSk: cleanup memory MẬT BẢO: {'ok': True, 'results': {'character': {'ok': True, 'changed': False, 'before': False, 'after': False}}}
[2026-08-29T19:26:44] Daily xong bước ĐIÊU KHẮC: đã bấm Đổi miễn phí và xác nhận Có trong KGĐK
[2026-08-29T19:26:47] Daily TSk: cleanup memory ĐIÊU KHẮC: {'ok': True, 'results': {'character': {'ok': True, 'changed': False, 'before': False, 'after': False}}}
[2026-08-29T19:26:56] Daily xong bước LẬT THẺ BÀI: panel Thẻ bài đã mở nhưng không thấy nút Bắt đầu phát bài (có thể đã hết lượt phát bài hôm nay)
[2026-08-29T19:26:59] Daily TSk: cleanup memory LẬT THẺ BÀI: {'ok': True, 'results': {'card_game': {'ok': True, 'changed': False, 'before': False, 'after': False}}}
[2026-08-29T19:27:19] [DUNGEON] NPC live-panel probe: 2.59s panel=0x0
[2026-08-29T19:27:26] [DUNGEON] NPC open attempt 1: exact NPC count=0 elapsed=6.55s
[2026-08-29T19:27:34] [DUNGEON] NPC open attempt 2: exact NPC count=0 elapsed=6.58s
[2026-08-29T19:27:47] [DUNGEON] NPC live-panel probe: 3.11s panel=0x207ffae0
[2026-08-29T19:28:17] [DUNGEON] NPC live-panel probe: 3.26s panel=0x207ffae0
[2026-08-29T19:28:45] [DUNGEON] NPC live-panel probe: 3.26s panel=0x207ffae0
[2026-08-29T19:29:01] Daily PHỤ BẢN lượt đầu: Mê Huyễn Động: quest dataProvider returned null
[2026-08-29T19:29:01] Daily TSk: bỏ qua PHỤ BẢN (lỗi): Mê Huyễn Động: quest dataProvider returned null — evidence: C:\Users\Administrator\Desktop\New folder\fbh_v2_ttt_fixed-20260709T181609Z-2-001\fbh_multi_account_infinite_auto\dev_supervisor_target_a_v2_20260814\logs\daily_errors\acc_3\20260829_192901_PHỤ_BẢN.png
[2026-08-29T19:29:01] Daily TSk: đã reset Flash sau lỗi PHỤ BẢN; tác vụ kế tiếp sẽ đăng nhập từ trạng thái sạch.
[2026-08-29T19:29:01] Daily TSk: client chưa mở, đang đăng nhập trước bước HÀNH LANG...
[2026-08-29T19:29:01] [AUTO_START] WAIT_WINDOW attempt=1 pass=0 pid=8488 Flash launched at original size
[2026-08-29T19:29:06] [AUTO_START] START_CLICKED attempt=1 pass=0 pid=8488 Bắt đầu
[2026-08-29T19:29:11] [AUTO_START] RETRY_START attempt=1 pass=0 pid=8488 chua thay chon kenh, bam lai Bat dau
[2026-08-29T19:29:28] [AUTO_START] START_CLICKED attempt=1 pass=0 pid=8488 Bắt đầu
[2026-08-29T19:29:30] [AUTO_START] CHANNEL_SELECTED attempt=1 pass=0 pid=8488 channel=(449, 308) choices=1
[2026-08-29T19:29:35] [AUTO_START] ENTER_GAME_CLICKED attempt=1 pass=0 pid=8488 character_slot=1 slot_verified=True
[2026-08-29T19:29:40] [AUTO_START] MAP_READY_OPEN attempt=1 pass=0 pid=8488 Player=0x12e740a0 Core=0x1557d0d0 world=(3100,1572)
[2026-08-29T19:29:40] acc_3: FPS FPS_NO_UI_CONTROL: target=30 current=None
[2026-08-29T19:29:50] [POPUP] đã đóng cache_notice
[2026-08-29T19:30:15] Daily xong bước HÀNH LANG: đã bấm Nhận Quà Hàng Ngày tại Hành Lang
[2026-08-29T19:30:18] Daily TSk: cleanup memory HÀNH LANG: {'ok': True, 'results': {'npc_dialog': {'ok': True, 'changed': False, 'before': False, 'after': False}}}
[2026-08-29T19:30:36] Daily xong bước THẦN TU: THẦN TU: đồng hồ đang đếm (diff=3.34)
[2026-08-29T19:30:37] Daily: đã đóng Flash sau Thần Tu; chờ 25 phút.
[2026-08-29T20:08:51] [AUTO_START] WAIT_WINDOW attempt=1 pass=0 pid=2676 Flash launched at original size
[2026-08-29T20:08:51] [AUTO_START] WAIT_WINDOW attempt=1 pass=0 pid=14940 Flash launched at original size
[2026-08-29T20:08:52] [AUTO_START] WAIT_WINDOW attempt=1 pass=0 pid=17044 Flash launched at original size
[2026-08-29T20:08:52] [AUTO_START] WAIT_WINDOW attempt=1 pass=0 pid=9252 Flash launched at original size
[2026-08-29T20:08:52] [AUTO_START] WAIT_WINDOW attempt=1 pass=0 pid=8208 Flash launched at original size
[2026-08-29T20:08:52] Đang đăng nhập 5 acc...
